{
"type": "FeatureCollection",
"name": "Sarawak_Parliament_Pre_2026_Redelineation_Low_Resolution",
"crs": { "type": "name", "properties": { "name": "urn:ogc:def:crs:OGC:1.3:CRS84" } },
"features": [
{ "type": "Feature", "properties": { "Id": 201, "NEGERI": "SARAWAK", "KODPAR": "P. 201", "PARLIMEN": "BATANG LUPAR", "KODUNIK": "P. 201", "BILANGAN_P": 44916, "PERATUS_EQ": 2.182 }, "geometry": { "type": "MultiPolygon", "coordinates": [ [ [ [ 111.085076793790847, 1.396725497709048 ], [ 111.101785900000039, 1.395128800000123 ], [ 111.113802200000237, 1.424474 ], [ 111.099726000000146, 1.42962220000021 ], [ 111.087538000000109, 1.434427300000038 ], [ 111.070371900000168, 1.441978000000233 ], [ 111.059042200000135, 1.454505300000051 ], [ 111.053034100000048, 1.477328700000214 ], [ 111.045137600000032, 1.491057100000148 ], [ 111.03140470000011, 1.512850600000149 ], [ 111.009775400000137, 1.523833000000252 ], [ 110.998617400000285, 1.521430600000258 ], [ 110.995527500000264, 1.524347800000385 ], [ 110.998960700000282, 1.5343006 ], [ 110.99981900000023, 1.542194200000324 ], [ 110.997759100000337, 1.552833300000259 ], [ 110.995527500000264, 1.562271200000055 ], [ 110.99432590000032, 1.572910300000331 ], [ 110.997759100000337, 1.578572900000268 ], [ 111.000334000000407, 1.582519599999955 ], [ 111.00256560000031, 1.589555100000325 ], [ 111.007372100000282, 1.609803200000385 ], [ 111.012693600000375, 1.636914800000056 ], [ 111.016641900000195, 1.650127300000293 ], [ 111.021963400000345, 1.657505700000229 ], [ 111.027628200000265, 1.666428300000234 ], [ 111.03483800000032, 1.673978200000363 ], [ 111.041189400000349, 1.677753100000416 ], [ 111.04460562355564, 1.679318216134334 ], [ 111.071879900000056, 1.675002700000221 ], [ 111.099897600000133, 1.683758700000112 ], [ 111.118608700000152, 1.680498500000169 ], [ 111.126505100000202, 1.677753100000245 ], [ 111.139718, 1.677909999999883 ], [ 111.143499600000155, 1.697828800000252 ], [ 111.131655000000137, 1.699029900000141 ], [ 111.125224600000081, 1.700901800000111 ], [ 111.118952000000149, 1.706236500000102 ], [ 111.111742300000117, 1.716703200000154 ], [ 111.108725900000138, 1.726592100000175 ], [ 111.109339, 1.732145699999933 ], [ 111.103674200000114, 1.739009 ], [ 111.08969395232009, 1.752701457096066 ], [ 111.085597100000086, 1.757269100000144 ], [ 111.09336869172671, 1.777174993922529 ], [ 111.096793877568757, 1.784637700936712 ], [ 111.146524671382608, 1.736288318061536 ], [ 111.152894510714859, 1.731952222615609 ], [ 111.182134375596092, 1.724162599816617 ], [ 111.231558189201863, 1.69714834144825 ], [ 111.278219180929042, 1.687017994560112 ], [ 111.323345271612567, 1.67596670704578 ], [ 111.351587450815856, 1.672282944541002 ], [ 111.396636796447353, 1.662574695442379 ], [ 111.41236953214468, 1.652636211182189 ], [ 111.426490621746339, 1.64864546846868 ], [ 111.427445016945342, 1.624413597348166 ], [ 111.414595927513801, 1.612992184520238 ], [ 111.386042395443837, 1.597287741881814 ], [ 111.346067450545945, 1.578727946036167 ], [ 111.318941595079593, 1.568734209811851 ], [ 111.291815739613014, 1.558740473587306 ], [ 111.241847058490578, 1.550174413966204 ], [ 111.204124089593122, 1.541276943462179 ], [ 111.183461034059917, 1.536403283395032 ], [ 111.212014566129881, 1.495000661893698 ], [ 111.233429715182353, 1.476440866048108 ], [ 111.249134157820777, 1.466447129823734 ], [ 111.266980115364504, 1.457167231900939 ], [ 111.284826072908231, 1.447887333978144 ], [ 111.305527383659012, 1.44360430416765 ], [ 111.326228694409735, 1.439321274357212 ], [ 111.391901818170595, 1.416478448701298 ], [ 111.443298175896643, 1.402201682666316 ], [ 111.452472097005497, 1.388087957883425 ], [ 111.461857971742063, 1.373648150596352 ], [ 111.477562414380486, 1.36508209097525 ], [ 111.496122210225906, 1.35223300154388 ], [ 111.494103012719549, 1.344389709092591 ], [ 111.474149299152032, 1.331189560117154 ], [ 111.471693457482189, 1.320445252811565 ], [ 111.471693457482189, 1.295272875695615 ], [ 111.472307417899643, 1.266416736074891 ], [ 111.480212158274284, 1.248957236700332 ], [ 111.471309732221087, 1.24005481064712 ], [ 111.456147265328013, 1.235163520057029 ], [ 111.440534966295999, 1.239248987602189 ], [ 111.421883026844171, 1.225169783832484 ], [ 111.407606260809189, 1.246584932884957 ], [ 111.39510189540394, 1.247690943342294 ], [ 111.370486669118122, 1.252295639299007 ], [ 111.358801485721003, 1.261543425258322 ], [ 111.373306300584034, 1.277775003797942 ], [ 111.371387674279006, 1.306669515941844 ], [ 111.355808428686359, 1.310928866340901 ], [ 111.379983120123484, 1.318641744082371 ], [ 111.393183269098927, 1.333069813892749 ], [ 111.391901818170595, 1.339383912112339 ], [ 111.386191111756716, 1.355088354750762 ], [ 111.382822687054727, 1.360966640364071 ], [ 111.331863972405358, 1.337329164291776 ], [ 111.319277783847383, 1.335180302830659 ], [ 111.309377672115247, 1.335832635771332 ], [ 111.303621793202097, 1.35789683827676 ], [ 111.292877485896511, 1.345617629927516 ], [ 111.270549306873249, 1.340811588715781 ], [ 111.270160950450403, 1.3661853039125 ], [ 111.255963115795979, 1.385256449377095 ], [ 111.247706481217335, 1.393635623045213 ], [ 111.220580625750813, 1.389352593234776 ], [ 111.213599846991045, 1.372977241027837 ], [ 111.212448671208946, 1.362194561198995 ], [ 111.2043904407291, 1.347497883703127 ], [ 111.190599417077408, 1.34652229512983 ], [ 111.172039621231988, 1.35223300154388 ], [ 111.16847375630752, 1.349339764955516 ], [ 111.166631875055131, 1.340744319111035 ], [ 111.174997085743755, 1.33548728303939 ], [ 111.170611944628376, 1.325107146077357 ], [ 111.159955055515923, 1.315533569471868 ], [ 111.132250091676866, 1.334451224832184 ], [ 111.10779417407457, 1.350805324940268 ], [ 111.093186860117029, 1.361120130468433 ], [ 111.062068509149711, 1.381824645725024 ], [ 111.029888513797431, 1.386074833790419 ], [ 111.011977006950403, 1.399128982848417 ], [ 110.986322689726933, 1.411326915623704 ], [ 110.976328953502446, 1.408471562416651 ], [ 110.960624510864022, 1.402760856002601 ], [ 110.951867204311228, 1.40550426494651 ], [ 110.945491922213137, 1.412183131906417 ], [ 110.933652112602402, 1.401254076881115 ], [ 110.932175740637504, 1.384604116436366 ], [ 110.92778794898345, 1.349936821673282 ], [ 110.924961705732386, 1.333798891891365 ], [ 110.916651360340836, 1.33810842562382 ], [ 110.901518699479027, 1.339943085448795 ], [ 110.882958903633607, 1.334232379034688 ], [ 110.884774949850268, 1.329608049493027 ], [ 110.871720800792332, 1.333858237558423 ], [ 110.856845142563458, 1.367556157219768 ], [ 110.856845142563458, 1.397611058539346 ], [ 110.823147222902108, 1.419469168589948 ], [ 110.805864367044819, 1.428459034865682 ], [ 110.790360057826206, 1.429791053891621 ], [ 110.788234963793514, 1.451041994218595 ], [ 110.718776094231316, 1.451301860521596 ], [ 110.710517239169107, 1.454077842836734 ], [ 110.707177805689156, 1.461971049243896 ], [ 110.735908213473351, 1.471289332970628 ], [ 110.761215911092066, 1.497490478076124 ], [ 110.763644589986569, 1.504472929897844 ], [ 110.76498630000043, 1.510791299999937 ], [ 110.76738950000032, 1.522803400000328 ], [ 110.768419500000277, 1.537389400000336 ], [ 110.766874600000335, 1.545454600000426 ], [ 110.76653870000024, 1.550222400000393 ], [ 110.766016300000388, 1.557638100000418 ], [ 110.768419500000277, 1.563644 ], [ 110.769378592583223, 1.56524194443665 ], [ 110.773598875805817, 1.565515988801621 ], [ 110.780737258823308, 1.579792754836603 ], [ 110.793586348254905, 1.584075784647041 ], [ 110.815001497307378, 1.572654371819112 ], [ 110.849265735791221, 1.558377605784131 ], [ 110.857831795412324, 1.546956192956202 ], [ 110.869253208240252, 1.538390133335099 ], [ 110.881255190151649, 1.533968350525868 ], [ 110.882402700000227, 1.533442600000058 ], [ 110.883400512074616, 1.533177968764733 ], [ 110.896379063706775, 1.528396397110555 ], [ 110.90409771660444, 1.528396397110555 ], [ 110.912615100000323, 1.525892200000271 ], [ 110.923773100000403, 1.525549000000296 ], [ 110.931288400000312, 1.523596900000257 ], [ 110.940804300000366, 1.521125100000177 ], [ 110.993467600000145, 1.486252200000138 ], [ 111.010272100000407, 1.466457100000241 ], [ 111.021105100000398, 1.442321200000208 ], [ 111.029173100000378, 1.43185310000041 ], [ 111.039129500000286, 1.421385000000271 ], [ 111.049772500000358, 1.411946600000192 ], [ 111.058698900000309, 1.40525380000031 ], [ 111.070886900000346, 1.399933899999951 ], [ 111.078440000000171, 1.397359700000152 ], [ 111.085018573152524, 1.397091282578003 ], [ 111.085076793790847, 1.396725497709048 ] ] ] ] } },
{ "type": "Feature", "properties": { "Id": 202, "NEGERI": "SARAWAK", "KODPAR": "P. 202", "PARLIMEN": "SRI AMAN", "KODUNIK": "P. 202", "BILANGAN_P": 52628, "PERATUS_EQ": 2.557 }, "geometry": { "type": "MultiPolygon", "coordinates": [ [ [ [ 111.440534966295999, 1.239248987602189 ], [ 111.456147265328013, 1.235163520057029 ], [ 111.471309732221087, 1.24005481064712 ], [ 111.480212158274284, 1.248957236700332 ], [ 111.491570425997367, 1.2486502564916 ], [ 111.50271530009644, 1.245048197652011 ], [ 111.501700772885499, 1.235450107516148 ], [ 111.495576917078949, 1.205073252754119 ], [ 111.514136712924369, 1.187941133512084 ], [ 111.531268832166404, 1.170809014270105 ], [ 111.565533070650247, 1.150821541821188 ], [ 111.579809836685229, 1.15938760144212 ], [ 111.592658926116769, 1.153676895028241 ], [ 111.60550801554831, 1.1408278055967 ], [ 111.61359505896813, 1.131690796964918 ], [ 111.633011557170491, 1.143010692164989 ], [ 111.642144218380167, 1.145504906357834 ], [ 111.634061547618273, 1.129406392768715 ], [ 111.616929428376295, 1.125123362958277 ], [ 111.609791045358804, 1.116557303337174 ], [ 111.609791045358804, 1.096569830888313 ], [ 111.614822979803066, 1.078890201063109 ], [ 111.644055283842647, 1.076582358439282 ], [ 111.65262134346375, 1.070871652025232 ], [ 111.655476696670746, 1.056594885990251 ], [ 111.655476696670746, 1.043745796558824 ], [ 111.636916900825156, 1.032324383730895 ], [ 111.606935692151751, 1.018047617695913 ], [ 111.585520543099278, 1.01519226448886 ], [ 111.572671453667738, 1.000915498453878 ], [ 111.568388423857243, 0.975217319590968 ], [ 111.549828628011824, 0.990921762229391 ], [ 111.541262568390891, 0.985211055815341 ], [ 111.541262568390891, 0.972361966383914 ], [ 111.536979538580283, 0.950946817331442 ], [ 111.511281359717316, 0.963795906762869 ], [ 111.508426006510319, 1.00234317505732 ], [ 111.493911294374811, 1.019713240399881 ], [ 111.478206851736388, 1.032562329831421 ], [ 111.462502409097794, 1.039700712848912 ], [ 111.441087260045322, 1.026851623417372 ], [ 111.423955140803344, 1.009719504175507 ], [ 111.388263225715889, 1.014002533985945 ], [ 111.366848076663416, 1.03113465322798 ], [ 111.33543919138657, 1.045411419262962 ], [ 111.309741012523489, 1.048266772469844 ], [ 111.289753540074628, 1.053977478883894 ], [ 111.274049097436034, 1.063971215108381 ], [ 111.262627684608049, 1.068254244918876 ], [ 111.241212535555576, 1.068254244918876 ], [ 111.239784858952191, 1.076820304539808 ], [ 111.228363446124206, 1.085386364160854 ], [ 111.203220474829209, 1.077078079482135 ], [ 111.190371385397668, 1.064228990050594 ], [ 111.158962500120822, 1.058518283636715 ], [ 111.134691997861353, 1.052807577222666 ], [ 111.111849172205268, 1.052807577222666 ], [ 111.071874227307319, 1.057090607033103 ], [ 111.043320695237355, 1.044241517601733 ], [ 111.017622516374445, 1.032820104773577 ], [ 110.98193060128699, 1.032820104773577 ], [ 110.954804745820468, 1.029964751566752 ], [ 110.933389596767995, 1.031392428170193 ], [ 110.899125358284152, 1.032820104773577 ], [ 110.883420915645559, 1.017115662135211 ], [ 110.881993239042117, 0.995700513082738 ], [ 110.870571826214189, 0.981423747047756 ], [ 110.862005766593086, 0.978568393840703 ], [ 110.849156677161716, 0.96286395120228 ], [ 110.844873647351221, 0.955725568184789 ], [ 110.82488617490219, 0.95715324478823 ], [ 110.799297054668614, 0.941621313072687 ], [ 110.763605139581159, 0.974457874953146 ], [ 110.740762313925245, 1.005866760230106 ], [ 110.723966414064151, 1.03146175881433 ], [ 110.720589631768107, 1.043127006746122 ], [ 110.708617403627585, 1.056020175512839 ], [ 110.713836067176018, 1.060624878643809 ], [ 110.72934090109726, 1.045841705128055 ], [ 110.73647928411475, 1.050124734938663 ], [ 110.742090064797864, 1.067310728885806 ], [ 110.742697234521501, 1.084311481147386 ], [ 110.733623930907754, 1.082961296819121 ], [ 110.725057871286822, 1.082961296819121 ], [ 110.719321200161829, 1.083704311423758 ], [ 110.717803275852759, 1.096151290758128 ], [ 110.734804028114297, 1.113759212743335 ], [ 110.747900696942736, 1.125791594924067 ], [ 110.77487722987378, 1.150796565884634 ], [ 110.765032816184714, 1.162911186614906 ], [ 110.757894433167223, 1.170049569632397 ], [ 110.774877229873752, 1.182065806651468 ], [ 110.785876894595788, 1.190037042081485 ], [ 110.802476602448749, 1.205481164641763 ], [ 110.815369771215458, 1.214076610486233 ], [ 110.823351256642468, 1.220830175078318 ], [ 110.836858385826631, 1.22696977925294 ], [ 110.848694665149765, 1.228584310375936 ], [ 110.854405371563644, 1.214307544340954 ], [ 110.882958903633607, 1.195747748495364 ], [ 110.918650818721062, 1.188609365477873 ], [ 110.934355261359656, 1.197175425098976 ], [ 110.96097475016569, 1.199977313498488 ], [ 110.977064747841837, 1.222746178134531 ], [ 110.9655285230929, 1.237925421225228 ], [ 110.964921353369277, 1.247943721665087 ], [ 110.970993050605557, 1.254015418901365 ], [ 110.973118144638235, 1.277998622984664 ], [ 110.961885504751123, 1.288320508286338 ], [ 110.944884752489543, 1.28619541425364 ], [ 110.936703698714979, 1.303753203959048 ], [ 110.939696755751484, 1.319984782498466 ], [ 110.924961705732386, 1.333798891891365 ], [ 110.92778794898345, 1.349936821673282 ], [ 110.932175740637504, 1.384604116436366 ], [ 110.933652112602402, 1.401254076881115 ], [ 110.945491922213137, 1.412183131906417 ], [ 110.951867204311228, 1.40550426494651 ], [ 110.960624510864022, 1.402760856002601 ], [ 110.976328953502446, 1.408471562416651 ], [ 110.986322689726933, 1.411326915623704 ], [ 111.011977006950403, 1.399128982848417 ], [ 111.029888513797431, 1.386074833790419 ], [ 111.062068509149711, 1.381824645725024 ], [ 111.093186860117029, 1.361120130468433 ], [ 111.10779417407457, 1.350805324940268 ], [ 111.132250091676866, 1.334451224832184 ], [ 111.159955055515923, 1.315533569471868 ], [ 111.170611944628376, 1.325107146077357 ], [ 111.174997085743755, 1.33548728303939 ], [ 111.166631875055131, 1.340744319111035 ], [ 111.16847375630752, 1.349339764955516 ], [ 111.172039621231988, 1.35223300154388 ], [ 111.190599417077408, 1.34652229512983 ], [ 111.2043904407291, 1.347497883703127 ], [ 111.212448671208946, 1.362194561198995 ], [ 111.213599846991045, 1.372977241027837 ], [ 111.220580625750813, 1.389352593234776 ], [ 111.247706481217335, 1.393635623045213 ], [ 111.255963115795979, 1.385256449377095 ], [ 111.270160950450403, 1.3661853039125 ], [ 111.270549306873249, 1.340811588715781 ], [ 111.292877485896511, 1.345617629927516 ], [ 111.303621793202097, 1.35789683827676 ], [ 111.309377672115247, 1.335832635771332 ], [ 111.319277783847383, 1.335180302830659 ], [ 111.331863972405358, 1.337329164291776 ], [ 111.382822687054727, 1.360966640364071 ], [ 111.386191111756716, 1.355088354750762 ], [ 111.391901818170595, 1.339383912112339 ], [ 111.393183269098927, 1.333069813892749 ], [ 111.379983120123484, 1.318641744082371 ], [ 111.355808428686359, 1.310928866340901 ], [ 111.371387674279006, 1.306669515941844 ], [ 111.373306300584034, 1.277775003797942 ], [ 111.358801485721003, 1.261543425258322 ], [ 111.370486669118122, 1.252295639299007 ], [ 111.39510189540394, 1.247690943342294 ], [ 111.407606260809189, 1.246584932884957 ], [ 111.421883026844171, 1.225169783832484 ], [ 111.440534966295999, 1.239248987602189 ] ] ] ] } },
{ "type": "Feature", "properties": { "Id": 200, "NEGERI": "SARAWAK", "KODPAR": "P. 200", "PARLIMEN": "BATANG SADONG", "KODUNIK": "P. 200", "BILANGAN_P": 34048, "PERATUS_EQ": 1.654 }, "geometry": { "type": "MultiPolygon", "coordinates": [ [ [ [ 110.644335739293851, 1.266310605804832 ], [ 110.635835363163068, 1.272989472764739 ], [ 110.63340668426855, 1.28240060348097 ], [ 110.631888759959509, 1.296972676848039 ], [ 110.612762913665236, 1.295758337400783 ], [ 110.595458576541844, 1.295758337400783 ], [ 110.590904803614634, 1.32186663551678 ], [ 110.572439242372923, 1.318527936396322 ], [ 110.567225184393138, 1.319437956622268 ], [ 110.562671411465928, 1.340688896949243 ], [ 110.542634810586208, 1.359207573519892 ], [ 110.550528016993368, 1.365886440479798 ], [ 110.551520281810923, 1.377543571635548 ], [ 110.553165608225584, 1.389911766571231 ], [ 110.56195760890779, 1.403636889377692 ], [ 110.565100090360446, 1.409299075719188 ], [ 110.568870050864007, 1.412754592227088 ], [ 110.585136691240166, 1.410513415166444 ], [ 110.603351782948991, 1.40474530279198 ], [ 110.610272672365511, 1.404188532606213 ], [ 110.622125729819075, 1.411925355013434 ], [ 110.621694085193496, 1.42703135826207 ], [ 110.620266408590055, 1.441308124297052 ], [ 110.623121761796881, 1.451301860521596 ], [ 110.628832468210987, 1.46129559674614 ], [ 110.638567626919397, 1.471533972391042 ], [ 110.635531778301257, 1.488838309514436 ], [ 110.636746117748515, 1.501285288848806 ], [ 110.649800266806508, 1.503410382881504 ], [ 110.651212104594819, 1.513420686522569 ], [ 110.652133045221007, 1.5293836573766 ], [ 110.654895867099597, 1.542276826143317 ], [ 110.670244877536177, 1.574049277747013 ], [ 110.675770521293344, 1.568677124094215 ], [ 110.679454283798108, 1.564993361589438 ], [ 110.689891610894975, 1.565607322006901 ], [ 110.696381400000348, 1.559780600000408 ], [ 110.708924383836319, 1.558853757414811 ], [ 110.719361710933185, 1.555169994910035 ], [ 110.727343196360209, 1.551486232405258 ], [ 110.729795700000352, 1.546141000000375 ], [ 110.735460500000272, 1.539620200000343 ], [ 110.7390654000003, 1.530525400000272 ], [ 110.740953700000205, 1.522975000000315 ], [ 110.743013600000324, 1.511820899999861 ], [ 110.76498630000043, 1.510791299999937 ], [ 110.763644589986569, 1.504472929897844 ], [ 110.761215911092066, 1.497490478076124 ], [ 110.735908213473351, 1.471289332970628 ], [ 110.707177805689156, 1.461971049243896 ], [ 110.710517239169107, 1.454077842836734 ], [ 110.718776094231316, 1.451301860521596 ], [ 110.788234963793514, 1.451041994218595 ], [ 110.790360057826206, 1.429791053891621 ], [ 110.805864367044819, 1.428459034865682 ], [ 110.823147222902108, 1.419469168589948 ], [ 110.856845142563458, 1.397611058539346 ], [ 110.856845142563458, 1.367556157219768 ], [ 110.871720800792332, 1.333858237558423 ], [ 110.884774949850268, 1.329608049493027 ], [ 110.882958903633607, 1.334232379034688 ], [ 110.901518699479027, 1.339943085448795 ], [ 110.916651360340836, 1.33810842562382 ], [ 110.924961705732386, 1.333798891891365 ], [ 110.939696755751484, 1.319984782498466 ], [ 110.936703698714979, 1.303753203959048 ], [ 110.944884752489543, 1.28619541425364 ], [ 110.961885504751123, 1.288320508286338 ], [ 110.973118144638235, 1.277998622984664 ], [ 110.970993050605557, 1.254015418901365 ], [ 110.964921353369277, 1.247943721665087 ], [ 110.9655285230929, 1.237925421225228 ], [ 110.977064747841837, 1.222746178134531 ], [ 110.96097475016569, 1.199977313498488 ], [ 110.934355261359656, 1.197175425098976 ], [ 110.918650818721062, 1.188609365477873 ], [ 110.882958903633607, 1.195747748495364 ], [ 110.854405371563644, 1.214307544340954 ], [ 110.848694665149765, 1.228584310375936 ], [ 110.836858385826631, 1.22696977925294 ], [ 110.823351256642468, 1.220830175078318 ], [ 110.815369771215458, 1.214076610486233 ], [ 110.802476602448749, 1.205481164641763 ], [ 110.785876894595788, 1.190037042081485 ], [ 110.774877229873752, 1.182065806651468 ], [ 110.757894433167223, 1.170049569632397 ], [ 110.747251007448654, 1.178726373171514 ], [ 110.734196858390675, 1.197852219465791 ], [ 110.727913224493705, 1.198603101702361 ], [ 110.713636458458723, 1.204313808116467 ], [ 110.6979320158203, 1.214307544340954 ], [ 110.682227573181876, 1.224301280565328 ], [ 110.670806160353777, 1.237150369996868 ], [ 110.658604227799017, 1.257962022104947 ], [ 110.644335739293851, 1.266310605804832 ] ] ] ] } },
{ "type": "Feature", "properties": { "Id": 193, "NEGERI": "SARAWAK", "KODPAR": "P. 193", "PARLIMEN": "SANTUBONG", "KODUNIK": "P. 193", "BILANGAN_P": 84691, "PERATUS_EQ": 4.115 }, "geometry": { "type": "MultiPolygon", "coordinates": [ [ [ [ 110.371930405198498, 1.706753186717663 ], [ 110.375605480943932, 1.703499620534444 ], [ 110.398868069386651, 1.694780280801353 ], [ 110.398868069386651, 1.689451608125808 ], [ 110.417768923002029, 1.687998553033935 ], [ 110.42261529533215, 1.681926857231815 ], [ 110.442970060556604, 1.709765041143783 ], [ 110.436669775718769, 1.717031256150904 ], [ 110.443939334663241, 1.719937849017754 ], [ 110.442970060556604, 1.731079409130302 ], [ 110.450724257003685, 1.735923640961801 ], [ 110.455570629333977, 1.734470456582756 ], [ 110.460901639166821, 1.738830238953085 ], [ 110.463612792828201, 1.73792697038806 ], [ 110.473986845446575, 1.734470672149882 ], [ 110.476894668665068, 1.727688900205294 ], [ 110.491918424056848, 1.73011115203019 ], [ 110.499615616206256, 1.733250540331539 ], [ 110.500157258006311, 1.741252760155362 ], [ 110.494409481253797, 1.753221624631749 ], [ 110.501611169615558, 1.757722715067587 ], [ 110.508396091057648, 1.747065792511307 ], [ 110.525843033063609, 1.725751809987116 ], [ 110.503549718727356, 1.714125525923293 ], [ 110.491768807849553, 1.67245668378564 ], [ 110.479802492782028, 1.666651585279737 ], [ 110.479317855279476, 1.658900666513205 ], [ 110.481829612187539, 1.654844551445592 ], [ 110.493877121482058, 1.653790977419135 ], [ 110.499453988530036, 1.650384081518439 ], [ 110.506832863461568, 1.642305880024765 ], [ 110.514211738392873, 1.63422767853109 ], [ 110.516747735448291, 1.626650687270342 ], [ 110.516747735448291, 1.61713284324702 ], [ 110.503624155843127, 1.608147160207307 ], [ 110.499070382915917, 1.599039614352889 ], [ 110.500254586952849, 1.587518034407621 ], [ 110.499615616206256, 1.578109682751347 ], [ 110.495808478596985, 1.574302545142075 ], [ 110.485338850171274, 1.570495407532633 ], [ 110.479337366898008, 1.552287545633546 ], [ 110.475694348556218, 1.547278395413615 ], [ 110.471444160490833, 1.545608678673639 ], [ 110.464393614051289, 1.549079884776092 ], [ 110.456785318101311, 1.548604366279164 ], [ 110.449171042882597, 1.54670079747433 ], [ 110.439871334862246, 1.54560867867364 ], [ 110.434867802493116, 1.558354914578167 ], [ 110.429495648840316, 1.562499147396037 ], [ 110.424276985291883, 1.560810756248016 ], [ 110.423663024874429, 1.551294369777352 ], [ 110.429549449560568, 1.531643775030199 ], [ 110.425376432824294, 1.527665109427687 ], [ 110.415888130778939, 1.528000756688433 ], [ 110.399152573833149, 1.510235766859544 ], [ 110.392309762773763, 1.505136445303813 ], [ 110.386950110536077, 1.513804411786043 ], [ 110.394637190451988, 1.515705569784968 ], [ 110.387065228114324, 1.524625464143814 ], [ 110.391554813667014, 1.529690637587877 ], [ 110.38142446677891, 1.532683694623006 ], [ 110.37739535153932, 1.540166337210826 ], [ 110.376835428305469, 1.541941875462669 ], [ 110.390160409938062, 1.544797228669722 ], [ 110.393015763145115, 1.552411503888436 ], [ 110.401581822765991, 1.560025779107093 ], [ 110.405388960375433, 1.566688269923418 ], [ 110.406340744777879, 1.571447191935079 ], [ 110.405829393373025, 1.573953346434293 ], [ 110.403066571494449, 1.575564992530132 ], [ 110.399613044146221, 1.577406873782518 ], [ 110.393396694919417, 1.579709225348002 ], [ 110.389367579679842, 1.577464432571656 ], [ 110.374632529660744, 1.575046963427898 ], [ 110.371409237469067, 1.572399259127593 ], [ 110.371409237469067, 1.569521319670739 ], [ 110.378316292165522, 1.566873615370433 ], [ 110.380848878887548, 1.563304970443934 ], [ 110.380618643731012, 1.558470032156419 ], [ 110.375668587865221, 1.555246739964742 ], [ 110.368876650747055, 1.55605256301266 ], [ 110.359091656593733, 1.559736325517435 ], [ 110.354256718306203, 1.55962120793916 ], [ 110.348846192127311, 1.55904562004779 ], [ 110.346860522824144, 1.560484336902519 ], [ 110.350761377091544, 1.566481514591089 ], [ 110.359684355863408, 1.574690655061033 ], [ 110.362182789919643, 1.579330604022459 ], [ 110.365395062277457, 1.583970552983885 ], [ 110.387755933583989, 1.581148195076429 ], [ 110.386604757801251, 1.584256369689831 ], [ 110.38295448195413, 1.589458791691072 ], [ 110.382769835780095, 1.591036596420963 ], [ 110.386029169909875, 1.597725126347908 ], [ 110.377216142066459, 1.600000724005042 ], [ 110.369601866847916, 1.60190429280965 ], [ 110.366794941205342, 1.609965962168586 ], [ 110.363111178700564, 1.61978932884799 ], [ 110.359427416195786, 1.630226655944856 ], [ 110.35021800993384, 1.622859130935304 ], [ 110.341622564089363, 1.622859130935304 ], [ 110.33149221720123, 1.618561408013065 ], [ 110.323510731774206, 1.622552150726572 ], [ 110.317064147390852, 1.616719526760676 ], [ 110.309639449500821, 1.611422136832971 ], [ 110.31059123390321, 1.600000724005042 ], [ 110.30583231189155, 1.594290017590936 ], [ 110.293459114661175, 1.590482879981721 ], [ 110.267760935798265, 1.588579311177057 ], [ 110.252532385360894, 1.592386448786328 ], [ 110.242062756935127, 1.597145370797989 ], [ 110.235406930430656, 1.598015015444285 ], [ 110.23024598777981, 1.597407845720657 ], [ 110.221442026787201, 1.602872373233311 ], [ 110.210848995169798, 1.603519377785228 ], [ 110.19918374723801, 1.60167749653284 ], [ 110.192905049776684, 1.596193506273401 ], [ 110.191083540605803, 1.590121809037119 ], [ 110.18941382386582, 1.586023413402628 ], [ 110.172281146090086, 1.567722897177134 ], [ 110.159158369723684, 1.567743164302726 ], [ 110.149164633499367, 1.566315487699114 ], [ 110.140598573878265, 1.584875283544534 ], [ 110.116328071618966, 1.579878415432404 ], [ 110.094912922566493, 1.577023062225351 ], [ 110.067787067099914, 1.579164577130655 ], [ 110.048763444959647, 1.58602150588754 ], [ 110.043237801202494, 1.584179624635152 ], [ 110.042623840785041, 1.576198139208137 ], [ 110.032493493896894, 1.568830614198584 ], [ 110.026046909513539, 1.579574921504181 ], [ 110.020521265756372, 1.576812099625599 ], [ 110.018065424086529, 1.565146851693807 ], [ 109.988595324048319, 1.564839871485076 ], [ 109.98214873966495, 1.560849128771568 ], [ 109.970483491733162, 1.562997990232688 ], [ 109.969277381458483, 1.567743164302726 ], [ 109.959283645233938, 1.570598517509552 ], [ 109.940723849388519, 1.583447606941149 ], [ 109.93295516121789, 1.583680781798482 ], [ 109.925019406750096, 1.564887811095673 ], [ 109.916453347128993, 1.564887811095673 ], [ 109.903604257697623, 1.574881547320217 ], [ 109.907887287508117, 1.59058598995864 ], [ 109.896465874680132, 1.589158313355199 ], [ 109.892203538506649, 1.607817100707467 ], [ 109.886370914540748, 1.621631210100378 ], [ 109.889133736419339, 1.631454576779782 ], [ 109.88218910864515, 1.639126994477635 ], [ 109.867912342610168, 1.651976083909005 ], [ 109.848305368658075, 1.645268686172693 ], [ 109.839358810540205, 1.650548407305564 ], [ 109.790103967719517, 1.743347386532946 ], [ 109.782251746400277, 1.751913446153878 ], [ 109.780824069796665, 1.791888391051771 ], [ 109.766547303761683, 1.796171420862436 ], [ 109.739421448295332, 1.799026774069262 ], [ 109.7194339758463, 1.810448186897418 ], [ 109.703729533207877, 1.810448186897418 ], [ 109.686597413965899, 1.806165157086753 ], [ 109.672320647930917, 1.799026774069262 ], [ 109.658043881895935, 1.806165157086753 ], [ 109.6409117626539, 1.810448186897418 ], [ 109.618068936997986, 1.807592833690364 ], [ 109.598081464548955, 1.801882127276315 ], [ 109.592370758135075, 1.809020510293806 ], [ 109.592370758135075, 1.821869599725346 ], [ 109.58808772832441, 1.840429395570823 ], [ 109.578093992100094, 1.84471242538126 ], [ 109.563817226065112, 1.853278485002363 ], [ 109.559534196254447, 1.868982927640786 ], [ 109.555251166444009, 1.881832017072327 ], [ 109.545257430219465, 1.901819489521188 ], [ 109.546685106823077, 1.923234638573661 ], [ 109.555251166444009, 1.927517668384098 ], [ 109.568100255875549, 1.937511404608642 ], [ 109.572383285686044, 1.946077464229745 ], [ 109.560961872858059, 1.954643523850677 ], [ 109.566672579271938, 1.968920289885659 ], [ 109.576666315496482, 1.97605867290315 ], [ 109.599509141152566, 1.974630996299709 ], [ 109.612358230583936, 1.978914026110147 ], [ 109.62235196680848, 1.984624732524026 ], [ 109.632345703032968, 1.99461846874857 ], [ 109.636628732843462, 2.017461294404654 ], [ 109.639484086050459, 2.031738060439636 ], [ 109.645194792464338, 2.078851388355019 ], [ 109.64662246906795, 2.057436239302547 ], [ 109.64662246906795, 2.043159473267565 ], [ 109.655188528688882, 2.038876443457127 ], [ 109.655188528688882, 2.026027354025587 ], [ 109.648050145671391, 2.016033617801043 ], [ 109.648050145671391, 2.004612204973114 ], [ 109.655188528688882, 1.99461846874857 ], [ 109.662678421442536, 1.989268545353241 ], [ 109.65155740701141, 1.985402581277981 ], [ 109.650103495402163, 1.966028687951905 ], [ 109.646850891590987, 1.950786605636665 ], [ 109.64969472419881, 1.946168101092724 ], [ 109.653473381460003, 1.936962552315606 ], [ 109.648050145671391, 1.930530903244346 ], [ 109.652526682016401, 1.917593034929325 ], [ 109.655375806682684, 1.906677548541836 ], [ 109.673850721347492, 1.891437436496062 ], [ 109.674819996352653, 1.886109355777251 ], [ 109.687420565129798, 1.878359521322693 ], [ 109.683058829403819, 1.870125076519685 ], [ 109.684997378515618, 1.859468766296857 ], [ 109.705836781242624, 1.842031233967646 ], [ 109.73275879892924, 1.835658588723788 ], [ 109.736230057848843, 1.831667410559646 ], [ 109.740849124898773, 1.830435659346278 ], [ 109.769402656968737, 1.820441923121734 ], [ 109.788951110596997, 1.810128447380578 ], [ 109.812226893303034, 1.799501062777665 ], [ 109.84474147969047, 1.789238748339983 ], [ 109.85234723133334, 1.786578128014696 ], [ 109.849352546764749, 1.780556592893504 ], [ 109.845618015640582, 1.777818949857306 ], [ 109.849352546764749, 1.774457868357274 ], [ 109.858492283242413, 1.767149701462131 ], [ 109.879336921805418, 1.751450961151932 ], [ 109.876478402231101, 1.744775063136387 ], [ 109.870613451251643, 1.734496451765438 ], [ 109.887091118252442, 1.72141742474065 ], [ 109.917138628137479, 1.707854044753674 ], [ 109.923945996681709, 1.69388157800455 ], [ 109.95639424697697, 1.708338925442717 ], [ 109.971902638972779, 1.699135093443601 ], [ 109.975974435112164, 1.693708469844751 ], [ 110.016489267645284, 1.699620038729506 ], [ 110.049914353516328, 1.69961280517208 ], [ 110.078716005172339, 1.699392313307499 ], [ 110.11061736520486, 1.699089411824389 ], [ 110.132990221491241, 1.698654979443688 ], [ 110.142590184025494, 1.698723707870329 ], [ 110.147619632112253, 1.702968973888005 ], [ 110.179982538799777, 1.708178004301942 ], [ 110.19249356447034, 1.710191739157779 ], [ 110.209226217366279, 1.7022094579861 ], [ 110.233298408897099, 1.70771099220218 ], [ 110.258283312948549, 1.713613560685587 ], [ 110.274525938176964, 1.708834662307254 ], [ 110.302748585514166, 1.708827400738869 ], [ 110.310446298591273, 1.715814626857423 ], [ 110.310179450442718, 1.720937959276 ], [ 110.301455978990646, 1.734985908425699 ], [ 110.31641848941814, 1.754405258557426 ], [ 110.314541185270457, 1.760175403638414 ], [ 110.31657954410116, 1.771956439359599 ], [ 110.322295381717709, 1.778582873107666 ], [ 110.322295381717481, 1.783426889176098 ], [ 110.331018852271427, 1.802318530095079 ], [ 110.3436194210488, 1.802803073399957 ], [ 110.348465794277388, 1.793599587605684 ], [ 110.340226960327755, 1.781489493630943 ], [ 110.35331216660768, 1.760175857458194 ], [ 110.360581725552152, 1.745159260201831 ], [ 110.358643176440353, 1.718516438922336 ], [ 110.364168764217766, 1.712469914213841 ], [ 110.371307147235257, 1.70295207019052 ], [ 110.371930405198498, 1.706753186717663 ] ] ] ] } },
{ "type": "Feature", "properties": { "Id": 205, "NEGERI": "SARAWAK", "KODPAR": "P. 205", "PARLIMEN": "SARATOK", "KODUNIK": "P. 205", "BILANGAN_P": 46462, "PERATUS_EQ": 2.257 }, "geometry": { "type": "MultiPolygon", "coordinates": [ [ [ [ 111.351587450815856, 1.672282944541002 ], [ 111.323345271612567, 1.67596670704578 ], [ 111.278219180929042, 1.687017994560112 ], [ 111.231558189201863, 1.69714834144825 ], [ 111.182134375596092, 1.724162599816617 ], [ 111.152894510714859, 1.731952222615609 ], [ 111.146524671382608, 1.736288318061536 ], [ 111.096793877568757, 1.784637700936712 ], [ 111.101538174513337, 1.791035354281519 ], [ 111.096769338080719, 1.809186675987632 ], [ 111.101052367891384, 1.819180412212177 ], [ 111.105335397701822, 1.837740208057596 ], [ 111.112473780719313, 1.852016974092578 ], [ 111.131033576564789, 1.880570506162542 ], [ 111.136744282978839, 1.904841008422068 ], [ 111.162442461841749, 1.940532923509522 ], [ 111.171008521462682, 1.96337574916538 ], [ 111.166725491652244, 1.987646251424906 ], [ 111.185285287497663, 2.02904887292641 ], [ 111.192423670515154, 2.040470285754395 ], [ 111.200989730136257, 2.02904887292641 ], [ 111.212411142964186, 2.024765843115972 ], [ 111.230970938809662, 2.034759579340289 ], [ 111.253046803813064, 2.037282412722695 ], [ 111.266662853897117, 2.024765843115972 ], [ 111.276656590121604, 2.034759579340289 ], [ 111.280939619932099, 2.021910489908919 ], [ 111.289884428860844, 2.012110035606717 ], [ 111.300935716375179, 2.004128550179699 ], [ 111.307689280967267, 2.002286668927311 ], [ 111.337159381005478, 2.005663451223357 ], [ 111.349953903522078, 2.000903814995752 ], [ 111.373076065427057, 1.992463302247904 ], [ 111.408378789431183, 1.980491074107378 ], [ 111.43723492905194, 1.979877113689915 ], [ 111.432759146524916, 1.965211899908297 ], [ 111.431331469921531, 1.952362810476757 ], [ 111.452746618974004, 1.943796750855824 ], [ 111.451318942370392, 1.90239412935432 ], [ 111.471306414819423, 1.903821805957932 ], [ 111.477017121233473, 1.88954503992295 ], [ 111.489866210664843, 1.875268273887968 ], [ 111.499859946889387, 1.865274537663424 ], [ 111.512709036320928, 1.860991507852987 ], [ 111.518419742734807, 1.845287065214393 ], [ 111.522702772545301, 1.828154945972358 ], [ 111.545545598201386, 1.808167473523497 ], [ 111.549828628011824, 1.791035354281519 ], [ 111.582665189892225, 1.779613941453533 ], [ 111.598369632530819, 1.769620205229046 ], [ 111.61835710497968, 1.752488085987011 ], [ 111.631206194411277, 1.746777379573132 ], [ 111.629778517807665, 1.73250061353815 ], [ 111.626923164600782, 1.716796170899556 ], [ 111.632633871014662, 1.695381021847084 ], [ 111.626923164600782, 1.67967657920866 ], [ 111.61835710497968, 1.675393549398223 ], [ 111.625495487997171, 1.658261430156188 ], [ 111.602652662341313, 1.658261430156188 ], [ 111.589803572909716, 1.65397840034575 ], [ 111.555539334425873, 1.655406076949191 ], [ 111.54697327480477, 1.672538196191169 ], [ 111.542690244994333, 1.686814962226151 ], [ 111.528413478959351, 1.689670315433204 ], [ 111.51556438952781, 1.688242638829593 ], [ 111.504142976699825, 1.681104255812102 ], [ 111.498432270285946, 1.671110519587558 ], [ 111.482727827647352, 1.655406076949191 ], [ 111.471306414819423, 1.646840017328259 ], [ 111.452746618974004, 1.635418604500103 ], [ 111.427445016945342, 1.624413597348166 ], [ 111.426490621746339, 1.64864546846868 ], [ 111.41236953214468, 1.652636211182189 ], [ 111.396636796447353, 1.662574695442379 ], [ 111.351587450815856, 1.672282944541002 ] ] ] ] } },
{ "type": "Feature", "properties": { "Id": 194, "NEGERI": "SARAWAK", "KODPAR": "P. 194", "PARLIMEN": "PETRA JAYA", "KODUNIK": "P. 194", "BILANGAN_P": 115727, "PERATUS_EQ": 5.623 }, "geometry": { "type": "MultiPolygon", "coordinates": [ [ [ [ 110.337449551878194, 1.560311913408805 ], [ 110.338341713109827, 1.55864270852383 ], [ 110.344336832375916, 1.557915454969987 ], [ 110.344693751526677, 1.553275506008561 ], [ 110.338269206810935, 1.550063233650803 ], [ 110.335137607176023, 1.550008890150173 ], [ 110.326490874832189, 1.549706314499815 ], [ 110.317210976909394, 1.549706314499815 ], [ 110.314541153801628, 1.546958274329002 ], [ 110.311500270495344, 1.544352527236697 ], [ 110.310072593891903, 1.539355659124567 ], [ 110.314732371695015, 1.535106338345201 ], [ 110.308188853928982, 1.530347416333541 ], [ 110.304619662420237, 1.526183359573338 ], [ 110.295101818396915, 1.530347416333541 ], [ 110.283799378619221, 1.519639841807304 ], [ 110.279635321859018, 1.526778224824795 ], [ 110.28689180228514, 1.538491657004386 ], [ 110.277611904362345, 1.543488525116572 ], [ 110.271381736555611, 1.544659975980458 ], [ 110.26500645445752, 1.546481485151343 ], [ 110.253773814570394, 1.553160352111253 ], [ 110.242633827576583, 1.549913069832314 ], [ 110.2347816062574, 1.547057716625318 ], [ 110.227643223239909, 1.541347010211211 ], [ 110.21704004629089, 1.527279742641601 ], [ 110.214307782534561, 1.529253044243393 ], [ 110.207780708005558, 1.523636724299832 ], [ 110.200342878891107, 1.52682436534888 ], [ 110.203985897232883, 1.530315591259742 ], [ 110.197027540550607, 1.534886335296733 ], [ 110.186985144971288, 1.550048607277658 ], [ 110.205795805438072, 1.549397519947775 ], [ 110.209754009607337, 1.558624879623907 ], [ 110.214532757674604, 1.557472346475523 ], [ 110.215522121981792, 1.574107707576426 ], [ 110.211304306585589, 1.573909495792236 ], [ 110.191202261811, 1.576505119416868 ], [ 110.18941382386582, 1.586023413402628 ], [ 110.191083540605803, 1.590121809037119 ], [ 110.192905049776684, 1.596193506273401 ], [ 110.19918374723801, 1.60167749653284 ], [ 110.210848995169798, 1.603519377785228 ], [ 110.221442026787201, 1.602872373233311 ], [ 110.23024598777981, 1.597407845720657 ], [ 110.235406930430656, 1.598015015444285 ], [ 110.242062756935127, 1.597145370797989 ], [ 110.252532385360894, 1.592386448786328 ], [ 110.267760935798265, 1.588579311177057 ], [ 110.293459114661175, 1.590482879981721 ], [ 110.30583231189155, 1.594290017590936 ], [ 110.31059123390321, 1.600000724005042 ], [ 110.309639449500821, 1.611422136832971 ], [ 110.317064147390852, 1.616719526760676 ], [ 110.323510731774206, 1.622552150726572 ], [ 110.33149221720123, 1.618561408013065 ], [ 110.341622564089363, 1.622859130935304 ], [ 110.35021800993384, 1.622859130935304 ], [ 110.359427416195786, 1.630226655944856 ], [ 110.363111178700564, 1.61978932884799 ], [ 110.366794941205342, 1.609965962168586 ], [ 110.369601866847916, 1.60190429280965 ], [ 110.377216142066459, 1.600000724005042 ], [ 110.386029169909875, 1.597725126347908 ], [ 110.382769835780095, 1.591036596420963 ], [ 110.38295448195413, 1.589458791691072 ], [ 110.386604757801251, 1.584256369689831 ], [ 110.387755933583989, 1.581148195076429 ], [ 110.365395062277457, 1.583970552983885 ], [ 110.362182789919643, 1.579330604022459 ], [ 110.359684355863408, 1.574690655061033 ], [ 110.350761377091544, 1.566481514591089 ], [ 110.346860522824144, 1.560484336902519 ], [ 110.343176651397343, 1.562326471028603 ], [ 110.341669415344313, 1.563907998625609 ], [ 110.335432806803965, 1.565617512470737 ], [ 110.334830972674766, 1.565265798476088 ], [ 110.337449551878194, 1.560311913408805 ] ] ] ] } },
{ "type": "Feature", "properties": { "Id": 206, "NEGERI": "SARAWAK", "KODPAR": "P. 206", "PARLIMEN": "TANJONG MANIS", "KODUNIK": "P. 206", "BILANGAN_P": 34061, "PERATUS_EQ": 1.655 }, "geometry": { "type": "MultiPolygon", "coordinates": [ [ [ [ 111.373076065427057, 1.992463302247904 ], [ 111.349953903522078, 2.000903814995752 ], [ 111.337159381005478, 2.005663451223357 ], [ 111.307689280967267, 2.002286668927311 ], [ 111.300935716375179, 2.004128550179699 ], [ 111.289884428860844, 2.012110035606717 ], [ 111.280939619932099, 2.021910489908919 ], [ 111.276656590121604, 2.034759579340289 ], [ 111.266662853897117, 2.024765843115972 ], [ 111.253046803813064, 2.037282412722695 ], [ 111.230970938809662, 2.034759579340289 ], [ 111.212411142964186, 2.024765843115972 ], [ 111.200989730136257, 2.02904887292641 ], [ 111.192423670515154, 2.040470285754395 ], [ 111.193851347118766, 2.064883555674157 ], [ 111.202417406739698, 2.074877291898645 ], [ 111.208556874764668, 2.090929045665177 ], [ 111.209932600000059, 2.094320300000163 ], [ 111.212679200000139, 2.095006400000102 ], [ 111.217894300000182, 2.08627660000019 ], [ 111.220024000000137, 2.089581800000133 ], [ 111.222112300000106, 2.092823 ], [ 111.225720400000228, 2.098422600000106 ], [ 111.230188600000076, 2.105470700000126 ], [ 111.232076900000152, 2.112504100000137 ], [ 111.235853400000167, 2.119880500000249 ], [ 111.249409600000263, 2.133246100000179 ], [ 111.244112200000131, 2.141197200000079 ], [ 111.238085, 2.150243500000215 ], [ 111.226669800000082, 2.147637100000225 ], [ 111.215082400000199, 2.149042700000166 ], [ 111.203409400000169, 2.143553400000201 ], [ 111.180235200000141, 2.137034800000151 ], [ 111.16958084485924, 2.147688798676995 ], [ 111.162442461841749, 2.161965564711977 ], [ 111.166725491652244, 2.18338071376445 ], [ 111.185285287497663, 2.191946773385553 ], [ 111.193851347118766, 2.204795862816923 ], [ 111.203845083343083, 2.214789599041467 ], [ 111.190995993911713, 2.234777071490498 ], [ 111.189568317308101, 2.294739488837479 ], [ 111.185859700000094, 2.3325843 ], [ 111.184698300000093, 2.359679600000106 ], [ 111.186635491920242, 2.368771574169784 ], [ 111.186782300000232, 2.369460600000309 ], [ 111.189676500000246, 2.379918299999929 ], [ 111.194163700000274, 2.38969920000028 ], [ 111.195041155930028, 2.390929177872351 ], [ 111.206012209732023, 2.40401223802013 ], [ 111.207124344853241, 2.407186933921139 ], [ 111.230389900000205, 2.428960100000324 ], [ 111.24100330000033, 2.434801500000276 ], [ 111.250848450713477, 2.437633435491705 ], [ 111.252637354868398, 2.434237642884625 ], [ 111.259910000000218, 2.417140900000277 ], [ 111.270038000000341, 2.412853100000405 ], [ 111.292501700000344, 2.402214900000388 ], [ 111.301771400000291, 2.401528800000278 ], [ 111.314326700000322, 2.394844600000397 ], [ 111.327887900000292, 2.391071300000306 ], [ 111.328550600000199, 2.3867788000004 ], [ 111.327863900000239, 2.383691600000418 ], [ 111.324626400000227, 2.379580000000374 ], [ 111.311923400000239, 2.369975200000397 ], [ 111.31085150000041, 2.364867300000185 ], [ 111.309691800000337, 2.359341200000188 ], [ 111.32342470000026, 2.368431500000213 ], [ 111.329947900000377, 2.3686031000002 ], [ 111.354838800000323, 2.339788300000293 ], [ 111.359302000000298, 2.336186399999974 ], [ 111.37183320000031, 2.337558500000171 ], [ 111.376124800000298, 2.340474400000403 ], [ 111.38093130000027, 2.349564799999882 ], [ 111.386081100000354, 2.362428500000192 ], [ 111.389342700000213, 2.364486700000327 ], [ 111.410457000000349, 2.358826699999895 ], [ 111.416636900000299, 2.359855800000332 ], [ 111.428309800000306, 2.367917 ], [ 111.439639500000339, 2.376664200000334 ], [ 111.449080900000297, 2.368260000000419 ], [ 111.454266300000313, 2.364419000000396 ], [ 111.459037200000353, 2.360884900000372 ], [ 111.465874100000121, 2.367346699999985 ], [ 111.510795553095363, 2.324720697510827 ], [ 111.550770497993312, 2.310443931475845 ], [ 111.563619587424853, 2.30187787185497 ], [ 111.579324030063276, 2.274752016388391 ], [ 111.597883825908696, 2.254764543939359 ], [ 111.610732915340236, 2.240487777904377 ], [ 111.63357574099615, 2.209078892627588 ], [ 111.630720387789154, 2.15197182848766 ], [ 111.612160591943677, 2.16482091791903 ], [ 111.589317766287763, 2.169103947729468 ], [ 111.587890089684208, 2.186236066971503 ], [ 111.580751706666717, 2.191946773385553 ], [ 111.563619587424853, 2.187663743575115 ], [ 111.549282705238952, 2.190158556670958 ], [ 111.550510626073873, 2.178186328530431 ], [ 111.552045527117528, 2.164372219137516 ], [ 111.540776761768768, 2.156254858298098 ], [ 111.527927672337398, 2.154827181694486 ], [ 111.52364464252679, 2.149116475280607 ], [ 111.522575427079389, 2.141348703482658 ], [ 111.520789289319907, 2.130556679435188 ], [ 111.522268446870584, 2.116790286784141 ], [ 111.516435822903674, 2.117250757097155 ], [ 111.512291590085809, 2.129376475342044 ], [ 111.491877406206171, 2.134288158681834 ], [ 111.484509881196615, 2.167749001433561 ], [ 111.475914435352138, 2.172353704564533 ], [ 111.469392931593859, 2.166248594522642 ], [ 111.46368222517998, 2.160537888108536 ], [ 111.465784088463991, 2.153934892040646 ], [ 111.471309732221158, 2.138278901395342 ], [ 111.485430821822803, 2.118632168036529 ], [ 111.475103638007909, 2.107713853779103 ], [ 111.465109901783421, 2.093437087744121 ], [ 111.450833135748439, 2.083443351519577 ], [ 111.445830374896445, 2.080259641945098 ], [ 111.443374533226589, 2.057850086707703 ], [ 111.449821117609957, 2.030221867921872 ], [ 111.453504880113783, 2.004128550179646 ], [ 111.439411722920454, 1.986361342481757 ], [ 111.43723492905194, 1.979877113689915 ], [ 111.408378789431183, 1.980491074107378 ], [ 111.373076065427057, 1.992463302247904 ] ] ], [ [ [ 111.412615000000244, 2.368451900000139 ], [ 111.403075600000193, 2.371004299999925 ], [ 111.395522500000141, 2.374091500000134 ], [ 111.388141100000098, 2.373405500000217 ], [ 111.380588000000103, 2.371690300000182 ], [ 111.373893200000225, 2.365515800000196 ], [ 111.36943, 2.350765400000114 ], [ 111.366168400000163, 2.347849600000075 ], [ 111.362220200000195, 2.347163600000158 ], [ 111.350203900000167, 2.361399400000153 ], [ 111.345569000000182, 2.370146700000021 ], [ 111.344882400000245, 2.372204900000156 ], [ 111.346084000000189, 2.384725300000127 ], [ 111.34419580000008, 2.397417200000064 ], [ 111.339839200000199, 2.404289400000096 ], [ 111.33564210000003, 2.410352299999886 ], [ 111.329776200000197, 2.415425800000094 ], [ 111.318115400000124, 2.422529400000087 ], [ 111.306803, 2.428000499999939 ], [ 111.301438500000131, 2.43510090000018 ], [ 111.299731900000154, 2.453158000000144 ], [ 111.301224000000161, 2.466160300000183 ], [ 111.310785500000065, 2.506034000000113 ], [ 111.310794100000066, 2.513091100000167 ], [ 111.309163300000137, 2.516015099999947 ], [ 111.304539400000181, 2.532157200000086 ], [ 111.305695700000115, 2.534468000000174 ], [ 111.302968100000044, 2.542783000000156 ], [ 111.304279500000177, 2.545177700000238 ], [ 111.306330900000091, 2.545700700000168 ], [ 111.304099300000189, 2.546206600000119 ], [ 111.302511400000071, 2.548178800000187 ], [ 111.295855700000061, 2.566079000000173 ], [ 111.294134400000075, 2.577426300000241 ], [ 111.28356, 2.635585100000185 ], [ 111.282392700000059, 2.642975800000045 ], [ 111.281294100000139, 2.649449099999913 ], [ 111.280890700000157, 2.658031600000186 ], [ 111.28074480000015, 2.662490000000162 ], [ 111.282624500000054, 2.666759700000114 ], [ 111.280950800000141, 2.667968599999938 ], [ 111.279955100000166, 2.670712200000139 ], [ 111.279882000000157, 2.676363700000195 ], [ 111.281294100000139, 2.6931924000001 ], [ 111.282744600000058, 2.695747300000107 ], [ 111.28440970000014, 2.698842300000251 ], [ 111.282684500000073, 2.701585900000225 ], [ 111.281354200000123, 2.705846900000154 ], [ 111.281663200000139, 2.710690900000202 ], [ 111.282976400000052, 2.715809300000217 ], [ 111.283345400000201, 2.723962600000164 ], [ 111.286804400000051, 2.73456780000015 ], [ 111.288589700000159, 2.745841600000176 ], [ 111.291542300000231, 2.753043100000241 ], [ 111.295559100000219, 2.761316199999953 ], [ 111.301387000000148, 2.770317900000123 ], [ 111.306596600000205, 2.780670700000144 ], [ 111.310605300000077, 2.785389200000111 ], [ 111.313205900000128, 2.78850970000002 ], [ 111.314270200000124, 2.791724600000123 ], [ 111.318372900000099, 2.794579300000237 ], [ 111.322896200000059, 2.796936900000105 ], [ 111.326784300000099, 2.799680200000239 ], [ 111.330938600000081, 2.801943400000255 ], [ 111.334500500000104, 2.801806200000101 ], [ 111.338989500000082, 2.80034030000013 ], [ 111.348156200000233, 2.793302 ], [ 111.35027620000011, 2.787695300000166 ], [ 111.353563500000178, 2.779611000000216 ], [ 111.356541800000173, 2.769872100000157 ], [ 111.361296900000184, 2.759910200000149 ], [ 111.364155, 2.753017400000033 ], [ 111.367768500000068, 2.746861800000204 ], [ 111.371982800000069, 2.742661 ], [ 111.37622280000005, 2.738905900000248 ], [ 111.382437000000152, 2.735596600000179 ], [ 111.385063400000206, 2.732450200000244 ], [ 111.387595400000066, 2.723028100000136 ], [ 111.388857100000223, 2.718389899999863 ], [ 111.387792800000057, 2.715123400000152 ], [ 111.385097700000188, 2.712705700000129 ], [ 111.382849000000135, 2.710159400000123 ], [ 111.380497200000036, 2.704672300000141 ], [ 111.379544500000065, 2.69848230000008 ], [ 111.382647900000165, 2.657059500000059 ], [ 111.384694300000035, 2.61583040000005 ], [ 111.38402120000012, 2.604415000000245 ], [ 111.382986300000084, 2.594549299999983 ], [ 111.3783564000002, 2.575090900000077 ], [ 111.377326400000243, 2.545251700000165 ], [ 111.380416300000093, 2.518155600000114 ], [ 111.379112500000247, 2.5059111999999 ], [ 111.37930410000007, 2.500777600000049 ], [ 111.378814900000123, 2.49699610000016 ], [ 111.377841400000023, 2.493974500000093 ], [ 111.378205500000149, 2.48904710000005 ], [ 111.380244600000083, 2.483684600000117 ], [ 111.390544300000158, 2.470821999999885 ], [ 111.393878200000188, 2.466391800000167 ], [ 111.397239100000093, 2.456930300000124 ], [ 111.401702300000238, 2.42039949999986 ], [ 111.406680500000164, 2.401705000000106 ], [ 111.411315400000149, 2.392786400000091 ], [ 111.422645000000216, 2.382324200000255 ], [ 111.422348200000158, 2.379531699999916 ], [ 111.419644600000083, 2.376255800000138 ], [ 111.419383400000186, 2.372719400000108 ], [ 111.412615000000244, 2.368451900000139 ] ] ], [ [ [ 111.392264600000033, 2.722899500000153 ], [ 111.392264600000033, 2.726328800000204 ], [ 111.391406300000085, 2.729758200000106 ], [ 111.390153100000134, 2.735348000000215 ], [ 111.389294800000187, 2.741692200000216 ], [ 111.388316400000065, 2.746390300000087 ], [ 111.386548300000129, 2.74889370000011 ], [ 111.384883100000195, 2.750334 ], [ 111.383338200000082, 2.752905900000087 ], [ 111.385175000000174, 2.754380500000195 ], [ 111.38694310000011, 2.756335200000137 ], [ 111.390204600000118, 2.757535400000108 ], [ 111.390891300000135, 2.75942149999986 ], [ 111.39277960000004, 2.760278800000094 ], [ 111.395646300000067, 2.762439300000153 ], [ 111.397414400000173, 2.762850800000081 ], [ 111.399474400000088, 2.764736800000207 ], [ 111.401654500000177, 2.764839700000152 ], [ 111.403371100000129, 2.766211399999975 ], [ 111.405482500000176, 2.763879500000144 ], [ 111.404795900000238, 2.762164900000187 ], [ 111.40376590000011, 2.757364000000166 ], [ 111.400676, 2.74776200000025 ], [ 111.398221200000137, 2.738262900000166 ], [ 111.397242800000186, 2.73438780000015 ], [ 111.397242800000186, 2.730787000000134 ], [ 111.397071100000176, 2.727357600000232 ], [ 111.396041100000048, 2.724099800000147 ], [ 111.395697800000107, 2.720327500000167 ], [ 111.393981200000155, 2.717755400000158 ], [ 111.392264600000033, 2.722899500000153 ] ] ] ] } },
{ "type": "Feature", "properties": { "Id": 203, "NEGERI": "SARAWAK", "KODPAR": "P. 203", "PARLIMEN": "LUBOK ANTU", "KODUNIK": "P. 203", "BILANGAN_P": 30593, "PERATUS_EQ": 1.486 }, "geometry": { "type": "MultiPolygon", "coordinates": [ [ [ [ 112.046660086029192, 1.476946501511918 ], [ 112.06379220527117, 1.475518824908477 ], [ 112.073785941495544, 1.458386705666442 ], [ 112.095201090548017, 1.454103675856004 ], [ 112.11090553318661, 1.464097412080321 ], [ 112.128037652428588, 1.459814382269883 ], [ 112.14231441846357, 1.461242058873495 ], [ 112.163729567516043, 1.458386705666442 ], [ 112.193710776189391, 1.445537616234901 ], [ 112.196566129396501, 1.426977820389482 ], [ 112.190855422982395, 1.411273377751058 ], [ 112.210842895431483, 1.401279641526514 ], [ 112.219408955052359, 1.395568935112465 ], [ 112.219408955052359, 1.379864492474042 ], [ 112.215125925241864, 1.355593990214572 ], [ 112.196566129396501, 1.324185104937555 ], [ 112.180861686757908, 1.308480662299132 ], [ 112.168012597326538, 1.29420389626415 ], [ 112.162301890912431, 1.274216423815119 ], [ 112.160874214309047, 1.249945921555593 ], [ 112.153735831291556, 1.242807538538102 ], [ 112.153735831291556, 1.225675419296294 ], [ 112.15516350789494, 1.205687946847263 ], [ 112.140886741859958, 1.18998350420884 ], [ 112.130893005635471, 1.168568355156367 ], [ 112.135176035446079, 1.154291589121385 ], [ 112.122326946014482, 1.140014823086403 ], [ 112.095201090548017, 1.134304116672354 ], [ 112.056653822253679, 1.134304116672354 ], [ 112.012395847545122, 1.135731793275738 ], [ 111.982414638871717, 1.132876440068912 ], [ 111.960999489819244, 1.132876440068912 ], [ 111.933873634352892, 1.128593410258247 ], [ 111.926735251335401, 1.120027350637372 ], [ 111.921024544921352, 1.102895231395337 ], [ 111.916741515110914, 1.095756848377846 ], [ 111.903892425679317, 1.080052405739423 ], [ 111.883904953230456, 1.082907758946476 ], [ 111.869628187195474, 1.068630992911494 ], [ 111.863917480781424, 1.05863725668695 ], [ 111.859634450970987, 1.045788167255409 ], [ 111.865345157384866, 1.035794431030865 ], [ 111.856779097763933, 1.02722837140999 ], [ 111.852496067953496, 1.018662311789058 ], [ 111.833936272108019, 0.998674839340026 ], [ 111.821087182676479, 0.99296413292592 ], [ 111.803955063434444, 0.997247162736585 ], [ 111.795389003813568, 1.007240898960902 ], [ 111.772546178157484, 1.001530192547023 ], [ 111.765407795139993, 1.018662311789058 ], [ 111.75684173551906, 1.031511401220428 ], [ 111.741137292880637, 1.012951605375008 ], [ 111.721149820431606, 1.012951605375008 ], [ 111.702590024586186, 1.025800694806549 ], [ 111.695451641568695, 1.031511401220428 ], [ 111.67831952232666, 1.030083724616986 ], [ 111.655476696670746, 1.043745796558824 ], [ 111.655476696670746, 1.056594885990251 ], [ 111.65262134346375, 1.070871652025232 ], [ 111.644055283842647, 1.076582358439282 ], [ 111.614822979803066, 1.078890201063109 ], [ 111.609791045358804, 1.096569830888313 ], [ 111.609791045358804, 1.116557303337174 ], [ 111.616929428376295, 1.125123362958277 ], [ 111.634061547618273, 1.129406392768715 ], [ 111.642144218380167, 1.145504906357834 ], [ 111.633011557170491, 1.143010692164989 ], [ 111.61359505896813, 1.131690796964918 ], [ 111.60550801554831, 1.1408278055967 ], [ 111.592658926116769, 1.153676895028241 ], [ 111.579809836685229, 1.15938760144212 ], [ 111.565533070650247, 1.150821541821188 ], [ 111.531268832166404, 1.170809014270105 ], [ 111.514136712924369, 1.187941133512084 ], [ 111.495576917078949, 1.205073252754119 ], [ 111.501700772885499, 1.235450107516148 ], [ 111.50271530009644, 1.245048197652011 ], [ 111.491570425997367, 1.2486502564916 ], [ 111.480212158274284, 1.248957236700332 ], [ 111.472307417899643, 1.266416736074891 ], [ 111.471693457482189, 1.295272875695615 ], [ 111.471693457482189, 1.320445252811565 ], [ 111.474149299152032, 1.331189560117154 ], [ 111.494103012719549, 1.344389709092591 ], [ 111.496122210225906, 1.35223300154388 ], [ 111.508426006510319, 1.367015403042501 ], [ 111.52127509594186, 1.371298432852939 ], [ 111.53983489178728, 1.371298432852939 ], [ 111.551431566700003, 1.361618973304774 ], [ 111.564017755257993, 1.364688775392088 ], [ 111.581237513288841, 1.384147522284536 ], [ 111.592259934461282, 1.402140360857325 ], [ 111.59979730913426, 1.404134994733568 ], [ 111.614074075169242, 1.399851964922902 ], [ 111.632633871014662, 1.402707318129956 ], [ 111.648338313653255, 1.392713581905412 ], [ 111.654049020067134, 1.401279641526514 ], [ 111.655476696670746, 1.418411760768549 ], [ 111.674036492516223, 1.432688526803531 ], [ 111.671767808522759, 1.455247936967866 ], [ 111.688313258551204, 1.462669735476936 ], [ 111.705445377793183, 1.455531352459445 ], [ 111.728288203449097, 1.479801854718914 ], [ 111.736854263070029, 1.4912232675469 ], [ 111.741137292880637, 1.512638416599373 ], [ 111.755414058915619, 1.531198212444792 ], [ 111.759697088726114, 1.549758008290212 ], [ 111.778256884571533, 1.566890127532247 ], [ 111.781973703457325, 1.579574921504103 ], [ 111.799672033624006, 1.589732953188332 ], [ 111.831080918901023, 1.589732953188332 ], [ 111.848213038143001, 1.579739216963787 ], [ 111.861062127574371, 1.579739216963787 ], [ 111.876766570212965, 1.565462450928806 ], [ 111.891043336247947, 1.578311540360176 ], [ 111.899609395868879, 1.568317804135859 ], [ 111.94067643622752, 1.5654855944559 ], [ 111.941012017370383, 1.565462450928806 ], [ 111.97955928566472, 1.566890127532247 ], [ 111.996691404906699, 1.568317804135859 ], [ 112.008112817734627, 1.559751744514756 ], [ 112.010968170941737, 1.544047301876333 ], [ 112.019534230562613, 1.528342859237739 ], [ 112.025244936976719, 1.515493769806369 ], [ 112.026672613580104, 1.4912232675469 ], [ 112.046660086029192, 1.476946501511918 ] ] ] ] } },
{ "type": "Feature", "properties": { "Id": 192, "NEGERI": "SARAWAK", "KODPAR": "P. 192", "PARLIMEN": "MAS GADING", "KODUNIK": "P. 192", "BILANGAN_P": 49391, "PERATUS_EQ": 2.4 }, "geometry": { "type": "MultiPolygon", "coordinates": [ [ [ [ 110.159158369723684, 1.567743164302726 ], [ 110.172281146090086, 1.567722897177134 ], [ 110.18941382386582, 1.586023413402628 ], [ 110.191202261811, 1.576505119416868 ], [ 110.211304306585589, 1.573909495792236 ], [ 110.215522121981792, 1.574107707576426 ], [ 110.214532757674604, 1.557472346475523 ], [ 110.209754009607337, 1.558624879623907 ], [ 110.205795805438072, 1.549397519947775 ], [ 110.186985144971288, 1.550048607277658 ], [ 110.197027540550607, 1.534886335296733 ], [ 110.203985897232883, 1.530315591259742 ], [ 110.200342878891107, 1.52682436534888 ], [ 110.207780708005558, 1.523636724299832 ], [ 110.214307782534561, 1.529253044243393 ], [ 110.21704004629089, 1.527279742641601 ], [ 110.218293265233498, 1.510772982224845 ], [ 110.21096834905461, 1.509064650932756 ], [ 110.211506511851951, 1.500856515428779 ], [ 110.212934188455563, 1.490862779204235 ], [ 110.198657422420581, 1.478013689772865 ], [ 110.205795805438072, 1.455170864116781 ], [ 110.20436812883446, 1.440894098081799 ], [ 110.188663686196094, 1.423761978839764 ], [ 110.187236009592652, 1.413768242615447 ], [ 110.192946716006531, 1.400919153183906 ], [ 110.190091362799478, 1.386642387148925 ], [ 110.182952979781987, 1.37664865092438 ], [ 110.171531566954059, 1.378076327527992 ], [ 110.147261064694533, 1.390925416959362 ], [ 110.132984298659551, 1.386642387148925 ], [ 110.127273592245672, 1.379504004131434 ], [ 110.115852179417743, 1.36951026790689 ], [ 110.103003089986203, 1.366654914699836 ], [ 110.084443294140726, 1.362371884889399 ], [ 110.080160264330289, 1.353805825268466 ], [ 110.075877234519623, 1.339529059233485 ], [ 110.074449557916239, 1.333818352819435 ], [ 110.061600468484642, 1.325252293198503 ], [ 110.040185319432169, 1.320969263388065 ], [ 110.038757642828784, 1.302409467542418 ], [ 110.045896025846275, 1.288132701507436 ], [ 110.04732370244966, 1.276711288679508 ], [ 110.024480876793803, 1.289560378111048 ], [ 110.007348757551767, 1.293843407921543 ], [ 109.983078255292241, 1.30383714414603 ], [ 109.975939872274751, 1.313830880370574 ], [ 109.973084519067925, 1.339529059233485 ], [ 109.967373812653875, 1.370937944510501 ], [ 109.961663106239769, 1.399491476580465 ], [ 109.947386340204787, 1.416623595822273 ], [ 109.933109574169805, 1.431043129517718 ], [ 109.910266748513948, 1.42676009970728 ], [ 109.891706952668471, 1.425332423103669 ], [ 109.866008773805561, 1.42676009970728 ], [ 109.850304331166967, 1.438181512535209 ], [ 109.836027565131985, 1.461024338191123 ], [ 109.826033828907441, 1.478156457433158 ], [ 109.811757062872459, 1.486722517054034 ], [ 109.798907973441089, 1.496716253278578 ], [ 109.784631207406107, 1.522414432141488 ], [ 109.764643734957076, 1.539546551383523 ], [ 109.724668790059184, 1.575238466470978 ], [ 109.683266168557623, 1.612358058162044 ], [ 109.666134049315815, 1.635200883817959 ], [ 109.663278696108762, 1.663754415887922 ], [ 109.670417079126253, 1.696590977768324 ], [ 109.667561725919256, 1.729427539648725 ], [ 109.681838491954238, 1.760836424925742 ], [ 109.684693845161235, 1.785106927185268 ], [ 109.672320647930917, 1.799026774069262 ], [ 109.686597413965899, 1.806165157086753 ], [ 109.703729533207877, 1.810448186897418 ], [ 109.7194339758463, 1.810448186897418 ], [ 109.739421448295332, 1.799026774069262 ], [ 109.766547303761683, 1.796171420862436 ], [ 109.780824069796665, 1.791888391051771 ], [ 109.782251746400277, 1.751913446153878 ], [ 109.790103967719517, 1.743347386532946 ], [ 109.839358810540205, 1.650548407305564 ], [ 109.848305368658075, 1.645268686172693 ], [ 109.867912342610168, 1.651976083909005 ], [ 109.88218910864515, 1.639126994477635 ], [ 109.889133736419339, 1.631454576779782 ], [ 109.886370914540748, 1.621631210100378 ], [ 109.892203538506649, 1.607817100707467 ], [ 109.896465874680132, 1.589158313355199 ], [ 109.907887287508117, 1.59058598995864 ], [ 109.903604257697623, 1.574881547320217 ], [ 109.916453347128993, 1.564887811095673 ], [ 109.925019406750096, 1.564887811095673 ], [ 109.93295516121789, 1.583680781798482 ], [ 109.940723849388519, 1.583447606941149 ], [ 109.959283645233938, 1.570598517509552 ], [ 109.969277381458483, 1.567743164302726 ], [ 109.970483491733162, 1.562997990232688 ], [ 109.98214873966495, 1.560849128771568 ], [ 109.988595324048319, 1.564839871485076 ], [ 110.018065424086529, 1.565146851693807 ], [ 110.020521265756372, 1.576812099625599 ], [ 110.026046909513539, 1.579574921504181 ], [ 110.032493493896894, 1.568830614198584 ], [ 110.042623840785041, 1.576198139208137 ], [ 110.043237801202494, 1.584179624635152 ], [ 110.048763444959647, 1.58602150588754 ], [ 110.067787067099914, 1.579164577130655 ], [ 110.094912922566493, 1.577023062225351 ], [ 110.116328071618966, 1.579878415432404 ], [ 110.140598573878265, 1.584875283544534 ], [ 110.149164633499367, 1.566315487699114 ], [ 110.159158369723684, 1.567743164302726 ] ] ] ] } },
{ "type": "Feature", "properties": { "Id": 204, "NEGERI": "SARAWAK", "KODPAR": "P. 204", "PARLIMEN": "BETONG", "KODUNIK": "P. 204", "BILANGAN_P": 43471, "PERATUS_EQ": 2.112 }, "geometry": { "type": "MultiPolygon", "coordinates": [ [ [ [ 111.477562414380486, 1.36508209097525 ], [ 111.461857971742063, 1.373648150596352 ], [ 111.452472097005497, 1.388087957883425 ], [ 111.443298175896643, 1.402201682666316 ], [ 111.391901818170595, 1.416478448701298 ], [ 111.326228694409735, 1.439321274357212 ], [ 111.305527383659012, 1.44360430416765 ], [ 111.284826072908231, 1.447887333978144 ], [ 111.266980115364504, 1.457167231900939 ], [ 111.249134157820777, 1.466447129823734 ], [ 111.233429715182353, 1.476440866048108 ], [ 111.212014566129881, 1.495000661893698 ], [ 111.183461034059917, 1.536403283395032 ], [ 111.204124089593122, 1.541276943462179 ], [ 111.241847058490578, 1.550174413966204 ], [ 111.291815739613014, 1.558740473587306 ], [ 111.318941595079593, 1.568734209811851 ], [ 111.346067450545945, 1.578727946036167 ], [ 111.386042395443837, 1.597287741881814 ], [ 111.414595927513801, 1.612992184520238 ], [ 111.427445016945342, 1.624413597348166 ], [ 111.452746618974004, 1.635418604500103 ], [ 111.471306414819423, 1.646840017328259 ], [ 111.482727827647352, 1.655406076949191 ], [ 111.498432270285946, 1.671110519587558 ], [ 111.504142976699825, 1.681104255812102 ], [ 111.51556438952781, 1.688242638829593 ], [ 111.528413478959351, 1.689670315433204 ], [ 111.542690244994333, 1.686814962226151 ], [ 111.54697327480477, 1.672538196191169 ], [ 111.555539334425873, 1.655406076949191 ], [ 111.589803572909716, 1.65397840034575 ], [ 111.602652662341313, 1.658261430156188 ], [ 111.625495487997171, 1.658261430156188 ], [ 111.63431622305751, 1.659082795565548 ], [ 111.641376767857452, 1.644040765337758 ], [ 111.654883897041628, 1.63544531949328 ], [ 111.669753462705728, 1.636846281103715 ], [ 111.698306994775692, 1.65397840034575 ], [ 111.708298453360882, 1.658161854939401 ], [ 111.73408479089521, 1.65938977577428 ], [ 111.741452315904766, 1.646189626798828 ], [ 111.755266425297677, 1.627770814274941 ], [ 111.767238653438199, 1.615184625716952 ], [ 111.778903901370001, 1.602291456950231 ], [ 111.781973703457325, 1.579574921504103 ], [ 111.778256884571533, 1.566890127532247 ], [ 111.759697088726114, 1.549758008290212 ], [ 111.755414058915619, 1.531198212444792 ], [ 111.741137292880637, 1.512638416599373 ], [ 111.736854263070029, 1.4912232675469 ], [ 111.728288203449097, 1.479801854718914 ], [ 111.705445377793183, 1.455531352459445 ], [ 111.688313258551204, 1.462669735476936 ], [ 111.671767808522759, 1.455247936967866 ], [ 111.674036492516223, 1.432688526803531 ], [ 111.655476696670746, 1.418411760768549 ], [ 111.654049020067134, 1.401279641526514 ], [ 111.648338313653255, 1.392713581905412 ], [ 111.632633871014662, 1.402707318129956 ], [ 111.614074075169242, 1.399851964922902 ], [ 111.59979730913426, 1.404134994733568 ], [ 111.592259934461282, 1.402140360857325 ], [ 111.581237513288841, 1.384147522284536 ], [ 111.564017755257993, 1.364688775392088 ], [ 111.551431566700003, 1.361618973304774 ], [ 111.53983489178728, 1.371298432852939 ], [ 111.52127509594186, 1.371298432852939 ], [ 111.508426006510319, 1.367015403042501 ], [ 111.496122210225906, 1.35223300154388 ], [ 111.477562414380486, 1.36508209097525 ] ] ] ] } },
{ "type": "Feature", "properties": { "Id": 197, "NEGERI": "SARAWAK", "KODPAR": "P. 197", "PARLIMEN": "KOTA SAMARAHAN", "KODUNIK": "P. 197", "BILANGAN_P": 89310, "PERATUS_EQ": 4.339 }, "geometry": { "type": "MultiPolygon", "coordinates": [ [ [ [ 110.429549449560568, 1.531643775030199 ], [ 110.423663024874429, 1.551294369777352 ], [ 110.424276985291883, 1.560810756248016 ], [ 110.429495648840316, 1.562499147396037 ], [ 110.434867802493116, 1.558354914578167 ], [ 110.439871334862246, 1.54560867867364 ], [ 110.449171042882597, 1.54670079747433 ], [ 110.456785318101311, 1.548604366279164 ], [ 110.464393614051289, 1.549079884776092 ], [ 110.471444160490833, 1.545608678673639 ], [ 110.475694348556218, 1.547278395413615 ], [ 110.479337366898008, 1.552287545633546 ], [ 110.485338850171274, 1.570495407532633 ], [ 110.495808478596985, 1.574302545142075 ], [ 110.499615616206256, 1.578109682751347 ], [ 110.500254586952849, 1.587518034407621 ], [ 110.499070382915917, 1.599039614352889 ], [ 110.503624155843127, 1.608147160207307 ], [ 110.516747735448291, 1.61713284324702 ], [ 110.520996659835021, 1.609036764162909 ], [ 110.530747976448765, 1.585590268003727 ], [ 110.542640103250278, 1.585817640124674 ], [ 110.565833188141482, 1.59533775427218 ], [ 110.584015686871567, 1.592467912948337 ], [ 110.597563431199717, 1.602019065324896 ], [ 110.605121646692851, 1.598597907042176 ], [ 110.617290848962398, 1.595452398919406 ], [ 110.633714232697145, 1.590779699122873 ], [ 110.636477054575735, 1.584333114739514 ], [ 110.643230619167824, 1.589858758496679 ], [ 110.645379480628947, 1.580649352234738 ], [ 110.652747005638489, 1.58233774338276 ], [ 110.670244877536177, 1.574049277747013 ], [ 110.654895867099597, 1.542276826143317 ], [ 110.652133045221007, 1.5293836573766 ], [ 110.651212104594819, 1.513420686522569 ], [ 110.649800266806508, 1.503410382881504 ], [ 110.636746117748515, 1.501285288848806 ], [ 110.635531778301257, 1.488838309514436 ], [ 110.638567626919397, 1.471533972391042 ], [ 110.628832468210987, 1.46129559674614 ], [ 110.623121761796881, 1.451301860521596 ], [ 110.620266408590055, 1.441308124297052 ], [ 110.621694085193496, 1.42703135826207 ], [ 110.622125729819075, 1.411925355013434 ], [ 110.610272672365511, 1.404188532606213 ], [ 110.603351782948991, 1.40474530279198 ], [ 110.585136691240166, 1.410513415166444 ], [ 110.568870050864007, 1.412754592227088 ], [ 110.565100090360446, 1.409299075719188 ], [ 110.56195760890779, 1.403636889377692 ], [ 110.553165608225584, 1.389911766571231 ], [ 110.551520281810923, 1.377543571635548 ], [ 110.550528016993368, 1.365886440479798 ], [ 110.542634810586208, 1.359207573519892 ], [ 110.562671411465928, 1.340688896949243 ], [ 110.567225184393138, 1.319437956622268 ], [ 110.572439242372923, 1.318527936396322 ], [ 110.590904803614634, 1.32186663551678 ], [ 110.595458576541844, 1.295758337400783 ], [ 110.581433604974848, 1.276459065813071 ], [ 110.578620878362528, 1.26969758705568 ], [ 110.585527933058984, 1.263251002672327 ], [ 110.565267239282718, 1.258876534697908 ], [ 110.561813711934505, 1.254732301880038 ], [ 110.535797139244536, 1.256574183132425 ], [ 110.527181894041973, 1.248857318145554 ], [ 110.518299267346862, 1.249667128435975 ], [ 110.510151230372088, 1.234130610452555 ], [ 110.496489911590459, 1.242934571445159 ], [ 110.468256519441766, 1.267524945252086 ], [ 110.466131425409074, 1.279364754862829 ], [ 110.463095576790934, 1.285740036960921 ], [ 110.443933311781763, 1.293642043336706 ], [ 110.457934634140116, 1.310026825906035 ], [ 110.461274067620067, 1.316402108004127 ], [ 110.464613501100018, 1.322777390102219 ], [ 110.471216177832744, 1.333933195732663 ], [ 110.463647197060013, 1.340130358693717 ], [ 110.46426115747748, 1.347804863912001 ], [ 110.465827840547277, 1.363761346447099 ], [ 110.451784484220809, 1.374764910961801 ], [ 110.444646101203318, 1.379047940772239 ], [ 110.434652364978774, 1.371909557754748 ], [ 110.426086305357899, 1.370481881151136 ], [ 110.429245864698686, 1.379547759261422 ], [ 110.414664892529913, 1.384758647186118 ], [ 110.409512848680791, 1.387592758099491 ], [ 110.39324974347744, 1.3990354132211 ], [ 110.381828330649341, 1.397607736617715 ], [ 110.376117624235462, 1.406173796238591 ], [ 110.358985504993427, 1.390469353600224 ], [ 110.338998032544396, 1.391897030203609 ], [ 110.333287326130517, 1.38047561737568 ], [ 110.32757661971641, 1.383330970582733 ], [ 110.31472753028504, 1.387614000393171 ], [ 110.321424943657405, 1.396064160434548 ], [ 110.31476245284108, 1.40558200445787 ], [ 110.312858884036473, 1.417003417285798 ], [ 110.322376728059794, 1.421762339297459 ], [ 110.332846356485334, 1.40558200445787 ], [ 110.343315984911044, 1.406533788860088 ], [ 110.343315984911044, 1.421762339297459 ], [ 110.337605278496994, 1.428424830113784 ], [ 110.329039218876062, 1.448412302562815 ], [ 110.315714237243299, 1.449364086965033 ], [ 110.308099962024812, 1.459833715390744 ], [ 110.319521374852741, 1.464592637402404 ], [ 110.329062860300226, 1.458707511979403 ], [ 110.335701709692387, 1.455074793379083 ], [ 110.348270604235907, 1.44956880310906 ], [ 110.357592750946026, 1.464592637402404 ], [ 110.369014163774011, 1.469351559414065 ], [ 110.385712596569618, 1.477657492207952 ], [ 110.386173066882719, 1.486406428156789 ], [ 110.392159180952973, 1.491932071913949 ], [ 110.396994119240489, 1.498839126610398 ], [ 110.392309762773763, 1.505136445303813 ], [ 110.399152573833149, 1.510235766859544 ], [ 110.415888130778939, 1.528000756688433 ], [ 110.425376432824294, 1.527665109427687 ], [ 110.429549449560568, 1.531643775030199 ] ] ] ] } },
{ "type": "Feature", "properties": { "Id": 209, "NEGERI": "SARAWAK", "KODPAR": "P. 209", "PARLIMEN": "JULAU", "KODUNIK": "P. 209", "BILANGAN_P": 36342, "PERATUS_EQ": 1.766 }, "geometry": { "type": "MultiPolygon", "coordinates": [ [ [ [ 111.97955928566472, 1.566890127532247 ], [ 111.941012017370383, 1.565462450928806 ], [ 111.94067643622752, 1.5654855944559 ], [ 111.899609395868879, 1.568317804135859 ], [ 111.891043336247947, 1.578311540360176 ], [ 111.876766570212965, 1.565462450928806 ], [ 111.861062127574371, 1.579739216963787 ], [ 111.848213038143001, 1.579739216963787 ], [ 111.831080918901023, 1.589732953188332 ], [ 111.799672033624006, 1.589732953188332 ], [ 111.781973703457325, 1.579574921504103 ], [ 111.778903901370001, 1.602291456950231 ], [ 111.767238653438199, 1.615184625716952 ], [ 111.755266425297677, 1.627770814274941 ], [ 111.741452315904766, 1.646189626798828 ], [ 111.73408479089521, 1.65938977577428 ], [ 111.708298453360882, 1.658161854939401 ], [ 111.698306994775692, 1.65397840034575 ], [ 111.669753462705728, 1.636846281103715 ], [ 111.654883897041628, 1.63544531949328 ], [ 111.641376767857452, 1.644040765337758 ], [ 111.63431622305751, 1.659082795565548 ], [ 111.625495487997171, 1.658261430156188 ], [ 111.61835710497968, 1.675393549398223 ], [ 111.626923164600782, 1.67967657920866 ], [ 111.632633871014662, 1.695381021847084 ], [ 111.626923164600782, 1.716796170899556 ], [ 111.629778517807665, 1.73250061353815 ], [ 111.631206194411277, 1.746777379573132 ], [ 111.61835710497968, 1.752488085987011 ], [ 111.598369632530819, 1.769620205229046 ], [ 111.582665189892225, 1.779613941453533 ], [ 111.549828628011824, 1.791035354281519 ], [ 111.545545598201386, 1.808167473523497 ], [ 111.522702772545301, 1.828154945972358 ], [ 111.518419742734807, 1.845287065214393 ], [ 111.512709036320928, 1.860991507852987 ], [ 111.499859946889387, 1.865274537663424 ], [ 111.489866210664843, 1.875268273887968 ], [ 111.477017121233473, 1.88954503992295 ], [ 111.471306414819423, 1.903821805957932 ], [ 111.451318942370392, 1.90239412935432 ], [ 111.452746618974004, 1.943796750855824 ], [ 111.431331469921531, 1.952362810476757 ], [ 111.432759146524916, 1.965211899908297 ], [ 111.43723492905194, 1.979877113689915 ], [ 111.439411722920454, 1.986361342481757 ], [ 111.453504880113783, 2.004128550179646 ], [ 111.460807043131297, 2.005373235918398 ], [ 111.469373102752172, 2.022505355160376 ], [ 111.475607455142438, 2.030835828339275 ], [ 111.4894215645364, 2.017942659572614 ], [ 111.494026267667365, 2.021626422077392 ], [ 111.488193643700427, 2.033598650217857 ], [ 111.496498958218751, 2.041065151005853 ], [ 111.503082183823892, 2.042347586166701 ], [ 111.519505624992078, 2.046798799193371 ], [ 111.532091813550068, 2.042808056479862 ], [ 111.540994239603279, 2.052938403368 ], [ 111.548668744821569, 2.042808056479862 ], [ 111.552178345755067, 2.049631210626728 ], [ 111.556957210457313, 2.052324442950537 ], [ 111.571385280267691, 2.052017462741806 ], [ 111.571999240685159, 2.037896373140159 ], [ 111.576296963607405, 2.023775283538512 ], [ 111.583050528199493, 2.020705481451198 ], [ 111.614362509490093, 2.021012461659929 ], [ 111.630018500135421, 2.016407758528957 ], [ 111.646902411615656, 2.012417015815448 ], [ 111.648130332450577, 2.001979688718579 ], [ 111.661023501216221, 1.986784168386324 ], [ 111.662109444224427, 1.975392027244993 ], [ 111.673530857052413, 1.991096469883416 ], [ 111.700316967934924, 1.998909886631264 ], [ 111.706367418932984, 1.991096469883416 ], [ 111.713670607013654, 1.988012089221249 ], [ 111.723724208850314, 1.999025004211667 ], [ 111.735619691939064, 2.005356471014625 ], [ 111.765089791977275, 2.00443553038843 ], [ 111.763247910724886, 2.016100778320225 ], [ 111.774895895900897, 2.028216061574255 ], [ 111.783461955521773, 2.033926767988362 ], [ 111.790600338539264, 2.048203534023344 ], [ 111.8250549339038, 2.042619732196385 ], [ 111.832932418105827, 2.041887115853603 ], [ 111.840443027110965, 2.053153029361307 ], [ 111.845825586872536, 2.061226869003679 ], [ 111.858411775430113, 2.061380359108047 ], [ 111.86884910252698, 2.067826943491406 ], [ 111.880514350458782, 2.06659902265648 ], [ 111.898933162982658, 2.079185211214466 ], [ 111.910598410914446, 2.068440903908868 ], [ 111.922263658846248, 2.070589765369988 ], [ 111.923564619545061, 2.064034881248858 ], [ 111.942124415390481, 2.065462557852243 ], [ 111.959715244311468, 2.066292042447749 ], [ 111.957873363059079, 2.05524075493342 ], [ 111.962171085981325, 2.044803427836553 ], [ 111.957828858029075, 2.035481349178895 ], [ 111.95603148180669, 2.024849714269015 ], [ 111.962111887839569, 2.019776906540471 ], [ 111.964967241046566, 2.00550014050549 ], [ 111.952118151615025, 1.994078727677334 ], [ 111.950690475011584, 1.981229638245964 ], [ 111.954973504822078, 1.958386812589879 ], [ 111.949262798407972, 1.949820752969003 ], [ 111.962111887839569, 1.932688633726968 ], [ 111.990665419909533, 1.928405603916531 ], [ 112.006369862547899, 1.918411867691987 ], [ 112.029212688203984, 1.889858335622023 ], [ 112.04491713084235, 1.877009246190653 ], [ 112.04491713084235, 1.861304803552059 ], [ 112.022074305186493, 1.864160156759112 ], [ 112.024929658393376, 1.847028037517077 ], [ 112.021418266268029, 1.831298692663894 ], [ 112.027785011600372, 1.818474505447114 ], [ 112.049200160652845, 1.80848076922257 ], [ 112.066332279894823, 1.801342386205079 ], [ 112.076326016119424, 1.787065620170097 ], [ 112.085116659578432, 1.779265547283924 ], [ 112.107734901396384, 1.761367441307186 ], [ 112.122721735149412, 1.752097798811179 ], [ 112.143426816483839, 1.752801381686254 ], [ 112.156489558109882, 1.74166047171431 ], [ 112.174835701760685, 1.731386232633781 ], [ 112.183503816478236, 1.72262769877296 ], [ 112.187187578983014, 1.703901906040342 ], [ 112.188722480026684, 1.693464578943472 ], [ 112.196837793825978, 1.675866348331492 ], [ 112.209099940244641, 1.664285432269367 ], [ 112.205913371715653, 1.65693393410443 ], [ 112.16477802374564, 1.657547894521893 ], [ 112.163550102910719, 1.640970963250394 ], [ 112.146973171639218, 1.617026506969341 ], [ 112.122414754940706, 1.616412546551878 ], [ 112.111363467426372, 1.610272942377249 ], [ 112.099168841775281, 1.61431675114693 ], [ 112.062049250084442, 1.618599780957368 ], [ 112.06062157348083, 1.605750691525998 ], [ 112.064904603291438, 1.587190895680351 ], [ 112.059193896877332, 1.575769482852422 ], [ 112.043489454238966, 1.582907865869913 ], [ 112.036351071221475, 1.565775746627878 ], [ 112.022646187102978, 1.562997990232607 ], [ 111.996691404906699, 1.568317804135859 ], [ 111.97955928566472, 1.566890127532247 ] ] ] ] } },
{ "type": "Feature", "properties": { "Id": 198, "NEGERI": "SARAWAK", "KODPAR": "P. 198", "PARLIMEN": "PUNCAK BORNEO", "KODUNIK": "P. 198", "BILANGAN_P": 83520, "PERATUS_EQ": 4.058 }, "geometry": { "type": "MultiPolygon", "coordinates": [ [ [ [ 110.464613501100018, 1.322777390102219 ], [ 110.461274067620067, 1.316402108004127 ], [ 110.457934634140116, 1.310026825906035 ], [ 110.443933311781763, 1.293642043336706 ], [ 110.463095576790934, 1.285740036960921 ], [ 110.466131425409074, 1.279364754862829 ], [ 110.468256519441766, 1.267524945252086 ], [ 110.496489911590459, 1.242934571445159 ], [ 110.510151230372088, 1.234130610452555 ], [ 110.518299267346862, 1.249667128435975 ], [ 110.527181894041973, 1.248857318145554 ], [ 110.535797139244536, 1.256574183132425 ], [ 110.561813711934505, 1.254732301880038 ], [ 110.565267239282718, 1.258876534697908 ], [ 110.585527933058984, 1.263251002672327 ], [ 110.578620878362528, 1.26969758705568 ], [ 110.581433604974848, 1.276459065813071 ], [ 110.595458576541844, 1.295758337400783 ], [ 110.612762913665236, 1.295758337400783 ], [ 110.631888759959509, 1.296972676848039 ], [ 110.63340668426855, 1.28240060348097 ], [ 110.635835363163068, 1.272989472764739 ], [ 110.644335739293851, 1.266310605804832 ], [ 110.658604227799017, 1.257962022104947 ], [ 110.640160817080499, 1.243892063256434 ], [ 110.639478381504844, 1.227451743492651 ], [ 110.638567626919368, 1.208933066922001 ], [ 110.633023527229128, 1.20179740213699 ], [ 110.615525655331453, 1.189518193787745 ], [ 110.595762161403613, 1.168859865162564 ], [ 110.587144311388897, 1.178425272373033 ], [ 110.570963976549137, 1.193653822810234 ], [ 110.560546317433207, 1.201343445376653 ], [ 110.554436593793966, 1.195657797962368 ], [ 110.559939147709585, 1.19102156007498 ], [ 110.551135186716976, 1.183735523391446 ], [ 110.560546317433207, 1.175235147260656 ], [ 110.560652943019107, 1.167760971491056 ], [ 110.544314013283952, 1.16985921275193 ], [ 110.527181894041973, 1.179377056775252 ], [ 110.508159327326041, 1.192626368398296 ], [ 110.494821224362568, 1.196509176017287 ], [ 110.486255164741635, 1.213641295259265 ], [ 110.472930183109042, 1.239339474122232 ], [ 110.442473082234301, 1.248857318145554 ], [ 110.43771416022264, 1.242194827329229 ], [ 110.435810591417976, 1.22506270808725 ], [ 110.430099885004097, 1.223159139282586 ], [ 110.428196316199319, 1.211737726454658 ], [ 110.436762375820422, 1.205075235638162 ], [ 110.44342486663669, 1.192702038408015 ], [ 110.429148100601708, 1.192702038408015 ], [ 110.417726687773779, 1.189846685200962 ], [ 110.417726687773779, 1.181280625579859 ], [ 110.412015981359673, 1.167003859544877 ], [ 110.412015981359673, 1.15463066231473 ], [ 110.407257059348012, 1.143209249486574 ], [ 110.393932077715476, 1.138450327474914 ], [ 110.374420497467611, 1.130836052256427 ], [ 110.354908917219745, 1.123221777037713 ], [ 110.343487504391817, 1.114655717416611 ], [ 110.324451816345174, 1.100378951381629 ], [ 110.306161470663938, 1.09208494346899 ], [ 110.29616773443945, 1.07923585403762 ], [ 110.28331864500808, 1.069242117813133 ], [ 110.273324908783536, 1.053537675174709 ], [ 110.264758849162604, 1.057820704985147 ], [ 110.254765112938117, 1.067814441209691 ], [ 110.246199053317014, 1.077808177434008 ], [ 110.243343700110131, 1.087801913658552 ], [ 110.23620531709264, 1.106361709503972 ], [ 110.230494610678591, 1.119210798935569 ], [ 110.2233562276611, 1.120638475538954 ], [ 110.210507138229559, 1.119210798935569 ], [ 110.199085725401574, 1.123493828746007 ], [ 110.196230372194577, 1.136342918177547 ], [ 110.201941078608627, 1.150619684212529 ], [ 110.196230372194577, 1.167751803454564 ], [ 110.190519665780698, 1.179173216282493 ], [ 110.180525929556154, 1.184883922696372 ], [ 110.169104516728225, 1.190594629110478 ], [ 110.15197239748619, 1.201159435976251 ], [ 110.136267954847767, 1.201159435976251 ], [ 110.119135835605789, 1.19973175937281 ], [ 110.106286746174192, 1.202587112579863 ], [ 110.090582303535825, 1.206870142390301 ], [ 110.080588567311281, 1.214008525407792 ], [ 110.070594831086737, 1.224002261632336 ], [ 110.069167154483353, 1.233995997856653 ], [ 110.066311801276299, 1.243989734081197 ], [ 110.064884124672858, 1.255411146909125 ], [ 110.062028771465862, 1.263977206530228 ], [ 110.04732370244966, 1.276711288679508 ], [ 110.045896025846275, 1.288132701507436 ], [ 110.038757642828784, 1.302409467542418 ], [ 110.040185319432169, 1.320969263388065 ], [ 110.061600468484642, 1.325252293198503 ], [ 110.074449557916239, 1.333818352819435 ], [ 110.075877234519623, 1.339529059233485 ], [ 110.080160264330289, 1.353805825268466 ], [ 110.084443294140726, 1.362371884889399 ], [ 110.103003089986203, 1.366654914699836 ], [ 110.115852179417743, 1.36951026790689 ], [ 110.127273592245672, 1.379504004131434 ], [ 110.132984298659551, 1.386642387148925 ], [ 110.147261064694533, 1.390925416959362 ], [ 110.171531566954059, 1.378076327527992 ], [ 110.182952979781987, 1.37664865092438 ], [ 110.190091362799478, 1.386642387148925 ], [ 110.192946716006531, 1.400919153183906 ], [ 110.187236009592652, 1.413768242615447 ], [ 110.188663686196094, 1.423761978839764 ], [ 110.20436812883446, 1.440894098081799 ], [ 110.205795805438072, 1.455170864116781 ], [ 110.198657422420581, 1.478013689772865 ], [ 110.212934188455563, 1.490862779204235 ], [ 110.233349963885644, 1.4881224332795 ], [ 110.241916023506519, 1.480984050262009 ], [ 110.253337436334505, 1.472417990640906 ], [ 110.26443723284163, 1.452711710958578 ], [ 110.2659551571507, 1.449524069909532 ], [ 110.277770680673257, 1.429461599434546 ], [ 110.272858997333557, 1.42577783692977 ], [ 110.267614202369487, 1.403889513672993 ], [ 110.278691621299458, 1.392316994178051 ], [ 110.299023087646447, 1.384758647186118 ], [ 110.31472753028504, 1.387614000393171 ], [ 110.32757661971641, 1.383330970582733 ], [ 110.333287326130517, 1.38047561737568 ], [ 110.338998032544396, 1.391897030203609 ], [ 110.358985504993427, 1.390469353600224 ], [ 110.376117624235462, 1.406173796238591 ], [ 110.381828330649341, 1.397607736617715 ], [ 110.39324974347744, 1.3990354132211 ], [ 110.409512848680791, 1.387592758099491 ], [ 110.414664892529913, 1.384758647186118 ], [ 110.429245864698686, 1.379547759261422 ], [ 110.426086305357899, 1.370481881151136 ], [ 110.434652364978774, 1.371909557754748 ], [ 110.444646101203318, 1.379047940772239 ], [ 110.451784484220809, 1.374764910961801 ], [ 110.465827840547277, 1.363761346447099 ], [ 110.46426115747748, 1.347804863912001 ], [ 110.463647197060013, 1.340130358693717 ], [ 110.471216177832744, 1.333933195732663 ], [ 110.464613501100018, 1.322777390102219 ] ] ] ] } },
{ "type": "Feature", "properties": { "Id": 195, "NEGERI": "SARAWAK", "KODPAR": "P. 195", "PARLIMEN": "BANDAR KUCHING", "KODUNIK": "P. 195", "BILANGAN_P": 109635, "PERATUS_EQ": 5.327 }, "geometry": { "type": "MultiPolygon", "coordinates": [ [ [ [ 110.38142446677891, 1.532683694623006 ], [ 110.391554813667014, 1.529690637587877 ], [ 110.387065228114324, 1.524625464143814 ], [ 110.394637190451988, 1.515705569784968 ], [ 110.386950110536077, 1.513804411786043 ], [ 110.372779080401372, 1.510696419565039 ], [ 110.36306436482333, 1.51464302276862 ], [ 110.355183208794131, 1.52082957231022 ], [ 110.350162008196236, 1.522232644313967 ], [ 110.342111044893272, 1.521544402054076 ], [ 110.336348896983708, 1.524813115639386 ], [ 110.330277199747428, 1.534679623648338 ], [ 110.323060485215422, 1.533321742590829 ], [ 110.314732371695015, 1.535106338345201 ], [ 110.310072593891903, 1.539355659124567 ], [ 110.311500270495344, 1.544352527236697 ], [ 110.314541153801628, 1.546958274329002 ], [ 110.317210976909394, 1.549706314499815 ], [ 110.326490874832189, 1.549706314499815 ], [ 110.335137607176023, 1.550008890150173 ], [ 110.338269206810935, 1.550063233650803 ], [ 110.344693751526677, 1.553275506008561 ], [ 110.344336832375916, 1.557915454969987 ], [ 110.338341713109827, 1.55864270852383 ], [ 110.337449551878194, 1.560311913408805 ], [ 110.334830972674766, 1.565265798476088 ], [ 110.335432806803965, 1.565617512470737 ], [ 110.341669415344313, 1.563907998625609 ], [ 110.343176651397343, 1.562326471028603 ], [ 110.346860522824144, 1.560484336902519 ], [ 110.348846192127311, 1.55904562004779 ], [ 110.354256718306203, 1.55962120793916 ], [ 110.359091656593733, 1.559736325517435 ], [ 110.368876650747055, 1.55605256301266 ], [ 110.375668587865221, 1.555246739964742 ], [ 110.380618643731012, 1.558470032156419 ], [ 110.380848878887548, 1.563304970443934 ], [ 110.378316292165522, 1.566873615370433 ], [ 110.371409237469067, 1.569521319670739 ], [ 110.371409237469067, 1.572399259127593 ], [ 110.374632529660744, 1.575046963427898 ], [ 110.389367579679842, 1.577464432571656 ], [ 110.393396694919417, 1.579709225348002 ], [ 110.399613044146221, 1.577406873782518 ], [ 110.403066571494449, 1.575564992530132 ], [ 110.405829393373025, 1.573953346434293 ], [ 110.406340744777879, 1.571447191935079 ], [ 110.405388960375433, 1.566688269923418 ], [ 110.401581822765991, 1.560025779107093 ], [ 110.393015763145115, 1.552411503888436 ], [ 110.390160409938062, 1.544797228669722 ], [ 110.376835428305469, 1.541941875462669 ], [ 110.37739535153932, 1.540166337210826 ], [ 110.38142446677891, 1.532683694623006 ] ] ] ] } },
{ "type": "Feature", "properties": { "Id": 207, "NEGERI": "SARAWAK", "KODPAR": "P. 207", "PARLIMEN": "IGAN", "KODUNIK": "P. 207", "BILANGAN_P": 29509, "PERATUS_EQ": 1.434 }, "geometry": { "type": "MultiPolygon", "coordinates": [ [ [ [ 111.597883825908696, 2.254764543939359 ], [ 111.579324030063276, 2.274752016388391 ], [ 111.563619587424853, 2.30187787185497 ], [ 111.550770497993312, 2.310443931475845 ], [ 111.510795553095363, 2.324720697510827 ], [ 111.465874100000121, 2.367346699999985 ], [ 111.47174020000017, 2.372890900000243 ], [ 111.46332880000017, 2.378893900000094 ], [ 111.441527800000074, 2.3912428000001 ], [ 111.431571400000166, 2.397417200000064 ], [ 111.419040100000188, 2.40993750000024 ], [ 111.413375300000098, 2.418856000000233 ], [ 111.411315400000149, 2.427945900000225 ], [ 111.413032000000101, 2.445268000000112 ], [ 111.411830300000133, 2.457959300000198 ], [ 111.406337200000223, 2.46687750000001 ], [ 111.39412520000019, 2.482479400000216 ], [ 111.392089300000123, 2.486943100000246 ], [ 111.396724100000085, 2.490201600000205 ], [ 111.404253300000107, 2.490196900000171 ], [ 111.417323500000066, 2.488829600000201 ], [ 111.437236200000086, 2.482312600000114 ], [ 111.441030600000147, 2.491248100000121 ], [ 111.444446000000141, 2.499291 ], [ 111.431204100000173, 2.505974700000195 ], [ 111.421958400000051, 2.512667800000088 ], [ 111.405478900000048, 2.524329500000078 ], [ 111.399985700000116, 2.529131300000188 ], [ 111.396895800000095, 2.534104599999921 ], [ 111.396520500000122, 2.544685200000174 ], [ 111.399470700000165, 2.563258200000178 ], [ 111.413286000000141, 2.608634100000074 ], [ 111.419531100000142, 2.629961200000253 ], [ 111.425906600000246, 2.656202200000166 ], [ 111.428972500000043, 2.668372300000158 ], [ 111.428457500000093, 2.679689600000188 ], [ 111.430198100000212, 2.695298300000275 ], [ 111.43452160000038, 2.701753 ], [ 111.445851300000413, 2.707068500000332 ], [ 111.46796360000036, 2.713131199999964 ], [ 111.478263300000265, 2.721018699999945 ], [ 111.479840200000353, 2.734846300000072 ], [ 111.485620700000425, 2.740732700000422 ], [ 111.493401500000289, 2.74547720000038 ], [ 111.524587900000313, 2.756335900000352 ], [ 111.54558660000032, 2.765366900000288 ], [ 111.593995100000313, 2.790228500000126 ], [ 111.605268700000352, 2.800401000000363 ], [ 111.612135200000409, 2.813431600000285 ], [ 111.614538400000299, 2.821832900000288 ], [ 111.630043900000317, 2.844579400000327 ], [ 111.638742700000307, 2.849265100000423 ], [ 111.6466391000003, 2.849093600000231 ], [ 111.651673300000255, 2.84475080000027 ], [ 111.655222200000253, 2.837777900000106 ], [ 111.657147500000235, 2.829384600000196 ], [ 111.664835200000198, 2.826633600000321 ], [ 111.671757700000285, 2.825891200000342 ], [ 111.683774000000255, 2.813718000000335 ], [ 111.692700400000433, 2.8121749000004 ], [ 111.697622500000364, 2.809488200000317 ], [ 111.702944000000286, 2.805544700000326 ], [ 111.710497100000339, 2.807430700000225 ], [ 111.723543400000267, 2.801772700000356 ], [ 111.728062600000271, 2.811146200000337 ], [ 111.697506900000405, 2.824691000000371 ], [ 111.687995600000363, 2.830756400000382 ], [ 111.679286300000228, 2.833621400000311 ], [ 111.677765800000373, 2.835492500000385 ], [ 111.684574100000418, 2.840594200000282 ], [ 111.689267100000393, 2.84132180000023 ], [ 111.711808100000269, 2.848153700000296 ], [ 111.790324000000396, 2.864185000000305 ], [ 111.798293929125066, 2.812617279451501 ], [ 111.811143018556436, 2.80547889643401 ], [ 111.831130491005467, 2.809761926244448 ], [ 111.828275137798414, 2.766931628139503 ], [ 111.85254564005794, 2.749799508897695 ], [ 111.853500092091849, 2.740574070926447 ], [ 111.855400993264993, 2.715535270413625 ], [ 111.838268874022788, 2.709824563999575 ], [ 111.821136754780753, 2.712679917206458 ], [ 111.801149282331892, 2.712679917206458 ], [ 111.78116180988286, 2.705541534188967 ], [ 111.788300192900351, 2.684126385136494 ], [ 111.772595750261928, 2.688409414947103 ], [ 111.771196410442258, 2.66741931765165 ], [ 111.769740397054932, 2.645579116842157 ], [ 111.765457367244437, 2.605604171944094 ], [ 111.761174337433829, 2.585616699495233 ], [ 111.758318984226946, 2.567056903649757 ], [ 111.772595750261928, 2.561346197235707 ], [ 111.772595750261928, 2.551352461011163 ], [ 111.770454235356624, 2.540644886484927 ], [ 111.76831272045132, 2.52993731195869 ], [ 111.75546363101995, 2.519943575734203 ], [ 111.759746660830388, 2.509949839509829 ], [ 111.762602014037441, 2.495673073474848 ], [ 111.759746660830388, 2.478540954232869 ], [ 111.749752924605843, 2.458553481783781 ], [ 111.738331511777915, 2.422861566696326 ], [ 111.725482422346374, 2.394308034626363 ], [ 111.70835030310451, 2.381458945194993 ], [ 111.691218183862532, 2.387169651608872 ], [ 111.665520004999564, 2.392880358022978 ], [ 111.644818694248841, 2.390738843117788 ], [ 111.62411738349806, 2.388597328212484 ], [ 111.61840667708401, 2.375748238780943 ], [ 111.621262030291007, 2.361471472745961 ], [ 111.636966472929601, 2.358616119538908 ], [ 111.64267717934348, 2.355760766331912 ], [ 111.648387885757586, 2.342911676900542 ], [ 111.648387885757586, 2.330062587468944 ], [ 111.649665233494161, 2.320625145381823 ], [ 111.652428055372752, 2.297908609935696 ], [ 111.659809298585515, 2.282949259553561 ], [ 111.677907412697451, 2.282559599499123 ], [ 111.684507487183993, 2.279336307307315 ], [ 111.681437685096668, 2.271354821880299 ], [ 111.67698647207142, 2.270433881254234 ], [ 111.671230711413443, 2.254395727483598 ], [ 111.656725778294984, 2.25216855883471 ], [ 111.65334899599894, 2.241117271320378 ], [ 111.646960209153974, 2.224414518810192 ], [ 111.631255766515551, 2.240118961448616 ], [ 111.610732915340236, 2.240487777904377 ], [ 111.597883825908696, 2.254764543939359 ] ] ] ] } },
{ "type": "Feature", "properties": { "Id": 196, "NEGERI": "SARAWAK", "KODPAR": "P. 196", "PARLIMEN": "STAMPIN", "KODUNIK": "P. 196", "BILANGAN_P": 127836, "PERATUS_EQ": 6.211 }, "geometry": { "type": "MultiPolygon", "coordinates": [ [ [ [ 110.272858997333557, 1.42577783692977 ], [ 110.277770680673257, 1.429461599434546 ], [ 110.2659551571507, 1.449524069909532 ], [ 110.26443723284163, 1.452711710958578 ], [ 110.253337436334505, 1.472417990640906 ], [ 110.241916023506519, 1.480984050262009 ], [ 110.233349963885644, 1.4881224332795 ], [ 110.212934188455563, 1.490862779204235 ], [ 110.211506511851951, 1.500856515428779 ], [ 110.21096834905461, 1.509064650932756 ], [ 110.218293265233498, 1.510772982224845 ], [ 110.21704004629089, 1.527279742641601 ], [ 110.227643223239909, 1.541347010211211 ], [ 110.2347816062574, 1.547057716625318 ], [ 110.242633827576583, 1.549913069832314 ], [ 110.253773814570394, 1.553160352111253 ], [ 110.26500645445752, 1.546481485151343 ], [ 110.271381736555611, 1.544659975980458 ], [ 110.277611904362345, 1.543488525116572 ], [ 110.28689180228514, 1.538491657004386 ], [ 110.279635321859018, 1.526778224824795 ], [ 110.283799378619221, 1.519639841807304 ], [ 110.295101818396915, 1.530347416333541 ], [ 110.304619662420237, 1.526183359573338 ], [ 110.308188853928982, 1.530347416333541 ], [ 110.314732371695015, 1.535106338345201 ], [ 110.323060485215422, 1.533321742590829 ], [ 110.330277199747428, 1.534679623648338 ], [ 110.336348896983708, 1.524813115639386 ], [ 110.342111044893272, 1.521544402054076 ], [ 110.350162008196236, 1.522232644313967 ], [ 110.355183208794131, 1.52082957231022 ], [ 110.36306436482333, 1.51464302276862 ], [ 110.372779080401372, 1.510696419565039 ], [ 110.386950110536077, 1.513804411786043 ], [ 110.392309762773763, 1.505136445303813 ], [ 110.396994119240489, 1.498839126610398 ], [ 110.392159180952973, 1.491932071913949 ], [ 110.386173066882719, 1.486406428156789 ], [ 110.385712596569618, 1.477657492207952 ], [ 110.369014163774011, 1.469351559414065 ], [ 110.357592750946026, 1.464592637402404 ], [ 110.348270604235907, 1.44956880310906 ], [ 110.335701709692387, 1.455074793379083 ], [ 110.329062860300226, 1.458707511979403 ], [ 110.319521374852741, 1.464592637402404 ], [ 110.308099962024812, 1.459833715390744 ], [ 110.315714237243299, 1.449364086965033 ], [ 110.329039218876062, 1.448412302562815 ], [ 110.337605278496994, 1.428424830113784 ], [ 110.343315984911044, 1.421762339297459 ], [ 110.343315984911044, 1.406533788860088 ], [ 110.332846356485334, 1.40558200445787 ], [ 110.322376728059794, 1.421762339297459 ], [ 110.312858884036473, 1.417003417285798 ], [ 110.31476245284108, 1.40558200445787 ], [ 110.321424943657405, 1.396064160434548 ], [ 110.31472753028504, 1.387614000393171 ], [ 110.299023087646447, 1.384758647186118 ], [ 110.278691621299458, 1.392316994178051 ], [ 110.267614202369487, 1.403889513672993 ], [ 110.272858997333557, 1.42577783692977 ] ] ] ] } },
{ "type": "Feature", "properties": { "Id": 208, "NEGERI": "SARAWAK", "KODPAR": "P. 208", "PARLIMEN": "SARIKEI", "KODUNIK": "P. 208", "BILANGAN_P": 57575, "PERATUS_EQ": 2.797 }, "geometry": { "type": "MultiPolygon", "coordinates": [ [ [ [ 111.449821117609957, 2.030221867921872 ], [ 111.443374533226589, 2.057850086707703 ], [ 111.445830374896445, 2.080259641945098 ], [ 111.450833135748439, 2.083443351519577 ], [ 111.465109901783421, 2.093437087744121 ], [ 111.475103638007909, 2.107713853779103 ], [ 111.485430821822803, 2.118632168036529 ], [ 111.471309732221158, 2.138278901395342 ], [ 111.465784088463991, 2.153934892040646 ], [ 111.46368222517998, 2.160537888108536 ], [ 111.469392931593859, 2.166248594522642 ], [ 111.475914435352138, 2.172353704564533 ], [ 111.484509881196615, 2.167749001433561 ], [ 111.491877406206171, 2.134288158681834 ], [ 111.512291590085809, 2.129376475342044 ], [ 111.516435822903674, 2.117250757097155 ], [ 111.522268446870584, 2.116790286784141 ], [ 111.520789289319907, 2.130556679435188 ], [ 111.522575427079389, 2.141348703482658 ], [ 111.52364464252679, 2.149116475280607 ], [ 111.527927672337398, 2.154827181694486 ], [ 111.540776761768768, 2.156254858298098 ], [ 111.552045527117528, 2.164372219137516 ], [ 111.550510626073873, 2.178186328530431 ], [ 111.549282705238952, 2.190158556670958 ], [ 111.563619587424853, 2.187663743575115 ], [ 111.580751706666717, 2.191946773385553 ], [ 111.587890089684208, 2.186236066971503 ], [ 111.589317766287763, 2.169103947729468 ], [ 111.612160591943677, 2.16482091791903 ], [ 111.630720387789154, 2.15197182848766 ], [ 111.63357574099615, 2.209078892627588 ], [ 111.610732915340236, 2.240487777904377 ], [ 111.631255766515551, 2.240118961448616 ], [ 111.646960209153974, 2.224414518810192 ], [ 111.65334899599894, 2.241117271320378 ], [ 111.656725778294984, 2.25216855883471 ], [ 111.671230711413443, 2.254395727483598 ], [ 111.67698647207142, 2.270433881254234 ], [ 111.681437685096668, 2.271354821880299 ], [ 111.684507487183993, 2.279336307307315 ], [ 111.693563403342765, 2.27335019323718 ], [ 111.697801359311882, 2.266638054358509 ], [ 111.706367418932984, 2.243795228702595 ], [ 111.707795095536426, 2.232373815874666 ], [ 111.724875384633535, 2.221317047857202 ], [ 111.71778883176097, 2.20810331361514 ], [ 111.727782567985457, 2.198109577390653 ], [ 111.737776304209831, 2.192398870976547 ], [ 111.757722266967804, 2.187549224896742 ], [ 111.757763776658862, 2.175266751734739 ], [ 111.767757512883406, 2.162417662303199 ], [ 111.789172661935879, 2.160989985699757 ], [ 111.794883368349758, 2.149568572871601 ], [ 111.787744985332267, 2.131008777026182 ], [ 111.783461955521773, 2.119587364198253 ], [ 111.779178925711335, 2.108165951370268 ], [ 111.780606602314776, 2.092461508731674 ], [ 111.784889632125385, 2.073901712886254 ], [ 111.790600338539264, 2.059624946851272 ], [ 111.790600338539264, 2.048203534023344 ], [ 111.783461955521773, 2.033926767988362 ], [ 111.774895895900897, 2.028216061574255 ], [ 111.763247910724886, 2.016100778320225 ], [ 111.765089791977275, 2.00443553038843 ], [ 111.735619691939064, 2.005356471014625 ], [ 111.723724208850314, 1.999025004211667 ], [ 111.713670607013654, 1.988012089221249 ], [ 111.706367418932984, 1.991096469883416 ], [ 111.700316967934924, 1.998909886631264 ], [ 111.673530857052413, 1.991096469883416 ], [ 111.662109444224427, 1.975392027244993 ], [ 111.661023501216221, 1.986784168386324 ], [ 111.648130332450577, 2.001979688718579 ], [ 111.646902411615656, 2.012417015815448 ], [ 111.630018500135421, 2.016407758528957 ], [ 111.614362509490093, 2.021012461659929 ], [ 111.583050528199493, 2.020705481451198 ], [ 111.576296963607405, 2.023775283538512 ], [ 111.571999240685159, 2.037896373140159 ], [ 111.571385280267691, 2.052017462741806 ], [ 111.556957210457313, 2.052324442950537 ], [ 111.552178345755067, 2.049631210626728 ], [ 111.548668744821569, 2.042808056479862 ], [ 111.540994239603279, 2.052938403368 ], [ 111.532091813550068, 2.042808056479862 ], [ 111.519505624992078, 2.046798799193371 ], [ 111.503082183823892, 2.042347586166701 ], [ 111.496498958218751, 2.041065151005853 ], [ 111.488193643700427, 2.033598650217857 ], [ 111.494026267667365, 2.021626422077392 ], [ 111.4894215645364, 2.017942659572614 ], [ 111.475607455142438, 2.030835828339275 ], [ 111.469373102752172, 2.022505355160376 ], [ 111.460807043131297, 2.005373235918398 ], [ 111.453504880113783, 2.004128550179646 ], [ 111.449821117609957, 2.030221867921872 ] ] ] ] } },
{ "type": "Feature", "properties": { "Id": 199, "NEGERI": "SARAWAK", "KODPAR": "P. 199", "PARLIMEN": "SERIAN", "KODUNIK": "P. 199", "BILANGAN_P": 67971, "PERATUS_EQ": 3.302 }, "geometry": { "type": "MultiPolygon", "coordinates": [ [ [ [ 110.717803275852759, 1.096151290758128 ], [ 110.719321200161829, 1.083704311423758 ], [ 110.725057871286822, 1.082961296819121 ], [ 110.733623930907754, 1.082961296819121 ], [ 110.742697234521501, 1.084311481147386 ], [ 110.742090064797864, 1.067310728885806 ], [ 110.73647928411475, 1.050124734938663 ], [ 110.72934090109726, 1.045841705128055 ], [ 110.713836067176018, 1.060624878643809 ], [ 110.708617403627585, 1.056020175512839 ], [ 110.720589631768107, 1.043127006746122 ], [ 110.723966414064151, 1.03146175881433 ], [ 110.740762313925245, 1.005866760230106 ], [ 110.763605139581159, 0.974457874953146 ], [ 110.799297054668614, 0.941621313072687 ], [ 110.803580084479222, 0.927344547037706 ], [ 110.803580084479222, 0.914495457606336 ], [ 110.80215240787561, 0.904501721381848 ], [ 110.785020288633632, 0.907357074588845 ], [ 110.773598875805646, 0.923061517227268 ], [ 110.765032816184714, 0.935910606658808 ], [ 110.756466756563668, 0.925916870434321 ], [ 110.746473020339295, 0.923061517227268 ], [ 110.750756050149732, 0.914495457606336 ], [ 110.745045343735683, 0.908784751192286 ], [ 110.72934090109726, 0.911640104399339 ], [ 110.703642722234349, 0.911640104399339 ], [ 110.693648986009805, 0.894507985157304 ], [ 110.690793632802809, 0.887369602139813 ], [ 110.687938279595755, 0.873092836104831 ], [ 110.670806160353777, 0.873092836104831 ], [ 110.650818687904859, 0.875948189311885 ], [ 110.640824951680372, 0.88451424893276 ], [ 110.640824951680372, 0.897363338364357 ], [ 110.629403538852387, 0.903074044778236 ], [ 110.625120509041949, 0.888797278743255 ], [ 110.619409802627899, 0.875948189311885 ], [ 110.607988389799914, 0.87166515950139 ], [ 110.578007181126395, 0.86595445308734 ], [ 110.563730415091413, 0.863099099880287 ], [ 110.545170619245937, 0.867382129690782 ], [ 110.523755470193464, 0.875948189311885 ], [ 110.503767997744603, 0.875948189311885 ], [ 110.489491231709621, 0.880231219122322 ], [ 110.479497495485077, 0.885941925536372 ], [ 110.466648406053537, 0.893080308553863 ], [ 110.456654669829049, 0.905929397985233 ], [ 110.435239520776577, 0.908784751192286 ], [ 110.429528814362641, 0.917350810813218 ], [ 110.423818107948591, 0.9316275768482 ], [ 110.419535078138153, 0.945904342883182 ], [ 110.405258312103172, 0.953042725900673 ], [ 110.396692252482239, 0.967319491935655 ], [ 110.392409222671631, 0.985879287781245 ], [ 110.38527083965414, 0.998728377212615 ], [ 110.363855690601667, 0.994445347402177 ], [ 110.346723571359803, 0.995873024005618 ], [ 110.323880745703718, 1.004439083626721 ], [ 110.305320949858299, 1.003011407023109 ], [ 110.278195094391776, 1.001583730419668 ], [ 110.268201358167403, 1.008722113437159 ], [ 110.268201358167403, 1.020143526265088 ], [ 110.268201358167403, 1.032992615696685 ], [ 110.273324908783536, 1.053537675174709 ], [ 110.28331864500808, 1.069242117813133 ], [ 110.29616773443945, 1.07923585403762 ], [ 110.306161470663938, 1.09208494346899 ], [ 110.324451816345174, 1.100378951381629 ], [ 110.343487504391817, 1.114655717416611 ], [ 110.354908917219745, 1.123221777037713 ], [ 110.374420497467611, 1.130836052256427 ], [ 110.393932077715476, 1.138450327474914 ], [ 110.407257059348012, 1.143209249486574 ], [ 110.412015981359673, 1.15463066231473 ], [ 110.412015981359673, 1.167003859544877 ], [ 110.417726687773779, 1.181280625579859 ], [ 110.417726687773779, 1.189846685200962 ], [ 110.429148100601708, 1.192702038408015 ], [ 110.44342486663669, 1.192702038408015 ], [ 110.436762375820422, 1.205075235638162 ], [ 110.428196316199319, 1.211737726454658 ], [ 110.430099885004097, 1.223159139282586 ], [ 110.435810591417976, 1.22506270808725 ], [ 110.43771416022264, 1.242194827329229 ], [ 110.442473082234301, 1.248857318145554 ], [ 110.472930183109042, 1.239339474122232 ], [ 110.486255164741635, 1.213641295259265 ], [ 110.494821224362568, 1.196509176017287 ], [ 110.508159327326041, 1.192626368398296 ], [ 110.527181894041973, 1.179377056775252 ], [ 110.544314013283952, 1.16985921275193 ], [ 110.560652943019107, 1.167760971491056 ], [ 110.560546317433207, 1.175235147260656 ], [ 110.551135186716976, 1.183735523391446 ], [ 110.559939147709585, 1.19102156007498 ], [ 110.554436593793966, 1.195657797962368 ], [ 110.560546317433207, 1.201343445376653 ], [ 110.570963976549137, 1.193653822810234 ], [ 110.587144311388897, 1.178425272373033 ], [ 110.595762161403613, 1.168859865162564 ], [ 110.615525655331453, 1.189518193787745 ], [ 110.633023527229128, 1.20179740213699 ], [ 110.638567626919368, 1.208933066922001 ], [ 110.639478381504844, 1.227451743492651 ], [ 110.640160817080499, 1.243892063256434 ], [ 110.658604227799017, 1.257962022104947 ], [ 110.670806160353777, 1.237150369996868 ], [ 110.682227573181876, 1.224301280565328 ], [ 110.6979320158203, 1.214307544340954 ], [ 110.713636458458723, 1.204313808116467 ], [ 110.727913224493705, 1.198603101702361 ], [ 110.734196858390675, 1.197852219465791 ], [ 110.747251007448654, 1.178726373171514 ], [ 110.757894433167223, 1.170049569632397 ], [ 110.765032816184714, 1.162911186614906 ], [ 110.77487722987378, 1.150796565884634 ], [ 110.747900696942736, 1.125791594924067 ], [ 110.734804028114297, 1.113759212743335 ], [ 110.717803275852759, 1.096151290758128 ] ] ] ] } },
{ "type": "Feature", "properties": { "Id": 212, "NEGERI": "SARAWAK", "KODPAR": "P. 212", "PARLIMEN": "SIBU", "KODUNIK": "P. 212", "BILANGAN_P": 110857, "PERATUS_EQ": 5.386 }, "geometry": { "type": "MultiPolygon", "coordinates": [ [ [ [ 111.968617670366299, 2.333978784461644 ], [ 111.95603148180831, 2.333364824044181 ], [ 111.959868734415551, 2.326150789138846 ], [ 111.955877991702053, 2.311722719328472 ], [ 111.960482694833019, 2.299750491187949 ], [ 111.966008338590186, 2.319397224546756 ], [ 111.978256530764156, 2.314349717572725 ], [ 111.993960973402523, 2.311494364365672 ], [ 112.008237739437504, 2.320060423986774 ], [ 112.025369858679483, 2.33148183681476 ], [ 112.063781535071385, 2.334899725087691 ], [ 112.065623416323774, 2.313411110476495 ], [ 112.039646624714464, 2.311494364365672 ], [ 112.03821894811108, 2.295789921727305 ], [ 112.048892994949568, 2.285168931273343 ], [ 112.062707104342479, 2.292229476074167 ], [ 112.075293292900469, 2.291615515656704 ], [ 112.081432897075089, 2.284861951064612 ], [ 112.093405125215625, 2.292843436491629 ], [ 112.092944654902709, 2.298062100040067 ], [ 112.104302922625777, 2.29867606045753 ], [ 112.107833195026004, 2.305429625049619 ], [ 112.118117032018688, 2.301438882336113 ], [ 112.121954284627648, 2.309113387554396 ], [ 112.127940398698101, 2.304508684423427 ], [ 112.144363839865036, 2.292843436491629 ], [ 112.16001983051035, 2.295606258370213 ], [ 112.162426812615308, 2.285796185502761 ], [ 112.153880226335716, 2.269512940628039 ], [ 112.147740622161081, 2.271968782297891 ], [ 112.13392651276817, 2.268898980210576 ], [ 112.128707849219722, 2.245568484346986 ], [ 112.139583986959337, 2.244393564001427 ], [ 112.141011663562836, 2.232972151173271 ], [ 112.130856710680831, 2.211186700969064 ], [ 112.115200720035531, 2.211493681177795 ], [ 112.091256263754488, 2.215484423891303 ], [ 112.067004827264697, 2.231140414536608 ], [ 112.052269777245584, 2.24434056351206 ], [ 112.040297549105063, 2.252015068730346 ], [ 112.046437153279683, 2.261224474992289 ], [ 112.044448871916188, 2.270065357814303 ], [ 112.029553241799462, 2.263987296870873 ], [ 112.018501954285128, 2.271047841671696 ], [ 112.019729875120049, 2.283327050020954 ], [ 112.016847124248443, 2.291004614665553 ], [ 112.006529726144606, 2.288545713569389 ], [ 111.989338834455637, 2.273503683341548 ], [ 111.979774482326619, 2.289754448143043 ], [ 111.969692101096825, 2.284861951064611 ], [ 111.979727532557547, 2.272920711021357 ], [ 111.978594527150037, 2.266750118749456 ], [ 111.961710615669816, 2.2759595250114 ], [ 111.94943140732056, 2.275038584385205 ], [ 111.947366862878198, 2.26721000460725 ], [ 111.942607940866537, 2.252933238572268 ], [ 111.937766159388758, 2.238814919754894 ], [ 111.91842640623868, 2.247103385390643 ], [ 111.907772631741238, 2.263402866998035 ], [ 111.887728385365534, 2.271968782297891 ], [ 111.882074452878271, 2.284342123849285 ], [ 111.874460177659614, 2.29671532107966 ], [ 111.853520920808307, 2.302426027493539 ], [ 111.851044250422163, 2.297755119831332 ], [ 111.843936829341715, 2.30049923293177 ], [ 111.83194434587233, 2.306781009987105 ], [ 111.829334736287763, 2.301056724709269 ], [ 111.825443280939567, 2.290528722464558 ], [ 111.827819751875325, 2.284349898031451 ], [ 111.827822741945397, 2.284342123849285 ], [ 111.811261693344818, 2.281106056881299 ], [ 111.803647418126104, 2.274443566064974 ], [ 111.813165262149425, 2.249697171604282 ], [ 111.822683106172747, 2.246841818397456 ], [ 111.8255384593798, 2.238275758776354 ], [ 111.834104519000732, 2.223998992741372 ], [ 111.827442028184407, 2.216384717522658 ], [ 111.822683106172747, 2.205915089097118 ], [ 111.822683106172747, 2.191638323062136 ], [ 111.817924184161086, 2.176409772624766 ], [ 111.794129574102783, 2.176409772624766 ], [ 111.789172661935879, 2.160989985699757 ], [ 111.767757512883406, 2.162417662303199 ], [ 111.757763776658862, 2.175266751734739 ], [ 111.757722266967804, 2.187549224896742 ], [ 111.737776304209831, 2.192398870976547 ], [ 111.727782567985457, 2.198109577390653 ], [ 111.71778883176097, 2.20810331361514 ], [ 111.724875384633535, 2.221317047857202 ], [ 111.707795095536426, 2.232373815874666 ], [ 111.706367418932984, 2.243795228702595 ], [ 111.697801359311882, 2.266638054358509 ], [ 111.693563403342765, 2.27335019323718 ], [ 111.684507487183993, 2.279336307307315 ], [ 111.677907412697451, 2.282559599499123 ], [ 111.659809298585515, 2.282949259553561 ], [ 111.652428055372752, 2.297908609935696 ], [ 111.649665233494161, 2.320625145381823 ], [ 111.648387885757586, 2.330062587468944 ], [ 111.648387885757586, 2.342911676900542 ], [ 111.64267717934348, 2.355760766331912 ], [ 111.636966472929601, 2.358616119538908 ], [ 111.621262030291007, 2.361471472745961 ], [ 111.61840667708401, 2.375748238780943 ], [ 111.62411738349806, 2.388597328212484 ], [ 111.644818694248841, 2.390738843117788 ], [ 111.665520004999564, 2.392880358022978 ], [ 111.691218183862532, 2.387169651608872 ], [ 111.70835030310451, 2.381458945194993 ], [ 111.725482422346374, 2.394308034626363 ], [ 111.738331511777915, 2.422861566696326 ], [ 111.749752924605843, 2.458553481783781 ], [ 111.759746660830388, 2.478540954232869 ], [ 111.762602014037441, 2.495673073474848 ], [ 111.759746660830388, 2.509949839509829 ], [ 111.75546363101995, 2.519943575734203 ], [ 111.76831272045132, 2.52993731195869 ], [ 111.770454235356624, 2.540644886484927 ], [ 111.772595750261928, 2.551352461011163 ], [ 111.772595750261928, 2.561346197235707 ], [ 111.758318984226946, 2.567056903649757 ], [ 111.761174337433829, 2.585616699495233 ], [ 111.765457367244437, 2.605604171944094 ], [ 111.769740397054932, 2.645579116842157 ], [ 111.771196410442258, 2.66741931765165 ], [ 111.772595750261928, 2.688409414947103 ], [ 111.788300192900351, 2.684126385136494 ], [ 111.78116180988286, 2.705541534188967 ], [ 111.801149282331892, 2.712679917206458 ], [ 111.821136754780753, 2.712679917206458 ], [ 111.838268874022788, 2.709824563999575 ], [ 111.852216481285154, 2.689900048122922 ], [ 111.86363789411331, 2.669912575674061 ], [ 111.873631630337627, 2.669912575674061 ], [ 111.88219768995873, 2.682761665105431 ], [ 111.890763749579662, 2.682761665105431 ], [ 111.8950467793901, 2.65563580963908 ], [ 111.936449400891661, 2.657063486242521 ], [ 111.940732430702099, 2.582824302860558 ], [ 111.943587783909152, 2.547132387773104 ], [ 111.938994080221875, 2.495757354462923 ], [ 111.941142941682983, 2.473040819016802 ], [ 111.947896506275072, 2.455542947119114 ], [ 111.948970937007672, 2.435896213760487 ], [ 111.943445293250505, 2.416863440819137 ], [ 111.95756638285215, 2.402435371008759 ], [ 111.971994452662528, 2.401207450173833 ], [ 111.971687472453596, 2.38616541994599 ], [ 111.983967237178035, 2.391444254161684 ], [ 111.995388650006134, 2.392871930765125 ], [ 112.002527033023625, 2.382878194540581 ], [ 112.009665416041116, 2.371456781712652 ], [ 112.009665416041116, 2.352896985867233 ], [ 112.01113442927371, 2.34518356208019 ], [ 112.01036697875378, 2.329681061539403 ], [ 111.982539560574594, 2.33148183681476 ], [ 111.969845591201235, 2.339811408427541 ], [ 111.968617670366299, 2.333978784461644 ] ] ] ] } },
{ "type": "Feature", "properties": { "Id": 213, "NEGERI": "SARAWAK", "KODPAR": "P. 213", "PARLIMEN": "MUKAH", "KODUNIK": "P. 213", "BILANGAN_P": 49036, "PERATUS_EQ": 2.382 }, "geometry": { "type": "MultiPolygon", "coordinates": [ [ [ [ 111.907199700000263, 2.876339600000392 ], [ 111.923220700000286, 2.878007200000354 ], [ 111.940635700000428, 2.88069150000041 ], [ 111.975230300000362, 2.886634300000424 ], [ 111.987458200000276, 2.889122000000384 ], [ 111.99663690000034, 2.890713600000424 ], [ 111.997829000000422, 2.890707400000281 ], [ 111.998817300000269, 2.890503800000317 ], [ 111.999453500000357, 2.890651900000307 ], [ 112.000355300000479, 2.891133100000332 ], [ 112.006631, 2.892780200000345 ], [ 112.014839900000084, 2.894371799999874 ], [ 112.019182200000273, 2.895179900000301 ], [ 112.020695499999988, 2.895155200000033 ], [ 112.021146400000362, 2.89483440000032 ], [ 112.021374900000069, 2.895327900000325 ], [ 112.022289100000421, 2.895938700000386 ], [ 112.036243300000365, 2.899368800000332 ], [ 112.054439200000047, 2.903310500000146 ], [ 112.056662900000219, 2.903618900000083 ], [ 112.057138500000292, 2.903544900000384 ], [ 112.057595600000354, 2.903236400000424 ], [ 112.057861200000389, 2.903717600000277 ], [ 112.058553, 2.904118600000402 ], [ 112.089592700000253, 2.91159260000029 ], [ 112.091581500000302, 2.911962100000324 ], [ 112.091959700000189, 2.911662200000364 ], [ 112.093797700000209, 2.910336799999925 ], [ 112.094449400000485, 2.909972800000389 ], [ 112.0951417, 2.909842900000285 ], [ 112.09569200000044, 2.909842600000275 ], [ 112.096420100000273, 2.909840600000166 ], [ 112.096292800000128, 2.911899500000175 ], [ 112.096405799999957, 2.912614900000221 ], [ 112.096654100000251, 2.912897200000089 ], [ 112.097445000000334, 2.913805500000308 ], [ 112.098280400000363, 2.91436530000027 ], [ 112.098627800000486, 2.914516400000309 ], [ 112.098998400000255, 2.914586300000224 ], [ 112.099988300000177, 2.914556500000288 ], [ 112.100841200000218, 2.91456020000021 ], [ 112.102130100000181, 2.91459510000027 ], [ 112.103945700000054, 2.914826700000219 ], [ 112.10612180000021, 2.915177500000311 ], [ 112.139326000000437, 2.921828 ], [ 112.14996350000024, 2.924597400000266 ], [ 112.161400900000217, 2.927345900000091 ], [ 112.177386600000204, 2.931655499999977 ], [ 112.247157800000195, 2.953074900000161 ], [ 112.281410800000117, 2.962811099999954 ], [ 112.301961800000186, 2.967816400000231 ], [ 112.32002730000022, 2.971927600000015 ], [ 112.377711200000022, 2.9825631 ], [ 112.397591599999942, 2.986971100000233 ], [ 112.403530200000205, 2.988272900000311 ], [ 112.405254800000193, 2.988339200000269 ], [ 112.40630990000011, 2.987928300000192 ], [ 112.406615200000147, 2.986689100000149 ], [ 112.406668300000092, 2.987636700000223 ], [ 112.406648400000222, 2.988166900000238 ], [ 112.407458000000247, 2.988895900000159 ], [ 112.408171300000276, 2.989126000000169 ], [ 112.431952500000193, 2.994503500000292 ], [ 112.444099800000117, 2.996820400000161 ], [ 112.445798500000251, 2.996767400000238 ], [ 112.464077700000189, 3.001529900000264 ], [ 112.469046000000276, 3.002525700000263 ], [ 112.470675800000322, 3.002307900000176 ], [ 112.471611500000222, 3.001764500000149 ], [ 112.47197650000021, 3.001605400000301 ], [ 112.472261800000297, 3.0022814000003 ], [ 112.472892200000388, 3.002374200000304 ], [ 112.47666570000024, 3.003900800000167 ], [ 112.564803800000163, 3.02050150000025 ], [ 112.574171, 3.020290800000225 ], [ 112.577144900000235, 3.018948800000203 ], [ 112.580223000000274, 3.016099900000199 ], [ 112.582625300000245, 3.015125300000193 ], [ 112.583553299999949, 3.014224899999931 ], [ 112.584363199999984, 3.014811000000293 ], [ 112.585093300000267, 3.0149985 ], [ 112.584992600000191, 3.016076700000212 ], [ 112.5872799, 3.017037100000266 ], [ 112.593848900000239, 3.018499 ], [ 112.597490000000221, 3.024196700000061 ], [ 112.607312200000138, 3.030930000000296 ], [ 112.70117960000016, 3.060747000000106 ], [ 112.730808663078051, 3.028259403152106 ], [ 112.730808663078051, 3.003988900892637 ], [ 112.735091692888432, 2.985429105047103 ], [ 112.729380986474553, 2.942598806942158 ], [ 112.72367028006056, 2.88834709600934 ], [ 112.693689071387098, 2.89120244921628 ], [ 112.663707862713522, 2.894057802423163 ], [ 112.488103640483359, 2.902623862044322 ], [ 112.429568899739934, 2.902623862044265 ], [ 112.419575163515447, 2.892630125819721 ], [ 112.415331380361863, 2.853021483052999 ], [ 112.415292133704952, 2.852655180921829 ], [ 112.402443044273582, 2.831240031869356 ], [ 112.398773687849811, 2.819698219728179 ], [ 112.388873576118243, 2.799207290795378 ], [ 112.38245557182438, 2.782699027350304 ], [ 112.348191333340537, 2.772705291125817 ], [ 112.339625273719435, 2.762711554901443 ], [ 112.348191333340537, 2.742724082452412 ], [ 112.348352188565755, 2.715401693811788 ], [ 112.344764909492255, 2.685617018312485 ], [ 112.340178840508827, 2.677297775401206 ], [ 112.346740542469931, 2.668663957032477 ], [ 112.34628007215683, 2.650475379665159 ], [ 112.329012435415706, 2.646100911690741 ], [ 112.333617138546671, 2.619163398374587 ], [ 112.340754428399677, 2.610414462425751 ], [ 112.34144513386866, 2.589539808230354 ], [ 112.340831173451193, 2.57050703528901 ], [ 112.331007806771794, 2.572962876958861 ], [ 112.329626395834623, 2.567897703515007 ], [ 112.325136810280981, 2.56371509817057 ], [ 112.308866859218213, 2.566784900257884 ], [ 112.303034235252326, 2.562487177335644 ], [ 112.310133152578061, 2.555158024852442 ], [ 112.308866859218199, 2.549900988777654 ], [ 112.286457303980796, 2.549900988777654 ], [ 112.279128151496195, 2.540115994624605 ], [ 112.273602507739028, 2.524766984188037 ], [ 112.264393101477097, 2.515557577926097 ], [ 112.256680223733852, 2.501398115798085 ], [ 112.226327555594395, 2.499594607072066 ], [ 112.226596163278202, 2.486970045987707 ], [ 112.218000717433725, 2.477453659517032 ], [ 112.211247152841636, 2.470393114716209 ], [ 112.19628654272833, 2.478603910805248 ], [ 112.178438643032308, 2.490692181018856 ], [ 112.194708594095061, 2.511259855003858 ], [ 112.18343745329696, 2.514295825892702 ], [ 112.136324125381407, 2.515723502496144 ], [ 112.068693218412918, 2.505273740933794 ], [ 112.029706731904028, 2.50220393884648 ], [ 112.001771532909473, 2.508036562812377 ], [ 111.990413265186405, 2.532901959719625 ], [ 111.976599155793494, 2.523999533666413 ], [ 111.962017595876716, 2.510185424273297 ], [ 111.962147579754571, 2.495736030047283 ], [ 111.958794303687071, 2.488082849244833 ], [ 111.946822075546535, 2.487161908618639 ], [ 111.938994080221875, 2.495757354462923 ], [ 111.943587783909152, 2.547132387773104 ], [ 111.940732430702099, 2.582824302860558 ], [ 111.936449400891661, 2.657063486242521 ], [ 111.8950467793901, 2.65563580963908 ], [ 111.890763749579662, 2.682761665105431 ], [ 111.88219768995873, 2.682761665105431 ], [ 111.873631630337627, 2.669912575674061 ], [ 111.86363789411331, 2.669912575674061 ], [ 111.852216481285154, 2.689900048122922 ], [ 111.838268874022788, 2.709824563999575 ], [ 111.855400993264993, 2.715535270413625 ], [ 111.853500092091849, 2.740574070926447 ], [ 111.85254564005794, 2.749799508897695 ], [ 111.828275137798414, 2.766931628139503 ], [ 111.831130491005467, 2.809761926244448 ], [ 111.811143018556436, 2.80547889643401 ], [ 111.798293929125066, 2.812617279451501 ], [ 111.790324000000396, 2.864185000000305 ], [ 111.828234500000235, 2.870756000000426 ], [ 111.840699100000222, 2.872874800000261 ], [ 111.855308700000364, 2.874973199999943 ], [ 111.865300800000227, 2.876137800000379 ], [ 111.872930900000426, 2.876370700000109 ], [ 111.874755600000412, 2.875900399999921 ], [ 111.877874900000222, 2.872769800000242 ], [ 111.87938440000022, 2.871968 ], [ 111.88083040000032, 2.871691000000339 ], [ 111.881877400000292, 2.87178280000029 ], [ 111.883125200000336, 2.873152300000299 ], [ 111.883843900000272, 2.87336280000028 ], [ 111.901082024445444, 2.875491872663919 ], [ 111.907199700000263, 2.876339600000392 ] ] ] ] } },
{ "type": "Feature", "properties": { "Id": 210, "NEGERI": "SARAWAK", "KODPAR": "P. 210", "PARLIMEN": "KANOWIT", "KODUNIK": "P. 210", "BILANGAN_P": 32165, "PERATUS_EQ": 1.563 }, "geometry": { "type": "MultiPolygon", "coordinates": [ [ [ [ 112.188722480026684, 1.693464578943472 ], [ 112.187187578983014, 1.703901906040342 ], [ 112.183503816478236, 1.72262769877296 ], [ 112.174835701760685, 1.731386232633781 ], [ 112.156489558109882, 1.74166047171431 ], [ 112.143426816483839, 1.752801381686254 ], [ 112.122721735149412, 1.752097798811179 ], [ 112.107734901396384, 1.761367441307186 ], [ 112.085116659578432, 1.779265547283924 ], [ 112.076326016119424, 1.787065620170097 ], [ 112.066332279894823, 1.801342386205079 ], [ 112.049200160652845, 1.80848076922257 ], [ 112.027785011600372, 1.818474505447114 ], [ 112.021418266268029, 1.831298692663894 ], [ 112.024929658393376, 1.847028037517077 ], [ 112.022074305186493, 1.864160156759112 ], [ 112.04491713084235, 1.861304803552059 ], [ 112.04491713084235, 1.877009246190653 ], [ 112.029212688203984, 1.889858335622023 ], [ 112.006369862547899, 1.918411867691987 ], [ 111.990665419909533, 1.928405603916531 ], [ 111.962111887839569, 1.932688633726968 ], [ 111.949262798407972, 1.949820752969003 ], [ 111.954973504822078, 1.958386812589879 ], [ 111.950690475011584, 1.981229638245964 ], [ 111.952118151615025, 1.994078727677334 ], [ 111.964967241046566, 2.00550014050549 ], [ 111.962111887839569, 2.019776906540471 ], [ 111.95603148180669, 2.024849714269015 ], [ 111.957828858029075, 2.035481349178895 ], [ 111.962171085981325, 2.044803427836553 ], [ 111.957873363059079, 2.05524075493342 ], [ 111.959715244311468, 2.066292042447749 ], [ 111.965547868277369, 2.0687478841176 ], [ 111.965854848486089, 2.075501448709689 ], [ 111.974104371308954, 2.087353599105938 ], [ 111.999802550171864, 2.08878127570955 ], [ 112.025500729034775, 2.077359862881394 ], [ 112.058337290915233, 2.084498245898885 ], [ 112.066903350536336, 2.10163036514092 ], [ 112.073327895252078, 2.120903999288259 ], [ 112.080204976240154, 2.144878975883071 ], [ 112.0954568826063, 2.15445439947041 ], [ 112.109733648641281, 2.165875812298339 ], [ 112.11544435505516, 2.193001667764861 ], [ 112.138098681153735, 2.194417563145958 ], [ 112.138287180711245, 2.194429344368302 ], [ 112.161843844668965, 2.190146314557865 ], [ 112.185400508626685, 2.18586328474737 ], [ 112.20538798107566, 2.183007931540374 ], [ 112.225375453524521, 2.18015257833332 ], [ 112.248932117482354, 2.185149446445678 ], [ 112.256611068458909, 2.186778314834591 ], [ 112.272488781439961, 2.190146314557865 ], [ 112.293903930492434, 2.188718637954423 ], [ 112.298066191366246, 2.188441153896079 ], [ 112.315319079544906, 2.187290961350811 ], [ 112.388873576119622, 2.172660684773267 ], [ 112.411743601668149, 2.155776773292939 ], [ 112.419111126677706, 2.142269644108759 ], [ 112.4095457353759, 2.114479454572461 ], [ 112.408213329269699, 2.102055236765034 ], [ 112.413828765186395, 2.081642892692059 ], [ 112.400979675754797, 2.071649156467515 ], [ 112.387377047600253, 2.064200739775934 ], [ 112.386763087182786, 2.054684353305249 ], [ 112.396696645944303, 2.04166794779394 ], [ 112.40947962262895, 2.038107422033732 ], [ 112.412242444507541, 2.024293312640801 ], [ 112.424790260539282, 2.011649565293565 ], [ 112.435243914238868, 1.994554619878556 ], [ 112.463797446308831, 1.987416236861065 ], [ 112.479501888947198, 1.980277853843575 ], [ 112.495702688758129, 1.977728252228797 ], [ 112.49386080750574, 1.963607162627151 ], [ 112.479739717904096, 1.943960429268338 ], [ 112.479739717904096, 1.9338300823802 ], [ 112.475135014773116, 1.915411269856313 ], [ 112.460092984545284, 1.892080773992723 ], [ 112.433816237635369, 1.87891281499526 ], [ 112.426677854617878, 1.864636048960278 ], [ 112.376709173495442, 1.86606372556372 ], [ 112.395627140711667, 1.847568643726662 ], [ 112.406690382168904, 1.838937870097368 ], [ 112.419539471600388, 1.834654840286703 ], [ 112.428474023045936, 1.830991712455164 ], [ 112.428105531221377, 1.81323969123423 ], [ 112.448093003670351, 1.804673631613355 ], [ 112.455231386687842, 1.796107571992422 ], [ 112.45978600433655, 1.788014483232761 ], [ 112.413431992818104, 1.780032997805743 ], [ 112.400231843842647, 1.762228145699319 ], [ 112.396696645944303, 1.754704950490918 ], [ 112.395268969340918, 1.743283537662933 ], [ 112.37528149689183, 1.741855861059321 ], [ 112.353866347839357, 1.746138890869986 ], [ 112.336734228597379, 1.729006771627951 ], [ 112.319602109355515, 1.744711214266374 ], [ 112.315319079544906, 1.737572831248883 ], [ 112.305325343320533, 1.717585358800022 ], [ 112.292476253889049, 1.710446975782531 ], [ 112.263922721819199, 1.707591622575478 ], [ 112.258212015404979, 1.677610413901903 ], [ 112.28391019426806, 1.673327384091465 ], [ 112.286765547474943, 1.661905971263536 ], [ 112.272488781439961, 1.64334617541806 ], [ 112.251073632387488, 1.649056881831939 ], [ 112.238224542956118, 1.657622941453042 ], [ 112.215381717300033, 1.687604150126447 ], [ 112.196837793825978, 1.675866348331492 ], [ 112.188722480026684, 1.693464578943472 ] ] ] ] } },
{ "type": "Feature", "properties": { "Id": 220, "NEGERI": "SARAWAK", "KODPAR": "P. 220", "PARLIMEN": "BARAM", "KODUNIK": "P. 220", "BILANGAN_P": 62025, "PERATUS_EQ": 3.014 }, "geometry": { "type": "MultiPolygon", "coordinates": [ [ [ [ 114.650197413383921, 2.834344732760883 ], [ 114.630209940934833, 2.842910792381815 ], [ 114.613363357013554, 2.868894506565653 ], [ 114.573388412115605, 2.871749859772535 ], [ 114.544834880045642, 2.871749859772535 ], [ 114.511998318165297, 2.891737332221567 ], [ 114.494866198923205, 2.921718540894972 ], [ 114.502004581940696, 2.950272072964935 ], [ 114.492010845716209, 2.958838132585981 ], [ 114.446325194404267, 2.958838132585981 ], [ 114.43136639491297, 2.975413930605185 ], [ 114.415096443850203, 3.015014377531541 ], [ 114.393501160074948, 3.07019690765884 ], [ 114.367207531288116, 3.073340617190516 ], [ 114.359236921590878, 3.068769231055398 ], [ 114.350937580225349, 3.06351725051111 ], [ 114.326072183318104, 3.080708142200071 ], [ 114.307840563865057, 3.125876295195326 ], [ 114.279287031795093, 3.134442354816258 ], [ 114.267865618966994, 3.160140533679169 ], [ 114.286425414812584, 3.164423563489834 ], [ 114.277859355191481, 3.188694065749132 ], [ 114.28677871660048, 3.189072155882274 ], [ 114.310695917071939, 3.16727891669666 ], [ 114.322117329900038, 3.157285180472343 ], [ 114.332111066124412, 3.170134269903713 ], [ 114.31783430008943, 3.185838712542306 ], [ 114.314978946882547, 3.204398508387726 ], [ 114.305699048959696, 3.222244465931453 ], [ 114.296419151036957, 3.240090423475181 ], [ 114.275717840286347, 3.262219410829346 ], [ 114.255016529535624, 3.284348398183567 ], [ 114.242167440104254, 3.295769811011667 ], [ 114.21861077614642, 3.322181828176326 ], [ 114.207903201620184, 3.337172432513 ], [ 114.177921992946608, 3.360015258168914 ], [ 114.156506843894135, 3.337172432513 ], [ 114.139374724652157, 3.31147425365009 ], [ 114.11367654578919, 3.307191223839652 ], [ 114.092261396736717, 3.31147425365009 ], [ 114.052286451838768, 3.30576354723604 ], [ 114.04229271561428, 3.320040313271022 ], [ 114.056569481649262, 3.344310815530491 ], [ 114.072273924287856, 3.358587581565473 ], [ 114.070846247684244, 3.380002730617946 ], [ 114.046575745424775, 3.385713437032052 ], [ 114.038009685803786, 3.372864347600455 ], [ 114.012311506940932, 3.362870611375968 ], [ 113.99517938769884, 3.37143667099707 ], [ 113.985185651474353, 3.387141113635437 ], [ 113.969481208835987, 3.398562526463422 ], [ 113.985185651474353, 3.423975170005804 ], [ 114.018022213354811, 3.43396890623012 ], [ 114.00339761141349, 3.453305370549148 ], [ 114.018132661432574, 3.466198539315854 ], [ 114.007541844231355, 3.503036164363586 ], [ 113.989583502020579, 3.509022278433843 ], [ 113.973927511375209, 3.536190026906574 ], [ 113.965198179025492, 3.553893740924082 ], [ 113.975308922314582, 3.550464606612543 ], [ 113.975999627784219, 3.567271773040571 ], [ 113.975308922314568, 3.583157998842406 ], [ 113.991425383272954, 3.591216229321597 ], [ 114.004779022352764, 3.584539409781696 ], [ 114.001555730161087, 3.596741873078757 ], [ 114.004318552039663, 3.605721044184142 ], [ 113.99833243796941, 3.622067740299073 ], [ 114.023428070033177, 3.622988680925266 ], [ 114.028624695019857, 3.637096552203332 ], [ 114.016981485649822, 3.650616899711066 ], [ 113.989123031707493, 3.654530897372387 ], [ 114.000634789534914, 3.661668187225386 ], [ 114.016981485649836, 3.660056541129546 ], [ 114.020058635398982, 3.664222407669911 ], [ 114.020120048671387, 3.664266274292977 ], [ 114.027111832537969, 3.672489239583157 ], [ 114.039084060678476, 3.668805477078383 ], [ 114.044149234122457, 3.685612643506437 ], [ 114.027572302850984, 3.698505812273143 ], [ 114.025960656755146, 3.701959339621368 ], [ 114.026190891911682, 3.706333807595786 ], [ 114.024809480972394, 3.709787334944011 ], [ 114.02503971612893, 3.732580615442295 ], [ 114.030104889572996, 3.739027199825648 ], [ 114.038903966565044, 3.745599974069137 ], [ 114.042422470448329, 3.748754635189815 ], [ 114.038968943100116, 3.762338509426167 ], [ 114.048408584518597, 3.791117903994707 ], [ 114.043573646231081, 3.801018015726286 ], [ 114.048869054831684, 3.809076246205477 ], [ 114.051479417980886, 3.820231768517033 ], [ 114.049329525144785, 3.842230108748436 ], [ 114.053243522806113, 3.855123277515143 ], [ 114.058193578674391, 3.863776282148264 ], [ 114.073082118797885, 3.870836826949088 ], [ 114.089659050069386, 3.872525218097111 ], [ 114.080142663598707, 3.892018461351558 ], [ 114.051900484395418, 3.878357842063008 ], [ 114.048862010874586, 3.882208796182226 ], [ 114.040695706776717, 3.8904835603079 ], [ 114.04054221667235, 3.904604649909547 ], [ 114.01951407237425, 3.908748882727421 ], [ 114.025193206235784, 3.923637422850897 ], [ 114.025193206235784, 3.947428389027584 ], [ 114.017058230704407, 3.958479676541917 ], [ 114.014909369243284, 3.973675196874123 ], [ 114.015287952167938, 3.984491898961684 ], [ 114.008577902435732, 3.989350373782817 ], [ 113.998792908282439, 3.991998078083122 ], [ 113.995109145780106, 4.008363960460779 ], [ 113.995799851247313, 4.04195910705411 ], [ 114.002937141100304, 4.049787102376753 ], [ 113.994134407740489, 4.071375946145736 ], [ 113.989123031707422, 4.072810618031586 ], [ 113.988892796550871, 4.083171200076261 ], [ 113.986590444985396, 4.089157314146518 ], [ 113.98164038911959, 4.089157314146519 ], [ 113.976344980518988, 4.091805018446824 ], [ 113.974157746531773, 4.094337605168856 ], [ 113.96840186761807, 4.096064368842969 ], [ 113.965293693004668, 4.096524839156065 ], [ 113.968286750039795, 4.101820247756677 ], [ 113.968056514883244, 4.107576126670384 ], [ 113.985899739515759, 4.126570527085621 ], [ 113.99303702936875, 4.137161344286844 ], [ 113.999713848908655, 4.139924166165424 ], [ 114.013067487988465, 4.154659216184518 ], [ 114.016290780180128, 4.162947681820257 ], [ 114.022046659093832, 4.179985083404834 ], [ 114.029183948946823, 4.182747905283414 ], [ 114.031486300512313, 4.187007255679558 ], [ 114.040005001304607, 4.19149684123225 ], [ 114.043343411074545, 4.196446897098039 ], [ 114.053358640384403, 4.201281835385554 ], [ 114.049751622934309, 4.214194190415215 ], [ 114.056927285310948, 4.231212405736836 ], [ 114.063028516959477, 4.240306694420495 ], [ 114.078914742761299, 4.274266380011369 ], [ 114.090886970901806, 4.278180377672691 ], [ 114.097563790441711, 4.291073546439397 ], [ 114.102859199042328, 4.325378584765098 ], [ 114.117594249061412, 4.325839055078195 ], [ 114.14430152722359, 4.321944243679952 ], [ 114.160878458495091, 4.332688550985552 ], [ 114.17883680070328, 4.333897285557386 ], [ 114.180448446799119, 4.34448810275861 ], [ 114.199097494479531, 4.3458695136979 ], [ 114.212451133559327, 4.357611506681864 ], [ 114.208767371057192, 4.375665780207956 ], [ 114.222888460658851, 4.375665780207956 ], [ 114.225804772639137, 4.383167609058728 ], [ 114.217803742288538, 4.390818586178455 ], [ 114.206925489802174, 4.399284070017111 ], [ 114.206618509596083, 4.41680112817797 ], [ 114.208767371054563, 4.433358873186262 ], [ 114.188060479715659, 4.446735919815467 ], [ 114.183288013732493, 4.468373803244853 ], [ 114.164265869657356, 4.477668912891261 ], [ 114.15965053766017, 4.489862417856055 ], [ 114.160696678148611, 4.515740288984546 ], [ 114.163641280371081, 4.540418220981235 ], [ 114.181599622581857, 4.551469508495555 ], [ 114.183892551150166, 4.547237224680259 ], [ 114.19930839017843, 4.543626580530713 ], [ 114.213585156213412, 4.526494461288848 ], [ 114.229289598852006, 4.530777491099343 ], [ 114.252132424507863, 4.522211431478411 ], [ 114.272119896956951, 4.503651635632764 ], [ 114.293535046009424, 4.466532043941925 ], [ 114.30495645883741, 4.43655083526852 ], [ 114.316377871665281, 4.419418716026485 ], [ 114.322088578079388, 4.392292860559962 ], [ 114.312094841854901, 4.360883975282945 ], [ 114.330654637700263, 4.35231791566207 ], [ 114.334937667510758, 4.346607209247964 ], [ 114.330654637700263, 4.320909030385053 ], [ 114.322088578079388, 4.29949388133258 ], [ 114.314950195061897, 4.262374289641684 ], [ 114.330654637700263, 4.253808230020582 ], [ 114.342073526696026, 4.254696391704751 ], [ 114.363324748581817, 4.257390132880971 ], [ 114.372831937237265, 4.264796952340248 ], [ 114.424230178095399, 4.25887219190281 ], [ 114.427498274252002, 4.266575190219839 ], [ 114.447701051716763, 4.280796069224721 ], [ 114.455425642387013, 4.273685871311272 ], [ 114.456513012614323, 4.253304386487855 ], [ 114.450571019929157, 4.241453370645957 ], [ 114.45591881388475, 4.233750218389446 ], [ 114.468991198510594, 4.203529319291874 ], [ 114.487411377091917, 4.162047727907122 ], [ 114.504048958586509, 4.138935668688873 ], [ 114.518309742468091, 4.144269493272304 ], [ 114.540295117019696, 4.128861305805003 ], [ 114.546237109704862, 4.111082023342021 ], [ 114.541483515377081, 4.100414164285098 ], [ 114.555744299258663, 4.093895045939689 ], [ 114.550990704930882, 4.08105381870314 ], [ 114.565251487913997, 4.081053985282779 ], [ 114.589019461349267, 4.045018848768905 ], [ 114.60898455806489, 4.049760676548601 ], [ 114.627048217767879, 4.028897659689619 ], [ 114.600428087915589, 4.006136845978688 ], [ 114.621343904035598, 4.00329198176604 ], [ 114.653668346721588, 4.00518909951586 ], [ 114.687894227318679, 4.020363257504812 ], [ 114.720218670903023, 4.048813660122619 ], [ 114.744937361946199, 4.081056084187651 ], [ 114.770606773292116, 4.112348967179685 ], [ 114.795325464335292, 4.133210286449241 ], [ 114.793031712377115, 4.156113075985786 ], [ 114.810026482383179, 4.159897065995601 ], [ 114.865589900163556, 4.142092213889182 ], [ 114.917562574977524, 4.145509045224571 ], [ 114.937550047426498, 4.132659955793031 ], [ 114.97211203259333, 4.112008153433507 ], [ 114.98316332010765, 4.112315133642238 ], [ 114.989609904491019, 4.124901322200224 ], [ 115.010361554204906, 4.135515309000027 ], [ 115.037487409671371, 4.124093896172099 ], [ 115.048243124358706, 4.130426965957389 ], [ 115.068896294948445, 4.126949249378924 ], [ 115.09602215041491, 4.109817130137117 ], [ 115.150160553657514, 4.045393448138803 ], [ 115.171035207851247, 4.026360675197458 ], [ 115.171689010400314, 4.002741384874753 ], [ 115.167466562921788, 3.988084080421785 ], [ 115.17778877244335, 3.970183296999619 ], [ 115.19651456517596, 3.945317900092378 ], [ 115.257349606610205, 3.898520992819215 ], [ 115.277250360072301, 3.888526561477076 ], [ 115.290450509047758, 3.855065718725357 ], [ 115.313028994146748, 3.84997998830039 ], [ 115.334962639313815, 3.83541898536655 ], [ 115.357679174759937, 3.821297895764907 ], [ 115.376404967492547, 3.80840472699819 ], [ 115.39727962168628, 3.820990915556176 ], [ 115.414777493583969, 3.825288638478415 ], [ 115.443019672787244, 3.827130519730803 ], [ 115.448658271479076, 3.807149690195445 ], [ 115.459903584267479, 3.808097746789458 ], [ 115.488633216376911, 3.844269281886341 ], [ 115.493671407227936, 3.855679679142821 ], [ 115.513510003213966, 3.878952616217879 ], [ 115.504337659015391, 3.891382609801724 ], [ 115.495206308271591, 3.906638393792227 ], [ 115.504108734324802, 3.913698938593048 ], [ 115.519764724970074, 3.925057206316108 ], [ 115.548006904173363, 3.932117751116929 ], [ 115.565727752965927, 3.912797758854197 ], [ 115.582859872207791, 3.888527256594898 ], [ 115.617124110691748, 3.879961196973795 ], [ 115.619979463898858, 3.839986252075903 ], [ 115.59999199144977, 3.814288073212936 ], [ 115.5871429020184, 3.767174745297552 ], [ 115.581432195604293, 3.707212327950572 ], [ 115.567155429569311, 3.662954353242014 ], [ 115.5757214891903, 3.612985672119578 ], [ 115.59999199144977, 3.577293757032123 ], [ 115.60713037446726, 3.550167901565771 ], [ 115.601419668053381, 3.521614369495808 ], [ 115.614268757484751, 3.498057705538031 ], [ 115.63140087672673, 3.470931850071509 ], [ 115.644249966158327, 3.445233671208541 ], [ 115.628545523519733, 3.410969432724698 ], [ 115.619979463898858, 3.405258726310649 ], [ 115.608558051070872, 3.439522964794662 ], [ 115.585715225414788, 3.450944377622648 ], [ 115.557161693344824, 3.419535492345631 ], [ 115.548595633723949, 3.390981960275667 ], [ 115.540029574102846, 3.365283781412757 ], [ 115.544312603913454, 3.341013279153231 ], [ 115.524325131464366, 3.312459747083267 ], [ 115.522897454860981, 3.251069653132902 ], [ 115.514331395239878, 3.223943797666323 ], [ 115.507193012222388, 3.205384001820903 ], [ 115.521469778257369, 3.186824205975483 ], [ 115.548595633723949, 3.175402793147498 ], [ 115.552878663534329, 3.156842997301908 ], [ 115.521469778257369, 3.138283201456431 ], [ 115.502909982411893, 3.116868052403959 ], [ 115.510048365429384, 3.061188664867643 ], [ 115.498626952601512, 3.029779779590683 ], [ 115.467218067324438, 3.025496749780189 ], [ 115.440092211857973, 3.028352102987071 ], [ 115.408683326581126, 2.995515541106613 ], [ 115.362997675269185, 2.984094128278684 ], [ 115.32730576018173, 2.982666451675243 ], [ 115.317312023957129, 3.012647660348648 ], [ 115.288758491887165, 3.048339575436103 ], [ 115.267343342834693, 3.015503013555701 ], [ 115.254494253403209, 2.995372773446377 ], [ 115.24878354698933, 2.97681297760073 ], [ 115.235934457557732, 2.966819241376413 ], [ 115.218802338315754, 2.966819241376413 ], [ 115.195959512659783, 2.948259445530766 ], [ 115.151701537951453, 2.931127326288959 ], [ 115.151701537951453, 2.895435411201504 ], [ 115.144563154933962, 2.869737232338366 ], [ 115.117437299467383, 2.848322083285893 ], [ 115.103160533432401, 2.838328347061577 ], [ 115.078500394433377, 2.827206349743392 ], [ 115.058512921984288, 2.802935847483923 ], [ 115.0599405985879, 2.775096153715822 ], [ 115.061368275191398, 2.747256459947607 ], [ 115.024248683500446, 2.717275251274032 ], [ 114.984273738602383, 2.704426161842662 ], [ 114.952864853325536, 2.680155659583136 ], [ 114.925738997859185, 2.684438689393573 ], [ 114.898613142392492, 2.688721719204068 ], [ 114.857210520891158, 2.70299848523905 ], [ 114.801531133354615, 2.704426161842662 ], [ 114.750134775628794, 2.708709191653099 ], [ 114.72158124355883, 2.720130604481028 ], [ 114.704427530569674, 2.735792690253703 ], [ 114.688744681678372, 2.750111813154433 ], [ 114.675895592246889, 2.76867160900008 ], [ 114.670184885832896, 2.793655949561298 ], [ 114.664474179418903, 2.818640290122516 ], [ 114.650197413383921, 2.834344732760883 ] ] ] ] } },
{ "type": "Feature", "properties": { "Id": 211, "NEGERI": "SARAWAK", "KODPAR": "P. 211", "PARLIMEN": "LANANG", "KODUNIK": "P. 211", "BILANGAN_P": 91484, "PERATUS_EQ": 4.445 }, "geometry": { "type": "MultiPolygon", "coordinates": [ [ [ [ 111.942607940866537, 2.252933238572268 ], [ 111.947366862878198, 2.26721000460725 ], [ 111.94943140732056, 2.275038584385205 ], [ 111.961710615669816, 2.2759595250114 ], [ 111.978594527150037, 2.266750118749456 ], [ 111.979727532557547, 2.272920711021357 ], [ 111.969692101096825, 2.284861951064611 ], [ 111.979774482326619, 2.289754448143043 ], [ 111.989338834455637, 2.273503683341548 ], [ 112.006529726144606, 2.288545713569389 ], [ 112.016847124248443, 2.291004614665553 ], [ 112.019729875120049, 2.283327050020954 ], [ 112.018501954285128, 2.271047841671696 ], [ 112.029553241799462, 2.263987296870873 ], [ 112.044448871916188, 2.270065357814303 ], [ 112.046437153279683, 2.261224474992289 ], [ 112.040297549105063, 2.252015068730346 ], [ 112.052269777245584, 2.24434056351206 ], [ 112.067004827264697, 2.231140414536608 ], [ 112.091256263754488, 2.215484423891303 ], [ 112.115200720035531, 2.211493681177795 ], [ 112.11544435505516, 2.193001667764861 ], [ 112.109733648641281, 2.165875812298339 ], [ 112.0954568826063, 2.15445439947041 ], [ 112.080204976240154, 2.144878975883071 ], [ 112.073327895252078, 2.120903999288259 ], [ 112.066903350536336, 2.10163036514092 ], [ 112.058337290915233, 2.084498245898885 ], [ 112.025500729034775, 2.077359862881394 ], [ 111.999802550171864, 2.08878127570955 ], [ 111.974104371308954, 2.087353599105938 ], [ 111.965854848486089, 2.075501448709689 ], [ 111.965547868277369, 2.0687478841176 ], [ 111.959715244311468, 2.066292042447749 ], [ 111.942124415390481, 2.065462557852243 ], [ 111.923564619545061, 2.064034881248858 ], [ 111.922263658846248, 2.070589765369988 ], [ 111.910598410914446, 2.068440903908868 ], [ 111.898933162982658, 2.079185211214466 ], [ 111.880514350458782, 2.06659902265648 ], [ 111.86884910252698, 2.067826943491406 ], [ 111.858411775430113, 2.061380359108047 ], [ 111.845825586872536, 2.061226869003679 ], [ 111.840443027110965, 2.053153029361307 ], [ 111.832932418105827, 2.041887115853603 ], [ 111.8250549339038, 2.042619732196385 ], [ 111.790600338539264, 2.048203534023344 ], [ 111.790600338539264, 2.059624946851272 ], [ 111.784889632125385, 2.073901712886254 ], [ 111.780606602314776, 2.092461508731674 ], [ 111.779178925711335, 2.108165951370268 ], [ 111.783461955521773, 2.119587364198253 ], [ 111.787744985332267, 2.131008777026182 ], [ 111.794883368349758, 2.149568572871601 ], [ 111.789172661935879, 2.160989985699757 ], [ 111.794129574102783, 2.176409772624766 ], [ 111.817924184161086, 2.176409772624766 ], [ 111.822683106172747, 2.191638323062136 ], [ 111.822683106172747, 2.205915089097118 ], [ 111.827442028184407, 2.216384717522658 ], [ 111.834104519000732, 2.223998992741372 ], [ 111.8255384593798, 2.238275758776354 ], [ 111.822683106172747, 2.246841818397456 ], [ 111.813165262149425, 2.249697171604282 ], [ 111.803647418126104, 2.274443566064974 ], [ 111.811261693344818, 2.281106056881299 ], [ 111.827822741945397, 2.284342123849285 ], [ 111.827819751875325, 2.284349898031451 ], [ 111.825443280939567, 2.290528722464558 ], [ 111.829334736287763, 2.301056724709269 ], [ 111.83194434587233, 2.306781009987105 ], [ 111.843936829341715, 2.30049923293177 ], [ 111.851044250422163, 2.297755119831332 ], [ 111.853520920808307, 2.302426027493539 ], [ 111.874460177659614, 2.29671532107966 ], [ 111.882074452878271, 2.284342123849285 ], [ 111.887728385365534, 2.271968782297891 ], [ 111.907772631741238, 2.263402866998035 ], [ 111.91842640623868, 2.247103385390643 ], [ 111.937766159388758, 2.238814919754894 ], [ 111.942607940866537, 2.252933238572268 ] ] ] ] } },
{ "type": "Feature", "properties": { "Id": 216, "NEGERI": "SARAWAK", "KODPAR": "P. 216", "PARLIMEN": "HULU RAJANG", "KODUNIK": "P. 216", "BILANGAN_P": 46123, "PERATUS_EQ": 2.241 }, "geometry": { "type": "MultiPolygon", "coordinates": [ [ [ [ 112.909724301874803, 1.607677559219496 ], [ 112.898302889046704, 1.630520384875581 ], [ 112.909724301874803, 1.637658767893072 ], [ 112.895447535839821, 1.664784623359424 ], [ 112.851189561131264, 1.671923006376915 ], [ 112.85404491433826, 1.684772095808455 ], [ 112.891164506029213, 1.683344419205014 ], [ 112.898302889046704, 1.704759568257487 ], [ 112.909724301874803, 1.719036334292468 ], [ 112.93256712753066, 1.721891687499351 ], [ 112.922573391306173, 1.739023806741329 ], [ 112.933994804134159, 1.750445219569315 ], [ 112.961120659600624, 1.757583602586806 ], [ 112.961032923756861, 1.757759074274347 ], [ 112.960970642220317, 1.757883637347441 ], [ 112.95448461070518, 1.767139829039036 ], [ 112.971399931145925, 1.77528679247024 ], [ 112.995670433405394, 1.798129618126154 ], [ 113.021368612268361, 1.790991235108663 ], [ 113.042894910819825, 1.7883214634415 ], [ 113.044122831654747, 1.808889137426501 ], [ 113.055174119169081, 1.815028741601128 ], [ 113.05701600042147, 1.821475325984487 ], [ 113.084030258789824, 1.82208928640195 ], [ 113.082495357746168, 1.833140573916279 ], [ 113.094180119046882, 1.829538503403114 ], [ 113.097844368182734, 1.838052257255981 ], [ 113.105601531874754, 1.838104563024046 ], [ 113.125589004323842, 1.837390724722354 ], [ 113.145576476772703, 1.836676886420605 ], [ 113.179840715256773, 1.845242946041537 ], [ 113.224098689965103, 1.848098299248591 ], [ 113.212677277137118, 1.875224154715113 ], [ 113.212677277137118, 1.893783950560533 ], [ 113.19554515789514, 1.905205363388518 ], [ 113.189324470384676, 1.91694617089994 ], [ 113.188406774877649, 1.933758895458482 ], [ 113.176985362049663, 1.948035661493464 ], [ 113.165073033894899, 1.950407013651659 ], [ 113.168419302428788, 1.965167780735442 ], [ 113.166991625825176, 1.983727576580918 ], [ 113.1484318299797, 1.988010606391356 ], [ 113.152486845336909, 2.004742510597111 ], [ 113.156170607841688, 2.025924144999574 ], [ 113.1709056578608, 2.023161323120992 ], [ 113.173054519321923, 2.031756768965471 ], [ 113.166607934938554, 2.040045234601217 ], [ 113.181342984957666, 2.050482561698083 ], [ 113.175557685446279, 2.062249789773318 ], [ 113.155570212997191, 2.08223726222235 ], [ 113.144505359909886, 2.093152810711743 ], [ 113.138438093755212, 2.150765739190206 ], [ 113.134068032813019, 2.156083753501672 ], [ 113.175557685446279, 2.152193415793647 ], [ 113.189324470384662, 2.141655683691298 ], [ 113.204111217516243, 2.146482709379768 ], [ 113.219815660154609, 2.165042505225188 ], [ 113.251224545431683, 2.14219967956933 ], [ 113.264073634863053, 2.166470181828629 ], [ 113.300758286154149, 2.165600139972344 ], [ 113.301372246571617, 2.183711972287495 ], [ 113.293390761144593, 2.192614398340704 ], [ 113.302907147615272, 2.201209844185182 ], [ 113.298337873347009, 2.205017450123137 ], [ 113.279778077501646, 2.207872803330133 ], [ 113.268356664673661, 2.223577245968556 ], [ 113.258362928449174, 2.2335709821931 ], [ 113.256935251845562, 2.246420071624641 ], [ 113.282633430708643, 2.270690573884167 ], [ 113.272639694484155, 2.283539663315707 ], [ 113.272639694484155, 2.320659255006603 ], [ 113.245513839017576, 2.306382488971622 ], [ 113.224098689965103, 2.3235146082136 ], [ 113.215532630344228, 2.322086931609988 ], [ 113.209821923930122, 2.29210572293664 ], [ 113.184123745067154, 2.273545927091163 ], [ 113.18269606846377, 2.260696837659623 ], [ 113.155570212997191, 2.263552190866676 ], [ 113.118450621306351, 2.243564718417588 ], [ 113.080617191313763, 2.239995526908842 ], [ 113.061343557166424, 2.23928168860715 ], [ 113.059915880562812, 2.260696837659623 ], [ 113.035645378303343, 2.260696837659623 ], [ 113.017085582457867, 2.273545927091163 ], [ 112.99771280410198, 2.281513155692323 ], [ 112.996285127498709, 2.312922040969283 ], [ 113.020197886466335, 2.323853587925885 ], [ 113.046253808621145, 2.335764866625198 ], [ 113.060530574656127, 2.348613956056738 ], [ 113.057675221448903, 2.371456781712652 ], [ 113.046253808621145, 2.392871930765125 ], [ 113.044826132017533, 2.418570109628035 ], [ 113.046253808621145, 2.44141293528412 ], [ 113.070524310880501, 2.448551318301611 ], [ 113.097650166346853, 2.448551318301611 ], [ 113.127631375020428, 2.458545054526155 ], [ 113.144763494262406, 2.477104850371575 ], [ 113.17331702633237, 2.481387880182069 ], [ 113.194732175384843, 2.491381616406557 ], [ 113.210436618023323, 2.515652118666083 ], [ 113.228996413868686, 2.515652118666083 ], [ 113.25183923952477, 2.50708605904498 ], [ 113.268971358766635, 2.511369088855417 ], [ 113.271049017662207, 2.531925295809973 ], [ 113.281820448198232, 2.541350297528993 ], [ 113.323223069699679, 2.535639591114943 ], [ 113.326078422906562, 2.558482416771028 ], [ 113.371764074218504, 2.549916357149925 ], [ 113.378902457235995, 2.565620799788519 ], [ 113.400317606288468, 2.571331506202398 ], [ 113.427443461755047, 2.561337769977854 ], [ 113.427443461755047, 2.529928884701064 ], [ 113.446228532568156, 2.527491433540258 ], [ 113.457424670428395, 2.517079795269524 ], [ 113.473129113066989, 2.527073531494011 ], [ 113.490975070610716, 2.531356561304506 ], [ 113.508821028154443, 2.535639591114943 ], [ 113.524525470793037, 2.557054740167416 ], [ 113.508852495149398, 2.568933761719003 ], [ 113.488833555705583, 2.58560827223738 ], [ 113.493311622080569, 2.61570987102636 ], [ 113.495997698907303, 2.63313099787021 ], [ 113.497494227426344, 2.652125398285226 ], [ 113.485978202498359, 2.678407251464762 ], [ 113.474556789670487, 2.696967047310181 ], [ 113.471400909684164, 2.711065598361664 ], [ 113.458566811711307, 2.714099166552217 ], [ 113.476607091903816, 2.728933123039553 ], [ 113.493739211146021, 2.736071506057044 ], [ 113.518009713405377, 2.727505446435941 ], [ 113.539424862457849, 2.714656357004571 ], [ 113.52800344962975, 2.701807267573031 ], [ 113.542280215664732, 2.69466888455554 ], [ 113.575116777545304, 2.706090297383469 ], [ 113.602242633011883, 2.719653225116758 ], [ 113.629368488478235, 2.733216152849991 ], [ 113.653638990737704, 2.750348272092026 ], [ 113.657922020548199, 2.774618774351381 ], [ 113.673626463186565, 2.781757157368872 ], [ 113.690758582428543, 2.811738366042391 ], [ 113.689330905825159, 2.8388642215088 ], [ 113.703607671860141, 2.853140987543782 ], [ 113.708216390395819, 2.884313413883319 ], [ 113.706788713792207, 2.912866945953283 ], [ 113.711071743602702, 2.964263303679331 ], [ 113.693939624360837, 2.985678452731804 ], [ 113.698222654171332, 3.018515014612262 ], [ 113.696081139266198, 3.034933295552548 ], [ 113.693939624360837, 3.051351576492664 ], [ 113.69679497756772, 3.071339048941695 ], [ 113.669669122101368, 3.095609551201221 ], [ 113.671096798704752, 3.135584496099113 ], [ 113.659675385876767, 3.142722879116604 ], [ 113.640124906908, 3.147936807912604 ], [ 113.626003817306355, 3.144867005825291 ], [ 113.614338569374567, 3.149778689164993 ], [ 113.60542367494395, 3.134156819495502 ], [ 113.589780152676056, 3.13565759956335 ], [ 113.580570746414111, 3.127676114136335 ], [ 113.561165700235392, 3.132729142892117 ], [ 113.544033580993528, 3.114169347046641 ], [ 113.529756814958546, 3.102747934218712 ], [ 113.512624695716568, 3.112741670443029 ], [ 113.508341665906073, 3.139867525909608 ], [ 113.4869265168536, 3.135584496099113 ], [ 113.474077427422003, 3.149861262134095 ], [ 113.457778662921569, 3.14916472874753 ], [ 113.441240865541658, 3.171276411186568 ], [ 113.449183217077092, 3.177406907950815 ], [ 113.472649750818618, 3.174131764393621 ], [ 113.492637223267479, 3.182697824014554 ], [ 113.509769342509458, 3.182697824014554 ], [ 113.54688893420041, 3.178414794204059 ], [ 113.532681833852024, 3.193983839222309 ], [ 113.541178227786531, 3.205540649670411 ], [ 113.542505200531423, 3.21670037466843 ], [ 113.559696092220378, 3.21670037466843 ], [ 113.573203221404555, 3.229593543435147 ], [ 113.581184706831579, 3.251082158046342 ], [ 113.580570746414111, 3.25967760389082 ], [ 113.590394113093524, 3.25722176222097 ], [ 113.589166192258588, 3.242486712201864 ], [ 113.597147677685612, 3.240030870532014 ], [ 113.598989558938001, 3.249240276793954 ], [ 113.606971044365011, 3.253537999716194 ], [ 113.594077875598288, 3.265817208065448 ], [ 113.586710350588746, 3.275640574744851 ], [ 113.597147677685612, 3.285463941424255 ], [ 113.600524459981656, 3.297436169564778 ], [ 113.619557232923, 3.302347852904481 ], [ 113.625696837097635, 3.319231764384704 ], [ 113.635520203777034, 3.317082902923585 ], [ 113.658247709273382, 3.295484275690967 ], [ 113.672357828824801, 3.302654833113211 ], [ 113.687860329363843, 3.29743616956596 ], [ 113.697299970782325, 3.305954870358247 ], [ 113.697069735625774, 3.325524858664854 ], [ 113.709732669235933, 3.328978386013079 ], [ 113.719402545810965, 3.334964500083336 ], [ 113.726770070820507, 3.342332025092883 ], [ 113.736769922465783, 3.334031543985247 ], [ 113.730223598168735, 3.319768979751146 ], [ 113.728611952072896, 3.308026986767182 ], [ 113.735288771612801, 3.297896639879055 ], [ 113.741274885683055, 3.292831466434992 ], [ 113.765219341964084, 3.292140760965347 ], [ 113.773277572443277, 3.298126875035604 ], [ 113.785019565427234, 3.303192048479667 ], [ 113.793308031062978, 3.3124014547416 ], [ 113.793768501376078, 3.318848039124953 ], [ 113.79215685528024, 3.329438856326176 ], [ 113.794689442002266, 3.334043559457143 ], [ 113.797912734193943, 3.341871554779787 ], [ 113.809424492021364, 3.347857668850043 ], [ 113.821857190474972, 3.356146134485783 ], [ 113.824620012353549, 3.36213224855604 ], [ 113.826692128762488, 3.368118362626296 ], [ 113.829915420954165, 3.371802125131069 ], [ 113.833368948302379, 3.377327768888229 ], [ 113.838664356902996, 3.381932472019196 ], [ 113.846031881912538, 3.392062818907322 ], [ 113.850866820200054, 3.394365170472806 ], [ 113.857313404583408, 3.388148821246001 ], [ 113.864911164749515, 3.379169650140616 ], [ 113.871703101870025, 3.379361512770036 ], [ 113.878456666462128, 3.399008246128849 ], [ 113.877727588466101, 3.414088648882752 ], [ 113.880221802660088, 3.427519033015735 ], [ 113.884826505791054, 3.447779726791988 ], [ 113.888510268295818, 3.455377486958084 ], [ 113.897182459194738, 3.46500899100611 ], [ 113.904396494097654, 3.466659009628954 ], [ 113.911802391635277, 3.46995904687186 ], [ 113.908080256602418, 3.475638180734338 ], [ 113.904396494097654, 3.486919703405206 ], [ 113.909960510382888, 3.495131423987832 ], [ 113.929261891004913, 3.494287228414751 ], [ 113.933866594135878, 3.512245570625522 ], [ 113.965198179025492, 3.553893740924082 ], [ 113.973927511375209, 3.536190026906574 ], [ 113.989583502020579, 3.509022278433843 ], [ 114.007541844231355, 3.503036164363586 ], [ 114.018132661432574, 3.466198539315854 ], [ 114.00339761141349, 3.453305370549148 ], [ 114.018022213354811, 3.43396890623012 ], [ 113.985185651474353, 3.423975170005804 ], [ 113.969481208835987, 3.398562526463422 ], [ 113.985185651474353, 3.387141113635437 ], [ 113.99517938769884, 3.37143667099707 ], [ 114.012311506940932, 3.362870611375968 ], [ 114.038009685803786, 3.372864347600455 ], [ 114.046575745424775, 3.385713437032052 ], [ 114.070846247684244, 3.380002730617946 ], [ 114.072273924287856, 3.358587581565473 ], [ 114.056569481649262, 3.344310815530491 ], [ 114.04229271561428, 3.320040313271022 ], [ 114.052286451838768, 3.30576354723604 ], [ 114.092261396736717, 3.31147425365009 ], [ 114.11367654578919, 3.307191223839652 ], [ 114.139374724652157, 3.31147425365009 ], [ 114.156506843894135, 3.337172432513 ], [ 114.177921992946608, 3.360015258168914 ], [ 114.207903201620184, 3.337172432513 ], [ 114.21861077614642, 3.322181828176326 ], [ 114.242167440104254, 3.295769811011667 ], [ 114.255016529535624, 3.284348398183567 ], [ 114.275717840286347, 3.262219410829346 ], [ 114.296419151036957, 3.240090423475181 ], [ 114.305699048959696, 3.222244465931453 ], [ 114.314978946882547, 3.204398508387726 ], [ 114.31783430008943, 3.185838712542306 ], [ 114.332111066124412, 3.170134269903713 ], [ 114.322117329900038, 3.157285180472343 ], [ 114.310695917071939, 3.16727891669666 ], [ 114.28677871660048, 3.189072155882274 ], [ 114.277859355191481, 3.188694065749132 ], [ 114.286425414812584, 3.164423563489834 ], [ 114.267865618966994, 3.160140533679169 ], [ 114.279287031795093, 3.134442354816258 ], [ 114.307840563865057, 3.125876295195326 ], [ 114.326072183318104, 3.080708142200071 ], [ 114.350937580225349, 3.06351725051111 ], [ 114.359236921590878, 3.068769231055398 ], [ 114.367207531288116, 3.073340617190516 ], [ 114.393501160074948, 3.07019690765884 ], [ 114.415096443850203, 3.015014377531541 ], [ 114.43136639491297, 2.975413930605185 ], [ 114.446325194404267, 2.958838132585981 ], [ 114.492010845716209, 2.958838132585981 ], [ 114.502004581940696, 2.950272072964935 ], [ 114.494866198923205, 2.921718540894972 ], [ 114.511998318165297, 2.891737332221567 ], [ 114.544834880045642, 2.871749859772535 ], [ 114.573388412115605, 2.871749859772535 ], [ 114.613363357013554, 2.868894506565653 ], [ 114.630209940934833, 2.842910792381815 ], [ 114.650197413383921, 2.834344732760883 ], [ 114.664474179418903, 2.818640290122516 ], [ 114.670184885832896, 2.793655949561298 ], [ 114.675895592246889, 2.76867160900008 ], [ 114.688744681678372, 2.750111813154433 ], [ 114.704427530569674, 2.735792690253703 ], [ 114.72158124355883, 2.720130604481028 ], [ 114.750134775628794, 2.708709191653099 ], [ 114.801531133354615, 2.704426161842662 ], [ 114.857210520891158, 2.70299848523905 ], [ 114.898613142392492, 2.688721719204068 ], [ 114.925738997859185, 2.684438689393573 ], [ 114.952864853325536, 2.680155659583136 ], [ 114.984273738602383, 2.704426161842662 ], [ 115.024248683500446, 2.717275251274032 ], [ 115.061368275191398, 2.747256459947607 ], [ 115.0599405985879, 2.775096153715822 ], [ 115.058512921984288, 2.802935847483923 ], [ 115.078500394433377, 2.827206349743392 ], [ 115.141318164987183, 2.801508170880481 ], [ 115.144173518194179, 2.76867160900008 ], [ 115.134179781969692, 2.751539489758045 ], [ 115.114192309520831, 2.725841310895134 ], [ 115.091349483864747, 2.712992221463537 ], [ 115.104198573296344, 2.694432425618118 ], [ 115.104198573296344, 2.651602127513172 ], [ 115.089921807261362, 2.614482535822106 ], [ 115.097060190278853, 2.598778093183682 ], [ 115.117047662727828, 2.588784356959195 ], [ 115.142745841590795, 2.607344152804615 ], [ 115.177010080074638, 2.615910212425717 ], [ 115.192714522713231, 2.587356680355754 ], [ 115.215557348369316, 2.55309244187174 ], [ 115.24125552723217, 2.54024335244037 ], [ 115.228406437800686, 2.5059791139563 ], [ 115.212701995162206, 2.490274671317934 ], [ 115.188431492902737, 2.490274671317934 ], [ 115.15131190121167, 2.490274671317934 ], [ 115.122758369141707, 2.468859522265461 ], [ 115.099344472844336, 2.437450636988444 ], [ 115.073646293981483, 2.408897104918481 ], [ 115.039382055497413, 2.400331045297378 ], [ 115.029388319272925, 2.387481955866008 ], [ 115.00511781701357, 2.360356100399486 ], [ 114.98655802116798, 2.344651657761062 ], [ 114.958004489098016, 2.373205189831026 ], [ 114.946583076270031, 2.3489346875715 ], [ 114.940872369856152, 2.314670449087487 ], [ 114.955149135891133, 2.294682976638626 ], [ 114.932306310235049, 2.280406210603644 ], [ 114.90803580797558, 2.261846414758054 ], [ 114.873771569491737, 2.267557121172104 ], [ 114.840935007611279, 2.263274091361609 ], [ 114.815236828748198, 2.260418738154613 ], [ 114.796677032902721, 2.263274091361609 ], [ 114.78953864988523, 2.240431265705581 ], [ 114.782400266867739, 2.214733086842614 ], [ 114.766695824229373, 2.204739350618127 ], [ 114.739569968762794, 2.197600967600636 ], [ 114.728148555934808, 2.166192082323789 ], [ 114.732431585745303, 2.144776933271316 ], [ 114.753846734797776, 2.144776933271316 ], [ 114.782400266867739, 2.151915316288807 ], [ 114.812381475541315, 2.136210873650214 ], [ 114.812912392778117, 2.105181214971083 ], [ 114.805774009760626, 2.088049095729048 ], [ 114.79435259693264, 2.053784857245034 ], [ 114.795780273536252, 2.032369708192562 ], [ 114.805774009760626, 2.020948295364633 ], [ 114.837182895037586, 2.046646474227543 ], [ 114.855742690883062, 2.045218797624102 ], [ 114.877157839935535, 2.028086678382124 ], [ 114.87287481012504, 2.00524385272621 ], [ 114.852887337676179, 1.985256380277178 ], [ 114.84146592484808, 1.959558201414211 ], [ 114.851459661072568, 1.94670911198267 ], [ 114.87287481012504, 1.938143052361738 ], [ 114.865736427107549, 1.906734167084778 ], [ 114.814340069381728, 1.895312754256793 ], [ 114.790069567122146, 1.865331545583444 ], [ 114.770082094673171, 1.849627102944851 ], [ 114.734390179585716, 1.866759222186829 ], [ 114.698698264498262, 1.805369128236464 ], [ 114.70298129430887, 1.736840651268608 ], [ 114.707264324119365, 1.68544429354256 ], [ 114.68442149846328, 1.629764906006244 ], [ 114.643018876961946, 1.598356020729227 ], [ 114.603805359585749, 1.572990966407076 ], [ 114.595905549046506, 1.561236429038161 ], [ 114.591622519235898, 1.545531986399737 ], [ 114.60589928527088, 1.521261484140268 ], [ 114.595905549046506, 1.496990981880742 ], [ 114.575918076597418, 1.454160683775797 ], [ 114.548792221130952, 1.445594624154865 ], [ 114.520238689060989, 1.449877653965359 ], [ 114.458848595110567, 1.484141892449372 ], [ 114.40887991398813, 1.516978454329774 ], [ 114.383181735125163, 1.52268916074388 ], [ 114.36176658607269, 1.491280275466863 ], [ 114.281816696276906, 1.464154420000341 ], [ 114.23927193349266, 1.464154420000341 ], [ 114.2078630482157, 1.425607151705833 ], [ 114.182164869352732, 1.422751798499007 ], [ 114.146472954265278, 1.459871390189846 ], [ 114.109353362574211, 1.468437449810779 ], [ 114.052246298434284, 1.4627267433969 ], [ 113.946598229775532, 1.445594624154865 ], [ 113.915189344498572, 1.424179475102392 ], [ 113.86664833997952, 1.399908972842923 ], [ 113.850943897341153, 1.392770589825432 ], [ 113.810968952443204, 1.375638470583397 ], [ 113.818107335460695, 1.358506351341589 ], [ 113.820962688667578, 1.345657261909992 ], [ 113.800975216218717, 1.315676053236643 ], [ 113.747009040606372, 1.278556461545577 ], [ 113.699895712690932, 1.265707372114207 ], [ 113.671342180620968, 1.238581516647628 ], [ 113.64136097194762, 1.222877074009261 ], [ 113.618518146291535, 1.241436869854681 ], [ 113.57568784818659, 1.309965346822537 ], [ 113.548561992720238, 1.327097466064572 ], [ 113.530002196874761, 1.327097466064572 ], [ 113.461473719906735, 1.305682317012099 ], [ 113.417215745198291, 1.295688580787555 ], [ 113.367247064075855, 1.345657261909992 ], [ 113.320133736160528, 1.377066147187008 ], [ 113.288724850883455, 1.384204530204499 ], [ 113.233045463347025, 1.39134291322199 ], [ 113.207347284484058, 1.381349176997446 ], [ 113.183076782224589, 1.388487560014937 ], [ 113.134535777705764, 1.392770589825432 ], [ 113.11169295204968, 1.432745534723324 ], [ 113.0959885094112, 1.447022300758306 ], [ 113.058868917720361, 1.432745534723324 ], [ 113.0274600324434, 1.412758062274463 ], [ 112.996051147166327, 1.408475032464025 ], [ 112.977491351320964, 1.40990270906741 ], [ 112.966069938492979, 1.428462504912886 ], [ 112.966069938492751, 1.44916381566361 ], [ 112.991768117355718, 1.463440581698592 ], [ 113.03317073885728, 1.489138760561559 ], [ 113.03745376866766, 1.509126233010591 ], [ 113.038881445271159, 1.530541382063063 ], [ 113.058868917720361, 1.543390471494433 ], [ 113.044592151685379, 1.563377943943465 ], [ 113.020321649425682, 1.563377943943465 ], [ 112.997478823769825, 1.579082386581888 ], [ 112.986057410941839, 1.576227033375062 ], [ 112.963214585285755, 1.571944003564397 ], [ 112.940371759629897, 1.573371680168009 ], [ 112.926094993594916, 1.57479935677145 ], [ 112.9011582422537, 1.590545439977632 ], [ 112.909724301874803, 1.607677559219496 ] ] ] ] } },
{ "type": "Feature", "properties": { "Id": 217, "NEGERI": "SARAWAK", "KODPAR": "P. 217", "PARLIMEN": "BINTULU", "KODUNIK": "P. 217", "BILANGAN_P": 120962, "PERATUS_EQ": 5.877 }, "geometry": { "type": "MultiPolygon", "coordinates": [ [ [ [ 112.779326400000286, 3.081098400000201 ], [ 112.784167300000263, 3.085623699999985 ], [ 112.793148, 3.084648200000117 ], [ 112.800337800000079, 3.080541300000107 ], [ 112.810654600000134, 3.073933300000135 ], [ 112.815916100000095, 3.070547900000179 ], [ 112.820662500000253, 3.064454100000091 ], [ 112.819812800000136, 3.059234400000207 ], [ 112.822490700000344, 3.061822799999959 ], [ 112.822310400000106, 3.066142500000183 ], [ 112.816654200000244, 3.072707699999967 ], [ 112.809247000000369, 3.078407200000129 ], [ 112.805453300000181, 3.081287000000202 ], [ 112.801632800000107, 3.083726500000239 ], [ 112.841218900000172, 3.089909000000205 ], [ 112.8813791, 3.099319499999865 ], [ 112.923667900000169, 3.112997900000096 ], [ 112.956067100000041, 3.129020300000093 ], [ 112.97843910000006, 3.142329700000175 ], [ 112.998214700000176, 3.154094300000111 ], [ 113.004713700000366, 3.158818500000223 ], [ 113.007691200000181, 3.160823300000175 ], [ 113.008042100000239, 3.160801100000128 ], [ 113.007886500000154, 3.160596799999894 ], [ 113.008045800000218, 3.160418400000253 ], [ 113.008154200000035, 3.160647100000176 ], [ 113.008114200000136, 3.161068900000089 ], [ 113.00823650000018, 3.161212500000033 ], [ 113.008271900000068, 3.161544000000106 ], [ 113.009273500000177, 3.16253230000018 ], [ 113.010529000000133, 3.163517000000127 ], [ 113.015756700000111, 3.167714900000192 ], [ 113.01844420000009, 3.169886100000042 ], [ 113.019121500000324, 3.170417200000145 ], [ 113.020814200000018, 3.17183330000023 ], [ 113.021137400000157, 3.172019500000204 ], [ 113.021267500000249, 3.172307400000193 ], [ 113.023123900000201, 3.174028799999974 ], [ 113.032679767545943, 3.17375157431231 ], [ 113.028847420834722, 3.179958225316227 ], [ 113.033259367893606, 3.187772247621183 ], [ 113.035837299197055, 3.190682768025397 ], [ 113.045125212684752, 3.19849674713646 ], [ 113.045849447043338, 3.202000752514948 ], [ 113.062621818949424, 3.226381229327274 ], [ 113.072814159858808, 3.23924689798838 ], [ 113.077967287095589, 3.258557009921674 ], [ 113.0676712868908, 3.264469778655666 ], [ 113.056876348902506, 3.265967624228608 ], [ 113.064230755522203, 3.280520436516269 ], [ 113.082550308418718, 3.29077346594778 ], [ 113.123730342277554, 3.317688826422227 ], [ 113.153684645663475, 3.345099360560312 ], [ 113.155764522227287, 3.35246614715777 ], [ 113.166014137922502, 3.368533955844896 ], [ 113.182669965996865, 3.4044456830635 ], [ 113.211083594890397, 3.428183179255484 ], [ 113.263216422292203, 3.468359332102182 ], [ 113.290102758895728, 3.499899219528061 ], [ 113.30266231059727, 3.518854153948837 ], [ 113.295876787284101, 3.533543859522752 ], [ 113.298290622436298, 3.548034367311629 ], [ 113.313422190034885, 3.562281240576226 ], [ 113.335245645951545, 3.582943037187476 ], [ 113.354604646649932, 3.600302858027874 ], [ 113.373453643218795, 3.622993517910459 ], [ 113.372320957476973, 3.631043044287253 ], [ 113.388010229746783, 3.649279643494197 ], [ 113.414925481322712, 3.695299300524709 ], [ 113.426703195994719, 3.726473193259665 ], [ 113.420961138647613, 3.735372963442501 ], [ 113.439428999804136, 3.761945962909692 ], [ 113.463954836928792, 3.778909594994502 ], [ 113.492952033888628, 3.79658164671622 ], [ 113.505855697836296, 3.804633418034314 ], [ 113.545906084953799, 3.830135066578464 ], [ 113.575096399038443, 3.852888934900818 ], [ 113.605213228320622, 3.878778958651424 ], [ 113.616960213423454, 3.888107764298013 ], [ 113.638014417971164, 3.908250039888672 ], [ 113.653133193253282, 3.899692966569843 ], [ 113.662342599515227, 3.907674451996861 ], [ 113.670324084942237, 3.907674451996861 ], [ 113.67247294640336, 3.887720738429317 ], [ 113.685673095378817, 3.872678708201476 ], [ 113.667868243272395, 3.84812029150296 ], [ 113.652212252627081, 3.842287667537062 ], [ 113.651291312000893, 3.83553410294497 ], [ 113.660926585789184, 3.827953119480981 ], [ 113.678058705031049, 3.806537970428508 ], [ 113.686624764651924, 3.797971910807632 ], [ 113.709467590307895, 3.80796564703212 ], [ 113.715178296721888, 3.800827264014629 ], [ 113.716064136041055, 3.779778822534705 ], [ 113.733562007938716, 3.791290580362122 ], [ 113.754796322468906, 3.77986421255315 ], [ 113.767022850692641, 3.768919397650246 ], [ 113.779066824728375, 3.76701512312161 ], [ 113.799424422491001, 3.772925585304175 ], [ 113.818902505968254, 3.79531969560115 ], [ 113.836173888868302, 3.795568655191573 ], [ 113.849907507050133, 3.79102197267891 ], [ 113.879004186973248, 3.789857948777694 ], [ 113.889507953976477, 3.786724249756669 ], [ 113.916123778664314, 3.765587446518168 ], [ 113.930400544699296, 3.757021386897293 ], [ 113.948141173844178, 3.754184347631135 ], [ 113.964718105115679, 3.745588901786654 ], [ 113.991790638649718, 3.728467854827329 ], [ 114.011778111098579, 3.724184825016664 ], [ 114.018202655814321, 3.7348923995429 ], [ 114.024627200530063, 3.745599974069137 ], [ 114.038903966565044, 3.745599974069137 ], [ 114.030104889572996, 3.739027199825648 ], [ 114.02503971612893, 3.732580615442295 ], [ 114.024809480972394, 3.709787334944011 ], [ 114.026190891911682, 3.706333807595786 ], [ 114.025960656755146, 3.701959339621368 ], [ 114.027572302850984, 3.698505812273143 ], [ 114.044149234122457, 3.685612643506437 ], [ 114.039084060678476, 3.668805477078383 ], [ 114.027111832537969, 3.672489239583157 ], [ 114.020120048671387, 3.664266274292977 ], [ 114.020058635398982, 3.664222407669911 ], [ 114.016981485649836, 3.660056541129546 ], [ 114.000634789534914, 3.661668187225386 ], [ 113.989123031707493, 3.654530897372387 ], [ 114.016981485649822, 3.650616899711066 ], [ 114.028624695019857, 3.637096552203332 ], [ 114.023428070033177, 3.622988680925266 ], [ 113.99833243796941, 3.622067740299073 ], [ 114.004318552039663, 3.605721044184142 ], [ 114.001555730161087, 3.596741873078757 ], [ 114.004779022352764, 3.584539409781696 ], [ 113.991425383272954, 3.591216229321597 ], [ 113.975308922314568, 3.583157998842406 ], [ 113.975999627784219, 3.567271773040571 ], [ 113.975308922314582, 3.550464606612543 ], [ 113.965198179025492, 3.553893740924082 ], [ 113.933866594135878, 3.512245570625522 ], [ 113.929261891004913, 3.494287228414751 ], [ 113.909960510382888, 3.495131423987832 ], [ 113.904396494097654, 3.486919703405206 ], [ 113.908080256602418, 3.475638180734338 ], [ 113.911802391635277, 3.46995904687186 ], [ 113.904396494097654, 3.466659009628954 ], [ 113.897182459194738, 3.46500899100611 ], [ 113.888510268295818, 3.455377486958084 ], [ 113.884826505791054, 3.447779726791988 ], [ 113.880221802660088, 3.427519033015735 ], [ 113.877727588466101, 3.414088648882752 ], [ 113.878456666462128, 3.399008246128849 ], [ 113.871703101870025, 3.379361512770036 ], [ 113.864911164749515, 3.379169650140616 ], [ 113.857313404583408, 3.388148821246001 ], [ 113.850866820200054, 3.394365170472806 ], [ 113.846031881912538, 3.392062818907322 ], [ 113.838664356902996, 3.381932472019196 ], [ 113.833368948302379, 3.377327768888229 ], [ 113.829915420954165, 3.371802125131069 ], [ 113.826692128762488, 3.368118362626296 ], [ 113.824620012353549, 3.36213224855604 ], [ 113.821857190474972, 3.356146134485783 ], [ 113.809424492021364, 3.347857668850043 ], [ 113.797912734193943, 3.341871554779787 ], [ 113.794689442002266, 3.334043559457143 ], [ 113.79215685528024, 3.329438856326176 ], [ 113.793768501376078, 3.318848039124953 ], [ 113.793308031062978, 3.3124014547416 ], [ 113.785019565427234, 3.303192048479667 ], [ 113.773277572443277, 3.298126875035604 ], [ 113.765219341964084, 3.292140760965347 ], [ 113.741274885683055, 3.292831466434992 ], [ 113.735288771612801, 3.297896639879055 ], [ 113.728611952072896, 3.308026986767182 ], [ 113.730223598168735, 3.319768979751146 ], [ 113.736769922465783, 3.334031543985247 ], [ 113.726770070820507, 3.342332025092883 ], [ 113.719402545810965, 3.334964500083336 ], [ 113.709732669235933, 3.328978386013079 ], [ 113.697069735625774, 3.325524858664854 ], [ 113.697299970782325, 3.305954870358247 ], [ 113.687860329363843, 3.29743616956596 ], [ 113.672357828824801, 3.302654833113211 ], [ 113.658247709273382, 3.295484275690967 ], [ 113.635520203777034, 3.317082902923585 ], [ 113.625696837097635, 3.319231764384704 ], [ 113.619557232923, 3.302347852904481 ], [ 113.600524459981656, 3.297436169564778 ], [ 113.597147677685612, 3.285463941424255 ], [ 113.586710350588746, 3.275640574744851 ], [ 113.594077875598288, 3.265817208065448 ], [ 113.606971044365011, 3.253537999716194 ], [ 113.598989558938001, 3.249240276793954 ], [ 113.597147677685612, 3.240030870532014 ], [ 113.589166192258588, 3.242486712201864 ], [ 113.590394113093524, 3.25722176222097 ], [ 113.580570746414111, 3.25967760389082 ], [ 113.581184706831579, 3.251082158046342 ], [ 113.573203221404555, 3.229593543435147 ], [ 113.559696092220378, 3.21670037466843 ], [ 113.542505200531423, 3.21670037466843 ], [ 113.541178227786531, 3.205540649670411 ], [ 113.532681833852024, 3.193983839222309 ], [ 113.54688893420041, 3.178414794204059 ], [ 113.509769342509458, 3.182697824014554 ], [ 113.492637223267479, 3.182697824014554 ], [ 113.472649750818618, 3.174131764393621 ], [ 113.449183217077092, 3.177406907950815 ], [ 113.441240865541658, 3.171276411186568 ], [ 113.457778662921569, 3.14916472874753 ], [ 113.474077427422003, 3.149861262134095 ], [ 113.4869265168536, 3.135584496099113 ], [ 113.508341665906073, 3.139867525909608 ], [ 113.512624695716568, 3.112741670443029 ], [ 113.529756814958546, 3.102747934218712 ], [ 113.544033580993528, 3.114169347046641 ], [ 113.561165700235392, 3.132729142892117 ], [ 113.580570746414111, 3.127676114136335 ], [ 113.589780152676056, 3.13565759956335 ], [ 113.60542367494395, 3.134156819495502 ], [ 113.614338569374567, 3.149778689164993 ], [ 113.626003817306355, 3.144867005825291 ], [ 113.640124906908, 3.147936807912604 ], [ 113.659675385876767, 3.142722879116604 ], [ 113.671096798704752, 3.135584496099113 ], [ 113.669669122101368, 3.095609551201221 ], [ 113.69679497756772, 3.071339048941695 ], [ 113.693939624360837, 3.051351576492664 ], [ 113.696081139266198, 3.034933295552548 ], [ 113.698222654171332, 3.018515014612262 ], [ 113.693939624360837, 2.985678452731804 ], [ 113.711071743602702, 2.964263303679331 ], [ 113.706788713792207, 2.912866945953283 ], [ 113.708216390395819, 2.884313413883319 ], [ 113.703607671860141, 2.853140987543782 ], [ 113.689330905825159, 2.8388642215088 ], [ 113.690758582428543, 2.811738366042391 ], [ 113.673626463186565, 2.781757157368872 ], [ 113.657922020548199, 2.774618774351381 ], [ 113.653638990737704, 2.750348272092026 ], [ 113.629368488478235, 2.733216152849991 ], [ 113.602242633011883, 2.719653225116758 ], [ 113.575116777545304, 2.706090297383469 ], [ 113.542280215664732, 2.69466888455554 ], [ 113.52800344962975, 2.701807267573031 ], [ 113.539424862457849, 2.714656357004571 ], [ 113.518009713405377, 2.727505446435941 ], [ 113.493739211146021, 2.736071506057044 ], [ 113.476607091903816, 2.728933123039553 ], [ 113.458566811711307, 2.714099166552217 ], [ 113.444290045676325, 2.710529975043471 ], [ 113.430013279641344, 2.706960783534726 ], [ 113.421447220020241, 2.698394723913793 ], [ 113.398604394364384, 2.692684017499744 ], [ 113.364340155880313, 2.689828664292691 ], [ 113.344352683431453, 2.684117957878811 ], [ 113.327220564189474, 2.709816136741779 ], [ 113.319752686570823, 2.713828420240247 ], [ 113.30655253759538, 2.707688816065617 ], [ 113.272968853256543, 2.719809872966266 ], [ 113.242987644582968, 2.71695451975927 ], [ 113.241559967979583, 2.734086639001248 ], [ 113.247270674393462, 2.746935728432618 ], [ 113.262975117032056, 2.758357141260774 ], [ 113.292956325705404, 2.759784817864215 ], [ 113.30437773853339, 2.764067847674653 ], [ 113.28725115696983, 2.792530471255475 ], [ 113.275048693672773, 2.80012823142157 ], [ 113.271364931167994, 2.817395868162695 ], [ 113.247420474886979, 2.817856338475791 ], [ 113.249722826452469, 2.840879854130624 ], [ 113.239822714720887, 2.868277837759875 ], [ 113.227965604160104, 2.880211693372691 ], [ 113.219101550631535, 2.893143234667094 ], [ 113.202294384203512, 2.894754880762932 ], [ 113.170752167756405, 2.892912999510546 ], [ 113.128388898951499, 2.890610647945063 ], [ 113.119639963002655, 2.902122405772479 ], [ 113.120207456682238, 2.913973891041962 ], [ 113.108588675488335, 2.922843569861829 ], [ 113.095936954422655, 2.915401567645574 ], [ 113.085943218198167, 2.915401567645574 ], [ 113.087867511398997, 2.929520389401731 ], [ 113.08464421920732, 2.936657679254729 ], [ 113.064528069145695, 2.926822980473503 ], [ 113.048823626507328, 2.925395303869891 ], [ 113.017414741230255, 2.916829244249016 ], [ 113.005993328402383, 2.931106010283997 ], [ 112.986005855953294, 2.915401567645574 ], [ 112.971729089918313, 2.916829244249016 ], [ 112.971729089918313, 2.929678333680556 ], [ 112.986005855953294, 2.949665806129417 ], [ 112.976012119728807, 2.95823186575052 ], [ 112.976012119728807, 2.978219338199381 ], [ 112.966018383504434, 2.988213074423925 ], [ 112.967446060107818, 3.005345193665903 ], [ 112.948886264262455, 2.999634487251853 ], [ 112.927471115209983, 3.005345193665903 ], [ 112.910338995967891, 3.001062163855465 ], [ 112.893206876725912, 2.988213074423925 ], [ 112.868936374466443, 2.985357721216872 ], [ 112.83229267497677, 2.979647014802993 ], [ 112.820871262148785, 2.958707757951515 ], [ 112.801835574102142, 2.96061132675635 ], [ 112.784703454860164, 2.970129170779671 ], [ 112.778992748446058, 2.989164858826314 ], [ 112.767571335618072, 3.025332666114764 ], [ 112.754246353985536, 3.03675407894292 ], [ 112.730808663078051, 3.028259403152106 ], [ 112.70117960000016, 3.060747000000106 ], [ 112.779326400000286, 3.081098400000201 ] ] ] ] } },
{ "type": "Feature", "properties": { "Id": 214, "NEGERI": "SARAWAK", "KODPAR": "P. 214", "PARLIMEN": "SELANGAU", "KODUNIK": "P. 214", "BILANGAN_P": 49266, "PERATUS_EQ": 2.394 }, "geometry": { "type": "MultiPolygon", "coordinates": [ [ [ [ 112.388873576119622, 2.172660684773267 ], [ 112.315319079544906, 2.187290961350811 ], [ 112.298066191366246, 2.188441153896079 ], [ 112.293903930492434, 2.188718637954423 ], [ 112.272488781439961, 2.190146314557865 ], [ 112.256611068458909, 2.186778314834591 ], [ 112.248932117482354, 2.185149446445678 ], [ 112.225375453524521, 2.18015257833332 ], [ 112.20538798107566, 2.183007931540374 ], [ 112.185400508626685, 2.18586328474737 ], [ 112.161843844668965, 2.190146314557865 ], [ 112.138287180711245, 2.194429344368302 ], [ 112.138098681153735, 2.194417563145958 ], [ 112.11544435505516, 2.193001667764861 ], [ 112.115200720035531, 2.211493681177795 ], [ 112.130856710680831, 2.211186700969064 ], [ 112.141011663562836, 2.232972151173271 ], [ 112.139583986959337, 2.244393564001427 ], [ 112.128707849219722, 2.245568484346986 ], [ 112.13392651276817, 2.268898980210576 ], [ 112.147740622161081, 2.271968782297891 ], [ 112.153880226335716, 2.269512940628039 ], [ 112.162426812615308, 2.285796185502761 ], [ 112.16001983051035, 2.295606258370213 ], [ 112.144363839865036, 2.292843436491629 ], [ 112.127940398698101, 2.304508684423427 ], [ 112.121954284627648, 2.309113387554396 ], [ 112.118117032018688, 2.301438882336113 ], [ 112.107833195026004, 2.305429625049619 ], [ 112.104302922625777, 2.29867606045753 ], [ 112.092944654902709, 2.298062100040067 ], [ 112.093405125215625, 2.292843436491629 ], [ 112.081432897075089, 2.284861951064612 ], [ 112.075293292900469, 2.291615515656704 ], [ 112.062707104342479, 2.292229476074167 ], [ 112.048892994949568, 2.285168931273343 ], [ 112.03821894811108, 2.295789921727305 ], [ 112.039646624714464, 2.311494364365672 ], [ 112.065623416323774, 2.313411110476495 ], [ 112.063781535071385, 2.334899725087691 ], [ 112.025369858679483, 2.33148183681476 ], [ 112.008237739437504, 2.320060423986774 ], [ 111.993960973402523, 2.311494364365672 ], [ 111.978256530764156, 2.314349717572725 ], [ 111.966008338590186, 2.319397224546756 ], [ 111.960482694833019, 2.299750491187949 ], [ 111.955877991702053, 2.311722719328472 ], [ 111.959868734415551, 2.326150789138846 ], [ 111.95603148180831, 2.333364824044181 ], [ 111.968617670366299, 2.333978784461644 ], [ 111.969845591201235, 2.339811408427541 ], [ 111.982539560574594, 2.33148183681476 ], [ 112.01036697875378, 2.329681061539403 ], [ 112.01113442927371, 2.34518356208019 ], [ 112.009665416041116, 2.352896985867233 ], [ 112.009665416041116, 2.371456781712652 ], [ 112.002527033023625, 2.382878194540581 ], [ 111.995388650006134, 2.392871930765125 ], [ 111.983967237178035, 2.391444254161684 ], [ 111.971687472453596, 2.38616541994599 ], [ 111.971994452662528, 2.401207450173833 ], [ 111.95756638285215, 2.402435371008759 ], [ 111.943445293250505, 2.416863440819137 ], [ 111.948970937007672, 2.435896213760487 ], [ 111.947896506275072, 2.455542947119114 ], [ 111.941142941682983, 2.473040819016802 ], [ 111.938994080221875, 2.495757354462923 ], [ 111.946822075546535, 2.487161908618639 ], [ 111.958794303687071, 2.488082849244833 ], [ 111.962147579754571, 2.495736030047283 ], [ 111.962017595876716, 2.510185424273297 ], [ 111.976599155793494, 2.523999533666413 ], [ 111.990413265186405, 2.532901959719625 ], [ 112.001771532909473, 2.508036562812377 ], [ 112.029706731904028, 2.50220393884648 ], [ 112.068693218412918, 2.505273740933794 ], [ 112.136324125381407, 2.515723502496144 ], [ 112.18343745329696, 2.514295825892702 ], [ 112.194708594095061, 2.511259855003858 ], [ 112.178438643032308, 2.490692181018856 ], [ 112.19628654272833, 2.478603910805248 ], [ 112.211247152841636, 2.470393114716209 ], [ 112.218000717433725, 2.477453659517032 ], [ 112.226596163278202, 2.486970045987707 ], [ 112.226327555594395, 2.499594607072066 ], [ 112.256680223733852, 2.501398115798085 ], [ 112.264393101477097, 2.515557577926097 ], [ 112.273602507739028, 2.524766984188037 ], [ 112.279128151496195, 2.540115994624605 ], [ 112.286457303980796, 2.549900988777654 ], [ 112.308866859218199, 2.549900988777654 ], [ 112.310133152578061, 2.555158024852442 ], [ 112.303034235252326, 2.562487177335644 ], [ 112.308866859218213, 2.566784900257884 ], [ 112.325136810280981, 2.56371509817057 ], [ 112.329626395834623, 2.567897703515007 ], [ 112.331007806771794, 2.572962876958861 ], [ 112.340831173451193, 2.57050703528901 ], [ 112.34144513386866, 2.589539808230354 ], [ 112.340754428399677, 2.610414462425751 ], [ 112.333617138546671, 2.619163398374587 ], [ 112.329012435415706, 2.646100911690741 ], [ 112.34628007215683, 2.650475379665159 ], [ 112.346740542469931, 2.668663957032477 ], [ 112.340178840508827, 2.677297775401206 ], [ 112.344764909492255, 2.685617018312485 ], [ 112.348352188565755, 2.715401693811788 ], [ 112.348191333340537, 2.742724082452412 ], [ 112.339625273719435, 2.762711554901443 ], [ 112.348191333340537, 2.772705291125817 ], [ 112.38245557182438, 2.782699027350304 ], [ 112.388873576118243, 2.799207290795378 ], [ 112.398773687849811, 2.819698219728179 ], [ 112.402443044273582, 2.831240031869356 ], [ 112.415292133704952, 2.852655180921829 ], [ 112.415331380361863, 2.853021483052999 ], [ 112.419575163515447, 2.892630125819721 ], [ 112.429568899739934, 2.902623862044265 ], [ 112.488103640483359, 2.902623862044322 ], [ 112.663707862713522, 2.894057802423163 ], [ 112.693689071387098, 2.89120244921628 ], [ 112.72367028006056, 2.88834709600934 ], [ 112.729380986474553, 2.942598806942158 ], [ 112.735091692888432, 2.985429105047103 ], [ 112.730808663078051, 3.003988900892637 ], [ 112.730808663078051, 3.028259403152106 ], [ 112.754246353985536, 3.03675407894292 ], [ 112.767571335618072, 3.025332666114764 ], [ 112.778992748446058, 2.989164858826314 ], [ 112.784703454860164, 2.970129170779671 ], [ 112.801835574102142, 2.96061132675635 ], [ 112.820871262148785, 2.958707757951515 ], [ 112.83229267497677, 2.979647014802993 ], [ 112.868936374466443, 2.985357721216872 ], [ 112.893206876725912, 2.988213074423925 ], [ 112.910338995967891, 3.001062163855465 ], [ 112.927471115209983, 3.005345193665903 ], [ 112.948886264262455, 2.999634487251853 ], [ 112.967446060107818, 3.005345193665903 ], [ 112.966018383504434, 2.988213074423925 ], [ 112.976012119728807, 2.978219338199381 ], [ 112.976012119728807, 2.95823186575052 ], [ 112.986005855953294, 2.949665806129417 ], [ 112.971729089918313, 2.929678333680556 ], [ 112.971729089918313, 2.916829244249016 ], [ 112.986005855953294, 2.915401567645574 ], [ 113.005993328402383, 2.931106010283997 ], [ 113.017414741230255, 2.916829244249016 ], [ 113.048823626507328, 2.925395303869891 ], [ 113.064528069145695, 2.926822980473503 ], [ 113.08464421920732, 2.936657679254729 ], [ 113.087867511398997, 2.929520389401731 ], [ 113.085943218198167, 2.915401567645574 ], [ 113.095936954422655, 2.915401567645574 ], [ 113.108588675488335, 2.922843569861829 ], [ 113.120207456682238, 2.913973891041962 ], [ 113.119639963002655, 2.902122405772479 ], [ 113.128388898951499, 2.890610647945063 ], [ 113.170752167756405, 2.892912999510546 ], [ 113.202294384203512, 2.894754880762932 ], [ 113.219101550631535, 2.893143234667094 ], [ 113.227965604160104, 2.880211693372691 ], [ 113.239822714720887, 2.868277837759875 ], [ 113.249722826452469, 2.840879854130624 ], [ 113.247420474886979, 2.817856338475791 ], [ 113.271364931167994, 2.817395868162695 ], [ 113.275048693672773, 2.80012823142157 ], [ 113.28725115696983, 2.792530471255475 ], [ 113.30437773853339, 2.764067847674653 ], [ 113.292956325705404, 2.759784817864215 ], [ 113.262975117032056, 2.758357141260774 ], [ 113.247270674393462, 2.746935728432618 ], [ 113.241559967979583, 2.734086639001248 ], [ 113.242987644582968, 2.71695451975927 ], [ 113.272968853256543, 2.719809872966266 ], [ 113.30655253759538, 2.707688816065617 ], [ 113.319752686570823, 2.713828420240247 ], [ 113.327220564189474, 2.709816136741779 ], [ 113.344352683431453, 2.684117957878811 ], [ 113.364340155880313, 2.689828664292691 ], [ 113.398604394364384, 2.692684017499744 ], [ 113.421447220020241, 2.698394723913793 ], [ 113.430013279641344, 2.706960783534726 ], [ 113.444290045676325, 2.710529975043471 ], [ 113.458566811711307, 2.714099166552217 ], [ 113.471400909684164, 2.711065598361664 ], [ 113.474556789670487, 2.696967047310181 ], [ 113.485978202498359, 2.678407251464762 ], [ 113.497494227426344, 2.652125398285226 ], [ 113.495997698907303, 2.63313099787021 ], [ 113.493311622080569, 2.61570987102636 ], [ 113.488833555705583, 2.58560827223738 ], [ 113.508852495149398, 2.568933761719003 ], [ 113.524525470793037, 2.557054740167416 ], [ 113.508821028154443, 2.535639591114943 ], [ 113.490975070610716, 2.531356561304506 ], [ 113.473129113066989, 2.527073531494011 ], [ 113.457424670428395, 2.517079795269524 ], [ 113.446228532568156, 2.527491433540258 ], [ 113.427443461755047, 2.529928884701064 ], [ 113.427443461755047, 2.561337769977854 ], [ 113.400317606288468, 2.571331506202398 ], [ 113.378902457235995, 2.565620799788519 ], [ 113.371764074218504, 2.549916357149925 ], [ 113.326078422906562, 2.558482416771028 ], [ 113.323223069699679, 2.535639591114943 ], [ 113.281820448198232, 2.541350297528993 ], [ 113.271049017662207, 2.531925295809973 ], [ 113.268971358766635, 2.511369088855417 ], [ 113.25183923952477, 2.50708605904498 ], [ 113.228996413868686, 2.515652118666083 ], [ 113.210436618023323, 2.515652118666083 ], [ 113.194732175384843, 2.491381616406557 ], [ 113.17331702633237, 2.481387880182069 ], [ 113.144763494262406, 2.477104850371575 ], [ 113.127631375020428, 2.458545054526155 ], [ 113.097650166346853, 2.448551318301611 ], [ 113.070524310880501, 2.448551318301611 ], [ 113.046253808621145, 2.44141293528412 ], [ 113.044826132017533, 2.418570109628035 ], [ 113.046253808621145, 2.392871930765125 ], [ 113.057675221448903, 2.371456781712652 ], [ 113.060530574656127, 2.348613956056738 ], [ 113.046253808621145, 2.335764866625198 ], [ 113.020197886466335, 2.323853587925885 ], [ 112.996285127498709, 2.312922040969283 ], [ 112.99771280410198, 2.281513155692323 ], [ 112.972014625239012, 2.282940832295708 ], [ 112.953454829393763, 2.282940832295708 ], [ 112.940605739962052, 2.294362245123864 ], [ 112.923473620720188, 2.287223862106373 ], [ 112.917762914306309, 2.272947096071391 ], [ 112.900630795064103, 2.262953359846847 ], [ 112.900630795064103, 2.242965887397816 ], [ 112.909196854685206, 2.224406091552396 ], [ 112.896347765253836, 2.197280236085817 ], [ 112.887781705632733, 2.18157579344745 ], [ 112.867794233183872, 2.167299027412469 ], [ 112.842096054320791, 2.164443674205415 ], [ 112.827819288285809, 2.148739231566992 ], [ 112.799265756215846, 2.154449937980871 ], [ 112.759290811317896, 2.155877614584483 ], [ 112.729309602644321, 2.157305291187924 ], [ 112.673630215108005, 2.173009733826518 ], [ 112.672546114791089, 2.173239230869399 ], [ 112.626421708752218, 2.183003470050835 ], [ 112.605006559699746, 2.177292763636956 ], [ 112.583591410647273, 2.185858823257888 ], [ 112.535050406128448, 2.170154380619465 ], [ 112.475087988781411, 2.177292763636956 ], [ 112.452245163125554, 2.164443674205415 ], [ 112.420836277848593, 2.155877614584483 ], [ 112.411743601668149, 2.155776773292939 ], [ 112.388873576119622, 2.172660684773267 ] ] ] ] } },
{ "type": "Feature", "properties": { "Id": 215, "NEGERI": "SARAWAK", "KODPAR": "P. 215", "PARLIMEN": "KAPIT", "KODUNIK": "P. 215", "BILANGAN_P": 47312, "PERATUS_EQ": 2.299 }, "geometry": { "type": "MultiPolygon", "coordinates": [ [ [ [ 112.025244936976719, 1.515493769806369 ], [ 112.019534230562613, 1.528342859237739 ], [ 112.010968170941737, 1.544047301876333 ], [ 112.008112817734627, 1.559751744514756 ], [ 111.996691404906699, 1.568317804135859 ], [ 112.022646187102978, 1.562997990232607 ], [ 112.036351071221475, 1.565775746627878 ], [ 112.043489454238966, 1.582907865869913 ], [ 112.059193896877332, 1.575769482852422 ], [ 112.064904603291438, 1.587190895680351 ], [ 112.06062157348083, 1.605750691525998 ], [ 112.062049250084442, 1.618599780957368 ], [ 112.099168841775281, 1.61431675114693 ], [ 112.111363467426372, 1.610272942377249 ], [ 112.122414754940706, 1.616412546551878 ], [ 112.146973171639218, 1.617026506969341 ], [ 112.163550102910719, 1.640970963250394 ], [ 112.16477802374564, 1.657547894521893 ], [ 112.205913371715653, 1.65693393410443 ], [ 112.209099940244641, 1.664285432269367 ], [ 112.196837793825978, 1.675866348331492 ], [ 112.215381717300033, 1.687604150126447 ], [ 112.238224542956118, 1.657622941453042 ], [ 112.251073632387488, 1.649056881831939 ], [ 112.272488781439961, 1.64334617541806 ], [ 112.286765547474943, 1.661905971263536 ], [ 112.28391019426806, 1.673327384091465 ], [ 112.258212015404979, 1.677610413901903 ], [ 112.263922721819199, 1.707591622575478 ], [ 112.292476253889049, 1.710446975782531 ], [ 112.305325343320533, 1.717585358800022 ], [ 112.315319079544906, 1.737572831248883 ], [ 112.319602109355515, 1.744711214266374 ], [ 112.336734228597379, 1.729006771627951 ], [ 112.353866347839357, 1.746138890869986 ], [ 112.37528149689183, 1.741855861059321 ], [ 112.395268969340918, 1.743283537662933 ], [ 112.396696645944303, 1.754704950490918 ], [ 112.400231843842647, 1.762228145699319 ], [ 112.413431992818104, 1.780032997805743 ], [ 112.45978600433655, 1.788014483232761 ], [ 112.455231386687842, 1.796107571992422 ], [ 112.448093003670351, 1.804673631613355 ], [ 112.428105531221377, 1.81323969123423 ], [ 112.428474023045936, 1.830991712455164 ], [ 112.419539471600388, 1.834654840286703 ], [ 112.406690382168904, 1.838937870097368 ], [ 112.395627140711667, 1.847568643726662 ], [ 112.376709173495442, 1.86606372556372 ], [ 112.426677854617878, 1.864636048960278 ], [ 112.433816237635369, 1.87891281499526 ], [ 112.460092984545284, 1.892080773992723 ], [ 112.475135014773116, 1.915411269856313 ], [ 112.479739717904096, 1.9338300823802 ], [ 112.479739717904096, 1.943960429268338 ], [ 112.49386080750574, 1.963607162627151 ], [ 112.495702688758129, 1.977728252228797 ], [ 112.479501888947198, 1.980277853843575 ], [ 112.463797446308831, 1.987416236861065 ], [ 112.435243914238868, 1.994554619878556 ], [ 112.424790260539282, 2.011649565293565 ], [ 112.412242444507541, 2.024293312640801 ], [ 112.40947962262895, 2.038107422033732 ], [ 112.396696645944303, 2.04166794779394 ], [ 112.386763087182786, 2.054684353305249 ], [ 112.387377047600253, 2.064200739775934 ], [ 112.400979675754797, 2.071649156467515 ], [ 112.413828765186395, 2.081642892692059 ], [ 112.408213329269699, 2.102055236765034 ], [ 112.4095457353759, 2.114479454572461 ], [ 112.419111126677706, 2.142269644108759 ], [ 112.411743601668149, 2.155776773292939 ], [ 112.420836277848593, 2.155877614584483 ], [ 112.452245163125554, 2.164443674205415 ], [ 112.475087988781411, 2.177292763636956 ], [ 112.535050406128448, 2.170154380619465 ], [ 112.583591410647273, 2.185858823257888 ], [ 112.605006559699746, 2.177292763636956 ], [ 112.626421708752218, 2.183003470050835 ], [ 112.672546114791089, 2.173239230869399 ], [ 112.673630215108005, 2.173009733826518 ], [ 112.729309602644321, 2.157305291187924 ], [ 112.759290811317896, 2.155877614584483 ], [ 112.799265756215846, 2.154449937980871 ], [ 112.827819288285809, 2.148739231566992 ], [ 112.842096054320791, 2.164443674205415 ], [ 112.867794233183872, 2.167299027412469 ], [ 112.887781705632733, 2.18157579344745 ], [ 112.896347765253836, 2.197280236085817 ], [ 112.909196854685206, 2.224406091552396 ], [ 112.900630795064103, 2.242965887397816 ], [ 112.900630795064103, 2.262953359846847 ], [ 112.917762914306309, 2.272947096071391 ], [ 112.923473620720188, 2.287223862106373 ], [ 112.940605739962052, 2.294362245123864 ], [ 112.953454829393763, 2.282940832295708 ], [ 112.972014625239012, 2.282940832295708 ], [ 112.99771280410198, 2.281513155692323 ], [ 113.017085582457867, 2.273545927091163 ], [ 113.035645378303343, 2.260696837659623 ], [ 113.059915880562812, 2.260696837659623 ], [ 113.061343557166424, 2.23928168860715 ], [ 113.080617191313763, 2.239995526908842 ], [ 113.118450621306351, 2.243564718417588 ], [ 113.155570212997191, 2.263552190866676 ], [ 113.18269606846377, 2.260696837659623 ], [ 113.184123745067154, 2.273545927091163 ], [ 113.209821923930122, 2.29210572293664 ], [ 113.215532630344228, 2.322086931609988 ], [ 113.224098689965103, 2.3235146082136 ], [ 113.245513839017576, 2.306382488971622 ], [ 113.272639694484155, 2.320659255006603 ], [ 113.272639694484155, 2.283539663315707 ], [ 113.282633430708643, 2.270690573884167 ], [ 113.256935251845562, 2.246420071624641 ], [ 113.258362928449174, 2.2335709821931 ], [ 113.268356664673661, 2.223577245968556 ], [ 113.279778077501646, 2.207872803330133 ], [ 113.298337873347009, 2.205017450123137 ], [ 113.302907147615272, 2.201209844185182 ], [ 113.293390761144593, 2.192614398340704 ], [ 113.301372246571617, 2.183711972287495 ], [ 113.300758286154149, 2.165600139972344 ], [ 113.264073634863053, 2.166470181828629 ], [ 113.251224545431683, 2.14219967956933 ], [ 113.219815660154609, 2.165042505225188 ], [ 113.204111217516243, 2.146482709379768 ], [ 113.189324470384662, 2.141655683691298 ], [ 113.175557685446279, 2.152193415793647 ], [ 113.134068032813019, 2.156083753501672 ], [ 113.138438093755212, 2.150765739190206 ], [ 113.144505359909886, 2.093152810711743 ], [ 113.155570212997191, 2.08223726222235 ], [ 113.175557685446279, 2.062249789773318 ], [ 113.181342984957666, 2.050482561698083 ], [ 113.166607934938554, 2.040045234601217 ], [ 113.173054519321923, 2.031756768965471 ], [ 113.1709056578608, 2.023161323120992 ], [ 113.156170607841688, 2.025924144999574 ], [ 113.152486845336909, 2.004742510597111 ], [ 113.1484318299797, 1.988010606391356 ], [ 113.166991625825176, 1.983727576580918 ], [ 113.168419302428788, 1.965167780735442 ], [ 113.165073033894899, 1.950407013651659 ], [ 113.176985362049663, 1.948035661493464 ], [ 113.188406774877649, 1.933758895458482 ], [ 113.189324470384676, 1.91694617089994 ], [ 113.19554515789514, 1.905205363388518 ], [ 113.212677277137118, 1.893783950560533 ], [ 113.212677277137118, 1.875224154715113 ], [ 113.224098689965103, 1.848098299248591 ], [ 113.179840715256773, 1.845242946041537 ], [ 113.145576476772703, 1.836676886420605 ], [ 113.125589004323842, 1.837390724722354 ], [ 113.105601531874754, 1.838104563024046 ], [ 113.097844368182734, 1.838052257255981 ], [ 113.094180119046882, 1.829538503403114 ], [ 113.082495357746168, 1.833140573916279 ], [ 113.084030258789824, 1.82208928640195 ], [ 113.05701600042147, 1.821475325984487 ], [ 113.055174119169081, 1.815028741601128 ], [ 113.044122831654747, 1.808889137426501 ], [ 113.042894910819825, 1.7883214634415 ], [ 113.021368612268361, 1.790991235108663 ], [ 112.995670433405394, 1.798129618126154 ], [ 112.971399931145925, 1.77528679247024 ], [ 112.95448461070518, 1.767139829039036 ], [ 112.960970642220317, 1.757883637347441 ], [ 112.961032923756861, 1.757759074274347 ], [ 112.961120659600624, 1.757583602586806 ], [ 112.933994804134159, 1.750445219569315 ], [ 112.922573391306173, 1.739023806741329 ], [ 112.93256712753066, 1.721891687499351 ], [ 112.909724301874803, 1.719036334292468 ], [ 112.898302889046704, 1.704759568257487 ], [ 112.891164506029213, 1.683344419205014 ], [ 112.85404491433826, 1.684772095808455 ], [ 112.851189561131264, 1.671923006376915 ], [ 112.895447535839821, 1.664784623359424 ], [ 112.909724301874803, 1.637658767893072 ], [ 112.898302889046704, 1.630520384875581 ], [ 112.909724301874803, 1.607677559219496 ], [ 112.9011582422537, 1.590545439977632 ], [ 112.879743093201228, 1.590545439977632 ], [ 112.858327944148755, 1.569130290925159 ], [ 112.836912795096282, 1.542004435458637 ], [ 112.801220880008827, 1.54485978866569 ], [ 112.785516437370461, 1.551998171683181 ], [ 112.772667347938864, 1.561991907907668 ], [ 112.7441138158689, 1.564847261114551 ], [ 112.715560283798936, 1.564847261114551 ], [ 112.684151398521976, 1.556281201493618 ], [ 112.644461988944727, 1.571985644132042 ], [ 112.601631690839781, 1.574840997339038 ], [ 112.535958567078978, 1.577696350546091 ], [ 112.474568473128556, 1.577696350546091 ], [ 112.460291707093575, 1.5705579675286 ], [ 112.441731911247984, 1.543432112062078 ], [ 112.394618583332544, 1.522016963009605 ], [ 112.361782021452086, 1.512023226785232 ], [ 112.317524046743756, 1.51059555018162 ], [ 112.297536574294668, 1.4920357543362 ], [ 112.287542838070181, 1.467765252076674 ], [ 112.260416982603829, 1.460626869059183 ], [ 112.230435773930253, 1.454916162645304 ], [ 112.210448301481392, 1.447777779627813 ], [ 112.193710776189391, 1.445537616234901 ], [ 112.163729567516043, 1.458386705666442 ], [ 112.14231441846357, 1.461242058873495 ], [ 112.128037652428588, 1.459814382269883 ], [ 112.11090553318661, 1.464097412080321 ], [ 112.095201090548017, 1.454103675856004 ], [ 112.073785941495544, 1.458386705666442 ], [ 112.06379220527117, 1.475518824908477 ], [ 112.046660086029192, 1.476946501511918 ], [ 112.026672613580104, 1.4912232675469 ], [ 112.025244936976719, 1.515493769806369 ] ] ] ] } },
{ "type": "Feature", "properties": { "Id": 221, "NEGERI": "SARAWAK", "KODPAR": "P. 221", "PARLIMEN": "LIMBANG", "KODUNIK": "P. 221", "BILANGAN_P": 43784, "PERATUS_EQ": 2.127 }, "geometry": { "type": "MultiPolygon", "coordinates": [ [ [ [ 115.504108734324802, 3.913698938593048 ], [ 115.495206308271591, 3.906638393792227 ], [ 115.504337659015391, 3.891382609801724 ], [ 115.513510003213966, 3.878952616217879 ], [ 115.493671407227936, 3.855679679142821 ], [ 115.488633216376911, 3.844269281886341 ], [ 115.459903584267479, 3.808097746789458 ], [ 115.448658271479076, 3.807149690195445 ], [ 115.443019672787244, 3.827130519730803 ], [ 115.414777493583969, 3.825288638478415 ], [ 115.39727962168628, 3.820990915556176 ], [ 115.376404967492547, 3.80840472699819 ], [ 115.357679174759937, 3.821297895764907 ], [ 115.334962639313815, 3.83541898536655 ], [ 115.313028994146748, 3.84997998830039 ], [ 115.290450509047758, 3.855065718725357 ], [ 115.277250360072301, 3.888526561477076 ], [ 115.257349606610205, 3.898520992819215 ], [ 115.19651456517596, 3.945317900092378 ], [ 115.17778877244335, 3.970183296999619 ], [ 115.167466562921788, 3.988084080421785 ], [ 115.171689010400314, 4.002741384874753 ], [ 115.171035207851247, 4.026360675197458 ], [ 115.150160553657514, 4.045393448138803 ], [ 115.09602215041491, 4.109817130137117 ], [ 115.068896294948445, 4.126949249378924 ], [ 115.048243124358706, 4.130426965957389 ], [ 115.037487409671371, 4.124093896172099 ], [ 115.010361554204906, 4.135515309000027 ], [ 114.989609904491019, 4.124901322200224 ], [ 114.98316332010765, 4.112315133642238 ], [ 114.97211203259333, 4.112008153433507 ], [ 114.937550047426498, 4.132659955793031 ], [ 114.917562574977524, 4.145509045224571 ], [ 114.865589900163556, 4.142092213889182 ], [ 114.810026482383179, 4.159897065995601 ], [ 114.793031712377115, 4.156113075985786 ], [ 114.794457790585511, 4.170335784754002 ], [ 114.805866417151833, 4.189536139267034 ], [ 114.818701122824677, 4.203758367826367 ], [ 114.830109749390999, 4.220824648248652 ], [ 114.840092297748697, 4.237179465941836 ], [ 114.846509650585176, 4.251400601888179 ], [ 114.859344355808958, 4.279131446718907 ], [ 114.847222689689374, 4.273443068650067 ], [ 114.83581406312328, 4.26135528811443 ], [ 114.813709848645999, 4.249978243541875 ], [ 114.812996809092397, 4.260643976810911 ], [ 114.832248867152998, 4.284108303254015 ], [ 114.839379259093562, 4.295484572478415 ], [ 114.846509651034239, 4.306860841702871 ], [ 114.871466021928541, 4.334589653985972 ], [ 114.876813816333197, 4.370137505818775 ], [ 114.879309453422707, 4.381512582802372 ], [ 114.878596413869218, 4.39857468667293 ], [ 114.885073186219529, 4.421015574845342 ], [ 114.874615278159467, 4.425754713261313 ], [ 114.859403775771739, 4.421015275134152 ], [ 114.837537241145583, 4.421962874176984 ], [ 114.825177895174761, 4.439023899725385 ], [ 114.820424300847208, 4.455136804710378 ], [ 114.820424300847208, 4.472196995218155 ], [ 114.819948941144844, 4.502525658246441 ], [ 114.81947358144248, 4.515794130767119 ], [ 114.821395888115603, 4.54047893853317 ], [ 114.819039887399981, 4.562557040304512 ], [ 114.820256887217397, 4.578888403594647 ], [ 114.813729887364957, 4.595764648060708 ], [ 114.810299886946495, 4.620885589476131 ], [ 114.80368396106735, 4.633230864317284 ], [ 114.801609887620316, 4.652539187521029 ], [ 114.801209886688753, 4.663748717478256 ], [ 114.804135887316875, 4.672603381687964 ], [ 114.802250887677587, 4.679038091082418 ], [ 114.793848887332956, 4.676978078278353 ], [ 114.78832888813406, 4.683597737151501 ], [ 114.780302388069913, 4.693998205775756 ], [ 114.7835778872427, 4.701510926610354 ], [ 114.7860118868781, 4.70515280001905 ], [ 114.781813887977023, 4.719762128640582 ], [ 114.781233887120607, 4.728626742299014 ], [ 114.794933887804632, 4.736666557805847 ], [ 114.802486676574972, 4.738540963705304 ], [ 114.812672265746414, 4.743528618106268 ], [ 114.82586349029782, 4.746726313248189 ], [ 114.843689470149684, 4.782253742415492 ], [ 114.850819862090589, 4.794687912954203 ], [ 114.875063194329755, 4.806766803857158 ], [ 114.897167408807036, 4.818490207903267 ], [ 114.91784554507592, 4.812806524611631 ], [ 114.934245445821034, 4.818845884786413 ], [ 114.944227995076858, 4.813517325760415 ], [ 114.949932307910899, 4.817069847605296 ], [ 114.971382903695826, 4.811919032380445 ], [ 114.975126359554565, 4.819379226023898 ], [ 114.98035531358471, 4.834536164529766 ], [ 114.990408817171669, 4.855787600726728 ], [ 114.985952322657795, 4.870588381441905 ], [ 115.004966700867158, 4.890125197564259 ], [ 115.025019300000167, 4.896608200000117 ], [ 115.025347600000146, 4.88954 ], [ 115.025400500000273, 4.888574000000119 ], [ 115.022409700000253, 4.883391900000163 ], [ 115.0226394, 4.883127799999954 ], [ 115.020836800000097, 4.8793596000001 ], [ 115.019847200000072, 4.878514400000142 ], [ 115.019337300000075, 4.878238800000076 ], [ 115.018659300000081, 4.877417800000217 ], [ 115.017732300000148, 4.876254800000254 ], [ 115.016942700000186, 4.875023300000123 ], [ 115.016659400000322, 4.873107600000083 ], [ 115.016462000000161, 4.871405800000161 ], [ 115.016822500000103, 4.869909100000143 ], [ 115.017028500000151, 4.871097900000052 ], [ 115.017337500000167, 4.872500400000149 ], [ 115.017775200000301, 4.873355600000195 ], [ 115.01828160000025, 4.873860200000195 ], [ 115.0230881, 4.873295800000221 ], [ 115.024487200000181, 4.873518100000126 ], [ 115.025731700000279, 4.873543799999936 ], [ 115.027053500000079, 4.873757599999863 ], [ 115.028049200000055, 4.873629300000118 ], [ 115.028701500000352, 4.873483900000167 ], [ 115.029104900000334, 4.873158900000249 ], [ 115.024671900000158, 4.8537758 ], [ 115.02344, 4.852000800000212 ], [ 115.022135400000252, 4.849580500000172 ], [ 115.021920800000089, 4.847485200000165 ], [ 115.022650400000089, 4.845723400000225 ], [ 115.023036600000069, 4.843029400000091 ], [ 115.023676500000079, 4.841504100000179 ], [ 115.023852000000147, 4.840643300000181 ], [ 115.023774800000183, 4.840113000000201 ], [ 115.024856300000351, 4.839180800000179 ], [ 115.025439900000151, 4.838197300000161 ], [ 115.025611600000161, 4.837111099999959 ], [ 115.025199600000178, 4.835426300000165 ], [ 115.025800400000094, 4.8338526 ], [ 115.026186600000074, 4.833425000000148 ], [ 115.02611800000011, 4.831765800000198 ], [ 115.02560300000016, 4.829986800000256 ], [ 115.024787600000195, 4.829345400000136 ], [ 115.024104, 4.829031000000214 ], [ 115.023783400000184, 4.828883600000097 ], [ 115.022950800000217, 4.828875 ], [ 115.022195499999953, 4.827104600000155 ], [ 115.022023800000284, 4.825000700000146 ], [ 115.021339100000091, 4.823740499999985 ], [ 115.021452800000134, 4.822987100000205 ], [ 115.021780700000249, 4.822653600000137 ], [ 115.022251100000062, 4.822679599999958 ], [ 115.023686400000202, 4.82223990000017 ], [ 115.022335400000316, 4.821534700000086 ], [ 115.022466000000122, 4.821082700000204 ], [ 115.022547000000259, 4.820710800000143 ], [ 115.022732800000085, 4.819524400000205 ], [ 115.02232790000005, 4.818593600000099 ], [ 115.021450500000128, 4.817621900000177 ], [ 115.020762100000184, 4.817055200000198 ], [ 115.021198300000378, 4.816349600000251 ], [ 115.021176300000093, 4.81513770000015 ], [ 115.020783600000186, 4.814140000000236 ], [ 115.020766800000047, 4.812479600000131 ], [ 115.0213973, 4.812470900000108 ], [ 115.021577500000149, 4.811401800000112 ], [ 115.021567400000208, 4.810156400000096 ], [ 115.021940200000131, 4.809841100000142 ], [ 115.022169699999949, 4.809888000000115 ], [ 115.022927600000116, 4.810162400000252 ], [ 115.023412800000074, 4.809495500000139 ], [ 115.02316940000037, 4.809246300000154 ], [ 115.02295330000004, 4.807881000000123 ], [ 115.023283700000093, 4.807234099999903 ], [ 115.023613600000203, 4.806876700000203 ], [ 115.024464000000194, 4.8068588000001 ], [ 115.025465600000075, 4.807219500000144 ], [ 115.02649710000037, 4.806786100000124 ], [ 115.026916200000073, 4.807099700000151 ], [ 115.028401100000337, 4.807364900000096 ], [ 115.028751500000226, 4.807058500000153 ], [ 115.028438100000244, 4.806731300000251 ], [ 115.028065, 4.806493400000079 ], [ 115.027811300000053, 4.80572010000003 ], [ 115.027363600000172, 4.805155000000184 ], [ 115.025125000000344, 4.803861100000063 ], [ 115.024080300000264, 4.803162200000145 ], [ 115.023438600000077, 4.801987300000121 ], [ 115.022856500000103, 4.801199100000076 ], [ 115.021801600000344, 4.801009099999987 ], [ 115.021320300000184, 4.801206600000171 ], [ 115.020598299999961, 4.801728600000217 ], [ 115.020017800000232, 4.802165900000148 ], [ 115.019593100000066, 4.802292900000168 ], [ 115.018573800000127, 4.802264600000115 ], [ 115.018064200000254, 4.801813200000083 ], [ 115.018205800000374, 4.80106550000022 ], [ 115.018927800000029, 4.800966800000253 ], [ 115.01895610000031, 4.801361800000223 ], [ 115.0192839, 4.801486800000077 ], [ 115.019593100000066, 4.801404100000184 ], [ 115.019975400000021, 4.801093800000103 ], [ 115.020782300000064, 4.800585900000158 ], [ 115.021688300000392, 4.800402500000246 ], [ 115.022212100000388, 4.800388400000145 ], [ 115.023020700000188, 4.800767800000131 ], [ 115.023737, 4.801585800000112 ], [ 115.024722000000224, 4.802835 ], [ 115.025169800000185, 4.80280520000008 ], [ 115.02602040000022, 4.802180599999929 ], [ 115.027557600000364, 4.801556000000119 ], [ 115.028781400000184, 4.801184199999909 ], [ 115.03021410000008, 4.80133300000017 ], [ 115.030930400000216, 4.801927800000158 ], [ 115.031437800000276, 4.801675000000216 ], [ 115.031691500000306, 4.8007530000001 ], [ 115.032213900000329, 4.799057600000197 ], [ 115.032736200000386, 4.797659700000168 ], [ 115.032542200000194, 4.797228400000165 ], [ 115.031005000000164, 4.79639560000021 ], [ 115.0303782000002, 4.795235600000126 ], [ 115.031363199999987, 4.795860199999936 ], [ 115.03243770000006, 4.796202200000153 ], [ 115.034004800000389, 4.795696600000099 ], [ 115.036437400000068, 4.793793000000164 ], [ 115.038780400000292, 4.792677600000218 ], [ 115.040914600000065, 4.791710900000169 ], [ 115.04227270000024, 4.791264800000192 ], [ 115.044720200000256, 4.791235000000256 ], [ 115.046212600000104, 4.791651500000228 ], [ 115.047809500000199, 4.792038100000241 ], [ 115.049018300000057, 4.792870900000253 ], [ 115.050391300000115, 4.793971500000168 ], [ 115.050988300000313, 4.794060700000102 ], [ 115.051943400000141, 4.793584799999962 ], [ 115.053827400000387, 4.790608300000088 ], [ 115.032707885973196, 4.771353931315048 ], [ 115.034419180182795, 4.761311616941725 ], [ 115.023390841019136, 4.751647970346596 ], [ 115.033278317076793, 4.747100499232999 ], [ 115.026623284838251, 4.739710530690445 ], [ 115.036510761794716, 4.725499090883091 ], [ 115.047539100958375, 4.730425926479995 ], [ 115.036891049197038, 4.717351004482111 ], [ 115.028144435346576, 4.701622917949919 ], [ 115.043355937734418, 4.693474720473887 ], [ 115.034419180182795, 4.693474616169453 ], [ 115.039933349315334, 4.684947208434323 ], [ 115.044496800840079, 4.673766638402356 ], [ 115.041264356122269, 4.669028993713368 ], [ 115.04601795045005, 4.654437016277768 ], [ 115.052102551584994, 4.650646899835749 ], [ 115.041272279263239, 4.63509888787604 ], [ 115.046501233293156, 4.626570758802188 ], [ 115.043164910252386, 4.618753517713221 ], [ 115.043170355707161, 4.618752113137418 ], [ 115.04296900580789, 4.618294499730155 ], [ 115.042695702671722, 4.617673356238868 ], [ 115.051987304920317, 4.60441958131895 ], [ 115.062226471412259, 4.590347768597155 ], [ 115.069977512975925, 4.574456620442106 ], [ 115.071865636955749, 4.559114129081365 ], [ 115.074519888227428, 4.564658064561115 ], [ 115.0703081379163, 4.554839278821987 ], [ 115.075933137595484, 4.543830874249522 ], [ 115.083116887667302, 4.53599142248089 ], [ 115.085098554116144, 4.52660972829068 ], [ 115.081512513637904, 4.515982183714755 ], [ 115.083432512539275, 4.507330667511212 ], [ 115.088319388109085, 4.500499737648738 ], [ 115.09501751342998, 4.491000806969907 ], [ 115.091638346876834, 4.479896748182455 ], [ 115.097236887577537, 4.468302947761742 ], [ 115.096843832419836, 4.45696698401116 ], [ 115.094032409211195, 4.4443821472953 ], [ 115.091446888041901, 4.435255374908024 ], [ 115.099548554637636, 4.423692983727904 ], [ 115.104836888206364, 4.41656497639309 ], [ 115.102556887658352, 4.405197869302128 ], [ 115.096751331996757, 4.398061813863308 ], [ 115.094225846136283, 4.393853188704895 ], [ 115.101361738461492, 4.382628964872538 ], [ 115.110393568313157, 4.370780167361374 ], [ 115.126555790105385, 4.371254315799263 ], [ 115.141291932790637, 4.374098239880198 ], [ 115.145094808612157, 4.383577379649125 ], [ 115.154601997267719, 4.38405144138386 ], [ 115.158880232791489, 4.376942186466863 ], [ 115.173616375476968, 4.368411101616402 ], [ 115.184549643239166, 4.371728951498369 ], [ 115.198810427120634, 4.361301939862528 ], [ 115.209743694882832, 4.358458267021149 ], [ 115.223053759359914, 4.35940635713763 ], [ 115.237789902045392, 4.36888581216283 ], [ 115.248247810105454, 4.360354584824734 ], [ 115.246346372194466, 4.342817591528274 ], [ 115.253952123837621, 4.336655944245933 ], [ 115.265836110106079, 4.338552007854787 ], [ 115.27344186174912, 4.346135744843593 ], [ 115.283899769809068, 4.335708329745444 ], [ 115.292931598762152, 4.33950028399579 ], [ 115.2967344745839, 4.332864580765886 ], [ 115.30243878831584, 4.315327029120795 ], [ 115.314798134286661, 4.30442520363971 ], [ 115.324698819172454, 4.293768948159993 ], [ 115.31106890684373, 4.279537698418039 ], [ 115.306790672218312, 4.268161136594244 ], [ 115.291103810128334, 4.256784269388447 ], [ 115.288251652813074, 4.238296763363337 ], [ 115.30605320763118, 4.232993894872209 ], [ 115.314619267252283, 4.221572482044223 ], [ 115.327944248884819, 4.213958206825566 ], [ 115.340317446115364, 4.201585009595192 ], [ 115.347931721333907, 4.19777787198592 ], [ 115.359353134162006, 4.185404674755603 ], [ 115.367919193782768, 4.181597537146331 ], [ 115.378388822208649, 4.190163596767263 ], [ 115.388858450634075, 4.186356459157992 ], [ 115.405038785473835, 4.177790399536889 ], [ 115.418363767106371, 4.186356459157992 ], [ 115.429785179934356, 4.184452890353157 ], [ 115.444061945969338, 4.180645752743942 ], [ 115.459290496406879, 4.164465417904296 ], [ 115.468808340430201, 4.145429729857653 ], [ 115.477374400050962, 4.136863670236551 ], [ 115.481852669191753, 4.130887436270487 ], [ 115.481181537660405, 4.123538688604015 ], [ 115.487844028476843, 4.114972628983082 ], [ 115.495458303695386, 4.10640656936198 ], [ 115.502120794511825, 4.094985156534051 ], [ 115.510708808812481, 4.075170528385746 ], [ 115.503648264011659, 4.065654141915073 ], [ 115.496741209315203, 4.053988893983282 ], [ 115.494592347854081, 4.042937606468953 ], [ 115.499657521298147, 4.036491022085595 ], [ 115.490294624931849, 4.032653769476452 ], [ 115.485229451487783, 4.020221071022832 ], [ 115.485536431696517, 4.003644139751339 ], [ 115.497361872500164, 3.998854931898393 ], [ 115.50783150092559, 4.000758500703284 ], [ 115.51608096246531, 3.995662654324323 ], [ 115.504722694742256, 3.988295129314771 ], [ 115.503494773907335, 3.982462505348875 ], [ 115.5080994770383, 3.973713569400031 ], [ 115.50502967495099, 3.966499534494844 ], [ 115.50783150092559, 3.959831771402946 ], [ 115.516387942674044, 3.948080721970962 ], [ 115.511322769229977, 3.938871315709021 ], [ 115.508713437455768, 3.932424731325662 ], [ 115.519764724970074, 3.925057206316108 ], [ 115.504108734324802, 3.913698938593048 ] ] ] ] } },
{ "type": "Feature", "properties": { "Id": 222, "NEGERI": "SARAWAK", "KODPAR": "P. 222", "PARLIMEN": "LAWAS", "KODUNIK": "P. 222", "BILANGAN_P": 35288, "PERATUS_EQ": 1.714 }, "geometry": { "type": "MultiPolygon", "coordinates": [ [ [ [ 115.592684391936075, 4.993201081435487 ], [ 115.596249587906456, 4.991721331825913 ], [ 115.602043031582895, 4.986838063346494 ], [ 115.605608227553262, 4.982546657174349 ], [ 115.60976762315147, 4.979439088834981 ], [ 115.612590069587071, 4.976479473127664 ], [ 115.620611760071228, 4.972336034305458 ], [ 115.621057409792144, 4.969080388989416 ], [ 115.623731306320749, 4.961681153294099 ], [ 115.626405203747666, 4.952801955084443 ], [ 115.625365355297291, 4.94407058181305 ], [ 115.623879856227688, 4.938150930632014 ], [ 115.624771155669436, 4.934155158016841 ], [ 115.625469352359403, 4.928242736351504 ], [ 115.631835105516842, 4.930455106012432 ], [ 115.641817653874583, 4.918023672027686 ], [ 115.652513241785684, 4.897067223056134 ], [ 115.650374124023799, 4.885345433552862 ], [ 115.648591526038615, 4.866874333352709 ], [ 115.650730643800458, 4.857993848904196 ], [ 115.662139270366708, 4.834548865551771 ], [ 115.663208828798503, 4.826023178043676 ], [ 115.667487064322287, 4.802576992597251 ], [ 115.665347946560374, 4.791564059555715 ], [ 115.661426230813333, 4.774156148136309 ], [ 115.657147996187859, 4.770248147815638 ], [ 115.649661084470424, 4.766340087805205 ], [ 115.640748094544492, 4.763853079405628 ], [ 115.634330742157147, 4.756747517421931 ], [ 115.630409026410078, 4.738272853961562 ], [ 115.622922115590953, 4.727969396648215 ], [ 115.616504762305269, 4.721574049397971 ], [ 115.613652605888305, 4.714823385206123 ], [ 115.613296086111646, 4.695637015456999 ], [ 115.606878733724301, 4.67751599342755 ], [ 115.597609224021681, 4.660105115648337 ], [ 115.587983195440628, 4.651221788917348 ], [ 115.574078931335848, 4.639495609828261 ], [ 115.561600745439577, 4.621373049662772 ], [ 115.558392069245883, 4.619596279411051 ], [ 115.558196403600604, 4.613659141530619 ], [ 115.553977588937926, 4.600143817616323 ], [ 115.558255823563371, 4.586877087995641 ], [ 115.56918909132564, 4.573136359015163 ], [ 115.577270201772578, 4.567450502724516 ], [ 115.577745561474899, 4.555130793427698 ], [ 115.574893404159596, 4.542810831569826 ], [ 115.591055625951839, 4.516748931075376 ], [ 115.586302031624115, 4.500163413953168 ], [ 115.57489340415961, 4.492581228517449 ], [ 115.564910855801912, 4.484525093139889 ], [ 115.57061516953415, 4.475521267862727 ], [ 115.576319483266417, 4.464621736465239 ], [ 115.588678828338828, 4.448509130621192 ], [ 115.597235298488044, 4.426235135697833 ], [ 115.599612096101097, 4.412491233728602 ], [ 115.598661377594865, 4.397325208087969 ], [ 115.592481704160321, 4.381684855419544 ], [ 115.59200634535641, 4.371257812001453 ], [ 115.614823598488812, 4.355380260112412 ], [ 115.61529895819109, 4.344952858075623 ], [ 115.623855428340349, 4.349218733935048 ], [ 115.631461179983319, 4.35443251550419 ], [ 115.639542290430313, 4.351114809480884 ], [ 115.664260982371744, 4.333103925054179 ], [ 115.668539216997218, 4.317936334053929 ], [ 115.669014576699468, 4.303716397279724 ], [ 115.667588498491043, 4.280489896957755 ], [ 115.645721962966519, 4.243989439785524 ], [ 115.64524660416258, 4.232612389066733 ], [ 115.646197322668797, 4.199428387144438 ], [ 115.638116212221831, 4.180939435215351 ], [ 115.639066930728077, 4.16766512258453 ], [ 115.654278433115792, 4.151072077187174 ], [ 115.649524838788068, 4.133530228094622 ], [ 115.651049676004291, 4.129906491255044 ], [ 115.654001140255559, 4.123692481801443 ], [ 115.67111408055402, 4.124403851120646 ], [ 115.679129790448314, 4.110553979949026 ], [ 115.679670550703236, 4.108758054418818 ], [ 115.682522708018539, 4.08102141609322 ], [ 115.653290430817492, 4.038463538945848 ], [ 115.647579724403386, 3.995633240840903 ], [ 115.634730634972016, 3.961369002356889 ], [ 115.620453868937034, 3.941381529907858 ], [ 115.589044983660074, 3.949947589528904 ], [ 115.577623570832088, 3.939953853304416 ], [ 115.565727752965927, 3.912797758854197 ], [ 115.548006904173363, 3.932117751116929 ], [ 115.519764724970074, 3.925057206316108 ], [ 115.508713437455768, 3.932424731325662 ], [ 115.511322769229977, 3.938871315709021 ], [ 115.516387942674044, 3.948080721970962 ], [ 115.50783150092559, 3.959831771402946 ], [ 115.50502967495099, 3.966499534494844 ], [ 115.5080994770383, 3.973713569400031 ], [ 115.503494773907335, 3.982462505348875 ], [ 115.504722694742256, 3.988295129314771 ], [ 115.51608096246531, 3.995662654324323 ], [ 115.50783150092559, 4.000758500703284 ], [ 115.497361872500164, 3.998854931898393 ], [ 115.485536431696517, 4.003644139751339 ], [ 115.485229451487783, 4.020221071022832 ], [ 115.490294624931849, 4.032653769476452 ], [ 115.499657521298147, 4.036491022085595 ], [ 115.494592347854081, 4.042937606468953 ], [ 115.496741209315203, 4.053988893983282 ], [ 115.503648264011659, 4.065654141915073 ], [ 115.510708808812481, 4.075170528385746 ], [ 115.502120794511825, 4.094985156534051 ], [ 115.495458303695386, 4.10640656936198 ], [ 115.487844028476843, 4.114972628983082 ], [ 115.481181537660405, 4.123538688604015 ], [ 115.481852669191753, 4.130887436270487 ], [ 115.477374400050962, 4.136863670236551 ], [ 115.468808340430201, 4.145429729857653 ], [ 115.459290496406879, 4.164465417904296 ], [ 115.444061945969338, 4.180645752743942 ], [ 115.429785179934356, 4.184452890353157 ], [ 115.418363767106371, 4.186356459157992 ], [ 115.405038785473835, 4.177790399536889 ], [ 115.388858450634075, 4.186356459157992 ], [ 115.378388822208649, 4.190163596767263 ], [ 115.367919193782768, 4.181597537146331 ], [ 115.359353134162006, 4.185404674755603 ], [ 115.347931721333907, 4.19777787198592 ], [ 115.340317446115364, 4.201585009595192 ], [ 115.327944248884819, 4.213958206825566 ], [ 115.314619267252283, 4.221572482044223 ], [ 115.30605320763118, 4.232993894872209 ], [ 115.288251652813074, 4.238296763363337 ], [ 115.291103810128334, 4.256784269388447 ], [ 115.306790672218312, 4.268161136594244 ], [ 115.31106890684373, 4.279537698418039 ], [ 115.324698819172454, 4.293768948159993 ], [ 115.340541193112927, 4.311770562606512 ], [ 115.355277335798405, 4.330730393555712 ], [ 115.33911511490453, 4.355851011038055 ], [ 115.332460082665989, 4.367700074863819 ], [ 115.32556737057655, 4.384122591761297 ], [ 115.31487178266525, 4.38732163232919 ], [ 115.299184920575385, 4.395141570012356 ], [ 115.290628450426084, 4.40864875786059 ], [ 115.284211098038668, 4.419667601685489 ], [ 115.270663352812335, 4.43424059714016 ], [ 115.268167716172115, 4.44881342975475 ], [ 115.270663352812335, 4.464096878081023 ], [ 115.269237274603938, 4.492530272166448 ], [ 115.268167716172115, 4.507101946309149 ], [ 115.262106882663034, 4.533756635097745 ], [ 115.263532961769897, 4.546550581709369 ], [ 115.267098156841939, 4.55756743535369 ], [ 115.281002420946834, 4.578534605062544 ], [ 115.281715460500095, 4.588840201685912 ], [ 115.284567616917229, 4.607674196950427 ], [ 115.284211098038668, 4.620111437910225 ], [ 115.276367666544502, 4.632548370644031 ], [ 115.264959039978294, 4.640365681794947 ], [ 115.24855913833494, 4.644984847147612 ], [ 115.2514112956502, 4.654578834461688 ], [ 115.257472128260929, 4.662040776068523 ], [ 115.262106882663034, 4.675543061163353 ], [ 115.252115880260249, 4.687568398435587 ], [ 115.241420293247415, 4.693963862988937 ], [ 115.237855097277134, 4.701306832572243 ], [ 115.253066599664749, 4.717413985298322 ], [ 115.254017318171009, 4.725704203618477 ], [ 115.24118261339629, 4.736362744437145 ], [ 115.227397189217072, 4.754363549386198 ], [ 115.234814379091972, 4.769861186972207 ], [ 115.237836539199407, 4.790563573668692 ], [ 115.232125832785528, 4.807695692910727 ], [ 115.232405687082633, 4.807863605488876 ], [ 115.207332660677707, 4.827441658242094 ], [ 115.196637072766521, 4.83425024736357 ], [ 115.183416137335485, 4.850235495497998 ], [ 115.184795003685963, 4.86632524881702 ], [ 115.170296539953142, 4.869877254036055 ], [ 115.152945919803756, 4.869166617492851 ], [ 115.151044481892995, 4.879112590887189 ], [ 115.156035756071674, 4.89687298412133 ], [ 115.153896639208142, 4.908712916714819 ], [ 115.162690789208682, 4.914869713954317 ], [ 115.182655885923964, 4.926946371180748 ], [ 115.198342748013943, 4.925052227464164 ], [ 115.194064512490058, 4.945179115029646 ], [ 115.18717180040062, 4.956307781586474 ], [ 115.195490591596808, 4.96601577917346 ], [ 115.220684642342349, 4.966016073104925 ], [ 115.236656720433416, 4.953609063696263 ], [ 115.245399302644842, 4.926172891853923 ], [ 115.250218306901616, 4.921071888596089 ], [ 115.274313327287473, 4.914920837209081 ], [ 115.295396469900538, 4.910270039261263 ], [ 115.310606451440322, 4.898867514831693 ], [ 115.323949885635102, 4.892325217416442 ], [ 115.365647657219597, 4.901617974807778 ], [ 115.382664764345236, 4.910920353007214 ], [ 115.391399209617134, 4.925173538827266 ], [ 115.387634362176414, 4.945727396429845 ], [ 115.404199688579297, 4.949328206738073 ], [ 115.407060972777842, 4.954279057775331 ], [ 115.40931988088289, 4.961330180789064 ], [ 115.408717504789308, 4.966280898788335 ], [ 115.409169286410332, 4.970781530676927 ], [ 115.412632945804134, 4.975132147203928 ], [ 115.418807294923965, 4.979782803194007 ], [ 115.424379267950229, 4.977832626542667 ], [ 115.431306586737847, 4.978732818997035 ], [ 115.437330341385163, 4.980683128259771 ], [ 115.440492812732202, 4.980683165154562 ], [ 115.445763598610014, 4.983833597880883 ], [ 115.451937947729846, 4.986533976472881 ], [ 115.45404626136235, 4.984583780334066 ], [ 115.451335571636307, 4.978883071595487 ], [ 115.45073319644105, 4.976107716810382 ], [ 115.452066696073004, 4.973245694514471 ], [ 115.457390721504453, 4.969078526662249 ], [ 115.464806329446219, 4.967184409672662 ], [ 115.47735581911823, 4.963585552032145 ], [ 115.48990530789186, 4.96320685537802 ], [ 115.504736522877067, 4.961312807152153 ], [ 115.513210233035835, 4.963159725313071 ], [ 115.52093482460441, 4.966119524806692 ], [ 115.530590563166797, 4.970263208080212 ], [ 115.536086907029343, 4.973222950567989 ], [ 115.544702797141355, 4.975738766212912 ], [ 115.551536089268168, 4.979290427229889 ], [ 115.561191828728909, 4.983138064859039 ], [ 115.569362069120018, 4.987133643144917 ], [ 115.572927265090385, 4.992312976445809 ], [ 115.57723520969725, 4.993792817459155 ], [ 115.579711006876252, 4.99109324437284 ], [ 115.580503305853696, 4.990093372881073 ], [ 115.586296749530149, 4.99009344046898 ], [ 115.592684391936075, 4.993201081435487 ] ] ] ] } },
{ "type": "Feature", "properties": { "Id": 218, "NEGERI": "SARAWAK", "KODPAR": "P. 218", "PARLIMEN": "SIBUTI", "KODUNIK": "P. 218", "BILANGAN_P": 60736, "PERATUS_EQ": 2.951 }, "geometry": { "type": "MultiPolygon", "coordinates": [ [ [ [ 114.024627200530063, 3.745599974069137 ], [ 114.018202655814321, 3.7348923995429 ], [ 114.011778111098579, 3.724184825016664 ], [ 113.991790638649718, 3.728467854827329 ], [ 113.964718105115679, 3.745588901786654 ], [ 113.948141173844178, 3.754184347631135 ], [ 113.930400544699296, 3.757021386897293 ], [ 113.916123778664314, 3.765587446518168 ], [ 113.889507953976477, 3.786724249756669 ], [ 113.879004186973248, 3.789857948777694 ], [ 113.849907507050133, 3.79102197267891 ], [ 113.836173888868302, 3.795568655191573 ], [ 113.818902505968254, 3.79531969560115 ], [ 113.799424422491001, 3.772925585304175 ], [ 113.779066824728375, 3.76701512312161 ], [ 113.767022850692641, 3.768919397650246 ], [ 113.754796322468906, 3.77986421255315 ], [ 113.733562007938716, 3.791290580362122 ], [ 113.716064136041055, 3.779778822534705 ], [ 113.715178296721888, 3.800827264014629 ], [ 113.709467590307895, 3.80796564703212 ], [ 113.686624764651924, 3.797971910807632 ], [ 113.678058705031049, 3.806537970428508 ], [ 113.660926585789184, 3.827953119480981 ], [ 113.651291312000893, 3.83553410294497 ], [ 113.652212252627081, 3.842287667537062 ], [ 113.667868243272395, 3.84812029150296 ], [ 113.685673095378817, 3.872678708201476 ], [ 113.67247294640336, 3.887720738429317 ], [ 113.670324084942237, 3.907674451996861 ], [ 113.662342599515227, 3.907674451996861 ], [ 113.653133193253282, 3.899692966569843 ], [ 113.638014417971164, 3.908250039888672 ], [ 113.695366989611557, 3.958736520621983 ], [ 113.708677054088298, 3.976282313592151 ], [ 113.732445026625442, 4.000466497858383 ], [ 113.763818750805285, 4.035555952441257 ], [ 113.788893962523503, 4.074041832883779 ], [ 113.800183749164148, 4.099526775124218 ], [ 113.812275705302227, 4.12055126470176 ], [ 113.824872730674883, 4.135011673241536 ], [ 113.837469756047767, 4.149472081781425 ], [ 113.864565245602193, 4.17554735893475 ], [ 113.885718741124037, 4.201621247610433 ], [ 113.906872236645995, 4.227695136285945 ], [ 113.926837334259744, 4.256611877640808 ], [ 113.939566577332357, 4.276426184456796 ], [ 113.941924824615029, 4.273805909698274 ], [ 113.943306235554317, 4.268510501097662 ], [ 113.970069322575611, 4.315452106111199 ], [ 113.975539157471104, 4.312485415998393 ], [ 113.981908996804663, 4.313655778044204 ], [ 113.994418440308053, 4.338041518375258 ], [ 113.991425383272926, 4.341495045723483 ], [ 113.991425383272926, 4.348402100419933 ], [ 113.997258007241243, 4.356939987475339 ], [ 114.002476670789676, 4.351107363509441 ], [ 114.00278365099841, 4.34466077912608 ], [ 114.008309294755577, 4.339442115577646 ], [ 114.006467413503188, 4.321944243679953 ], [ 114.016739287295877, 4.318839890752088 ], [ 114.022737364563511, 4.332515874618098 ], [ 114.043458528652863, 4.323766938669261 ], [ 114.047142291157627, 4.314557532407329 ], [ 114.054049345854082, 4.311794710528749 ], [ 114.065330868524953, 4.315248237876974 ], [ 114.070277159927059, 4.295045280693785 ], [ 114.029644419259952, 4.302009716375448 ], [ 114.029989771994792, 4.28773513666945 ], [ 114.02941418410343, 4.276568731576856 ], [ 114.032205783833774, 4.271250670635482 ], [ 114.038163120052261, 4.255156862017861 ], [ 114.048063231783843, 4.245486985442831 ], [ 114.052898170071359, 4.242033458094606 ], [ 114.063028516959477, 4.240306694420495 ], [ 114.056927285310948, 4.231212405736836 ], [ 114.049751622934309, 4.214194190415215 ], [ 114.053358640384403, 4.201281835385554 ], [ 114.043343411074545, 4.196446897098039 ], [ 114.040005001304607, 4.19149684123225 ], [ 114.031486300512313, 4.187007255679558 ], [ 114.029183948946823, 4.182747905283414 ], [ 114.022046659093832, 4.179985083404834 ], [ 114.016290780180128, 4.162947681820257 ], [ 114.013067487988465, 4.154659216184518 ], [ 113.999713848908655, 4.139924166165424 ], [ 113.99303702936875, 4.137161344286844 ], [ 113.985899739515759, 4.126570527085621 ], [ 113.968056514883244, 4.107576126670384 ], [ 113.968286750039795, 4.101820247756677 ], [ 113.965293693004668, 4.096524839156065 ], [ 113.96840186761807, 4.096064368842969 ], [ 113.974157746531773, 4.094337605168856 ], [ 113.976344980518988, 4.091805018446824 ], [ 113.98164038911959, 4.089157314146519 ], [ 113.986590444985396, 4.089157314146518 ], [ 113.988892796550871, 4.083171200076261 ], [ 113.989123031707422, 4.072810618031586 ], [ 113.994134407740489, 4.071375946145736 ], [ 114.002937141100304, 4.049787102376753 ], [ 113.995799851247313, 4.04195910705411 ], [ 113.995109145780106, 4.008363960460779 ], [ 113.998792908282439, 3.991998078083122 ], [ 114.008577902435732, 3.989350373782817 ], [ 114.015287952167938, 3.984491898961684 ], [ 114.014909369243284, 3.973675196874123 ], [ 114.017058230704407, 3.958479676541917 ], [ 114.025193206235784, 3.947428389027584 ], [ 114.025193206235784, 3.923637422850897 ], [ 114.01951407237425, 3.908748882727421 ], [ 114.04054221667235, 3.904604649909547 ], [ 114.040695706776717, 3.8904835603079 ], [ 114.048862010874586, 3.882208796182226 ], [ 114.051900484395418, 3.878357842063008 ], [ 114.080142663598707, 3.892018461351558 ], [ 114.089659050069386, 3.872525218097111 ], [ 114.073082118797885, 3.870836826949088 ], [ 114.058193578674391, 3.863776282148264 ], [ 114.053243522806113, 3.855123277515143 ], [ 114.049329525144785, 3.842230108748436 ], [ 114.051479417980886, 3.820231768517033 ], [ 114.048869054831684, 3.809076246205477 ], [ 114.043573646231081, 3.801018015726286 ], [ 114.048408584518597, 3.791117903994707 ], [ 114.038968943100116, 3.762338509426167 ], [ 114.042422470448329, 3.748754635189815 ], [ 114.038903966565044, 3.745599974069137 ], [ 114.024627200530063, 3.745599974069137 ] ] ] ] } },
{ "type": "Feature", "properties": { "Id": 219, "NEGERI": "SARAWAK", "KODPAR": "P. 219", "PARLIMEN": "MIRI", "KODUNIK": "P. 219", "BILANGAN_P": 150924, "PERATUS_EQ": 7.333 }, "geometry": { "type": "MultiPolygon", "coordinates": [ [ [ [ 113.994418440308053, 4.338041518375258 ], [ 113.981908996804663, 4.313655778044204 ], [ 113.975539157471104, 4.312485415998393 ], [ 113.970069322575611, 4.315452106111199 ], [ 113.943306235554317, 4.268510501097662 ], [ 113.941924824615029, 4.273805909698274 ], [ 113.939566577332357, 4.276426184456796 ], [ 113.946327072171243, 4.286949553222826 ], [ 113.952982104409784, 4.305435916831982 ], [ 113.957710682715415, 4.31580905459837 ], [ 113.965494203504591, 4.324017522827717 ], [ 113.96921983319487, 4.341002005269843 ], [ 113.968744473492507, 4.347163700327542 ], [ 113.963277839611465, 4.354273227897579 ], [ 113.965848339152444, 4.368948163131108 ], [ 113.971552652884725, 4.380417999136341 ], [ 113.979063332227952, 4.387242988866888 ], [ 113.983563591764209, 4.400220618887829 ], [ 113.99604177766048, 4.435646998005552 ], [ 113.999109798341919, 4.456377570026518 ], [ 113.996860642347656, 4.474150322720391 ], [ 113.995416125988896, 4.489555437647323 ], [ 113.994497857554734, 4.499002050827642 ], [ 113.985228348750297, 4.524353890822567 ], [ 113.974532760839338, 4.558707772597415 ], [ 113.966689329345172, 4.587848051195579 ], [ 113.969303806809194, 4.601114842319873 ], [ 114.004005047108421, 4.596614053427572 ], [ 114.065088736510461, 4.588796833193044 ], [ 114.084103114719483, 4.586664877638043 ], [ 114.092897264719909, 4.581926781405173 ], [ 114.133540498602656, 4.576715201779336 ], [ 114.164438863080136, 4.572451126365706 ], [ 114.174717178151923, 4.56377687502146 ], [ 114.181599622581857, 4.551469508495555 ], [ 114.163641280371081, 4.540418220981235 ], [ 114.160696678148611, 4.515740288984546 ], [ 114.15965053766017, 4.489862417856055 ], [ 114.164265869657356, 4.477668912891261 ], [ 114.183288013732493, 4.468373803244853 ], [ 114.188060479715659, 4.446735919815467 ], [ 114.208767371054563, 4.433358873186262 ], [ 114.206618509596083, 4.41680112817797 ], [ 114.206925489802174, 4.399284070017111 ], [ 114.217803742288538, 4.390818586178455 ], [ 114.225804772639137, 4.383167609058728 ], [ 114.222888460658851, 4.375665780207956 ], [ 114.208767371057192, 4.375665780207956 ], [ 114.212451133559327, 4.357611506681864 ], [ 114.199097494479531, 4.3458695136979 ], [ 114.180448446799119, 4.34448810275861 ], [ 114.17883680070328, 4.333897285557386 ], [ 114.160878458495091, 4.332688550985552 ], [ 114.14430152722359, 4.321944243679952 ], [ 114.117594249061412, 4.325839055078195 ], [ 114.102859199042328, 4.325378584765098 ], [ 114.097563790441711, 4.291073546439397 ], [ 114.090886970901806, 4.278180377672691 ], [ 114.078914742761299, 4.274266380011369 ], [ 114.063028516959477, 4.240306694420495 ], [ 114.052898170071359, 4.242033458094606 ], [ 114.048063231783843, 4.245486985442831 ], [ 114.038163120052261, 4.255156862017861 ], [ 114.032205783833774, 4.271250670635482 ], [ 114.02941418410343, 4.276568731576856 ], [ 114.029989771994792, 4.28773513666945 ], [ 114.029644419259952, 4.302009716375448 ], [ 114.070277159927059, 4.295045280693785 ], [ 114.065330868524953, 4.315248237876974 ], [ 114.054049345854082, 4.311794710528749 ], [ 114.047142291157627, 4.314557532407329 ], [ 114.043458528652863, 4.323766938669261 ], [ 114.022737364563511, 4.332515874618098 ], [ 114.016739287295877, 4.318839890752088 ], [ 114.006467413503188, 4.321944243679953 ], [ 114.008309294755577, 4.339442115577646 ], [ 114.00278365099841, 4.34466077912608 ], [ 114.002476670789676, 4.351107363509441 ], [ 113.997258007241243, 4.356939987475339 ], [ 113.991425383272926, 4.348402100419933 ], [ 113.991425383272926, 4.341495045723483 ], [ 113.994418440308053, 4.338041518375258 ] ] ] ] } }
]
}
