{
"type": "FeatureCollection",
"name": "Sarawak_Parliament_1st_Draft_2026_Redelineation_Low_Resolution",
"crs": { "type": "name", "properties": { "name": "urn:ogc:def:crs:OGC:1.3:CRS84" } },
"features": [
{ "type": "Feature", "properties": { "Id": 201, "NEGERI": "SARAWAK", "KODPAR": "P.201", "PARLIMEN": "BATANG LUPAR", "KODUNIK": "P.201", "BILANGAN_P": 46072, "PERATUS_EQ": 70.092 }, "geometry": { "type": "MultiPolygon", "coordinates": [ [ [ [ 111.085076793790847, 1.396725497709048 ], [ 111.101785900000039, 1.395128800000123 ], [ 111.113802200000237, 1.424474 ], [ 111.099726000000146, 1.42962220000021 ], [ 111.087538000000109, 1.434427300000038 ], [ 111.070371900000168, 1.441978000000233 ], [ 111.059042200000135, 1.454505300000051 ], [ 111.053034100000048, 1.477328700000214 ], [ 111.045137600000032, 1.491057100000148 ], [ 111.03140470000011, 1.512850600000149 ], [ 111.009775400000137, 1.523833000000252 ], [ 110.998617400000285, 1.521430600000258 ], [ 110.995527500000264, 1.524347800000385 ], [ 110.998960700000282, 1.5343006 ], [ 110.99981900000023, 1.542194200000324 ], [ 110.997759100000337, 1.552833300000259 ], [ 110.995527500000264, 1.562271200000055 ], [ 110.99432590000032, 1.572910300000331 ], [ 110.997759100000337, 1.578572900000268 ], [ 111.000334000000407, 1.582519599999955 ], [ 111.00256560000031, 1.589555100000325 ], [ 111.007372100000282, 1.609803200000385 ], [ 111.012693600000375, 1.636914800000056 ], [ 111.016641900000195, 1.650127300000293 ], [ 111.021963400000345, 1.657505700000229 ], [ 111.027628200000265, 1.666428300000234 ], [ 111.03483800000032, 1.673978200000363 ], [ 111.041189400000349, 1.677753100000416 ], [ 111.04460562355564, 1.679318216134334 ], [ 111.071879900000056, 1.675002700000221 ], [ 111.099897600000133, 1.683758700000112 ], [ 111.118608700000152, 1.680498500000169 ], [ 111.126505100000202, 1.677753100000245 ], [ 111.139718, 1.677909999999883 ], [ 111.143499600000155, 1.697828800000252 ], [ 111.131655000000137, 1.699029900000141 ], [ 111.125224600000081, 1.700901800000111 ], [ 111.118952000000149, 1.706236500000102 ], [ 111.111742300000117, 1.716703200000154 ], [ 111.108725900000138, 1.726592100000175 ], [ 111.109339, 1.732145699999933 ], [ 111.103674200000114, 1.739009 ], [ 111.08969395232009, 1.752701457096066 ], [ 111.085597100000086, 1.757269100000144 ], [ 111.09336869172671, 1.777174993922529 ], [ 111.107231204664998, 1.771591042065643 ], [ 111.146524671382608, 1.736288318061536 ], [ 111.152894510714859, 1.731952222615609 ], [ 111.161182976350602, 1.720900935101289 ], [ 111.177145947204622, 1.715989251761591 ], [ 111.196161407178636, 1.70579116374762 ], [ 111.212448671208691, 1.701254201742498 ], [ 111.215902198555895, 1.696994851343921 ], [ 111.228718622271444, 1.690202914228178 ], [ 111.268012088989025, 1.685598211097212 ], [ 111.274151693163645, 1.676081824626548 ], [ 111.330363007907351, 1.670099248660165 ], [ 111.380331689029788, 1.664388542246058 ], [ 111.396636796447353, 1.662574695442379 ], [ 111.400934519369585, 1.653058308971715 ], [ 111.407150868595565, 1.64726405752944 ], [ 111.418878957324239, 1.644401069797198 ], [ 111.427027837111751, 1.639244199578815 ], [ 111.427445016945342, 1.624413597348166 ], [ 111.420888232937145, 1.611615980793015 ], [ 111.413367217823236, 1.607625238079511 ], [ 111.405846202709313, 1.598108851608847 ], [ 111.399783343585995, 1.603365887680855 ], [ 111.38619946935053, 1.594732069312805 ], [ 111.372999320375087, 1.594425089104073 ], [ 111.37023649849651, 1.588285484929451 ], [ 111.359799171399658, 1.579997019293711 ], [ 111.336468675536096, 1.580610979711174 ], [ 111.343836200545638, 1.572936474492896 ], [ 111.318941595079593, 1.568734209811851 ], [ 111.317435902594767, 1.561271226561114 ], [ 111.300245010905826, 1.56556894948335 ], [ 111.297789169235969, 1.553596721342837 ], [ 111.261258524396979, 1.55175484009045 ], [ 111.223192978514319, 1.541931473411055 ], [ 111.183461034059917, 1.536403283395032 ], [ 111.212014566129881, 1.495000661893698 ], [ 111.226186035548523, 1.476890041683534 ], [ 111.233429715182353, 1.476440866048108 ], [ 111.249134157820777, 1.466447129823734 ], [ 111.266980115364504, 1.457167231900939 ], [ 111.284826072908231, 1.447887333978144 ], [ 111.305527383659012, 1.44360430416765 ], [ 111.326228694409735, 1.439321274357212 ], [ 111.352047921128346, 1.432991871834948 ], [ 111.352661881545814, 1.422861524946813 ], [ 111.391901818170595, 1.416478448701298 ], [ 111.443298175896643, 1.402201682666316 ], [ 111.458186328298012, 1.398111245620534 ], [ 111.452472097005497, 1.388087957883425 ], [ 111.4582630733494, 1.384795979064124 ], [ 111.466167813725022, 1.379078472679206 ], [ 111.467702714768677, 1.370483026834735 ], [ 111.477562414380486, 1.36508209097525 ], [ 111.496122210225906, 1.35223300154388 ], [ 111.494103012719549, 1.344389709092591 ], [ 111.483051725205229, 1.337022184083044 ], [ 111.474149299152032, 1.331189560117154 ], [ 111.471693457482189, 1.320445252811565 ], [ 111.471693457482189, 1.295272875695615 ], [ 111.472307417899643, 1.266416736074891 ], [ 111.480442393431034, 1.257207329812958 ], [ 111.474707061173433, 1.250867962695395 ], [ 111.464172442368294, 1.238481537080361 ], [ 111.45764911293206, 1.243892063256432 ], [ 111.447288530888073, 1.252756116786357 ], [ 111.440534966295999, 1.239248987602189 ], [ 111.421883026844171, 1.225169783832484 ], [ 111.407606260809189, 1.246584932884957 ], [ 111.39510189540394, 1.247690943342294 ], [ 111.379752884967388, 1.258742230856613 ], [ 111.367166696409413, 1.257514310021689 ], [ 111.357637579686752, 1.266572405333989 ], [ 111.358878230773669, 1.273170300666975 ], [ 111.373306300584034, 1.277775003797942 ], [ 111.377297043297546, 1.304789262166279 ], [ 111.367703911773802, 1.312962610220989 ], [ 111.355808428686359, 1.310928866340901 ], [ 111.372385359957846, 1.319524312185372 ], [ 111.372922575322235, 1.327083699822631 ], [ 111.375378416992078, 1.337214046710766 ], [ 111.403083380830978, 1.340091986170356 ], [ 111.392032093316658, 1.354827036189449 ], [ 111.385278528724569, 1.341319907005281 ], [ 111.380059865176136, 1.343468768466398 ], [ 111.382822687054727, 1.360966640364071 ], [ 111.331863972405358, 1.337329164291776 ], [ 111.319277783847383, 1.335180302830659 ], [ 111.318049863012462, 1.322287134063952 ], [ 111.300858971323521, 1.328733718447306 ], [ 111.310068377585452, 1.342547827840205 ], [ 111.303621793202097, 1.35789683827676 ], [ 111.292877485896511, 1.345617629927516 ], [ 111.275072633790103, 1.341933867422743 ], [ 111.270160950450403, 1.3661853039125 ], [ 111.259723623353551, 1.388594859149871 ], [ 111.247706481217335, 1.393635623045213 ], [ 111.237314068116163, 1.387980898732408 ], [ 111.220580625750813, 1.389352593234776 ], [ 111.220430156635956, 1.375701690383164 ], [ 111.212448671208946, 1.362194561198995 ], [ 111.20999282953909, 1.347459511179903 ], [ 111.190599417077408, 1.34652229512983 ], [ 111.172039621231988, 1.35223300154388 ], [ 111.170699362821509, 1.342547827840205 ], [ 111.180215749292174, 1.344389709092592 ], [ 111.184820452423139, 1.337943124709238 ], [ 111.174997085743755, 1.33548728303939 ], [ 111.170611944628376, 1.325107146077357 ], [ 111.159955055515923, 1.315533569471868 ], [ 111.152817765661865, 1.320944095648004 ], [ 111.132250091676866, 1.334451224832184 ], [ 111.10779417407457, 1.350805324940268 ], [ 111.093186860117029, 1.361120130468433 ], [ 111.065251661122502, 1.3795389429923 ], [ 111.056042254860571, 1.374627259652602 ], [ 111.049902650685951, 1.374320279443871 ], [ 111.038851363171631, 1.376469140904989 ], [ 111.037930422545429, 1.387520428419308 ], [ 111.033632699623197, 1.389976270089157 ], [ 111.025958194404922, 1.381687804453417 ], [ 111.015827847516789, 1.392739091967737 ], [ 111.00753938188106, 1.394273993011393 ], [ 110.99986487666277, 1.400720577394746 ], [ 110.993111312070695, 1.39642285447251 ], [ 110.98052512351272, 1.403176419064594 ], [ 110.970701756833321, 1.403790379482057 ], [ 110.951822473996287, 1.392278621654643 ], [ 110.944920068225429, 1.40133317939916 ], [ 110.939236285438312, 1.40240896854277 ], [ 110.932175740637504, 1.384604116436366 ], [ 110.928031507819696, 1.372785378400216 ], [ 110.924501235419228, 1.359124759111684 ], [ 110.924961705732386, 1.333798891891365 ], [ 110.917223142117621, 1.334232379034688 ], [ 110.901518699479027, 1.339943085448795 ], [ 110.901324229660091, 1.334105872100097 ], [ 110.882958903633607, 1.334232379034688 ], [ 110.884774949850268, 1.329608049493027 ], [ 110.864399107788188, 1.32994934922425 ], [ 110.850365515010736, 1.367873695060518 ], [ 110.854212360750907, 1.377217405163749 ], [ 110.850122341753206, 1.394194796381669 ], [ 110.820141133079801, 1.415609945434142 ], [ 110.802639685684085, 1.421422555221028 ], [ 110.783021541388734, 1.424176005055074 ], [ 110.781593864785293, 1.444163477504105 ], [ 110.714229385569524, 1.44306465993657 ], [ 110.695350102732561, 1.447669363067537 ], [ 110.735908213473351, 1.471289332970628 ], [ 110.739699149763112, 1.490512288448595 ], [ 110.743013600000324, 1.511820899999861 ], [ 110.76498630000043, 1.510791299999937 ], [ 110.76738950000032, 1.522803400000328 ], [ 110.768419500000277, 1.537389400000336 ], [ 110.766874600000335, 1.545454600000426 ], [ 110.76653870000024, 1.550222400000393 ], [ 110.766016300000388, 1.557638100000418 ], [ 110.768419500000277, 1.563644 ], [ 110.769378592583223, 1.56524194443665 ], [ 110.773598875805817, 1.565515988801621 ], [ 110.780737258823308, 1.579792754836603 ], [ 110.793586348254905, 1.584075784647041 ], [ 110.815001497307378, 1.572654371819112 ], [ 110.849265735791221, 1.558377605784131 ], [ 110.857831795412324, 1.546956192956202 ], [ 110.869253208240252, 1.538390133335099 ], [ 110.881255190151649, 1.533968350525868 ], [ 110.882402700000227, 1.533442600000058 ], [ 110.883400512074616, 1.533177968764733 ], [ 110.896379063706775, 1.528396397110555 ], [ 110.90409771660444, 1.528396397110555 ], [ 110.912615100000323, 1.525892200000271 ], [ 110.923773100000403, 1.525549000000296 ], [ 110.931288400000312, 1.523596900000257 ], [ 110.940804300000366, 1.521125100000177 ], [ 110.993467600000145, 1.486252200000138 ], [ 111.010272100000407, 1.466457100000241 ], [ 111.021105100000398, 1.442321200000208 ], [ 111.029173100000378, 1.43185310000041 ], [ 111.039129500000286, 1.421385000000271 ], [ 111.049772500000358, 1.411946600000192 ], [ 111.058698900000309, 1.40525380000031 ], [ 111.070886900000346, 1.399933899999951 ], [ 111.078440000000171, 1.397359700000152 ], [ 111.085018573152524, 1.397091282578003 ], [ 111.085076793790847, 1.396725497709048 ] ] ] ] } },
{ "type": "Feature", "properties": { "Id": 202, "NEGERI": "SARAWAK", "KODPAR": "P.202", "PARLIMEN": "SRI AMAN", "KODUNIK": "P.202", "BILANGAN_P": 51472, "PERATUS_EQ": 78.308 }, "geometry": { "type": "MultiPolygon", "coordinates": [ [ [ [ 111.440534966295999, 1.239248987602189 ], [ 111.447288530888073, 1.252756116786357 ], [ 111.45764911293206, 1.243892063256432 ], [ 111.464172442368294, 1.238481537080361 ], [ 111.474707061173433, 1.250867962695395 ], [ 111.480442393431034, 1.257207329812958 ], [ 111.495576917078949, 1.252186580669502 ], [ 111.50271530009644, 1.245048197652011 ], [ 111.494149240475338, 1.227916078410033 ], [ 111.495576917078949, 1.205073252754119 ], [ 111.514136712924369, 1.187941133512084 ], [ 111.541147729706921, 1.173900575665679 ], [ 111.548438509665104, 1.170178440637692 ], [ 111.549512940395658, 1.163424876045607 ], [ 111.566396851875879, 1.154061979679309 ], [ 111.576987669077099, 1.162196955210683 ], [ 111.580364451373143, 1.162503935419414 ], [ 111.5964961787259, 1.158128108054842 ], [ 111.603925182392473, 1.150109609488995 ], [ 111.604922868071597, 1.133954776007422 ], [ 111.60550801554831, 1.1408278055967 ], [ 111.619811408195062, 1.149917746861439 ], [ 111.610832237088943, 1.15609572355926 ], [ 111.625260306899321, 1.155481763141797 ], [ 111.633011557170491, 1.154215469783674 ], [ 111.64329539416299, 1.16127601458449 ], [ 111.633011557170491, 1.143010692164989 ], [ 111.613595058967519, 1.136448990200453 ], [ 111.60377169228812, 1.130309386025826 ], [ 111.612290393081167, 1.125512820267316 ], [ 111.607378709741482, 1.12090811713635 ], [ 111.604922868071625, 1.115535963483556 ], [ 111.60829965036767, 1.112312671291879 ], [ 111.604308907654143, 1.103103265029945 ], [ 111.609791045358804, 1.096569830888313 ], [ 111.625567287108055, 1.089787998473285 ], [ 111.644055283842647, 1.076582358439282 ], [ 111.65262134346375, 1.070871652025232 ], [ 111.655476696670746, 1.056594885990251 ], [ 111.655476696670746, 1.043745796558824 ], [ 111.636916900825156, 1.032324383730895 ], [ 111.606935692151751, 1.018047617695913 ], [ 111.585520543099278, 1.01519226448886 ], [ 111.572671453667738, 1.000915498453878 ], [ 111.568388423857243, 0.975217319590968 ], [ 111.549828628011824, 0.990921762229391 ], [ 111.541262568390891, 0.985211055815341 ], [ 111.541262568390891, 0.972361966383914 ], [ 111.536979538580283, 0.950946817331442 ], [ 111.511281359717316, 0.963795906762869 ], [ 111.508426006510319, 1.00234317505732 ], [ 111.493911294374811, 1.019713240399881 ], [ 111.478206851736388, 1.032562329831421 ], [ 111.462502409097794, 1.039700712848912 ], [ 111.441087260045322, 1.026851623417372 ], [ 111.423955140803344, 1.009719504175507 ], [ 111.388263225715889, 1.014002533985945 ], [ 111.366848076663416, 1.03113465322798 ], [ 111.33543919138657, 1.045411419262962 ], [ 111.309741012523489, 1.048266772469844 ], [ 111.289753540074628, 1.053977478883894 ], [ 111.274049097436034, 1.063971215108381 ], [ 111.262627684608049, 1.068254244918876 ], [ 111.241212535555576, 1.068254244918876 ], [ 111.239784858952191, 1.076820304539808 ], [ 111.228363446124206, 1.085386364160854 ], [ 111.203220474829209, 1.077078079482135 ], [ 111.190371385397668, 1.064228990050594 ], [ 111.158962500120822, 1.058518283636715 ], [ 111.134691997861353, 1.052807577222666 ], [ 111.111849172205268, 1.052807577222666 ], [ 111.071874227307319, 1.057090607033103 ], [ 111.043320695237355, 1.044241517601733 ], [ 111.017622516374445, 1.032820104773577 ], [ 110.98193060128699, 1.032820104773577 ], [ 110.954804745820468, 1.029964751566752 ], [ 110.933389596767995, 1.031392428170193 ], [ 110.899125358284152, 1.032820104773577 ], [ 110.883420915645559, 1.017115662135211 ], [ 110.881993239042117, 0.995700513082738 ], [ 110.870571826214189, 0.981423747047756 ], [ 110.862005766593086, 0.978568393840703 ], [ 110.849156677161716, 0.96286395120228 ], [ 110.844873647351221, 0.955725568184789 ], [ 110.82488617490219, 0.95715324478823 ], [ 110.799297054668614, 0.941621313072687 ], [ 110.763605139581159, 0.974457874953146 ], [ 110.740762313925245, 1.005866760230106 ], [ 110.723966414064151, 1.03146175881433 ], [ 110.720589631768107, 1.043127006746122 ], [ 110.708617403627585, 1.056020175512839 ], [ 110.713836067176018, 1.060624878643809 ], [ 110.72934090109726, 1.045841705128055 ], [ 110.73647928411475, 1.050124734938663 ], [ 110.733623930907754, 1.082961296819121 ], [ 110.725057871286822, 1.082961296819121 ], [ 110.713636458458723, 1.07582291380163 ], [ 110.713636458458723, 1.091527356439997 ], [ 110.726038530474725, 1.108014948369637 ], [ 110.747900696942736, 1.125791594924067 ], [ 110.767888169391767, 1.148634420579924 ], [ 110.765032816184714, 1.162911186614906 ], [ 110.757894433167223, 1.170049569632397 ], [ 110.7674808586534, 1.176625025021039 ], [ 110.785876894595788, 1.190037042081485 ], [ 110.802476602448749, 1.205481164641763 ], [ 110.815369771215458, 1.214076610486233 ], [ 110.823351256642468, 1.220830175078318 ], [ 110.836858385826631, 1.22696977925294 ], [ 110.848694665149765, 1.228584310375936 ], [ 110.854405371563644, 1.214307544340954 ], [ 110.878454204109545, 1.189364703683383 ], [ 110.900249798929451, 1.196425248484199 ], [ 110.918650818721062, 1.188609365477873 ], [ 110.934355261359656, 1.197175425098976 ], [ 110.956043451865071, 1.208282359043594 ], [ 110.962183056039706, 1.211352161130907 ], [ 110.963103996665893, 1.234989637203223 ], [ 110.951745728942839, 1.242971122630238 ], [ 110.956350432073805, 1.246347904926283 ], [ 110.956657412282539, 1.251873548683448 ], [ 110.964336470033061, 1.255710165842288 ], [ 110.967191823240057, 1.271414608480882 ], [ 110.957578352908712, 1.293929837279645 ], [ 110.938638291170093, 1.282836021308867 ], [ 110.931485035166546, 1.282571569556584 ], [ 110.936703698714979, 1.303753203959048 ], [ 110.930794329698287, 1.308626514775415 ], [ 110.939696755751484, 1.319984782498466 ], [ 110.924961705732386, 1.333798891891365 ], [ 110.924501235419228, 1.359124759111684 ], [ 110.928031507819696, 1.372785378400216 ], [ 110.932175740637504, 1.384604116436366 ], [ 110.939236285438312, 1.40240896854277 ], [ 110.944920068225429, 1.40133317939916 ], [ 110.951822473996287, 1.392278621654643 ], [ 110.970701756833321, 1.403790379482057 ], [ 110.98052512351272, 1.403176419064594 ], [ 110.993111312070695, 1.39642285447251 ], [ 110.99986487666277, 1.400720577394746 ], [ 111.00753938188106, 1.394273993011393 ], [ 111.015827847516789, 1.392739091967737 ], [ 111.025958194404922, 1.381687804453417 ], [ 111.033632699623197, 1.389976270089157 ], [ 111.037930422545429, 1.387520428419308 ], [ 111.038851363171631, 1.376469140904989 ], [ 111.049902650685951, 1.374320279443871 ], [ 111.056042254860571, 1.374627259652602 ], [ 111.065251661122502, 1.3795389429923 ], [ 111.093186860117029, 1.361120130468433 ], [ 111.10779417407457, 1.350805324940268 ], [ 111.132250091676866, 1.334451224832184 ], [ 111.152817765661865, 1.320944095648004 ], [ 111.159955055515923, 1.315533569471868 ], [ 111.170611944628376, 1.325107146077357 ], [ 111.174997085743755, 1.33548728303939 ], [ 111.184820452423139, 1.337943124709238 ], [ 111.180215749292174, 1.344389709092592 ], [ 111.170699362821509, 1.342547827840205 ], [ 111.172039621231988, 1.35223300154388 ], [ 111.190599417077408, 1.34652229512983 ], [ 111.20999282953909, 1.347459511179903 ], [ 111.212448671208946, 1.362194561198995 ], [ 111.220430156635956, 1.375701690383164 ], [ 111.220580625750813, 1.389352593234776 ], [ 111.237314068116163, 1.387980898732408 ], [ 111.247706481217335, 1.393635623045213 ], [ 111.259723623353551, 1.388594859149871 ], [ 111.270160950450403, 1.3661853039125 ], [ 111.275072633790103, 1.341933867422743 ], [ 111.292877485896511, 1.345617629927516 ], [ 111.303621793202097, 1.35789683827676 ], [ 111.310068377585452, 1.342547827840205 ], [ 111.300858971323521, 1.328733718447306 ], [ 111.318049863012462, 1.322287134063952 ], [ 111.319277783847383, 1.335180302830659 ], [ 111.331863972405358, 1.337329164291776 ], [ 111.382822687054727, 1.360966640364071 ], [ 111.380059865176136, 1.343468768466398 ], [ 111.385278528724569, 1.341319907005281 ], [ 111.392032093316658, 1.354827036189449 ], [ 111.403083380830978, 1.340091986170356 ], [ 111.375378416992078, 1.337214046710766 ], [ 111.372922575322235, 1.327083699822631 ], [ 111.372385359957846, 1.319524312185372 ], [ 111.355808428686359, 1.310928866340901 ], [ 111.367703911773802, 1.312962610220989 ], [ 111.377297043297546, 1.304789262166279 ], [ 111.373306300584034, 1.277775003797942 ], [ 111.358878230773669, 1.273170300666975 ], [ 111.357637579686752, 1.266572405333989 ], [ 111.367166696409413, 1.257514310021689 ], [ 111.379752884967388, 1.258742230856613 ], [ 111.39510189540394, 1.247690943342294 ], [ 111.407606260809189, 1.246584932884957 ], [ 111.421883026844171, 1.225169783832484 ], [ 111.440534966295999, 1.239248987602189 ] ] ] ] } },
{ "type": "Feature", "properties": { "Id": 200, "NEGERI": "SARAWAK", "KODPAR": "P.200", "PARLIMEN": "BATANG SADONG", "KODUNIK": "P.200", "BILANGAN_P": 53378, "PERATUS_EQ": 81.207 }, "geometry": { "type": "MultiPolygon", "coordinates": [ [ [ [ 110.6256560022196, 1.276393592858647 ], [ 110.626167471884401, 1.281217987824732 ], [ 110.625215687482182, 1.289784047445835 ], [ 110.628111843889457, 1.294198444965051 ], [ 110.589125357380595, 1.295733346008707 ], [ 110.5845744935026, 1.318527936396322 ], [ 110.572439242372923, 1.318527936396322 ], [ 110.560303991243075, 1.318527936396322 ], [ 110.554593284829025, 1.3356600556383 ], [ 110.536033488983605, 1.354219851483776 ], [ 110.54906444014108, 1.356975897650564 ], [ 110.541389934922805, 1.37232490808712 ], [ 110.551520281810923, 1.377543571635548 ], [ 110.553165608225584, 1.389911766571231 ], [ 110.553165608225584, 1.397050149588722 ], [ 110.56195760890779, 1.403636889377692 ], [ 110.574236817257031, 1.406399711256272 ], [ 110.594804491242016, 1.399032186246725 ], [ 110.607390679799991, 1.394427483115759 ], [ 110.610272672365511, 1.404188532606213 ], [ 110.621204789192888, 1.406706691465003 ], [ 110.622125729819075, 1.411925355013434 ], [ 110.621694085193496, 1.42703135826207 ], [ 110.620266408590055, 1.441308124297052 ], [ 110.623121761796881, 1.451301860521596 ], [ 110.623046670445277, 1.456130505070711 ], [ 110.587436966232474, 1.45582352486198 ], [ 110.555818004733183, 1.458279366531828 ], [ 110.541389934922805, 1.464418970706451 ], [ 110.53272108097508, 1.468304596571443 ], [ 110.520822260937834, 1.454288623818323 ], [ 110.525119983860051, 1.4757772384295 ], [ 110.516217557806854, 1.477005159264425 ], [ 110.510308188787192, 1.485331997423653 ], [ 110.506071117709723, 1.492575098830969 ], [ 110.496553273686402, 1.499237589647237 ], [ 110.496877804656819, 1.508931100972459 ], [ 110.516831518224336, 1.506475259302611 ], [ 110.5222804169277, 1.516336998505521 ], [ 110.52225145254954, 1.517321493291661 ], [ 110.512226815093371, 1.52028936869551 ], [ 110.49810572549174, 1.520596348904241 ], [ 110.502326703360168, 1.530765068315895 ], [ 110.508159327326069, 1.544272197500075 ], [ 110.502263980100508, 1.547778594166232 ], [ 110.494649704881795, 1.546826809763843 ], [ 110.491889376263302, 1.533527890194477 ], [ 110.486363732506149, 1.525546404767462 ], [ 110.47751758563976, 1.528742906119589 ], [ 110.473554744189173, 1.530646474924254 ], [ 110.471858917645207, 1.537940730697549 ], [ 110.478919462446029, 1.546996646855116 ], [ 110.488282358812341, 1.556206053117049 ], [ 110.495342903613164, 1.569099221883755 ], [ 110.502710428622706, 1.573703925014722 ], [ 110.499615616206256, 1.578109682751347 ], [ 110.500254586952849, 1.587518034407621 ], [ 110.503631369248893, 1.595806500043361 ], [ 110.509463993214794, 1.604708926096563 ], [ 110.519287359894179, 1.612690411523572 ], [ 110.520996659835021, 1.609036764162909 ], [ 110.530747976448765, 1.585590268003727 ], [ 110.542640103250278, 1.585817640124674 ], [ 110.565833188141482, 1.59533775427218 ], [ 110.584015686871567, 1.592467912948337 ], [ 110.597563431199717, 1.602019065324896 ], [ 110.605121646692851, 1.598597907042176 ], [ 110.617290848962398, 1.595452398919406 ], [ 110.633714232697145, 1.590779699122873 ], [ 110.636477054575735, 1.584333114739514 ], [ 110.643230619167824, 1.589858758496679 ], [ 110.645379480628947, 1.580649352234738 ], [ 110.652747005638489, 1.58233774338276 ], [ 110.670244877536177, 1.574049277747013 ], [ 110.675770521293344, 1.568677124094215 ], [ 110.679454283798108, 1.564993361589438 ], [ 110.689891610894975, 1.565607322006901 ], [ 110.696381400000348, 1.559780600000408 ], [ 110.708924383836319, 1.558853757414811 ], [ 110.719361710933185, 1.555169994910035 ], [ 110.727343196360209, 1.551486232405258 ], [ 110.729795700000352, 1.546141000000375 ], [ 110.735460500000272, 1.539620200000343 ], [ 110.7390654000003, 1.530525400000272 ], [ 110.740953700000205, 1.522975000000315 ], [ 110.743013600000324, 1.511820899999861 ], [ 110.739699149763112, 1.490512288448595 ], [ 110.735908213473351, 1.471289332970628 ], [ 110.695350102732561, 1.447669363067537 ], [ 110.714229385569524, 1.44306465993657 ], [ 110.781593864785293, 1.444163477504105 ], [ 110.783021541388734, 1.424176005055074 ], [ 110.802639685684085, 1.421422555221028 ], [ 110.820141133079801, 1.415609945434142 ], [ 110.850122341753206, 1.394194796381669 ], [ 110.854212360750907, 1.377217405163749 ], [ 110.850365515010736, 1.367873695060518 ], [ 110.864399107788188, 1.32994934922425 ], [ 110.884774949850268, 1.329608049493027 ], [ 110.882958903633607, 1.334232379034688 ], [ 110.901324229660091, 1.334105872100097 ], [ 110.901518699479027, 1.339943085448795 ], [ 110.917223142117621, 1.334232379034688 ], [ 110.924961705732386, 1.333798891891365 ], [ 110.939696755751484, 1.319984782498466 ], [ 110.930794329698287, 1.308626514775415 ], [ 110.936703698714979, 1.303753203959048 ], [ 110.931485035166546, 1.282571569556584 ], [ 110.938638291170093, 1.282836021308867 ], [ 110.957578352908712, 1.293929837279645 ], [ 110.967191823240057, 1.271414608480882 ], [ 110.964336470033061, 1.255710165842288 ], [ 110.956657412282539, 1.251873548683448 ], [ 110.956350432073805, 1.246347904926283 ], [ 110.951745728942839, 1.242971122630238 ], [ 110.963103996665893, 1.234989637203223 ], [ 110.962183056039706, 1.211352161130907 ], [ 110.956043451865071, 1.208282359043594 ], [ 110.934355261359656, 1.197175425098976 ], [ 110.918650818721062, 1.188609365477873 ], [ 110.900249798929451, 1.196425248484199 ], [ 110.878454204109545, 1.189364703683383 ], [ 110.854405371563644, 1.214307544340954 ], [ 110.848694665149765, 1.228584310375936 ], [ 110.836858385826631, 1.22696977925294 ], [ 110.823351256642468, 1.220830175078318 ], [ 110.815369771215458, 1.214076610486233 ], [ 110.802476602448749, 1.205481164641763 ], [ 110.785876894595788, 1.190037042081485 ], [ 110.7674808586534, 1.176625025021039 ], [ 110.757894433167223, 1.170049569632397 ], [ 110.747296909927712, 1.172979635039489 ], [ 110.737906960718192, 1.180043305856941 ], [ 110.727913224493705, 1.198603101702361 ], [ 110.713636458458723, 1.204313808116467 ], [ 110.696568430436486, 1.209164927146536 ], [ 110.682227573181876, 1.224301280565328 ], [ 110.670806160353777, 1.237150369996868 ], [ 110.653769219552146, 1.255519808961822 ], [ 110.635786349107732, 1.26871908764037 ], [ 110.6256560022196, 1.276393592858647 ] ] ] ] } },
{ "type": "Feature", "properties": { "Id": 205, "NEGERI": "SARAWAK", "KODPAR": "P.205", "PARLIMEN": "SARATOK", "KODUNIK": "P.205", "BILANGAN_P": 46462, "PERATUS_EQ": 70.686 }, "geometry": { "type": "MultiPolygon", "coordinates": [ [ [ [ 111.380331689029788, 1.664388542246058 ], [ 111.330363007907351, 1.670099248660165 ], [ 111.274151693163645, 1.676081824626548 ], [ 111.268012088989025, 1.685598211097212 ], [ 111.228718622271444, 1.690202914228178 ], [ 111.215902198555895, 1.696994851343921 ], [ 111.212448671208691, 1.701254201742498 ], [ 111.196161407178636, 1.70579116374762 ], [ 111.177145947204622, 1.715989251761591 ], [ 111.161182976350602, 1.720900935101289 ], [ 111.152894510714859, 1.731952222615609 ], [ 111.146524671382608, 1.736288318061536 ], [ 111.107231204664998, 1.771591042065643 ], [ 111.09336869172671, 1.777174993922529 ], [ 111.101538174513337, 1.791035354281519 ], [ 111.096769338080719, 1.809186675987632 ], [ 111.101052367891384, 1.819180412212177 ], [ 111.105335397701822, 1.837740208057596 ], [ 111.112473780719313, 1.852016974092578 ], [ 111.131033576564789, 1.880570506162542 ], [ 111.136744282978839, 1.904841008422068 ], [ 111.162442461841749, 1.940532923509522 ], [ 111.171008521462682, 1.96337574916538 ], [ 111.166725491652244, 1.987646251424906 ], [ 111.185285287497663, 2.02904887292641 ], [ 111.192423670515154, 2.040470285754395 ], [ 111.200989730136257, 2.02904887292641 ], [ 111.212411142964186, 2.024765843115972 ], [ 111.225111604817698, 2.026845085625768 ], [ 111.230970938809662, 2.034759579340289 ], [ 111.239846654836811, 2.039124293975022 ], [ 111.247521160055086, 2.030528848130544 ], [ 111.260107348613076, 2.024696224164648 ], [ 111.265632992370243, 2.030835828339276 ], [ 111.276656590121604, 2.034759579340289 ], [ 111.280939619932099, 2.021910489908919 ], [ 111.288042547607631, 2.000137807466139 ], [ 111.292647250738597, 1.996454044961363 ], [ 111.310920828605617, 1.99763998764945 ], [ 111.336238440378466, 2.000444787674872 ], [ 111.343605965388022, 1.997374985587558 ], [ 111.372796729177992, 1.98091634254672 ], [ 111.395639554834077, 1.976633312736283 ], [ 111.413597452978806, 1.97772825222875 ], [ 111.426797601954249, 1.987244638699423 ], [ 111.434472107172539, 1.976193351185094 ], [ 111.432759146524916, 1.965211899908297 ], [ 111.431331469921531, 1.952362810476757 ], [ 111.452746618974004, 1.943796750855824 ], [ 111.458416563453568, 1.905587903176881 ], [ 111.475607455142523, 1.906201863594344 ], [ 111.477017121233473, 1.88954503992295 ], [ 111.493412307248946, 1.881336466687103 ], [ 111.502007753093423, 1.870899139590237 ], [ 111.514900921860146, 1.869057258337849 ], [ 111.513366020816491, 1.844805821848072 ], [ 111.517356763530003, 1.83314057391628 ], [ 111.53393369480149, 1.826693989532921 ], [ 111.532705773966569, 1.818098543688443 ], [ 111.545291962524558, 1.8039774540868 ], [ 111.549828628011824, 1.791035354281519 ], [ 111.559720032334937, 1.785251661354188 ], [ 111.582665189892225, 1.779613941453533 ], [ 111.601469340722403, 1.773893393631127 ], [ 111.619734663141713, 1.754400150376685 ], [ 111.627869638673317, 1.754246660272319 ], [ 111.633241792325862, 1.743348862862355 ], [ 111.63669531967507, 1.739319747625155 ], [ 111.629778517807665, 1.73250061353815 ], [ 111.624723091534548, 1.721821875727482 ], [ 111.626923164600782, 1.716796170899556 ], [ 111.632633871014662, 1.695381021847084 ], [ 111.626923164600782, 1.67967657920866 ], [ 111.61835710497968, 1.675393549398223 ], [ 111.624416111325871, 1.662574695442378 ], [ 111.602652662341313, 1.658261430156188 ], [ 111.589803572909716, 1.65397840034575 ], [ 111.569773634171739, 1.649681526675672 ], [ 111.555539334425873, 1.655406076949191 ], [ 111.54697327480477, 1.672538196191169 ], [ 111.542836120854815, 1.680110939863696 ], [ 111.53362671459287, 1.681952821116084 ], [ 111.528413478959351, 1.689670315433204 ], [ 111.51556438952781, 1.688242638829593 ], [ 111.509912493469145, 1.684370290262287 ], [ 111.499168186163558, 1.665030537112228 ], [ 111.489651799692894, 1.658276972520143 ], [ 111.472460908003953, 1.657049051685219 ], [ 111.462637541324554, 1.642314001666126 ], [ 111.454349075688825, 1.642927962083588 ], [ 111.44483268921816, 1.628499892273227 ], [ 111.427445016945342, 1.624413597348166 ], [ 111.427027837111751, 1.639244199578815 ], [ 111.418878957324239, 1.644401069797198 ], [ 111.407150868595565, 1.64726405752944 ], [ 111.400934519369585, 1.653058308971715 ], [ 111.396636796447353, 1.662574695442379 ], [ 111.380331689029788, 1.664388542246058 ] ] ] ] } },
{ "type": "Feature", "properties": { "Id": 206, "NEGERI": "SARAWAK", "KODPAR": "P.206", "PARLIMEN": "TANJONG MANIS", "KODUNIK": "P.206", "BILANGAN_P": 35117, "PERATUS_EQ": 53.426 }, "geometry": { "type": "MultiPolygon", "coordinates": [ [ [ [ 111.413597452978806, 1.97772825222875 ], [ 111.395639554834077, 1.976633312736283 ], [ 111.372796729177992, 1.98091634254672 ], [ 111.343605965388022, 1.997374985587558 ], [ 111.336238440378466, 2.000444787674872 ], [ 111.310920828605617, 1.99763998764945 ], [ 111.292647250738597, 1.996454044961363 ], [ 111.288042547607631, 2.000137807466139 ], [ 111.280939619932099, 2.021910489908919 ], [ 111.276656590121604, 2.034759579340289 ], [ 111.265632992370243, 2.030835828339276 ], [ 111.260107348613076, 2.024696224164648 ], [ 111.247521160055086, 2.030528848130544 ], [ 111.239846654836811, 2.039124293975022 ], [ 111.230970938809662, 2.034759579340289 ], [ 111.225111604817698, 2.026845085625768 ], [ 111.212411142964186, 2.024765843115972 ], [ 111.200989730136257, 2.02904887292641 ], [ 111.192423670515154, 2.040470285754395 ], [ 111.193851347118766, 2.064883555674157 ], [ 111.202417406739698, 2.074877291898645 ], [ 111.208556874764668, 2.090929045665177 ], [ 111.209932600000059, 2.094320300000163 ], [ 111.212679200000139, 2.095006400000102 ], [ 111.217894300000182, 2.08627660000019 ], [ 111.220024000000137, 2.089581800000133 ], [ 111.222112300000106, 2.092823 ], [ 111.225720400000228, 2.098422600000106 ], [ 111.230188600000076, 2.105470700000126 ], [ 111.232076900000152, 2.112504100000137 ], [ 111.235853400000167, 2.119880500000249 ], [ 111.249409600000263, 2.133246100000179 ], [ 111.244112200000131, 2.141197200000079 ], [ 111.238085, 2.150243500000215 ], [ 111.226669800000082, 2.147637100000225 ], [ 111.215082400000199, 2.149042700000166 ], [ 111.203409400000169, 2.143553400000201 ], [ 111.180235200000141, 2.137034800000151 ], [ 111.16958084485924, 2.147688798676995 ], [ 111.162442461841749, 2.161965564711977 ], [ 111.166725491652244, 2.18338071376445 ], [ 111.185285287497663, 2.191946773385553 ], [ 111.193851347118766, 2.204795862816923 ], [ 111.203845083343083, 2.214789599041467 ], [ 111.190995993911713, 2.234777071490498 ], [ 111.189568317308101, 2.294739488837479 ], [ 111.185859700000094, 2.3325843 ], [ 111.184698300000093, 2.359679600000106 ], [ 111.186635491920242, 2.368771574169784 ], [ 111.186782300000232, 2.369460600000309 ], [ 111.189676500000246, 2.379918299999929 ], [ 111.194163700000274, 2.38969920000028 ], [ 111.195041155930028, 2.390929177872351 ], [ 111.206012209732023, 2.40401223802013 ], [ 111.207124344853241, 2.407186933921139 ], [ 111.230389900000205, 2.428960100000324 ], [ 111.24100330000033, 2.434801500000276 ], [ 111.250848450713477, 2.437633435491705 ], [ 111.252637354868398, 2.434237642884625 ], [ 111.259910000000218, 2.417140900000277 ], [ 111.270038000000341, 2.412853100000405 ], [ 111.292501700000344, 2.402214900000388 ], [ 111.301771400000291, 2.401528800000278 ], [ 111.314326700000322, 2.394844600000397 ], [ 111.327887900000292, 2.391071300000306 ], [ 111.328550600000199, 2.3867788000004 ], [ 111.327863900000239, 2.383691600000418 ], [ 111.324626400000227, 2.379580000000374 ], [ 111.311923400000239, 2.369975200000397 ], [ 111.31085150000041, 2.364867300000185 ], [ 111.309691800000337, 2.359341200000188 ], [ 111.32342470000026, 2.368431500000213 ], [ 111.329947900000377, 2.3686031000002 ], [ 111.354838800000323, 2.339788300000293 ], [ 111.359302000000298, 2.336186399999974 ], [ 111.37183320000031, 2.337558500000171 ], [ 111.376124800000298, 2.340474400000403 ], [ 111.38093130000027, 2.349564799999882 ], [ 111.386081100000354, 2.362428500000192 ], [ 111.389342700000213, 2.364486700000327 ], [ 111.410457000000349, 2.358826699999895 ], [ 111.416636900000299, 2.359855800000332 ], [ 111.428309800000306, 2.367917 ], [ 111.439639500000339, 2.376664200000334 ], [ 111.449080900000297, 2.368260000000419 ], [ 111.454266300000313, 2.364419000000396 ], [ 111.459037200000353, 2.360884900000372 ], [ 111.465874100000121, 2.367346699999985 ], [ 111.471770202533094, 2.340425368844856 ], [ 111.492030896309359, 2.345644032393289 ], [ 111.501547282780038, 2.330908982374184 ], [ 111.507993867163393, 2.32108561569478 ], [ 111.523035897391225, 2.323848437573362 ], [ 111.537770947410337, 2.317708833398735 ], [ 111.543296591167504, 2.301745862544704 ], [ 111.563619587424853, 2.30187787185497 ], [ 111.570627303843679, 2.289773634404182 ], [ 111.581976097467646, 2.289773634404182 ], [ 111.584431939137488, 2.291922495865301 ], [ 111.586887780807345, 2.29622021878754 ], [ 111.585045899554956, 2.299290020874854 ], [ 111.581669117258912, 2.306657545884407 ], [ 111.583817978720035, 2.309113387554258 ], [ 111.587194761016079, 2.309113387554258 ], [ 111.600394909991522, 2.302666803170899 ], [ 111.604692632913768, 2.298062100039929 ], [ 111.603464712078832, 2.292536456282764 ], [ 111.598860008947867, 2.287317792734331 ], [ 111.598860008947867, 2.28486195106448 ], [ 111.609604316253467, 2.27810838647239 ], [ 111.629251049612265, 2.264294277079479 ], [ 111.624953326690033, 2.277801406263658 ], [ 111.620962583976521, 2.284554970855749 ], [ 111.626795207942422, 2.28946665419545 ], [ 111.631706891282121, 2.288238733360525 ], [ 111.639074416291677, 2.28486195106448 ], [ 111.648897782971147, 2.285475911481942 ], [ 111.659809298585515, 2.282949259553561 ], [ 111.671614318417269, 2.288545713569255 ], [ 111.672842239252191, 2.270126901045374 ], [ 111.671230711413443, 2.254395727483598 ], [ 111.654116446519581, 2.254777890608806 ], [ 111.646960209153974, 2.244401991259053 ], [ 111.646960209153974, 2.224414518810192 ], [ 111.638460455874295, 2.220703087439624 ], [ 111.632013871490926, 2.218554225978504 ], [ 111.63357574099615, 2.209078892627588 ], [ 111.630325480342961, 2.172967664981898 ], [ 111.636311594413215, 2.160995436841375 ], [ 111.630720387789154, 2.15197182848766 ], [ 111.624185876168326, 2.154548852458016 ], [ 111.62449285637706, 2.168055981642196 ], [ 111.612160591943677, 2.16482091791903 ], [ 111.60008792978293, 2.162376847780666 ], [ 111.589317766287763, 2.169103947729468 ], [ 111.587890089684208, 2.186236066971503 ], [ 111.580751706666717, 2.191946773385553 ], [ 111.563619587424853, 2.187663743575115 ], [ 111.540776761768768, 2.187663743575115 ], [ 111.546487468182818, 2.176242330746959 ], [ 111.546487468182818, 2.163393241315589 ], [ 111.542989610958841, 2.151018580057604 ], [ 111.527927672337398, 2.154827181694486 ], [ 111.52364464252679, 2.149116475280607 ], [ 111.520789289319907, 2.130556679435188 ], [ 111.512291590085809, 2.129376475342044 ], [ 111.516435822903674, 2.117250757097155 ], [ 111.509989238520319, 2.110190212296334 ], [ 111.503657170077872, 2.11770759000359 ], [ 111.488193643700399, 2.131832317011895 ], [ 111.482821490047613, 2.133520708159918 ], [ 111.479444707751568, 2.131218356594432 ], [ 111.476681885872992, 2.129376475342044 ], [ 111.473612083785667, 2.126767143567827 ], [ 111.472537653055099, 2.1206275393932 ], [ 111.473612083785653, 2.113413504488013 ], [ 111.480519138482109, 2.107887860730849 ], [ 111.465109901783421, 2.093437087744121 ], [ 111.450833135748439, 2.083443351519577 ], [ 111.435086067589893, 2.071664196100546 ], [ 111.440839399523895, 2.050606789639176 ], [ 111.435700028007346, 2.047105779402037 ], [ 111.437541909259735, 2.037896373140096 ], [ 111.432937206128784, 2.030068377817446 ], [ 111.441379161868895, 2.032831199696029 ], [ 111.451202528548308, 2.0217799121817 ], [ 111.446904805626062, 2.011035604876102 ], [ 111.453504880113783, 2.004128550179646 ], [ 111.439411722920454, 1.986361342481757 ], [ 111.434472107172539, 1.976193351185094 ], [ 111.426797601954249, 1.987244638699423 ], [ 111.413597452978806, 1.97772825222875 ] ] ], [ [ [ 111.403075600000193, 2.371004299999925 ], [ 111.395522500000141, 2.374091500000134 ], [ 111.388141100000098, 2.373405500000217 ], [ 111.380588000000103, 2.371690300000182 ], [ 111.373893200000225, 2.365515800000196 ], [ 111.36943, 2.350765400000114 ], [ 111.366168400000163, 2.347849600000075 ], [ 111.362220200000195, 2.347163600000158 ], [ 111.350203900000167, 2.361399400000153 ], [ 111.345569000000182, 2.370146700000021 ], [ 111.344882400000245, 2.372204900000156 ], [ 111.346084000000189, 2.384725300000127 ], [ 111.34419580000008, 2.397417200000064 ], [ 111.339839200000199, 2.404289400000096 ], [ 111.33564210000003, 2.410352299999886 ], [ 111.329776200000197, 2.415425800000094 ], [ 111.318115400000124, 2.422529400000087 ], [ 111.306803, 2.428000499999939 ], [ 111.301438500000131, 2.43510090000018 ], [ 111.299731900000154, 2.453158000000144 ], [ 111.301224000000161, 2.466160300000183 ], [ 111.310785500000065, 2.506034000000113 ], [ 111.310794100000066, 2.513091100000167 ], [ 111.309163300000137, 2.516015099999947 ], [ 111.304539400000181, 2.532157200000086 ], [ 111.305695700000115, 2.534468000000174 ], [ 111.302968100000044, 2.542783000000156 ], [ 111.304279500000177, 2.545177700000238 ], [ 111.306330900000091, 2.545700700000168 ], [ 111.304099300000189, 2.546206600000119 ], [ 111.302511400000071, 2.548178800000187 ], [ 111.295855700000061, 2.566079000000173 ], [ 111.294134400000075, 2.577426300000241 ], [ 111.28356, 2.635585100000185 ], [ 111.282392700000059, 2.642975800000045 ], [ 111.281294100000139, 2.649449099999913 ], [ 111.280890700000157, 2.658031600000186 ], [ 111.28074480000015, 2.662490000000162 ], [ 111.282624500000054, 2.666759700000114 ], [ 111.280950800000141, 2.667968599999938 ], [ 111.279955100000166, 2.670712200000139 ], [ 111.279882000000157, 2.676363700000195 ], [ 111.281294100000139, 2.6931924000001 ], [ 111.282744600000058, 2.695747300000107 ], [ 111.28440970000014, 2.698842300000251 ], [ 111.282684500000073, 2.701585900000225 ], [ 111.281354200000123, 2.705846900000154 ], [ 111.281663200000139, 2.710690900000202 ], [ 111.282976400000052, 2.715809300000217 ], [ 111.283345400000201, 2.723962600000164 ], [ 111.286804400000051, 2.73456780000015 ], [ 111.288589700000159, 2.745841600000176 ], [ 111.291542300000231, 2.753043100000241 ], [ 111.295559100000219, 2.761316199999953 ], [ 111.301387000000148, 2.770317900000123 ], [ 111.306596600000205, 2.780670700000144 ], [ 111.310605300000077, 2.785389200000111 ], [ 111.313205900000128, 2.78850970000002 ], [ 111.314270200000124, 2.791724600000123 ], [ 111.318372900000099, 2.794579300000237 ], [ 111.322896200000059, 2.796936900000105 ], [ 111.326784300000099, 2.799680200000239 ], [ 111.330938600000081, 2.801943400000255 ], [ 111.334500500000104, 2.801806200000101 ], [ 111.338989500000082, 2.80034030000013 ], [ 111.348156200000233, 2.793302 ], [ 111.35027620000011, 2.787695300000166 ], [ 111.353563500000178, 2.779611000000216 ], [ 111.356541800000173, 2.769872100000157 ], [ 111.361296900000184, 2.759910200000149 ], [ 111.364155, 2.753017400000033 ], [ 111.367768500000068, 2.746861800000204 ], [ 111.371982800000069, 2.742661 ], [ 111.37622280000005, 2.738905900000248 ], [ 111.382437000000152, 2.735596600000179 ], [ 111.385063400000206, 2.732450200000244 ], [ 111.387595400000066, 2.723028100000136 ], [ 111.388857100000223, 2.718389899999863 ], [ 111.387792800000057, 2.715123400000152 ], [ 111.385097700000188, 2.712705700000129 ], [ 111.382849000000135, 2.710159400000123 ], [ 111.380497200000036, 2.704672300000141 ], [ 111.379544500000065, 2.69848230000008 ], [ 111.382647900000165, 2.657059500000059 ], [ 111.384694300000035, 2.61583040000005 ], [ 111.38402120000012, 2.604415000000245 ], [ 111.382986300000084, 2.594549299999983 ], [ 111.3783564000002, 2.575090900000077 ], [ 111.377326400000243, 2.545251700000165 ], [ 111.380416300000093, 2.518155600000114 ], [ 111.379112500000247, 2.5059111999999 ], [ 111.37930410000007, 2.500777600000049 ], [ 111.378814900000123, 2.49699610000016 ], [ 111.377841400000023, 2.493974500000093 ], [ 111.378205500000149, 2.48904710000005 ], [ 111.380244600000083, 2.483684600000117 ], [ 111.390544300000158, 2.470821999999885 ], [ 111.393878200000188, 2.466391800000167 ], [ 111.397239100000093, 2.456930300000124 ], [ 111.401702300000238, 2.42039949999986 ], [ 111.406680500000164, 2.401705000000106 ], [ 111.411315400000149, 2.392786400000091 ], [ 111.422645000000216, 2.382324200000255 ], [ 111.422348200000158, 2.379531699999916 ], [ 111.419644600000083, 2.376255800000138 ], [ 111.419383400000186, 2.372719400000108 ], [ 111.412615000000244, 2.368451900000139 ], [ 111.403075600000193, 2.371004299999925 ] ] ], [ [ [ 111.392264600000033, 2.726328800000204 ], [ 111.391406300000085, 2.729758200000106 ], [ 111.390153100000134, 2.735348000000215 ], [ 111.389294800000187, 2.741692200000216 ], [ 111.388316400000065, 2.746390300000087 ], [ 111.386548300000129, 2.74889370000011 ], [ 111.384883100000195, 2.750334 ], [ 111.383338200000082, 2.752905900000087 ], [ 111.385175000000174, 2.754380500000195 ], [ 111.38694310000011, 2.756335200000137 ], [ 111.390204600000118, 2.757535400000108 ], [ 111.390891300000135, 2.75942149999986 ], [ 111.39277960000004, 2.760278800000094 ], [ 111.395646300000067, 2.762439300000153 ], [ 111.397414400000173, 2.762850800000081 ], [ 111.399474400000088, 2.764736800000207 ], [ 111.401654500000177, 2.764839700000152 ], [ 111.403371100000129, 2.766211399999975 ], [ 111.405482500000176, 2.763879500000144 ], [ 111.404795900000238, 2.762164900000187 ], [ 111.40376590000011, 2.757364000000166 ], [ 111.400676, 2.74776200000025 ], [ 111.398221200000137, 2.738262900000166 ], [ 111.397242800000186, 2.73438780000015 ], [ 111.397242800000186, 2.730787000000134 ], [ 111.397071100000176, 2.727357600000232 ], [ 111.396041100000048, 2.724099800000147 ], [ 111.395697800000107, 2.720327500000167 ], [ 111.393981200000155, 2.717755400000158 ], [ 111.392264600000033, 2.722899500000153 ], [ 111.392264600000033, 2.726328800000204 ] ] ] ] } },
{ "type": "Feature", "properties": { "Id": 212, "NEGERI": "SARAWAK", "KODPAR": "P.212", "PARLIMEN": "SIBU", "KODUNIK": "P.212", "BILANGAN_P": 115270, "PERATUS_EQ": 175.367 }, "geometry": { "type": "MultiPolygon", "coordinates": [ [ [ [ 111.963245516711595, 2.339657918323026 ], [ 111.951273288571073, 2.341192819366683 ], [ 111.959868734415551, 2.326150789138846 ], [ 111.955877991702053, 2.311722719328472 ], [ 111.960482694833019, 2.299750491187949 ], [ 111.966008338590186, 2.319397224546756 ], [ 111.978256530764156, 2.314349717572725 ], [ 111.978623306543881, 2.307712790353813 ], [ 111.979774482326619, 2.303108087222846 ], [ 111.982307069048659, 2.298963854404977 ], [ 111.990365299527852, 2.289754448143043 ], [ 111.98944435890165, 2.285610215325173 ], [ 111.979774482326619, 2.289754448143043 ], [ 111.972867427630177, 2.287912566890657 ], [ 111.979727532557547, 2.272920711021357 ], [ 111.968306119729618, 2.278631417435236 ], [ 111.953077569292248, 2.279583201837625 ], [ 111.947366862878198, 2.26721000460725 ], [ 111.942607940866537, 2.252933238572268 ], [ 111.934422595006538, 2.245318963353611 ], [ 111.921097613373774, 2.25198145417005 ], [ 111.907772631741238, 2.263402866998035 ], [ 111.891592296901592, 2.276727848630571 ], [ 111.882074452878271, 2.284342123849285 ], [ 111.874460177659614, 2.29671532107966 ], [ 111.857880470835994, 2.300903741302704 ], [ 111.853520920808307, 2.302426027493539 ], [ 111.843936829341715, 2.30049923293177 ], [ 111.83194434587233, 2.306781009987105 ], [ 111.829334736287763, 2.301056724709269 ], [ 111.825443280939567, 2.290528722464558 ], [ 111.827819751875325, 2.284349898031451 ], [ 111.827822741945397, 2.284342123849285 ], [ 111.811261693344818, 2.281106056881299 ], [ 111.803647418126104, 2.274443566064974 ], [ 111.813746155059434, 2.254317420295708 ], [ 111.823569521738833, 2.259536083844141 ], [ 111.822683106172747, 2.246841818397456 ], [ 111.821727640486444, 2.237740489024215 ], [ 111.834104519000732, 2.223998992741372 ], [ 111.827442028184407, 2.216384717522658 ], [ 111.816508976938039, 2.211647171282048 ], [ 111.816201996729305, 2.190465536879584 ], [ 111.797169223787961, 2.174195585816822 ], [ 111.787652837317282, 2.177265387904136 ], [ 111.789172661935879, 2.160989985699757 ], [ 111.77261080708945, 2.165600139972344 ], [ 111.767757512883406, 2.162417662303199 ], [ 111.751736152895717, 2.171739744146971 ], [ 111.750625393641371, 2.18240513475223 ], [ 111.752657093521904, 2.188930635835928 ], [ 111.737776304209831, 2.192398870976547 ], [ 111.727782567985457, 2.198109577390653 ], [ 111.71778883176097, 2.20810331361514 ], [ 111.713977587221763, 2.210726230655854 ], [ 111.71778883176097, 2.222380079650122 ], [ 111.707795095536426, 2.232373815874666 ], [ 111.706367418932984, 2.243795228702595 ], [ 111.697801359311882, 2.266638054358509 ], [ 111.684507487183993, 2.279336307307315 ], [ 111.681437685096668, 2.271354821880299 ], [ 111.672842239252191, 2.270126901045374 ], [ 111.671614318417269, 2.288545713569255 ], [ 111.659809298585515, 2.282949259553561 ], [ 111.648897782971147, 2.285475911481942 ], [ 111.646960209153974, 2.312930468226966 ], [ 111.648387885757586, 2.330062587468944 ], [ 111.648387885757586, 2.342911676900542 ], [ 111.64267717934348, 2.355760766331912 ], [ 111.636966472929601, 2.358616119538908 ], [ 111.621262030291007, 2.361471472745961 ], [ 111.61840667708401, 2.375748238780943 ], [ 111.62411738349806, 2.388597328212484 ], [ 111.644818694248841, 2.390738843117788 ], [ 111.665520004999564, 2.392880358022978 ], [ 111.691218183862532, 2.387169651608872 ], [ 111.70835030310451, 2.381458945194993 ], [ 111.725482422346374, 2.394308034626363 ], [ 111.738331511777915, 2.422861566696326 ], [ 111.749752924605843, 2.458553481783781 ], [ 111.759746660830388, 2.478540954232869 ], [ 111.762602014037441, 2.495673073474848 ], [ 111.759746660830388, 2.509949839509829 ], [ 111.75546363101995, 2.519943575734203 ], [ 111.76831272045132, 2.52993731195869 ], [ 111.770454235356624, 2.540644886484927 ], [ 111.772595750261928, 2.551352461011163 ], [ 111.772595750261928, 2.561346197235707 ], [ 111.758318984226946, 2.567056903649757 ], [ 111.761174337433829, 2.585616699495233 ], [ 111.765457367244437, 2.605604171944094 ], [ 111.769740397054932, 2.645579116842157 ], [ 111.771196410442258, 2.66741931765165 ], [ 111.772595750261928, 2.688409414947103 ], [ 111.788300192900351, 2.684126385136494 ], [ 111.78116180988286, 2.705541534188967 ], [ 111.801149282331892, 2.712679917206458 ], [ 111.821136754780753, 2.712679917206458 ], [ 111.838268874022788, 2.709824563999575 ], [ 111.852216481285154, 2.689900048122922 ], [ 111.86363789411331, 2.669912575674061 ], [ 111.873631630337627, 2.669912575674061 ], [ 111.88219768995873, 2.682761665105431 ], [ 111.890763749579662, 2.682761665105431 ], [ 111.8950467793901, 2.65563580963908 ], [ 111.936449400891661, 2.657063486242521 ], [ 111.940732430702099, 2.582824302860558 ], [ 111.943587783909152, 2.547132387773104 ], [ 111.938994080221875, 2.495757354462923 ], [ 111.941142941682983, 2.473040819016802 ], [ 111.947896506275072, 2.455542947119114 ], [ 111.944212743770308, 2.446947501274636 ], [ 111.944826704187761, 2.428835668959485 ], [ 111.964473437546559, 2.409188935600678 ], [ 111.973375863599756, 2.411184306957432 ], [ 111.975217744852145, 2.407500544452656 ], [ 111.965407441332559, 2.391444254161684 ], [ 111.983967237178035, 2.391444254161684 ], [ 111.995388650006134, 2.392871930765125 ], [ 112.000543612072477, 2.393686435059745 ], [ 112.004994825099089, 2.39245851422482 ], [ 112.002527033023625, 2.382878194540581 ], [ 112.009665416041116, 2.371456781712652 ], [ 112.002538983429233, 2.363602374604072 ], [ 112.005301805307809, 2.348867324584966 ], [ 112.01113442927371, 2.34518356208019 ], [ 112.009665416041116, 2.334337190021756 ], [ 111.97245492297354, 2.336281136026981 ], [ 111.974296804225929, 2.34733242354131 ], [ 111.966929279216373, 2.347946383958773 ], [ 111.963245516711595, 2.339657918323026 ] ] ] ] } },
{ "type": "Feature", "properties": { "Id": 203, "NEGERI": "SARAWAK", "KODPAR": "P.203", "PARLIMEN": "LUBOK ANTU", "KODUNIK": "P.203", "BILANGAN_P": 28458, "PERATUS_EQ": 43.295 }, "geometry": { "type": "MultiPolygon", "coordinates": [ [ [ [ 112.039990568895391, 1.484564546901817 ], [ 112.057181460584346, 1.480880784397041 ], [ 112.059637302254188, 1.463689892708085 ], [ 112.071916510603444, 1.463075932290622 ], [ 112.095247006467034, 1.474127219804951 ], [ 112.11090553318661, 1.464097412080321 ], [ 112.119882168218012, 1.460888698306045 ], [ 112.1320846315148, 1.469829496882712 ], [ 112.141984743246653, 1.466414342063205 ], [ 112.16193845681417, 1.45382815350523 ], [ 112.193710776189391, 1.445537616234901 ], [ 112.196566129396501, 1.426977820389482 ], [ 112.190855422982395, 1.411273377751058 ], [ 112.210842895431483, 1.401279641526514 ], [ 112.219408955052359, 1.395568935112465 ], [ 112.219408955052359, 1.379864492474042 ], [ 112.215125925241864, 1.355593990214572 ], [ 112.196566129396501, 1.324185104937555 ], [ 112.180861686757908, 1.308480662299132 ], [ 112.168012597326538, 1.29420389626415 ], [ 112.162301890912431, 1.274216423815119 ], [ 112.160874214309047, 1.249945921555593 ], [ 112.153735831291556, 1.242807538538102 ], [ 112.153735831291556, 1.225675419296294 ], [ 112.15516350789494, 1.205687946847263 ], [ 112.140886741859958, 1.18998350420884 ], [ 112.130893005635471, 1.168568355156367 ], [ 112.135176035446079, 1.154291589121385 ], [ 112.122326946014482, 1.140014823086403 ], [ 112.095201090548017, 1.134304116672354 ], [ 112.056653822253679, 1.134304116672354 ], [ 112.012395847545122, 1.135731793275738 ], [ 111.982414638871717, 1.132876440068912 ], [ 111.960999489819244, 1.132876440068912 ], [ 111.933873634352892, 1.128593410258247 ], [ 111.926735251335401, 1.120027350637372 ], [ 111.921024544921352, 1.102895231395337 ], [ 111.916741515110914, 1.095756848377846 ], [ 111.903892425679317, 1.080052405739423 ], [ 111.883904953230456, 1.082907758946476 ], [ 111.869628187195474, 1.068630992911494 ], [ 111.863917480781424, 1.05863725668695 ], [ 111.859634450970987, 1.045788167255409 ], [ 111.865345157384866, 1.035794431030865 ], [ 111.856779097763933, 1.02722837140999 ], [ 111.852496067953496, 1.018662311789058 ], [ 111.833936272108019, 0.998674839340026 ], [ 111.821087182676479, 0.99296413292592 ], [ 111.803955063434444, 0.997247162736585 ], [ 111.795389003813568, 1.007240898960902 ], [ 111.772546178157484, 1.001530192547023 ], [ 111.765407795139993, 1.018662311789058 ], [ 111.75684173551906, 1.031511401220428 ], [ 111.741137292880637, 1.012951605375008 ], [ 111.721149820431606, 1.012951605375008 ], [ 111.702590024586186, 1.025800694806549 ], [ 111.695451641568695, 1.031511401220428 ], [ 111.67831952232666, 1.030083724616986 ], [ 111.655476696670746, 1.043745796558824 ], [ 111.655476696670746, 1.056594885990251 ], [ 111.65262134346375, 1.070871652025232 ], [ 111.644055283842647, 1.076582358439282 ], [ 111.625567287108055, 1.089787998473285 ], [ 111.609791045358804, 1.096569830888313 ], [ 111.604308907654143, 1.103103265029945 ], [ 111.60829965036767, 1.112312671291879 ], [ 111.604922868071625, 1.115535963483556 ], [ 111.607378709741482, 1.12090811713635 ], [ 111.612290393081167, 1.125512820267316 ], [ 111.60377169228812, 1.130309386025826 ], [ 111.613595058967519, 1.136448990200453 ], [ 111.633011557170491, 1.143010692164989 ], [ 111.64329539416299, 1.16127601458449 ], [ 111.633011557170491, 1.154215469783674 ], [ 111.625260306899321, 1.155481763141797 ], [ 111.610832237088943, 1.15609572355926 ], [ 111.619811408195062, 1.149917746861439 ], [ 111.60550801554831, 1.1408278055967 ], [ 111.604922868071597, 1.133954776007422 ], [ 111.603925182392473, 1.150109609488995 ], [ 111.5964961787259, 1.158128108054842 ], [ 111.580364451373143, 1.162503935419414 ], [ 111.576987669077099, 1.162196955210683 ], [ 111.566396851875879, 1.154061979679309 ], [ 111.549512940395658, 1.163424876045607 ], [ 111.548438509665104, 1.170178440637692 ], [ 111.541147729706921, 1.173900575665679 ], [ 111.514136712924369, 1.187941133512084 ], [ 111.495576917078949, 1.205073252754119 ], [ 111.494149240475338, 1.227916078410033 ], [ 111.50271530009644, 1.245048197652011 ], [ 111.495576917078949, 1.252186580669502 ], [ 111.517126528374448, 1.254597998038745 ], [ 111.525414994010205, 1.249072354281581 ], [ 111.531554598184826, 1.24446765115061 ], [ 111.534624400272136, 1.23771408655852 ], [ 111.542912865907851, 1.22819770008787 ], [ 111.552429252378559, 1.233723343845012 ], [ 111.554885094048416, 1.238328046975983 ], [ 111.555192074257135, 1.242932750106953 ], [ 111.553964153422214, 1.248458393864118 ], [ 111.555192074257135, 1.257053839708596 ], [ 111.55365717321348, 1.260737602213372 ], [ 111.548438509665047, 1.269947008475313 ], [ 111.545368707577737, 1.274244731397552 ], [ 111.546596628412658, 1.276700573067403 ], [ 111.551508311752372, 1.279156414737254 ], [ 111.559489797179381, 1.279463394945986 ], [ 111.56624336177147, 1.27823547411106 ], [ 111.567778262815125, 1.272402850145164 ], [ 111.583817978720532, 1.262003895571579 ], [ 111.586580800599123, 1.259241073692997 ], [ 111.594025070661559, 1.255518938664938 ], [ 111.599857694627445, 1.262425993361388 ], [ 111.607532199845735, 1.263346933987581 ], [ 111.612290393081054, 1.267491166805451 ], [ 111.615513685272731, 1.276240102754288 ], [ 111.615513685272745, 1.280077355363427 ], [ 111.608990355836511, 1.282264589347849 ], [ 111.616434625898933, 1.288979781416629 ], [ 111.613364823811622, 1.294351935069423 ], [ 111.608453140471923, 1.298496167887293 ], [ 111.618890467568789, 1.301258989765873 ], [ 111.619504427986243, 1.305403222583743 ], [ 111.630095245187476, 1.312003297071461 ], [ 111.617892781889708, 1.314190531055911 ], [ 111.622881210282287, 1.319370822081008 ], [ 111.622574230073553, 1.322440624168319 ], [ 111.616741606107666, 1.327045327299285 ], [ 111.620425368612445, 1.33103607001279 ], [ 111.621269564185766, 1.336600086293301 ], [ 111.625874267316732, 1.332302363371062 ], [ 111.630785950656431, 1.330767462327405 ], [ 111.63753951524852, 1.331381422744867 ], [ 111.64030233712711, 1.333837264414718 ], [ 111.642067473328041, 1.347306021075538 ], [ 111.630095245187533, 1.362041071094631 ], [ 111.646672176458978, 1.352524684623966 ], [ 111.651276879589943, 1.366338794016866 ], [ 111.64605821604151, 1.370943497147832 ], [ 111.649128018128835, 1.379231962783572 ], [ 111.64605821604151, 1.388441369045506 ], [ 111.648338313653255, 1.392713581905412 ], [ 111.654049020067134, 1.401279641526514 ], [ 111.655476696670746, 1.418411760768549 ], [ 111.658951384808219, 1.432953499311515 ], [ 111.674300395244785, 1.441548945155986 ], [ 111.671181139309169, 1.465525088683933 ], [ 111.676142276497146, 1.473474886864021 ], [ 111.688313258551204, 1.462669735476936 ], [ 111.699549517412237, 1.461848011455697 ], [ 111.705445377793183, 1.455531352459445 ], [ 111.71267292133615, 1.473474886864021 ], [ 111.724031189059204, 1.483298253543416 ], [ 111.736854263070029, 1.4912232675469 ], [ 111.749510546383902, 1.493735580640274 ], [ 111.73907321928705, 1.499261224397434 ], [ 111.741137292880637, 1.512638416599373 ], [ 111.755414058915619, 1.531198212444792 ], [ 111.759697088726114, 1.549758008290212 ], [ 111.778256884571533, 1.566890127532247 ], [ 111.781973703457325, 1.579574921504103 ], [ 111.799672033624006, 1.589732953188332 ], [ 111.812518234225408, 1.59323554079272 ], [ 111.822341600904807, 1.585254055365705 ], [ 111.833392888419141, 1.576658609521226 ], [ 111.849586094430265, 1.585215682842142 ], [ 111.861062127574371, 1.579739216963787 ], [ 111.866853731170877, 1.573895787642644 ], [ 111.88005388014632, 1.581263312652197 ], [ 111.884044622859832, 1.580649352234734 ], [ 111.890184227034453, 1.572360886598987 ], [ 111.919961307280971, 1.567449203259284 ], [ 111.943291803144945, 1.569598064720406 ], [ 111.960789675042633, 1.572667866807719 ], [ 111.967236259426002, 1.566528262633091 ], [ 111.983813190697489, 1.573588807433913 ], [ 111.995478438629291, 1.574509748060107 ], [ 111.995785418838068, 1.557625836579882 ], [ 112.010968170941737, 1.544047301876333 ], [ 112.01052046885718, 1.529383657376596 ], [ 112.016660073031801, 1.514648607357491 ], [ 112.026672613580104, 1.4912232675469 ], [ 112.039990568895391, 1.484564546901817 ] ] ] ] } },
{ "type": "Feature", "properties": { "Id": 213, "NEGERI": "SARAWAK", "KODPAR": "P.213", "PARLIMEN": "MUKAH", "KODUNIK": "P.213", "BILANGAN_P": 40808, "PERATUS_EQ": 62.084 }, "geometry": { "type": "MultiPolygon", "coordinates": [ [ [ [ 112.18343745329696, 2.514295825892702 ], [ 112.143442899236931, 2.516478518552291 ], [ 112.126252007547976, 2.523846043561844 ], [ 112.11090299711141, 2.518013419595948 ], [ 112.060251262670732, 2.517706439387216 ], [ 112.030781162632522, 2.519241340430872 ], [ 112.003550201256076, 2.51857885570314 ], [ 112.002538983429261, 2.539041563894045 ], [ 111.986269032366494, 2.545795128486135 ], [ 111.981971309444262, 2.539962504520239 ], [ 111.973682843808518, 2.543339286816284 ], [ 111.96999908130374, 2.531674038884492 ], [ 111.961403635459263, 2.524613494083671 ], [ 111.962017595876716, 2.510185424273297 ], [ 111.952501209406051, 2.502203938846281 ], [ 111.938994080221875, 2.495757354462923 ], [ 111.943587783909152, 2.547132387773104 ], [ 111.940732430702099, 2.582824302860558 ], [ 111.936449400891661, 2.657063486242521 ], [ 111.8950467793901, 2.65563580963908 ], [ 111.890763749579662, 2.682761665105431 ], [ 111.88219768995873, 2.682761665105431 ], [ 111.873631630337627, 2.669912575674061 ], [ 111.86363789411331, 2.669912575674061 ], [ 111.852216481285154, 2.689900048122922 ], [ 111.838268874022788, 2.709824563999575 ], [ 111.831857987374974, 2.718011025584432 ], [ 111.853039621777441, 2.720466867254282 ], [ 111.85254564005794, 2.749799508897695 ], [ 111.823262541530497, 2.771425581903689 ], [ 111.82356952173923, 2.797825879854586 ], [ 111.862556008247765, 2.797825879854584 ], [ 111.863169968665233, 2.785853651714061 ], [ 111.876677097849409, 2.78554667150533 ], [ 111.894481949955832, 2.75853241313697 ], [ 111.902156455174108, 2.763751076685403 ], [ 111.911058881227319, 2.759760333971895 ], [ 111.93561729792583, 2.758839393345701 ], [ 111.938073139595687, 2.767127858981448 ], [ 111.938687100013141, 2.771425581903687 ], [ 111.937766159386953, 2.777565186078314 ], [ 111.933161456255988, 2.784625730879136 ], [ 111.945133684396509, 2.795677018393464 ], [ 111.951887248988598, 2.791993255888688 ], [ 111.96385947712912, 2.79690493922839 ], [ 111.976138685478375, 2.79690493922839 ], [ 111.979822447983153, 2.799667761106972 ], [ 111.980436408400621, 2.804272464237943 ], [ 111.98227828965301, 2.806114345490331 ], [ 111.98668043046348, 2.815301421964348 ], [ 112.001771532907426, 2.814709791334809 ], [ 112.012515840213027, 2.814095830917346 ], [ 111.995324948524086, 2.852161376800035 ], [ 112.002078513116174, 2.854003258052423 ], [ 111.988629069029258, 2.889325030401918 ], [ 111.99663690000034, 2.890713600000424 ], [ 111.997829000000422, 2.890707400000281 ], [ 111.998817300000269, 2.890503800000317 ], [ 111.999453500000357, 2.890651900000307 ], [ 112.000355300000479, 2.891133100000332 ], [ 112.006631, 2.892780200000345 ], [ 112.014839900000084, 2.894371799999874 ], [ 112.019182200000273, 2.895179900000301 ], [ 112.020695499999988, 2.895155200000033 ], [ 112.021146400000362, 2.89483440000032 ], [ 112.021374900000069, 2.895327900000325 ], [ 112.022289100000421, 2.895938700000386 ], [ 112.036243300000365, 2.899368800000332 ], [ 112.054439200000047, 2.903310500000146 ], [ 112.056662900000219, 2.903618900000083 ], [ 112.057138500000292, 2.903544900000384 ], [ 112.057595600000354, 2.903236400000424 ], [ 112.057861200000389, 2.903717600000277 ], [ 112.058553, 2.904118600000402 ], [ 112.089592700000253, 2.91159260000029 ], [ 112.091581500000302, 2.911962100000324 ], [ 112.091959700000189, 2.911662200000364 ], [ 112.093797700000209, 2.910336799999925 ], [ 112.094449400000485, 2.909972800000389 ], [ 112.0951417, 2.909842900000285 ], [ 112.09569200000044, 2.909842600000275 ], [ 112.096420100000273, 2.909840600000166 ], [ 112.096292800000128, 2.911899500000175 ], [ 112.096405799999957, 2.912614900000221 ], [ 112.096654100000251, 2.912897200000089 ], [ 112.097445000000334, 2.913805500000308 ], [ 112.098280400000363, 2.91436530000027 ], [ 112.098627800000486, 2.914516400000309 ], [ 112.098998400000255, 2.914586300000224 ], [ 112.099988300000177, 2.914556500000288 ], [ 112.100841200000218, 2.91456020000021 ], [ 112.102130100000181, 2.91459510000027 ], [ 112.103945700000054, 2.914826700000219 ], [ 112.10612180000021, 2.915177500000311 ], [ 112.139326000000437, 2.921828 ], [ 112.14996350000024, 2.924597400000266 ], [ 112.161400900000217, 2.927345900000091 ], [ 112.177386600000204, 2.931655499999977 ], [ 112.247157800000195, 2.953074900000161 ], [ 112.281410800000117, 2.962811099999954 ], [ 112.301961800000186, 2.967816400000231 ], [ 112.32002730000022, 2.971927600000015 ], [ 112.377711200000022, 2.9825631 ], [ 112.397591599999942, 2.986971100000233 ], [ 112.403530200000205, 2.988272900000311 ], [ 112.405254800000193, 2.988339200000269 ], [ 112.40630990000011, 2.987928300000192 ], [ 112.406615200000147, 2.986689100000149 ], [ 112.406668300000092, 2.987636700000223 ], [ 112.406648400000222, 2.988166900000238 ], [ 112.407458000000247, 2.988895900000159 ], [ 112.408171300000276, 2.989126000000169 ], [ 112.431952500000193, 2.994503500000292 ], [ 112.444099800000117, 2.996820400000161 ], [ 112.445798500000251, 2.996767400000238 ], [ 112.464077700000189, 3.001529900000264 ], [ 112.469046000000276, 3.002525700000263 ], [ 112.470675800000322, 3.002307900000176 ], [ 112.471611500000222, 3.001764500000149 ], [ 112.47197650000021, 3.001605400000301 ], [ 112.472261800000297, 3.0022814000003 ], [ 112.472892200000388, 3.002374200000304 ], [ 112.47666570000024, 3.003900800000167 ], [ 112.564803800000163, 3.02050150000025 ], [ 112.574171, 3.020290800000225 ], [ 112.577144900000235, 3.018948800000203 ], [ 112.580223000000274, 3.016099900000199 ], [ 112.582625300000245, 3.015125300000193 ], [ 112.583553299999949, 3.014224899999931 ], [ 112.584363199999984, 3.014811000000293 ], [ 112.585093300000267, 3.0149985 ], [ 112.584992600000191, 3.016076700000212 ], [ 112.5872799, 3.017037100000266 ], [ 112.593848900000239, 3.018499 ], [ 112.597490000000221, 3.024196700000061 ], [ 112.607312200000138, 3.030930000000296 ], [ 112.70117960000016, 3.060747000000106 ], [ 112.724095964052594, 3.037270442666348 ], [ 112.725707610148433, 3.020923746551417 ], [ 112.730808663078051, 3.003988900892637 ], [ 112.728240196870459, 2.973265069145913 ], [ 112.730312313279384, 2.961062605848852 ], [ 112.730312313279384, 2.947018261299404 ], [ 112.729621607809761, 2.918469101887411 ], [ 112.71995173123473, 2.91731792610467 ], [ 112.718800555451978, 2.900971229989739 ], [ 112.710742324972799, 2.888768766692677 ], [ 112.693689071387098, 2.89120244921628 ], [ 112.681041989778066, 2.893603704980193 ], [ 112.637527545190423, 2.893603704980193 ], [ 112.629929785024331, 2.898438643267707 ], [ 112.607596974839154, 2.897057232328417 ], [ 112.598157333420673, 2.901201465146287 ], [ 112.586645575593252, 2.899359583893901 ], [ 112.583422283401575, 2.900280524520094 ], [ 112.568456998225926, 2.903273581555222 ], [ 112.562010413842572, 2.901201465146287 ], [ 112.545893952884185, 2.904194522181415 ], [ 112.534842665369865, 2.902813111242125 ], [ 112.499386451261429, 2.902122405772481 ], [ 112.48879563406021, 2.90626663859035 ], [ 112.477053641076239, 2.903964287024867 ], [ 112.471297762162536, 2.906957344059995 ], [ 112.432848491018959, 2.906727108903447 ], [ 112.419575163515447, 2.892630125819721 ], [ 112.410745915990333, 2.872882540890843 ], [ 112.415350619121298, 2.863212664315813 ], [ 112.423178614443941, 2.856075374462816 ], [ 112.406601683172468, 2.854003258053881 ], [ 112.409364505051045, 2.841110089287174 ], [ 112.401996980041488, 2.837656561938949 ], [ 112.396701571440886, 2.831440212712144 ], [ 112.398773687849811, 2.819698219728179 ], [ 112.393248044092658, 2.814172575971019 ], [ 112.388873576118243, 2.799207290795378 ], [ 112.379894405012848, 2.790918825159638 ], [ 112.364929119837214, 2.781479183741157 ], [ 112.352726656540156, 2.785853651715575 ], [ 112.348191333340537, 2.772705291125817 ], [ 112.339625273719435, 2.762711554901443 ], [ 112.348191333340537, 2.742724082452412 ], [ 112.348352188565755, 2.715401693811788 ], [ 112.344764909492255, 2.685617018312485 ], [ 112.335689254955611, 2.671426778911057 ], [ 112.346740542469931, 2.668663957032477 ], [ 112.34628007215683, 2.650475379665159 ], [ 112.329012435415706, 2.646100911690741 ], [ 112.333617138546671, 2.619163398374587 ], [ 112.340754428399677, 2.610414462425751 ], [ 112.34144513386866, 2.589539808230354 ], [ 112.340831173451193, 2.57050703528901 ], [ 112.331007806771794, 2.572962876958861 ], [ 112.323026321344784, 2.567744213410428 ], [ 112.30890523174314, 2.571120995706473 ], [ 112.299695825481194, 2.568051193619159 ], [ 112.312895974456652, 2.560376688400875 ], [ 112.310133152578061, 2.555158024852442 ], [ 112.298467904646273, 2.554237084226248 ], [ 112.296626023393884, 2.547790499842889 ], [ 112.28833755775814, 2.553316143600054 ], [ 112.276979290035072, 2.55239520297386 ], [ 112.279128151496195, 2.540115994624605 ], [ 112.273602507739028, 2.534283370658709 ], [ 112.273602507739028, 2.524766984188037 ], [ 112.266234982729486, 2.528757726901545 ], [ 112.264393101477097, 2.515557577926097 ], [ 112.255183695215152, 2.510338914377663 ], [ 112.228169436846784, 2.510645894586395 ], [ 112.226327555594395, 2.499594607072066 ], [ 112.226941516011863, 2.490999161227587 ], [ 112.221108892045976, 2.491920101853781 ], [ 112.212820426410218, 2.492227082062513 ], [ 112.207294782653051, 2.473194309121168 ], [ 112.19628654272833, 2.478603910805248 ], [ 112.178438643032308, 2.490692181018856 ], [ 112.194708594095061, 2.511259855003858 ], [ 112.18343745329696, 2.514295825892702 ] ] ] ] } },
{ "type": "Feature", "properties": { "Id": 210, "NEGERI": "SARAWAK", "KODPAR": "P.210", "PARLIMEN": "KANOWIT", "KODUNIK": "P.210", "BILANGAN_P": 32165, "PERATUS_EQ": 48.935 }, "geometry": { "type": "MultiPolygon", "coordinates": [ [ [ [ 112.183401761381788, 1.688555934528836 ], [ 112.176596761780388, 1.698529752387576 ], [ 112.180280524285166, 1.708046138858248 ], [ 112.168922256562112, 1.716334604493994 ], [ 112.172606019066876, 1.727385892008324 ], [ 112.166159434683522, 1.737516238896458 ], [ 112.160019830508901, 1.747646585784594 ], [ 112.147740622159645, 1.74918148682825 ], [ 112.136689334645311, 1.759004853507654 ], [ 112.127722373845245, 1.758512088100133 ], [ 112.107734901396384, 1.761367441307186 ], [ 112.085116659578432, 1.779265547283924 ], [ 112.076326016119424, 1.787065620170097 ], [ 112.066332279894823, 1.801342386205079 ], [ 112.049200160652845, 1.80848076922257 ], [ 112.027785011600372, 1.818474505447114 ], [ 112.014935922169002, 1.827040565068216 ], [ 112.024929658393376, 1.847028037517077 ], [ 112.022074305186493, 1.864160156759112 ], [ 112.04491713084235, 1.861304803552059 ], [ 112.04491713084235, 1.877009246190653 ], [ 112.029212688203984, 1.889858335622023 ], [ 112.006369862547899, 1.918411867691987 ], [ 111.990665419909533, 1.928405603916531 ], [ 111.962111887839569, 1.932688633726968 ], [ 111.949262798407972, 1.949820752969003 ], [ 111.954973504822078, 1.958386812589879 ], [ 111.950690475011584, 1.981229638245964 ], [ 111.952118151615025, 1.994078727677334 ], [ 111.964967241046566, 2.00550014050549 ], [ 111.962111887839569, 2.019776906540471 ], [ 111.95603148180669, 2.024849714269015 ], [ 111.957828858029075, 2.035481349178895 ], [ 111.962171085981325, 2.044803427836553 ], [ 111.957873363059079, 2.05524075493342 ], [ 111.959715244311468, 2.066292042447749 ], [ 111.965547868277369, 2.0687478841176 ], [ 111.965854848486089, 2.075501448709689 ], [ 111.974104371308954, 2.087353599105938 ], [ 111.999802550171864, 2.08878127570955 ], [ 112.025500729034775, 2.077359862881394 ], [ 112.053344207974533, 2.088087637267675 ], [ 112.059790792357887, 2.104050608121706 ], [ 112.068693218411099, 2.131371846698797 ], [ 112.073911881959532, 2.144265015465514 ], [ 112.073604901750798, 2.151018580057605 ], [ 112.091102773648487, 2.162376847780665 ], [ 112.103688962206476, 2.162376847780665 ], [ 112.099698219492964, 2.1725071946688 ], [ 112.106144803876319, 2.175730486860479 ], [ 112.106451784085053, 2.184786403018054 ], [ 112.111363467424752, 2.191232987401413 ], [ 112.111363467424752, 2.199214472828428 ], [ 112.115354210138264, 2.205354077003056 ], [ 112.138098681153735, 2.194417563145958 ], [ 112.138287180711245, 2.194429344368302 ], [ 112.161843844668965, 2.190146314557865 ], [ 112.185400508626685, 2.18586328474737 ], [ 112.20538798107566, 2.183007931540374 ], [ 112.225375453524521, 2.18015257833332 ], [ 112.233081120186483, 2.191386477505777 ], [ 112.248932117482354, 2.185149446445678 ], [ 112.267462903564393, 2.194149299384359 ], [ 112.28066305253985, 2.193228358758165 ], [ 112.293903930492434, 2.188718637954423 ], [ 112.298066191366246, 2.188441153896079 ], [ 112.315351816126523, 2.179414249365254 ], [ 112.341445133868689, 2.181563110826374 ], [ 112.372426143684834, 2.16730348890178 ], [ 112.411743601668149, 2.155776773292939 ], [ 112.419111126677706, 2.142269644108759 ], [ 112.412401088582897, 2.133039250417937 ], [ 112.40683191832845, 2.123236871167415 ], [ 112.398850432901426, 2.1152553857404 ], [ 112.398236472483973, 2.106045979478459 ], [ 112.400979675754797, 2.098775011933867 ], [ 112.413828765186395, 2.081642892692059 ], [ 112.400979675754797, 2.071649156467515 ], [ 112.379564526702325, 2.064510773450024 ], [ 112.382419879909321, 2.048806330811431 ], [ 112.396696645944303, 2.04166794779394 ], [ 112.406690382168904, 2.025963505155573 ], [ 112.424790260539282, 2.011649565293565 ], [ 112.425711201165484, 1.995379614230802 ], [ 112.458865063708458, 1.992002831934757 ], [ 112.468688430387871, 1.984021346507742 ], [ 112.485265361659359, 1.984021346507742 ], [ 112.486640271964689, 1.973139470826084 ], [ 112.47053031164026, 1.959769910017964 ], [ 112.468381450179137, 1.943499958955202 ], [ 112.464390707465625, 1.936132433945649 ], [ 112.468074469970404, 1.931220750605948 ], [ 112.463469766839438, 1.923239265178932 ], [ 112.468080476119212, 1.911749376875719 ], [ 112.461013925169553, 1.900522729732812 ], [ 112.447199815776642, 1.897759907854229 ], [ 112.444436993898066, 1.882717877626393 ], [ 112.427860062626578, 1.8867086203399 ], [ 112.419878577199555, 1.863071144267585 ], [ 112.400231843840757, 1.859387381762809 ], [ 112.382733971943068, 1.867675847398556 ], [ 112.366771001089049, 1.867368867189824 ], [ 112.367691941715236, 1.860922282806466 ], [ 112.388259615700235, 1.847415153622286 ], [ 112.390715457370092, 1.837284806734151 ], [ 112.406690382168904, 1.838937870097368 ], [ 112.419539471600388, 1.834654840286703 ], [ 112.415256441789779, 1.821805750855333 ], [ 112.428105531221377, 1.81323969123423 ], [ 112.448093003670351, 1.804673631613355 ], [ 112.455231386687842, 1.796107571992422 ], [ 112.439526944049248, 1.788969188974932 ], [ 112.398543452693133, 1.78509817124982 ], [ 112.392413616133922, 1.770409393129285 ], [ 112.390254987057389, 1.761460695177505 ], [ 112.394552709979635, 1.754400150376684 ], [ 112.38227350163038, 1.755321091002878 ], [ 112.37528149689183, 1.741855861059321 ], [ 112.353866347839357, 1.746138890869986 ], [ 112.342059094286597, 1.745804704532205 ], [ 112.33653345052943, 1.737209258687726 ], [ 112.319602109355515, 1.744711214266374 ], [ 112.308291271326141, 1.750102427454444 ], [ 112.303072607777708, 1.745497724323473 ], [ 112.297239983811821, 1.723702129503546 ], [ 112.27882117128793, 1.707125198232053 ], [ 112.263922721819199, 1.707591622575478 ], [ 112.253034833754526, 1.702827475309814 ], [ 112.253034833754526, 1.67949697944623 ], [ 112.275751369200648, 1.678883019028768 ], [ 112.276365329618116, 1.669980592975558 ], [ 112.277593250453037, 1.664761929427125 ], [ 112.268690824399826, 1.657701384626304 ], [ 112.259481418137895, 1.644808215859586 ], [ 112.243211467075128, 1.656166483582647 ], [ 112.235843942065571, 1.662613067966005 ], [ 112.222950773298862, 1.660464206504886 ], [ 112.217425129541695, 1.669059652349364 ], [ 112.214969287871838, 1.680724900281156 ], [ 112.201462158687661, 1.689934306543097 ], [ 112.18948993054714, 1.685022623203395 ], [ 112.183401761381788, 1.688555934528836 ] ] ] ] } },
{ "type": "Feature", "properties": { "Id": 204, "NEGERI": "SARAWAK", "KODPAR": "P.204", "PARLIMEN": "BETONG", "KODUNIK": "P.204", "BILANGAN_P": 45606, "PERATUS_EQ": 69.383 }, "geometry": { "type": "MultiPolygon", "coordinates": [ [ [ [ 111.64605821604151, 1.388441369045506 ], [ 111.649128018128835, 1.379231962783572 ], [ 111.64605821604151, 1.370943497147832 ], [ 111.651276879589943, 1.366338794016866 ], [ 111.646672176458978, 1.352524684623966 ], [ 111.630095245187533, 1.362041071094631 ], [ 111.642067473328041, 1.347306021075538 ], [ 111.64030233712711, 1.333837264414718 ], [ 111.63753951524852, 1.331381422744867 ], [ 111.630785950656431, 1.330767462327405 ], [ 111.625874267316732, 1.332302363371062 ], [ 111.621269564185766, 1.336600086293301 ], [ 111.620425368612445, 1.33103607001279 ], [ 111.616741606107666, 1.327045327299285 ], [ 111.622574230073553, 1.322440624168319 ], [ 111.622881210282287, 1.319370822081008 ], [ 111.617892781889708, 1.314190531055911 ], [ 111.630095245187476, 1.312003297071461 ], [ 111.619504427986243, 1.305403222583743 ], [ 111.618890467568789, 1.301258989765873 ], [ 111.608453140471923, 1.298496167887293 ], [ 111.613364823811622, 1.294351935069423 ], [ 111.616434625898933, 1.288979781416629 ], [ 111.608990355836511, 1.282264589347849 ], [ 111.615513685272745, 1.280077355363427 ], [ 111.615513685272731, 1.276240102754288 ], [ 111.612290393081054, 1.267491166805451 ], [ 111.607532199845735, 1.263346933987581 ], [ 111.599857694627445, 1.262425993361388 ], [ 111.594025070661559, 1.255518938664938 ], [ 111.586580800599123, 1.259241073692997 ], [ 111.583817978720532, 1.262003895571579 ], [ 111.567778262815125, 1.272402850145164 ], [ 111.56624336177147, 1.27823547411106 ], [ 111.559489797179381, 1.279463394945986 ], [ 111.551508311752372, 1.279156414737254 ], [ 111.546596628412658, 1.276700573067403 ], [ 111.545368707577737, 1.274244731397552 ], [ 111.548438509665047, 1.269947008475313 ], [ 111.55365717321348, 1.260737602213372 ], [ 111.555192074257135, 1.257053839708596 ], [ 111.553964153422214, 1.248458393864118 ], [ 111.555192074257135, 1.242932750106953 ], [ 111.554885094048416, 1.238328046975983 ], [ 111.552429252378559, 1.233723343845012 ], [ 111.542912865907851, 1.22819770008787 ], [ 111.534624400272136, 1.23771408655852 ], [ 111.531554598184826, 1.24446765115061 ], [ 111.525414994010205, 1.249072354281581 ], [ 111.517126528374448, 1.254597998038745 ], [ 111.495576917078949, 1.252186580669502 ], [ 111.480442393431034, 1.257207329812958 ], [ 111.472307417899643, 1.266416736074891 ], [ 111.471693457482189, 1.295272875695615 ], [ 111.471693457482189, 1.320445252811565 ], [ 111.474149299152032, 1.331189560117154 ], [ 111.483051725205229, 1.337022184083044 ], [ 111.494103012719549, 1.344389709092591 ], [ 111.496122210225906, 1.35223300154388 ], [ 111.477562414380486, 1.36508209097525 ], [ 111.467702714768677, 1.370483026834735 ], [ 111.466167813725022, 1.379078472679206 ], [ 111.4582630733494, 1.384795979064124 ], [ 111.452472097005497, 1.388087957883425 ], [ 111.458186328298012, 1.398111245620534 ], [ 111.443298175896643, 1.402201682666316 ], [ 111.391901818170595, 1.416478448701298 ], [ 111.352661881545814, 1.422861524946813 ], [ 111.352047921128346, 1.432991871834948 ], [ 111.326228694409735, 1.439321274357212 ], [ 111.305527383659012, 1.44360430416765 ], [ 111.284826072908231, 1.447887333978144 ], [ 111.266980115364504, 1.457167231900939 ], [ 111.249134157820777, 1.466447129823734 ], [ 111.233429715182353, 1.476440866048108 ], [ 111.226186035548523, 1.476890041683534 ], [ 111.212014566129881, 1.495000661893698 ], [ 111.183461034059917, 1.536403283395032 ], [ 111.223192978514319, 1.541931473411055 ], [ 111.261258524396979, 1.55175484009045 ], [ 111.297789169235969, 1.553596721342837 ], [ 111.300245010905826, 1.56556894948335 ], [ 111.317435902594767, 1.561271226561114 ], [ 111.318941595079593, 1.568734209811851 ], [ 111.343836200545638, 1.572936474492896 ], [ 111.336468675536096, 1.580610979711174 ], [ 111.359799171399658, 1.579997019293711 ], [ 111.37023649849651, 1.588285484929451 ], [ 111.372999320375087, 1.594425089104073 ], [ 111.38619946935053, 1.594732069312805 ], [ 111.399783343585995, 1.603365887680855 ], [ 111.405846202709313, 1.598108851608847 ], [ 111.413367217823236, 1.607625238079511 ], [ 111.420888232937145, 1.611615980793015 ], [ 111.427445016945342, 1.624413597348166 ], [ 111.44483268921816, 1.628499892273227 ], [ 111.454349075688825, 1.642927962083588 ], [ 111.462637541324554, 1.642314001666126 ], [ 111.472460908003953, 1.657049051685219 ], [ 111.489651799692894, 1.658276972520143 ], [ 111.499168186163558, 1.665030537112228 ], [ 111.509912493469145, 1.684370290262287 ], [ 111.51556438952781, 1.688242638829593 ], [ 111.528413478959351, 1.689670315433204 ], [ 111.53362671459287, 1.681952821116084 ], [ 111.542836120854815, 1.680110939863696 ], [ 111.54697327480477, 1.672538196191169 ], [ 111.555539334425873, 1.655406076949191 ], [ 111.569773634171739, 1.649681526675672 ], [ 111.589803572909716, 1.65397840034575 ], [ 111.602652662341313, 1.658261430156188 ], [ 111.624416111325871, 1.662574695442378 ], [ 111.62633473762962, 1.65570601326955 ], [ 111.623264935542309, 1.644347745546489 ], [ 111.627869638673275, 1.640357002832981 ], [ 111.641376767857452, 1.644040765337758 ], [ 111.654883897041628, 1.63544531949328 ], [ 111.660716521007515, 1.636673240328206 ], [ 111.668391026225805, 1.643733785129027 ], [ 111.678828353322672, 1.640970963250445 ], [ 111.688037759584617, 1.648338488259997 ], [ 111.686195878332228, 1.657547894521938 ], [ 111.696019245011627, 1.663687498696566 ], [ 111.703386770021183, 1.661231657026715 ], [ 111.708298453360882, 1.658161854939401 ], [ 111.723340483588714, 1.663994478905297 ], [ 111.737768553399093, 1.65570601326955 ], [ 111.736854263070029, 1.638273957707156 ], [ 111.736847612772905, 1.621631210100369 ], [ 111.751131029105011, 1.621141838465121 ], [ 111.763980118536551, 1.612575778844246 ], [ 111.767238653437303, 1.599835615280442 ], [ 111.781973703457325, 1.579574921504103 ], [ 111.778256884571533, 1.566890127532247 ], [ 111.759697088726114, 1.549758008290212 ], [ 111.755414058915619, 1.531198212444792 ], [ 111.741137292880637, 1.512638416599373 ], [ 111.73907321928705, 1.499261224397434 ], [ 111.749510546383902, 1.493735580640274 ], [ 111.736854263070029, 1.4912232675469 ], [ 111.724031189059204, 1.483298253543416 ], [ 111.71267292133615, 1.473474886864021 ], [ 111.705445377793183, 1.455531352459445 ], [ 111.699549517412237, 1.461848011455697 ], [ 111.688313258551204, 1.462669735476936 ], [ 111.676142276497146, 1.473474886864021 ], [ 111.671181139309169, 1.465525088683933 ], [ 111.674300395244785, 1.441548945155986 ], [ 111.658951384808219, 1.432953499311515 ], [ 111.655476696670746, 1.418411760768549 ], [ 111.654049020067134, 1.401279641526514 ], [ 111.648338313653255, 1.392713581905412 ], [ 111.64605821604151, 1.388441369045506 ] ] ] ] } },
{ "type": "Feature", "properties": { "Id": 209, "NEGERI": "SARAWAK", "KODPAR": "P.209", "PARLIMEN": "JULAU", "KODUNIK": "P.209", "BILANGAN_P": 36342, "PERATUS_EQ": 55.289 }, "geometry": { "type": "MultiPolygon", "coordinates": [ [ [ [ 111.845825586872536, 2.061226869003679 ], [ 111.858411775430113, 2.061380359108047 ], [ 111.86884910252698, 2.067826943491406 ], [ 111.880514350458782, 2.06659902265648 ], [ 111.88726791505087, 2.073659567457301 ], [ 111.898933162982658, 2.079185211214466 ], [ 111.910598410914446, 2.068440903908868 ], [ 111.922263658846248, 2.070589765369988 ], [ 111.923564619545061, 2.064034881248858 ], [ 111.939147570326469, 2.070282785161256 ], [ 111.959715244311468, 2.066292042447749 ], [ 111.957873363059079, 2.05524075493342 ], [ 111.962171085981325, 2.044803427836553 ], [ 111.957828858029075, 2.035481349178895 ], [ 111.95603148180669, 2.024849714269015 ], [ 111.962111887839569, 2.019776906540471 ], [ 111.964967241046566, 2.00550014050549 ], [ 111.952118151615025, 1.994078727677334 ], [ 111.950690475011584, 1.981229638245964 ], [ 111.954973504822078, 1.958386812589879 ], [ 111.949262798407972, 1.949820752969003 ], [ 111.962111887839569, 1.932688633726968 ], [ 111.990665419909533, 1.928405603916531 ], [ 112.006369862547899, 1.918411867691987 ], [ 112.029212688203984, 1.889858335622023 ], [ 112.04491713084235, 1.877009246190653 ], [ 112.04491713084235, 1.861304803552059 ], [ 112.022074305186493, 1.864160156759112 ], [ 112.024929658393376, 1.847028037517077 ], [ 112.014935922169002, 1.827040565068216 ], [ 112.027785011600372, 1.818474505447114 ], [ 112.049200160652845, 1.80848076922257 ], [ 112.066332279894823, 1.801342386205079 ], [ 112.076326016119424, 1.787065620170097 ], [ 112.085116659578432, 1.779265547283924 ], [ 112.107734901396384, 1.761367441307186 ], [ 112.127722373845245, 1.758512088100133 ], [ 112.136689334645311, 1.759004853507654 ], [ 112.147740622159645, 1.74918148682825 ], [ 112.160019830508901, 1.747646585784594 ], [ 112.166159434683522, 1.737516238896458 ], [ 112.172606019066876, 1.727385892008324 ], [ 112.168922256562112, 1.716334604493994 ], [ 112.180280524285166, 1.708046138858248 ], [ 112.176596761780388, 1.698529752387576 ], [ 112.183401761381788, 1.688555934528836 ], [ 112.18948993054714, 1.685022623203395 ], [ 112.201001688374745, 1.666450320575147 ], [ 112.187684791192169, 1.665713108872751 ], [ 112.161986612329315, 1.665713108872751 ], [ 112.152805795603925, 1.656319973687012 ], [ 112.146359211220556, 1.647724527842534 ], [ 112.141999139880227, 1.628593517181912 ], [ 112.121800794522059, 1.630840616362309 ], [ 112.103995942415636, 1.628384774692458 ], [ 112.105223863250558, 1.619175368430517 ], [ 112.099168841775281, 1.61431675114693 ], [ 112.077595644464736, 1.620710269474174 ], [ 112.056720990271003, 1.620710269474174 ], [ 112.053651188183693, 1.605054278828874 ], [ 112.059790792358314, 1.598300714236784 ], [ 112.057334950688471, 1.585407545470067 ], [ 112.050581386096383, 1.582951703800217 ], [ 112.037381237120925, 1.591240169435963 ], [ 112.027250890232793, 1.577426060043052 ], [ 111.995478438629291, 1.574509748060107 ], [ 111.983813190697489, 1.573588807433913 ], [ 111.967236259426002, 1.566528262633091 ], [ 111.960789675042633, 1.572667866807719 ], [ 111.943291803144945, 1.569598064720406 ], [ 111.919961307280971, 1.567449203259284 ], [ 111.890184227034453, 1.572360886598987 ], [ 111.884044622859832, 1.580649352234734 ], [ 111.88005388014632, 1.581263312652197 ], [ 111.866853731170877, 1.573895787642644 ], [ 111.861062127574371, 1.579739216963787 ], [ 111.849586094430265, 1.585215682842142 ], [ 111.833392888419141, 1.576658609521226 ], [ 111.822341600904807, 1.585254055365705 ], [ 111.812518234225408, 1.59323554079272 ], [ 111.799672033624006, 1.589732953188332 ], [ 111.781973703457325, 1.579574921504103 ], [ 111.767238653437303, 1.599835615280442 ], [ 111.763980118536551, 1.612575778844246 ], [ 111.751131029105011, 1.621141838465121 ], [ 111.736847612772905, 1.621631210100369 ], [ 111.736854263070029, 1.638273957707156 ], [ 111.737768553399093, 1.65570601326955 ], [ 111.723340483588714, 1.663994478905297 ], [ 111.708298453360882, 1.658161854939401 ], [ 111.703386770021183, 1.661231657026715 ], [ 111.696019245011627, 1.663687498696566 ], [ 111.686195878332228, 1.657547894521938 ], [ 111.688037759584617, 1.648338488259997 ], [ 111.678828353322672, 1.640970963250445 ], [ 111.668391026225805, 1.643733785129027 ], [ 111.660716521007515, 1.636673240328206 ], [ 111.654883897041628, 1.63544531949328 ], [ 111.641376767857452, 1.644040765337758 ], [ 111.627869638673275, 1.640357002832981 ], [ 111.623264935542309, 1.644347745546489 ], [ 111.62633473762962, 1.65570601326955 ], [ 111.624416111325871, 1.662574695442378 ], [ 111.61835710497968, 1.675393549398223 ], [ 111.626923164600782, 1.67967657920866 ], [ 111.632633871014662, 1.695381021847084 ], [ 111.626923164600782, 1.716796170899556 ], [ 111.624723091534548, 1.721821875727482 ], [ 111.629778517807665, 1.73250061353815 ], [ 111.63669531967507, 1.739319747625155 ], [ 111.633241792325862, 1.743348862862355 ], [ 111.627869638673317, 1.754246660272319 ], [ 111.619734663141713, 1.754400150376685 ], [ 111.601469340722403, 1.773893393631127 ], [ 111.582665189892225, 1.779613941453533 ], [ 111.559720032334937, 1.785251661354188 ], [ 111.549828628011824, 1.791035354281519 ], [ 111.545291962524558, 1.8039774540868 ], [ 111.532705773966569, 1.818098543688443 ], [ 111.53393369480149, 1.826693989532921 ], [ 111.517356763530003, 1.83314057391628 ], [ 111.513366020816491, 1.844805821848072 ], [ 111.514900921860146, 1.869057258337849 ], [ 111.502007753093423, 1.870899139590237 ], [ 111.493412307248946, 1.881336466687103 ], [ 111.477017121233473, 1.88954503992295 ], [ 111.475607455142523, 1.906201863594344 ], [ 111.458416563453568, 1.905587903176881 ], [ 111.452746618974004, 1.943796750855824 ], [ 111.431331469921531, 1.952362810476757 ], [ 111.432759146524916, 1.965211899908297 ], [ 111.434472107172539, 1.976193351185094 ], [ 111.439411722920454, 1.986361342481757 ], [ 111.453504880113783, 2.004128550179646 ], [ 111.460807043131297, 2.005373235918398 ], [ 111.469373102752172, 2.022505355160376 ], [ 111.482222192183769, 2.009656265728836 ], [ 111.482974980151994, 2.022547362703528 ], [ 111.475607455142438, 2.030835828339275 ], [ 111.488193643700427, 2.033598650217857 ], [ 111.494333247875048, 2.044649937732186 ], [ 111.503082183823892, 2.042347586166701 ], [ 111.508300847372325, 2.049254640863157 ], [ 111.514286961442579, 2.038510333557559 ], [ 111.5264801668921, 2.042492827609237 ], [ 111.528133456221525, 2.047804319259333 ], [ 111.529635971879159, 2.052631423159201 ], [ 111.535315105740693, 2.051863972637373 ], [ 111.537617457306183, 2.036207981992073 ], [ 111.544524512002639, 2.04910115075879 ], [ 111.552178345755067, 2.049631210626728 ], [ 111.563599758583166, 2.045348180816291 ], [ 111.570157359431647, 2.042501076271068 ], [ 111.564017755257026, 2.037128922618269 ], [ 111.563599758583166, 2.021077678556765 ], [ 111.573227161519029, 2.020705481451139 ], [ 111.573841121936496, 2.012877486128489 ], [ 111.580731877825031, 2.011083942332448 ], [ 111.599627459469929, 2.021933402286065 ], [ 111.629711519925621, 2.004896000701474 ], [ 111.636411265361517, 2.009656265728836 ], [ 111.643525629318532, 2.001519218405429 ], [ 111.638767436083185, 1.992002831934757 ], [ 111.645214020466554, 1.98586322776013 ], [ 111.655344367354687, 1.976193351185092 ], [ 111.662109444224427, 1.975392027244993 ], [ 111.661023501216221, 1.986784168386324 ], [ 111.673530857052413, 1.991096469883416 ], [ 111.687807623087394, 1.993951823090413 ], [ 111.702005359081866, 1.995533104335168 ], [ 111.708912413778322, 1.983407386090279 ], [ 111.713670607013654, 1.988012089221249 ], [ 111.716356683840758, 1.993652850558872 ], [ 111.723724208850314, 1.999025004211667 ], [ 111.734008045842799, 1.998104063585473 ], [ 111.74348701062388, 1.999662529504292 ], [ 111.759191453262304, 1.999662529504292 ], [ 111.756336100055421, 2.018222325349939 ], [ 111.766317712811116, 2.021626422077333 ], [ 111.768159594063505, 2.032984689800394 ], [ 111.779210881577839, 2.038510333557559 ], [ 111.790600338539264, 2.048203534023344 ], [ 111.8250549339038, 2.042619732196385 ], [ 111.832932418105827, 2.041887115853603 ], [ 111.840443027110965, 2.053153029361307 ], [ 111.845825586872536, 2.061226869003679 ] ] ] ] } },
{ "type": "Feature", "properties": { "Id": 211, "NEGERI": "SARAWAK", "KODPAR": "P.211", "PARLIMEN": "LANANG", "KODUNIK": "P.211", "BILANGAN_P": 87071, "PERATUS_EQ": 132.467 }, "geometry": { "type": "MultiPolygon", "coordinates": [ [ [ [ 112.068693218411099, 2.131371846698797 ], [ 112.059790792357887, 2.104050608121706 ], [ 112.053344207974533, 2.088087637267675 ], [ 112.025500729034775, 2.077359862881394 ], [ 111.999802550171864, 2.08878127570955 ], [ 111.974104371308954, 2.087353599105938 ], [ 111.965854848486089, 2.075501448709689 ], [ 111.965547868277369, 2.0687478841176 ], [ 111.959715244311468, 2.066292042447749 ], [ 111.939147570326469, 2.070282785161256 ], [ 111.923564619545061, 2.064034881248858 ], [ 111.922263658846248, 2.070589765369988 ], [ 111.910598410914446, 2.068440903908868 ], [ 111.898933162982658, 2.079185211214466 ], [ 111.88726791505087, 2.073659567457301 ], [ 111.880514350458782, 2.06659902265648 ], [ 111.86884910252698, 2.067826943491406 ], [ 111.858411775430113, 2.061380359108047 ], [ 111.845825586872536, 2.061226869003679 ], [ 111.840443027110965, 2.053153029361307 ], [ 111.832932418105827, 2.041887115853603 ], [ 111.8250549339038, 2.042619732196385 ], [ 111.790600338539264, 2.048203534023344 ], [ 111.790600338539264, 2.059624946851272 ], [ 111.784889632125385, 2.073901712886254 ], [ 111.780606602314776, 2.092461508731674 ], [ 111.779178925711335, 2.108165951370268 ], [ 111.783461955521773, 2.119587364198253 ], [ 111.787652837317282, 2.123236871167416 ], [ 111.78826679773475, 2.147181327448462 ], [ 111.789172661935879, 2.160989985699757 ], [ 111.787652837317282, 2.177265387904136 ], [ 111.797169223787961, 2.174195585816822 ], [ 111.816201996729305, 2.190465536879584 ], [ 111.816508976938039, 2.211647171282048 ], [ 111.827442028184407, 2.216384717522658 ], [ 111.834104519000732, 2.223998992741372 ], [ 111.821727640486444, 2.237740489024215 ], [ 111.822683106172747, 2.246841818397456 ], [ 111.823569521738833, 2.259536083844141 ], [ 111.813746155059434, 2.254317420295708 ], [ 111.803647418126104, 2.274443566064974 ], [ 111.811261693344818, 2.281106056881299 ], [ 111.827822741945397, 2.284342123849285 ], [ 111.827819751875325, 2.284349898031451 ], [ 111.825443280939567, 2.290528722464558 ], [ 111.829334736287763, 2.301056724709269 ], [ 111.83194434587233, 2.306781009987105 ], [ 111.843936829341715, 2.30049923293177 ], [ 111.853520920808307, 2.302426027493539 ], [ 111.857880470835994, 2.300903741302704 ], [ 111.874460177659614, 2.29671532107966 ], [ 111.882074452878271, 2.284342123849285 ], [ 111.891592296901592, 2.276727848630571 ], [ 111.907772631741238, 2.263402866998035 ], [ 111.921097613373774, 2.25198145417005 ], [ 111.934422595006538, 2.245318963353611 ], [ 111.942607940866537, 2.252933238572268 ], [ 111.947366862878198, 2.26721000460725 ], [ 111.953077569292248, 2.279583201837625 ], [ 111.968306119729618, 2.278631417435236 ], [ 111.979727532557547, 2.272920711021357 ], [ 111.972867427630177, 2.287912566890657 ], [ 111.979774482326619, 2.289754448143043 ], [ 111.98944435890165, 2.285610215325173 ], [ 111.990365299527852, 2.289754448143043 ], [ 111.982307069048659, 2.298963854404977 ], [ 111.979774482326619, 2.303108087222846 ], [ 111.978623306543881, 2.307712790353813 ], [ 111.978256530764156, 2.314349717572725 ], [ 111.993960973402523, 2.311494364365672 ], [ 112.008237739437504, 2.320060423986774 ], [ 112.025369858679483, 2.33148183681476 ], [ 112.063781535071385, 2.334899725087691 ], [ 112.065623416323774, 2.313411110476495 ], [ 112.039646624714464, 2.311494364365672 ], [ 112.03821894811108, 2.295789921727305 ], [ 112.048212684335454, 2.290079215313199 ], [ 112.061061773766937, 2.301500628141355 ], [ 112.081049246216025, 2.294362245123864 ], [ 112.092023714274703, 2.302359822962166 ], [ 112.093898335647395, 2.310066687762287 ], [ 112.106758764293815, 2.321085615694779 ], [ 112.119596514510363, 2.315777394176337 ], [ 112.126405497652613, 2.319550714651122 ], [ 112.138991686210602, 2.313104130267763 ], [ 112.13500094349709, 2.300824921918509 ], [ 112.144517329967769, 2.307578486510599 ], [ 112.156489558108291, 2.302052842753434 ], [ 112.152805795603513, 2.291308535447837 ], [ 112.146722369976828, 2.277230125881829 ], [ 112.136535844540745, 2.28302006981209 ], [ 112.125791537235159, 2.265522197914402 ], [ 112.136842824749479, 2.258461653113581 ], [ 112.135614903914515, 2.247410365599252 ], [ 112.130089260157362, 2.233289275997609 ], [ 112.124563616400195, 2.225307790570594 ], [ 112.108600645546161, 2.221317047857086 ], [ 112.115354210138264, 2.205354077003056 ], [ 112.111363467424752, 2.199214472828428 ], [ 112.111363467424752, 2.191232987401413 ], [ 112.106451784085053, 2.184786403018054 ], [ 112.106144803876319, 2.175730486860479 ], [ 112.099698219492964, 2.1725071946688 ], [ 112.103688962206476, 2.162376847780665 ], [ 112.091102773648487, 2.162376847780665 ], [ 112.073604901750798, 2.151018580057605 ], [ 112.073911881959532, 2.144265015465514 ], [ 112.068693218411099, 2.131371846698797 ] ] ] ] } },
{ "type": "Feature", "properties": { "Id": 216, "NEGERI": "SARAWAK", "KODPAR": "P.216", "PARLIMEN": "HULU RAJANG", "KODUNIK": "P.216", "BILANGAN_P": 40063, "PERATUS_EQ": 60.95 }, "geometry": { "type": "MultiPolygon", "coordinates": [ [ [ [ 112.909724301874803, 1.607677559219496 ], [ 112.898302889046704, 1.630520384875581 ], [ 112.909724301874803, 1.637658767893072 ], [ 112.895447535839821, 1.664784623359424 ], [ 112.851189561131264, 1.671923006376915 ], [ 112.85404491433826, 1.684772095808455 ], [ 112.891164506029213, 1.683344419205014 ], [ 112.898302889046704, 1.704759568257487 ], [ 112.909724301874803, 1.719036334292468 ], [ 112.93256712753066, 1.721891687499351 ], [ 112.922573391306173, 1.739023806741329 ], [ 112.933994804134159, 1.750445219569315 ], [ 112.961120659600624, 1.757583602586806 ], [ 112.961032923756861, 1.757759074274347 ], [ 112.960970642220317, 1.757883637347441 ], [ 112.95448461070518, 1.767139829039036 ], [ 112.971399931145925, 1.77528679247024 ], [ 112.995670433405394, 1.798129618126154 ], [ 113.021368612268361, 1.790991235108663 ], [ 113.042894910819825, 1.7883214634415 ], [ 113.044122831654747, 1.808889137426501 ], [ 113.055174119169081, 1.815028741601128 ], [ 113.05701600042147, 1.821475325984487 ], [ 113.084030258789824, 1.82208928640195 ], [ 113.082495357746168, 1.833140573916279 ], [ 113.094180119046882, 1.829538503403114 ], [ 113.097844368182734, 1.838052257255981 ], [ 113.125589004323842, 1.837390724722354 ], [ 113.145576476772703, 1.836676886420605 ], [ 113.179840715256773, 1.845242946041537 ], [ 113.224098689965103, 1.848098299248591 ], [ 113.212677277137118, 1.875224154715113 ], [ 113.212677277137118, 1.893783950560533 ], [ 113.19554515789514, 1.905205363388518 ], [ 113.189324470384676, 1.91694617089994 ], [ 113.188406774877649, 1.933758895458482 ], [ 113.176985362049663, 1.948035661493464 ], [ 113.165073033894899, 1.950407013651659 ], [ 113.168419302428788, 1.965167780735442 ], [ 113.166991625825176, 1.983727576580918 ], [ 113.1484318299797, 1.988010606391356 ], [ 113.152486845336909, 2.004742510597111 ], [ 113.156170607841688, 2.025924144999574 ], [ 113.1709056578608, 2.023161323120992 ], [ 113.173054519321923, 2.031756768965471 ], [ 113.166607934938554, 2.040045234601217 ], [ 113.181342984957666, 2.050482561698083 ], [ 113.175203380783032, 2.063682710673532 ], [ 113.155570212997191, 2.08223726222235 ], [ 113.144505359909886, 2.093152810711743 ], [ 113.143584419283698, 2.101134296138758 ], [ 113.138438093755212, 2.150765739190206 ], [ 113.134068032813019, 2.156083753501672 ], [ 113.175557685446279, 2.152193415793647 ], [ 113.189324470384662, 2.141655683691298 ], [ 113.204111217516243, 2.146482709379768 ], [ 113.219815660154609, 2.165042505225188 ], [ 113.251224545431683, 2.14219967956933 ], [ 113.264073634863053, 2.166470181828629 ], [ 113.300758286154149, 2.165600139972344 ], [ 113.301372246571617, 2.183711972287495 ], [ 113.293390761144593, 2.192614398340704 ], [ 113.302907147615272, 2.201209844185182 ], [ 113.298337873347009, 2.205017450123137 ], [ 113.316992847632719, 2.212590084774206 ], [ 113.322703554046825, 2.227818635211577 ], [ 113.340819203394744, 2.232982295788766 ], [ 113.36422644430921, 2.23248345295167 ], [ 113.382952237041806, 2.217748402932576 ], [ 113.401371049565668, 2.224501967524661 ], [ 113.409966495410146, 2.212836719592879 ], [ 113.416029354533961, 2.221470537961339 ], [ 113.427399838303359, 2.225915066406969 ], [ 113.441585456909451, 2.226343848777047 ], [ 113.446190160040416, 2.251516225892998 ], [ 113.461539170476968, 2.254279047771578 ], [ 113.463995012146825, 2.266558256120822 ], [ 113.478346336906398, 2.26444776718373 ], [ 113.491930211141351, 2.273618800921637 ], [ 113.511193219240653, 2.282866579707612 ], [ 113.513111845543818, 2.289581771775655 ], [ 113.535828380989926, 2.300633059289976 ], [ 113.547800609130434, 2.297563257202664 ], [ 113.560003072428941, 2.300978412022762 ], [ 113.572052045620197, 2.30462380200348 ], [ 113.581261451882128, 2.302474940542362 ], [ 113.59110675550437, 2.294443543374825 ], [ 113.602528168332356, 2.303961387398147 ], [ 113.61464554958313, 2.304355194318807 ], [ 113.623624720687019, 2.300326079081244 ], [ 113.630071305070373, 2.306465683255866 ], [ 113.638359770706117, 2.308307564508253 ], [ 113.646878471499932, 2.31172271932836 ], [ 113.653924526058404, 2.31157566261686 ], [ 113.667139165276197, 2.311415739119629 ], [ 113.675811356171309, 2.314140188474144 ], [ 113.69522785437394, 2.311722719328472 ], [ 113.700062792661029, 2.321200733274958 ], [ 113.687476604103054, 2.32181469369242 ], [ 113.682564920763355, 2.323963555153537 ], [ 113.673662494710157, 2.330410139536891 ], [ 113.672741554083956, 2.335628803085319 ], [ 113.67611833638, 2.342075387468673 ], [ 113.673969474918891, 2.345145189555984 ], [ 113.669978732205379, 2.348521971852026 ], [ 113.666294969700616, 2.351898754148068 ], [ 113.665987989491882, 2.359266279157614 ], [ 113.664146108239493, 2.361108160410001 ], [ 113.657699523856138, 2.366633804167161 ], [ 113.654936701977562, 2.370931527089396 ], [ 113.653094820725173, 2.377685091681481 ], [ 113.653401800933906, 2.384131676064834 ], [ 113.672434573875208, 2.396717864622809 ], [ 113.670899672831553, 2.402550488588699 ], [ 113.667215910326789, 2.404392369841086 ], [ 113.659848385317233, 2.404392369841086 ], [ 113.656778583229922, 2.401936528171237 ], [ 113.650638979055302, 2.400708607336313 ], [ 113.645113335298149, 2.400708607336313 ], [ 113.640201651958449, 2.395489943787884 ], [ 113.637131849871139, 2.397945785457733 ], [ 113.636210909244951, 2.403164449006162 ], [ 113.631299225905252, 2.408690092763321 ], [ 113.631299225905252, 2.414522716729213 ], [ 113.635903929036218, 2.417899499025255 ], [ 113.643578434254493, 2.420969301112566 ], [ 113.64941105822038, 2.423732122991145 ], [ 113.659848385317233, 2.435704351131659 ], [ 113.661690266569622, 2.440309054262625 ], [ 113.657085563438656, 2.444913757393592 ], [ 113.650025018637848, 2.447676579272172 ], [ 113.650025018637848, 2.456272025116643 ], [ 113.650945959264035, 2.462104649082534 ], [ 113.644806355089415, 2.462104649082534 ], [ 113.614722294633765, 2.438467173010239 ], [ 113.603977987328179, 2.429871727165768 ], [ 113.599680264405947, 2.428950786539574 ], [ 113.590470858144016, 2.42496004382607 ], [ 113.587401056056706, 2.421583261530028 ], [ 113.579112590420962, 2.421583261530028 ], [ 113.575735808124918, 2.421583261530028 ], [ 113.573893926872529, 2.416978558399062 ], [ 113.570824124785219, 2.411759894850633 ], [ 113.563763579984411, 2.407462171928397 ], [ 113.547186648712923, 2.399787666710119 ], [ 113.535828380989869, 2.39426202295296 ], [ 113.524777093475549, 2.400094646918851 ], [ 113.521707291388239, 2.403471429214893 ], [ 113.531530658067638, 2.408383112554591 ], [ 113.533372539320013, 2.414829696937944 ], [ 113.52784689556286, 2.418820439651448 ], [ 113.519251449718382, 2.418513459442717 ], [ 113.494079072602432, 2.402550488588699 ], [ 113.486097587175436, 2.396717864622809 ], [ 113.483641745505579, 2.402243508379969 ], [ 113.478116101748427, 2.404699350049817 ], [ 113.47074857673887, 2.401629547962506 ], [ 113.457855407972161, 2.401322567753775 ], [ 113.44864600171023, 2.401322567753775 ], [ 113.44557619962292, 2.395796923996615 ], [ 113.441278476700688, 2.39149920107438 ], [ 113.433296991273679, 2.387201478152145 ], [ 113.422552683968092, 2.382903755229909 ], [ 113.417334020419659, 2.378913012516405 ], [ 113.411194416245038, 2.37768509168148 ], [ 113.403826891235497, 2.376150190637825 ], [ 113.399529168313265, 2.372159447924321 ], [ 113.389705801633866, 2.369089645837009 ], [ 113.37896149432828, 2.364177962497312 ], [ 113.371286989110004, 2.361108160410001 ], [ 113.368831147440147, 2.362643061453656 ], [ 113.36791020681396, 2.365405883332236 ], [ 113.369138127648881, 2.376150190637825 ], [ 113.367603226605226, 2.381061873977523 ], [ 113.362998523474261, 2.382596775021178 ], [ 113.359007780760763, 2.382903755229909 ], [ 113.353175156794862, 2.38321073543864 ], [ 113.348263473455162, 2.382289794812447 ], [ 113.345500651576586, 2.38321073543864 ], [ 113.346114611994054, 2.389350339613262 ], [ 113.34580763178532, 2.396103904205347 ], [ 113.341509908863088, 2.39702484483154 ], [ 113.336598225523389, 2.398559745875195 ], [ 113.336598225523389, 2.408383112554591 ], [ 113.336598225523389, 2.414522716729213 ], [ 113.337212185940842, 2.422504202156222 ], [ 113.333528423436078, 2.427415885495919 ], [ 113.325546938009069, 2.428029845913381 ], [ 113.32278411613045, 2.43294152925308 ], [ 113.31480263070344, 2.441229994888819 ], [ 113.312960749451051, 2.444913757393592 ], [ 113.315723571329627, 2.449518460524559 ], [ 113.31787243279075, 2.452281282403139 ], [ 113.312653769242317, 2.456885985534106 ], [ 113.309583967155007, 2.466709352213501 ], [ 113.312039808824863, 2.470393114718274 ], [ 113.314495650494706, 2.471007075135736 ], [ 113.328309759887603, 2.467937273048425 ], [ 113.342123869280499, 2.467016332422232 ], [ 113.354096097421021, 2.474690837640509 ], [ 113.357779859925785, 2.478681580354014 ], [ 113.368831147440105, 2.486970045989754 ], [ 113.377733573493316, 2.492188709538183 ], [ 113.37804055370205, 2.495565491834224 ], [ 113.376198672449661, 2.500170194965191 ], [ 113.371286989109961, 2.502933016843771 ], [ 113.36729624639645, 2.503546977261233 ], [ 113.367603226605183, 2.509072621018393 ], [ 113.374049810988538, 2.516133165819209 ], [ 113.376812632867114, 2.521044849158906 ], [ 113.381724316206814, 2.521044849158906 ], [ 113.385408078711592, 2.515212225193015 ], [ 113.390933722468745, 2.508765640809662 ], [ 113.396459366225912, 2.513370343940629 ], [ 113.401371049565611, 2.517668066862864 ], [ 113.40658971311403, 2.519202967906519 ], [ 113.409966495410075, 2.516440146027939 ], [ 113.413036297497385, 2.509686581435855 ], [ 113.418561941254552, 2.510607522062049 ], [ 113.416720060002163, 2.515826185610477 ], [ 113.417947980837084, 2.520123908532713 ], [ 113.421938723550596, 2.52503559187241 ], [ 113.427443461755047, 2.529928884701064 ], [ 113.445192474361974, 2.532134509199318 ], [ 113.457424670428395, 2.517079795269524 ], [ 113.473129113066989, 2.527073531494011 ], [ 113.489627859575805, 2.536739212330284 ], [ 113.506435026003828, 2.545948618592218 ], [ 113.528307365875918, 2.559762727985117 ], [ 113.514531734568322, 2.571331506202398 ], [ 113.496995384585347, 2.573807072534565 ], [ 113.488833555705583, 2.58560827223738 ], [ 113.479267277531122, 2.602816702259654 ], [ 113.493311622080569, 2.61570987102636 ], [ 113.495997698907303, 2.63313099787021 ], [ 113.491239505671643, 2.638963621837741 ], [ 113.49597193872296, 2.646998366187745 ], [ 113.501369852559762, 2.653928907013382 ], [ 113.499067500994272, 2.659915021083639 ], [ 113.488016213479952, 2.659224315613994 ], [ 113.485978202498359, 2.678407251464762 ], [ 113.474556789670487, 2.696967047310181 ], [ 113.471400909684164, 2.711065598361664 ], [ 113.458566811711307, 2.714099166552217 ], [ 113.476607091903816, 2.728933123039553 ], [ 113.493739211146021, 2.736071506057044 ], [ 113.518009713405377, 2.727505446435941 ], [ 113.539424862457849, 2.714656357004571 ], [ 113.52800344962975, 2.701807267573031 ], [ 113.542280215664732, 2.69466888455554 ], [ 113.575116777545304, 2.706090297383469 ], [ 113.602242633011883, 2.719653225116758 ], [ 113.629368488478235, 2.733216152849991 ], [ 113.653638990737704, 2.750348272092026 ], [ 113.657922020548199, 2.774618774351381 ], [ 113.673626463186565, 2.781757157368872 ], [ 113.690758582428543, 2.811738366042391 ], [ 113.689330905825159, 2.8388642215088 ], [ 113.703607671860141, 2.853140987543782 ], [ 113.708216390395819, 2.884313413883319 ], [ 113.706788713792207, 2.912866945953283 ], [ 113.711071743602702, 2.964263303679331 ], [ 113.693939624360837, 2.985678452731804 ], [ 113.698222654171332, 3.018515014612262 ], [ 113.696081139266198, 3.034933295552548 ], [ 113.693939624360837, 3.051351576492664 ], [ 113.69679497756772, 3.071339048941695 ], [ 113.669669122101368, 3.095609551201221 ], [ 113.671096798704752, 3.135584496099113 ], [ 113.664951931287291, 3.150776374844674 ], [ 113.673700867236121, 3.153078726410157 ], [ 113.678305570367087, 3.156302018601834 ], [ 113.682910273498052, 3.159064840480414 ], [ 113.684291684437341, 3.162057897515542 ], [ 113.685442860220093, 3.163209073298284 ], [ 113.693040620386185, 3.15676248891493 ], [ 113.696263912577862, 3.151927550627416 ], [ 113.699947675082626, 3.150776374844674 ], [ 113.706624494622531, 3.151927550627416 ], [ 113.709157081344571, 3.151697315470867 ], [ 113.711459432910047, 3.146632142026804 ], [ 113.712150138379698, 3.142718144365483 ], [ 113.717445546980301, 3.141566968582741 ], [ 113.724813071989857, 3.145020495930966 ], [ 113.727575893868433, 3.150776374844674 ], [ 113.729648010277373, 3.156992724071479 ], [ 113.728496834494621, 3.16366954361138 ], [ 113.727115423555333, 3.167353306116154 ], [ 113.726885188398782, 3.172878949873313 ], [ 113.729878245433909, 3.174260360812603 ], [ 113.731259656373211, 3.177253417847731 ], [ 113.731029421216661, 3.180937180352505 ], [ 113.730799186060111, 3.183239531917988 ], [ 113.732180596999399, 3.185541883483471 ], [ 113.734252713408338, 3.186232588953116 ], [ 113.736324829817264, 3.186232588953116 ], [ 113.738166711069653, 3.181167415509053 ], [ 113.745764471235745, 3.18024647488286 ], [ 113.746915647018497, 3.179555769413215 ], [ 113.748987763427422, 3.180016239726311 ], [ 113.748527293114336, 3.183700002231085 ], [ 113.747376117331584, 3.187613999892406 ], [ 113.749678468897073, 3.1885349405186 ], [ 113.753362231401837, 3.189455881144793 ], [ 113.753362231401837, 3.19267917333647 ], [ 113.75474364234114, 3.197744346780533 ], [ 113.757966934532817, 3.196823406154339 ], [ 113.760039050941742, 3.197744346780533 ], [ 113.762341402507232, 3.198204817093629 ], [ 113.762571637663783, 3.200967638972209 ], [ 113.767636811107835, 3.201658344441854 ], [ 113.767636811107835, 3.207874693668659 ], [ 113.770399632986425, 3.211558456173433 ], [ 113.772011279082264, 3.215702688991303 ], [ 113.776155511900143, 3.219616686652624 ], [ 113.77707645252633, 3.221688803061559 ], [ 113.77914856893527, 3.220537627278818 ], [ 113.789048680666838, 3.211328221016884 ], [ 113.792732443171616, 3.20649328272937 ], [ 113.792271972858515, 3.202579285068048 ], [ 113.79043009160614, 3.196593170997791 ], [ 113.800330203337708, 3.190607056927535 ], [ 113.811611726008579, 3.197514111623985 ], [ 113.816446664296095, 3.207183988199015 ], [ 113.814374547887155, 3.212249161643078 ], [ 113.814835018200256, 3.216393394460948 ], [ 113.815295488513357, 3.220537627278818 ], [ 113.814604783043706, 3.225602800722881 ], [ 113.815295488513357, 3.229286563227654 ], [ 113.818979251018121, 3.231358679636589 ], [ 113.828418892436602, 3.231588914793137 ], [ 113.833023595567568, 3.229286563227654 ], [ 113.840160885420573, 3.231588914793137 ], [ 113.838779474481285, 3.238495969489587 ], [ 113.835325947133057, 3.245403024186037 ], [ 113.829109597906253, 3.246784435125327 ], [ 113.82105136742706, 3.245863494499134 ], [ 113.817367604922282, 3.249317021847359 ], [ 113.818058310391933, 3.255072900761067 ], [ 113.822202543209798, 3.259677603892033 ], [ 113.820015309222597, 3.260943897253048 ], [ 113.821511837740161, 3.263361366396806 ], [ 113.823699071727376, 3.261864837879242 ], [ 113.824159542040462, 3.263706719131628 ], [ 113.823699071727376, 3.265548600384015 ], [ 113.825080482666664, 3.265548600384015 ], [ 113.82761306938869, 3.263821836709903 ], [ 113.829109597906253, 3.265548600384015 ], [ 113.828764245171428, 3.267275364058127 ], [ 113.831527067050018, 3.269232362888788 ], [ 113.833714301037219, 3.272225419923917 ], [ 113.833829418615494, 3.273721948441481 ], [ 113.834980594398232, 3.274067301176303 ], [ 113.834750359241696, 3.275678947272141 ], [ 113.837628298698547, 3.277175475789706 ], [ 113.838319004168184, 3.27590918242869 ], [ 113.839815532685748, 3.274988241802496 ], [ 113.840506238155399, 3.274297536332851 ], [ 113.844880706129814, 3.275448712115593 ], [ 113.845801646756001, 3.274067301176303 ], [ 113.848103998321491, 3.273606830863206 ], [ 113.849024938947679, 3.275333594537319 ], [ 113.851097055356618, 3.275218476959045 ], [ 113.85201799598282, 3.275103359380771 ], [ 113.852938936609007, 3.275794064850416 ], [ 113.853399406922108, 3.276254535163512 ], [ 113.854435465126571, 3.276599887898335 ], [ 113.854780817861396, 3.278441769150721 ], [ 113.855816876065859, 3.279938297668286 ], [ 113.86502628232779, 3.285694176581994 ], [ 113.872393807337332, 3.290183762134687 ], [ 113.872854277650433, 3.292601231278444 ], [ 113.872393807337332, 3.295133818000476 ], [ 113.870206573350131, 3.297666404722507 ], [ 113.868019339362917, 3.301350167227281 ], [ 113.866407693267078, 3.303882753949312 ], [ 113.866983281158454, 3.30491881215378 ], [ 113.871012396398044, 3.30963863286302 ], [ 113.87204845460252, 3.315624746933277 ], [ 113.869976338193581, 3.32207133131663 ], [ 113.87204845460252, 3.325524858664855 ], [ 113.873199630385258, 3.330590032108919 ], [ 113.872739160072157, 3.33450402977024 ], [ 113.87204845460252, 3.342101789936335 ], [ 113.874811276481097, 3.345325082128011 ], [ 113.876422922576936, 3.35246237198101 ], [ 113.875962452263835, 3.354994958703041 ], [ 113.872739160072157, 3.36075083761675 ], [ 113.867673986628105, 3.365125305591168 ], [ 113.872278689759071, 3.369730008722134 ], [ 113.87181821944597, 3.371341654817972 ], [ 113.866292575688817, 3.375485887635842 ], [ 113.864911164749515, 3.379169650140616 ], [ 113.869170515145683, 3.384695293897772 ], [ 113.878379921407699, 3.3911418782811 ], [ 113.880221802660088, 3.410021161118062 ], [ 113.883905565164866, 3.418770097066898 ], [ 113.880221802660088, 3.427519033015735 ], [ 113.884826505791054, 3.447779726791988 ], [ 113.888510268295818, 3.455377486958084 ], [ 113.897949909714299, 3.457219368210472 ], [ 113.904396494097654, 3.466659009628954 ], [ 113.912684959733383, 3.465968304159309 ], [ 113.908080256602418, 3.475638180734338 ], [ 113.904396494097654, 3.486919703405206 ], [ 113.914077228955904, 3.490247561072302 ], [ 113.929261891004913, 3.494287228414751 ], [ 113.933866594135878, 3.512245570625522 ], [ 113.953206347285942, 3.538492378472031 ], [ 113.965198179025492, 3.553893740924082 ], [ 113.973927511375209, 3.536190026906574 ], [ 113.989583502020579, 3.509022278433843 ], [ 114.007541844231355, 3.503036164363586 ], [ 114.01168607704922, 3.49152440653617 ], [ 114.015369839553998, 3.477249826830174 ], [ 114.018132661432574, 3.466198539315854 ], [ 114.00339761141349, 3.453305370549148 ], [ 114.018132661432574, 3.433965617399088 ], [ 113.996951027030136, 3.423835270510962 ], [ 113.972315865279455, 3.401272225169226 ], [ 113.992092706170894, 3.378161942530024 ], [ 114.005009257509315, 3.378018474357845 ], [ 114.002086442395381, 3.362457499891657 ], [ 114.016060545023635, 3.369039303252461 ], [ 114.025039716129015, 3.361902013399463 ], [ 114.036321238799886, 3.371111419661395 ], [ 114.037472414582624, 3.38285341264536 ], [ 114.05128652397552, 3.385385999367392 ], [ 114.059574989611264, 3.379630120453684 ], [ 114.07730309666546, 3.378248709514393 ], [ 114.077753302380785, 3.371023559512533 ], [ 114.078684507604763, 3.36075083761672 ], [ 114.057042402889209, 3.345555317284531 ], [ 114.065100633368402, 3.322992271942795 ], [ 114.056812167732659, 3.304573459418929 ], [ 114.049444642723117, 3.289377939086739 ], [ 114.060035459924336, 3.281089473450999 ], [ 114.078224037291662, 3.299047815661769 ], [ 114.084210151361916, 3.297205934409382 ], [ 114.088584619336331, 3.289377939086739 ], [ 114.10147778810304, 3.295364053156995 ], [ 114.120126835783452, 3.295364053156995 ], [ 114.144301527221032, 3.293522171904609 ], [ 114.146281779348698, 3.302495082544677 ], [ 114.159266812396666, 3.314243335993958 ], [ 114.175843743668153, 3.321841096160052 ], [ 114.179987976486018, 3.337727321961887 ], [ 114.184132209303897, 3.343943671188692 ], [ 114.204162667923597, 3.348548374319658 ], [ 114.207903201620184, 3.337172432513 ], [ 114.222351245290824, 3.328057445386885 ], [ 114.236856060153485, 3.30319204847964 ], [ 114.25205158048567, 3.294443112530804 ], [ 114.268628511757157, 3.280629003137904 ], [ 114.28607842233113, 3.251628593628097 ], [ 114.299019552421527, 3.231358679636561 ], [ 114.316059631004478, 3.211653648730203 ], [ 114.32533952892733, 3.193807691186477 ], [ 114.334936236843063, 3.180246474882833 ], [ 114.333094355590674, 3.163209073298257 ], [ 114.326187300894233, 3.152157785783936 ], [ 114.322503538389455, 3.138804146704134 ], [ 114.29625673054295, 3.163669543611352 ], [ 114.271391333635719, 3.170576598307802 ], [ 114.264023808626177, 3.159525310793482 ], [ 114.289647613839875, 3.123851537615009 ], [ 114.317438364945374, 3.108873576352852 ], [ 114.327568711833507, 3.098743229464724 ], [ 114.326400359710533, 3.087329026900818 ], [ 114.337821772538405, 3.067341554451787 ], [ 114.355657400932415, 3.062826545043186 ], [ 114.375227389238901, 3.069273129426565 ], [ 114.404237018963997, 3.041184440327671 ], [ 114.412755719756376, 3.002735169184074 ], [ 114.434858294785002, 2.984776826973305 ], [ 114.429791249303719, 2.96496413681333 ], [ 114.450514285430302, 2.94011120660293 ], [ 114.462486513570809, 2.946557790986283 ], [ 114.486891440164925, 2.944715909733896 ], [ 114.505770723001888, 2.929520389401706 ], [ 114.498319726271518, 2.916423132294335 ], [ 114.503007901123311, 2.901431700302811 ], [ 114.51545184551361, 2.88644192362093 ], [ 114.546752580867519, 2.852852082271113 ], [ 114.563329512138992, 2.860910312750304 ], [ 114.574380799653312, 2.85308231742766 ], [ 114.581978559819419, 2.856535844775886 ], [ 114.595792669212315, 2.857456785402079 ], [ 114.616283598145102, 2.85722655024553 ], [ 114.627334885659423, 2.842951970539534 ], [ 114.629176766911812, 2.821770336137088 ], [ 114.644372287243996, 2.818547043945412 ], [ 114.658186396636893, 2.811179518935865 ], [ 114.667927706767216, 2.813344881521879 ], [ 114.677065679473856, 2.797365409542966 ], [ 114.668777213838126, 2.780788478271486 ], [ 114.677526149786956, 2.771579072009553 ], [ 114.666935332585737, 2.761448725121427 ], [ 114.668316743525025, 2.750397437607107 ], [ 114.664632981020247, 2.74026709071898 ], [ 114.655884045071417, 2.740727561032077 ], [ 114.655423574758316, 2.731057684457047 ], [ 114.64368158177426, 2.726222746169558 ], [ 114.64598393333975, 2.721157572725495 ], [ 114.657495691167156, 2.721157572725495 ], [ 114.684663439639863, 2.703199230514725 ], [ 114.68788673183154, 2.694910764878986 ], [ 114.703542722476826, 2.699054997696855 ], [ 114.718277772495924, 2.689385121121826 ], [ 114.740380347524564, 2.681096655486086 ], [ 114.761561981927002, 2.674650071102733 ], [ 114.782743616329455, 2.6654406648408 ], [ 114.793794903843775, 2.665901135153896 ], [ 114.80899042417596, 2.674189600789636 ], [ 114.818660300750992, 2.67096630859796 ], [ 114.826488296073634, 2.676031482042023 ], [ 114.841683816405819, 2.679254774233699 ], [ 114.860563099242782, 2.683399007051569 ], [ 114.855497925798716, 2.693989824252792 ], [ 114.86424686174756, 2.691687472687309 ], [ 114.877600500827356, 2.689845591434922 ], [ 114.887270377402388, 2.684780417990859 ], [ 114.896940253977419, 2.677412892981312 ], [ 114.905228719613163, 2.675110541415829 ], [ 114.910754363370316, 2.667743016406283 ], [ 114.938382582156123, 2.665440664840799 ], [ 114.949433869670443, 2.663598783588413 ], [ 114.971075974385982, 2.674189600789636 ], [ 114.992718079101522, 2.693068883626598 ], [ 115.006532188494418, 2.710106285211174 ], [ 115.017583476008738, 2.717473810220721 ], [ 115.036923229158802, 2.74095779618865 ], [ 115.060867685439831, 2.762599900904193 ], [ 115.0599405985879, 2.775096153715822 ], [ 115.056723452621966, 2.791609530629282 ], [ 115.058512921984288, 2.802935847483923 ], [ 115.074566677254467, 2.80427246423944 ], [ 115.098194912690161, 2.81914950136562 ], [ 115.141318164987183, 2.801508170880481 ], [ 115.144173518194179, 2.76867160900008 ], [ 115.134179781969692, 2.751539489758045 ], [ 115.114192309520831, 2.725841310895134 ], [ 115.091349483864747, 2.712992221463537 ], [ 115.104198573296344, 2.694432425618118 ], [ 115.104198573296344, 2.651602127513172 ], [ 115.089921807261362, 2.614482535822106 ], [ 115.097060190278853, 2.598778093183682 ], [ 115.117047662727828, 2.588784356959195 ], [ 115.142745841590795, 2.607344152804615 ], [ 115.177010080074638, 2.615910212425717 ], [ 115.192714522713231, 2.587356680355754 ], [ 115.215557348369316, 2.55309244187174 ], [ 115.24125552723217, 2.54024335244037 ], [ 115.228406437800686, 2.5059791139563 ], [ 115.212701995162206, 2.490274671317934 ], [ 115.188431492902737, 2.490274671317934 ], [ 115.15131190121167, 2.490274671317934 ], [ 115.122758369141707, 2.468859522265461 ], [ 115.099344472844336, 2.437450636988444 ], [ 115.073646293981483, 2.408897104918481 ], [ 115.039382055497413, 2.400331045297378 ], [ 115.029388319272925, 2.387481955866008 ], [ 115.00511781701357, 2.360356100399486 ], [ 114.98655802116798, 2.344651657761062 ], [ 114.958004489098016, 2.373205189831026 ], [ 114.946583076270031, 2.3489346875715 ], [ 114.940872369856152, 2.314670449087487 ], [ 114.955149135891133, 2.294682976638626 ], [ 114.932306310235049, 2.280406210603644 ], [ 114.90803580797558, 2.261846414758054 ], [ 114.873771569491737, 2.267557121172104 ], [ 114.840935007611279, 2.263274091361609 ], [ 114.815236828748198, 2.260418738154613 ], [ 114.796677032902721, 2.263274091361609 ], [ 114.78953864988523, 2.240431265705581 ], [ 114.782400266867739, 2.214733086842614 ], [ 114.766695824229373, 2.204739350618127 ], [ 114.739569968762794, 2.197600967600636 ], [ 114.728148555934808, 2.166192082323789 ], [ 114.732431585745303, 2.144776933271316 ], [ 114.753846734797776, 2.144776933271316 ], [ 114.782400266867739, 2.151915316288807 ], [ 114.812381475541315, 2.136210873650214 ], [ 114.812912392778117, 2.105181214971083 ], [ 114.805774009760626, 2.088049095729048 ], [ 114.79435259693264, 2.053784857245034 ], [ 114.795780273536252, 2.032369708192562 ], [ 114.805774009760626, 2.020948295364633 ], [ 114.837182895037586, 2.046646474227543 ], [ 114.855742690883062, 2.045218797624102 ], [ 114.877157839935535, 2.028086678382124 ], [ 114.87287481012504, 2.00524385272621 ], [ 114.852887337676179, 1.985256380277178 ], [ 114.84146592484808, 1.959558201414211 ], [ 114.851459661072568, 1.94670911198267 ], [ 114.87287481012504, 1.938143052361738 ], [ 114.865736427107549, 1.906734167084778 ], [ 114.814340069381728, 1.895312754256793 ], [ 114.790069567122146, 1.865331545583444 ], [ 114.770082094673171, 1.849627102944851 ], [ 114.734390179585716, 1.866759222186829 ], [ 114.698698264498262, 1.805369128236464 ], [ 114.70298129430887, 1.736840651268608 ], [ 114.707264324119365, 1.68544429354256 ], [ 114.68442149846328, 1.629764906006244 ], [ 114.643018876961946, 1.598356020729227 ], [ 114.603805359585749, 1.572990966407076 ], [ 114.595905549046506, 1.561236429038161 ], [ 114.591622519235898, 1.545531986399737 ], [ 114.60589928527088, 1.521261484140268 ], [ 114.595905549046506, 1.496990981880742 ], [ 114.575918076597418, 1.454160683775797 ], [ 114.548792221130952, 1.445594624154865 ], [ 114.520238689060989, 1.449877653965359 ], [ 114.458848595110567, 1.484141892449372 ], [ 114.40887991398813, 1.516978454329774 ], [ 114.383181735125163, 1.52268916074388 ], [ 114.36176658607269, 1.491280275466863 ], [ 114.281816696276906, 1.464154420000341 ], [ 114.23927193349266, 1.464154420000341 ], [ 114.2078630482157, 1.425607151705833 ], [ 114.182164869352732, 1.422751798499007 ], [ 114.146472954265278, 1.459871390189846 ], [ 114.109353362574211, 1.468437449810779 ], [ 114.052246298434284, 1.4627267433969 ], [ 113.946598229775532, 1.445594624154865 ], [ 113.915189344498572, 1.424179475102392 ], [ 113.86664833997952, 1.399908972842923 ], [ 113.850943897341153, 1.392770589825432 ], [ 113.810968952443204, 1.375638470583397 ], [ 113.818107335460695, 1.358506351341589 ], [ 113.820962688667578, 1.345657261909992 ], [ 113.800975216218717, 1.315676053236643 ], [ 113.747009040606372, 1.278556461545577 ], [ 113.699895712690932, 1.265707372114207 ], [ 113.671342180620968, 1.238581516647628 ], [ 113.64136097194762, 1.222877074009261 ], [ 113.618518146291535, 1.241436869854681 ], [ 113.57568784818659, 1.309965346822537 ], [ 113.548561992720238, 1.327097466064572 ], [ 113.530002196874761, 1.327097466064572 ], [ 113.461473719906735, 1.305682317012099 ], [ 113.417215745198291, 1.295688580787555 ], [ 113.367247064075855, 1.345657261909992 ], [ 113.320133736160528, 1.377066147187008 ], [ 113.288724850883455, 1.384204530204499 ], [ 113.233045463347025, 1.39134291322199 ], [ 113.207347284484058, 1.381349176997446 ], [ 113.183076782224589, 1.388487560014937 ], [ 113.134535777705764, 1.392770589825432 ], [ 113.11169295204968, 1.432745534723324 ], [ 113.0959885094112, 1.447022300758306 ], [ 113.058868917720361, 1.432745534723324 ], [ 113.0274600324434, 1.412758062274463 ], [ 112.996051147166327, 1.408475032464025 ], [ 112.977491351320964, 1.40990270906741 ], [ 112.966069938492979, 1.428462504912886 ], [ 112.966069938492751, 1.44916381566361 ], [ 112.991768117355718, 1.463440581698592 ], [ 113.03317073885728, 1.489138760561559 ], [ 113.03745376866766, 1.509126233010591 ], [ 113.038881445271159, 1.530541382063063 ], [ 113.058868917720361, 1.543390471494433 ], [ 113.044592151685379, 1.563377943943465 ], [ 113.020321649425682, 1.563377943943465 ], [ 112.997478823769825, 1.579082386581888 ], [ 112.986057410941839, 1.576227033375062 ], [ 112.963214585285755, 1.571944003564397 ], [ 112.940371759629897, 1.573371680168009 ], [ 112.926094993594916, 1.57479935677145 ], [ 112.9011582422537, 1.590545439977632 ], [ 112.909724301874803, 1.607677559219496 ] ] ] ] } },
{ "type": "Feature", "properties": { "Id": 207, "NEGERI": "SARAWAK", "KODPAR": "P.207", "PARLIMEN": "BATANG LASSA", "KODUNIK": "P.207", "BILANGAN_P": 36964, "PERATUS_EQ": 56.236 }, "geometry": { "type": "MultiPolygon", "coordinates": [ [ [ [ 111.639074416291677, 2.28486195106448 ], [ 111.631706891282121, 2.288238733360525 ], [ 111.626795207942422, 2.28946665419545 ], [ 111.620962583976521, 2.284554970855749 ], [ 111.624953326690033, 2.277801406263658 ], [ 111.629251049612265, 2.264294277079479 ], [ 111.609604316253467, 2.27810838647239 ], [ 111.598860008947867, 2.28486195106448 ], [ 111.598860008947867, 2.287317792734331 ], [ 111.603464712078832, 2.292536456282764 ], [ 111.604692632913768, 2.298062100039929 ], [ 111.600394909991522, 2.302666803170899 ], [ 111.587194761016079, 2.309113387554258 ], [ 111.583817978720035, 2.309113387554258 ], [ 111.581669117258912, 2.306657545884407 ], [ 111.585045899554956, 2.299290020874854 ], [ 111.586887780807345, 2.29622021878754 ], [ 111.584431939137488, 2.291922495865301 ], [ 111.581976097467646, 2.289773634404182 ], [ 111.570627303843679, 2.289773634404182 ], [ 111.563619587424853, 2.30187787185497 ], [ 111.543296591167504, 2.301745862544704 ], [ 111.537770947410337, 2.317708833398735 ], [ 111.523035897391225, 2.323848437573362 ], [ 111.507993867163393, 2.32108561569478 ], [ 111.501547282780038, 2.330908982374184 ], [ 111.492030896309359, 2.345644032393289 ], [ 111.471770202533094, 2.340425368844856 ], [ 111.465874100000121, 2.367346699999985 ], [ 111.47174020000017, 2.372890900000243 ], [ 111.46332880000017, 2.378893900000094 ], [ 111.441527800000074, 2.3912428000001 ], [ 111.431571400000166, 2.397417200000064 ], [ 111.419040100000188, 2.40993750000024 ], [ 111.413375300000098, 2.418856000000233 ], [ 111.411315400000149, 2.427945900000225 ], [ 111.413032000000101, 2.445268000000112 ], [ 111.411830300000133, 2.457959300000198 ], [ 111.406337200000223, 2.46687750000001 ], [ 111.39412520000019, 2.482479400000216 ], [ 111.392089300000123, 2.486943100000246 ], [ 111.396724100000085, 2.490201600000205 ], [ 111.404253300000107, 2.490196900000171 ], [ 111.417323500000066, 2.488829600000201 ], [ 111.437236200000086, 2.482312600000114 ], [ 111.441030600000147, 2.491248100000121 ], [ 111.444446000000141, 2.499291 ], [ 111.431204100000173, 2.505974700000195 ], [ 111.421958400000051, 2.512667800000088 ], [ 111.405478900000048, 2.524329500000078 ], [ 111.399985700000116, 2.529131300000188 ], [ 111.396895800000095, 2.534104599999921 ], [ 111.396520500000122, 2.544685200000174 ], [ 111.399470700000165, 2.563258200000178 ], [ 111.413286000000141, 2.608634100000074 ], [ 111.419531100000142, 2.629961200000253 ], [ 111.425906600000246, 2.656202200000166 ], [ 111.428972500000043, 2.668372300000158 ], [ 111.428457500000093, 2.679689600000188 ], [ 111.430198100000212, 2.695298300000275 ], [ 111.43452160000038, 2.701753 ], [ 111.445851300000413, 2.707068500000332 ], [ 111.46796360000036, 2.713131199999964 ], [ 111.478263300000265, 2.721018699999945 ], [ 111.479840200000353, 2.734846300000072 ], [ 111.485620700000425, 2.740732700000422 ], [ 111.493401500000289, 2.74547720000038 ], [ 111.524587900000313, 2.756335900000352 ], [ 111.54558660000032, 2.765366900000288 ], [ 111.593995100000313, 2.790228500000126 ], [ 111.605268700000352, 2.800401000000363 ], [ 111.612135200000409, 2.813431600000285 ], [ 111.614538400000299, 2.821832900000288 ], [ 111.630043900000317, 2.844579400000327 ], [ 111.638742700000307, 2.849265100000423 ], [ 111.6466391000003, 2.849093600000231 ], [ 111.651673300000255, 2.84475080000027 ], [ 111.655222200000253, 2.837777900000106 ], [ 111.657147500000235, 2.829384600000196 ], [ 111.664835200000198, 2.826633600000321 ], [ 111.671757700000285, 2.825891200000342 ], [ 111.683774000000255, 2.813718000000335 ], [ 111.692700400000433, 2.8121749000004 ], [ 111.697622500000364, 2.809488200000317 ], [ 111.702944000000286, 2.805544700000326 ], [ 111.710497100000339, 2.807430700000225 ], [ 111.723543400000267, 2.801772700000356 ], [ 111.728062600000271, 2.811146200000337 ], [ 111.697506900000405, 2.824691000000371 ], [ 111.687995600000363, 2.830756400000382 ], [ 111.679286300000228, 2.833621400000311 ], [ 111.677765800000373, 2.835492500000385 ], [ 111.684574100000418, 2.840594200000282 ], [ 111.689267100000393, 2.84132180000023 ], [ 111.711808100000269, 2.848153700000296 ], [ 111.790324000000396, 2.864185000000305 ], [ 111.828234500000235, 2.870756000000426 ], [ 111.840699100000222, 2.872874800000261 ], [ 111.855308700000364, 2.874973199999943 ], [ 111.865300800000227, 2.876137800000379 ], [ 111.872930900000426, 2.876370700000109 ], [ 111.874755600000412, 2.875900399999921 ], [ 111.877874900000222, 2.872769800000242 ], [ 111.87938440000022, 2.871968 ], [ 111.88083040000032, 2.871691000000339 ], [ 111.881877400000292, 2.87178280000029 ], [ 111.883125200000336, 2.873152300000299 ], [ 111.883843900000272, 2.87336280000028 ], [ 111.907199700000263, 2.876339600000392 ], [ 111.923220700000286, 2.878007200000354 ], [ 111.940635700000428, 2.88069150000041 ], [ 111.975230300000362, 2.886634300000424 ], [ 111.987458200000276, 2.889122000000384 ], [ 111.988629069029258, 2.889325030401918 ], [ 112.002078513116174, 2.854003258052423 ], [ 111.995324948524086, 2.852161376800035 ], [ 112.012515840213027, 2.814095830917346 ], [ 112.001771532907426, 2.814709791334809 ], [ 111.98668043046348, 2.815301421964348 ], [ 111.98227828965301, 2.806114345490331 ], [ 111.980436408400621, 2.804272464237943 ], [ 111.979822447983153, 2.799667761106972 ], [ 111.976138685478375, 2.79690493922839 ], [ 111.96385947712912, 2.79690493922839 ], [ 111.951887248988598, 2.791993255888688 ], [ 111.945133684396509, 2.795677018393464 ], [ 111.933161456255988, 2.784625730879136 ], [ 111.937766159386953, 2.777565186078314 ], [ 111.938687100013141, 2.771425581903687 ], [ 111.938073139595687, 2.767127858981448 ], [ 111.93561729792583, 2.758839393345701 ], [ 111.911058881227319, 2.759760333971895 ], [ 111.902156455174108, 2.763751076685403 ], [ 111.894481949955832, 2.75853241313697 ], [ 111.876677097849409, 2.78554667150533 ], [ 111.863169968665233, 2.785853651714061 ], [ 111.862556008247765, 2.797825879854584 ], [ 111.82356952173923, 2.797825879854586 ], [ 111.823262541530497, 2.771425581903689 ], [ 111.85254564005794, 2.749799508897695 ], [ 111.853039621777441, 2.720466867254282 ], [ 111.831857987374974, 2.718011025584432 ], [ 111.838268874022788, 2.709824563999575 ], [ 111.821136754780753, 2.712679917206458 ], [ 111.801149282331892, 2.712679917206458 ], [ 111.78116180988286, 2.705541534188967 ], [ 111.788300192900351, 2.684126385136494 ], [ 111.772595750261928, 2.688409414947103 ], [ 111.771196410442258, 2.66741931765165 ], [ 111.769740397054932, 2.645579116842157 ], [ 111.765457367244437, 2.605604171944094 ], [ 111.761174337433829, 2.585616699495233 ], [ 111.758318984226946, 2.567056903649757 ], [ 111.772595750261928, 2.561346197235707 ], [ 111.772595750261928, 2.551352461011163 ], [ 111.770454235356624, 2.540644886484927 ], [ 111.76831272045132, 2.52993731195869 ], [ 111.75546363101995, 2.519943575734203 ], [ 111.759746660830388, 2.509949839509829 ], [ 111.762602014037441, 2.495673073474848 ], [ 111.759746660830388, 2.478540954232869 ], [ 111.749752924605843, 2.458553481783781 ], [ 111.738331511777915, 2.422861566696326 ], [ 111.725482422346374, 2.394308034626363 ], [ 111.70835030310451, 2.381458945194993 ], [ 111.691218183862532, 2.387169651608872 ], [ 111.665520004999564, 2.392880358022978 ], [ 111.644818694248841, 2.390738843117788 ], [ 111.62411738349806, 2.388597328212484 ], [ 111.61840667708401, 2.375748238780943 ], [ 111.621262030291007, 2.361471472745961 ], [ 111.636966472929601, 2.358616119538908 ], [ 111.64267717934348, 2.355760766331912 ], [ 111.648387885757586, 2.342911676900542 ], [ 111.648387885757586, 2.330062587468944 ], [ 111.646960209153974, 2.312930468226966 ], [ 111.648897782971147, 2.285475911481942 ], [ 111.639074416291677, 2.28486195106448 ] ] ] ] } },
{ "type": "Feature", "properties": { "Id": 217, "NEGERI": "SARAWAK", "KODPAR": "P.217", "PARLIMEN": "BINTULU", "KODUNIK": "P.217", "BILANGAN_P": 127740, "PERATUS_EQ": 194.339 }, "geometry": { "type": "MultiPolygon", "coordinates": [ [ [ [ 112.779326400000286, 3.081098400000201 ], [ 112.784167300000263, 3.085623699999985 ], [ 112.793148, 3.084648200000117 ], [ 112.800337800000079, 3.080541300000107 ], [ 112.810654600000134, 3.073933300000135 ], [ 112.815916100000095, 3.070547900000179 ], [ 112.820662500000253, 3.064454100000091 ], [ 112.819812800000136, 3.059234400000207 ], [ 112.822490700000344, 3.061822799999959 ], [ 112.822310400000106, 3.066142500000183 ], [ 112.816654200000244, 3.072707699999967 ], [ 112.809247000000369, 3.078407200000129 ], [ 112.805453300000181, 3.081287000000202 ], [ 112.801632800000107, 3.083726500000239 ], [ 112.841218900000172, 3.089909000000205 ], [ 112.8813791, 3.099319499999865 ], [ 112.923667900000169, 3.112997900000096 ], [ 112.956067100000041, 3.129020300000093 ], [ 112.97843910000006, 3.142329700000175 ], [ 112.998214700000176, 3.154094300000111 ], [ 113.004713700000366, 3.158818500000223 ], [ 113.007691200000181, 3.160823300000175 ], [ 113.008042100000239, 3.160801100000128 ], [ 113.007886500000154, 3.160596799999894 ], [ 113.008045800000218, 3.160418400000253 ], [ 113.008154200000035, 3.160647100000176 ], [ 113.008114200000136, 3.161068900000089 ], [ 113.00823650000018, 3.161212500000033 ], [ 113.008271900000068, 3.161544000000106 ], [ 113.009273500000177, 3.16253230000018 ], [ 113.010529000000133, 3.163517000000127 ], [ 113.015756700000111, 3.167714900000192 ], [ 113.01844420000009, 3.169886100000042 ], [ 113.019121500000324, 3.170417200000145 ], [ 113.020814200000018, 3.17183330000023 ], [ 113.021137400000157, 3.172019500000204 ], [ 113.021267500000249, 3.172307400000193 ], [ 113.023123900000201, 3.174028799999974 ], [ 113.032380838670804, 3.179786004569762 ], [ 113.031229662888066, 3.186117471374841 ], [ 113.033259367893606, 3.187772247621183 ], [ 113.035837299197055, 3.190682768025397 ], [ 113.045125212684752, 3.19849674713646 ], [ 113.045849447043338, 3.202000752514948 ], [ 113.062621818949424, 3.226381229327274 ], [ 113.072814159858808, 3.23924689798838 ], [ 113.077967287095589, 3.258557009921674 ], [ 113.0676712868908, 3.264469778655666 ], [ 113.056876348902506, 3.265967624228608 ], [ 113.064230755522203, 3.280520436516269 ], [ 113.082550308418718, 3.29077346594778 ], [ 113.119938829805264, 3.315210685552187 ], [ 113.123730342277554, 3.317688826422227 ], [ 113.153684645663475, 3.345099360560312 ], [ 113.155764522227287, 3.35246614715777 ], [ 113.166014137922502, 3.368533955844896 ], [ 113.182669965996865, 3.4044456830635 ], [ 113.211083594890397, 3.428183179255484 ], [ 113.263216422292203, 3.468359332102182 ], [ 113.290102758895728, 3.499899219528061 ], [ 113.301847749952159, 3.517624815197206 ], [ 113.30266231059727, 3.518854153948837 ], [ 113.295876787284101, 3.533543859522752 ], [ 113.298290622436298, 3.548034367311629 ], [ 113.313422190034885, 3.562281240576226 ], [ 113.335245645951545, 3.582943037187476 ], [ 113.354604646649932, 3.600302858027874 ], [ 113.373453643218795, 3.622993517910459 ], [ 113.372320957476973, 3.631043044287253 ], [ 113.388010229746783, 3.649279643494197 ], [ 113.414925481322712, 3.695299300524709 ], [ 113.426703195994719, 3.726473193259665 ], [ 113.420961138647613, 3.735372963442501 ], [ 113.439428999804136, 3.761945962909692 ], [ 113.463954836928792, 3.778909594994502 ], [ 113.492952033888628, 3.79658164671622 ], [ 113.505855697836296, 3.804633418034314 ], [ 113.545906084953799, 3.830135066578464 ], [ 113.575096399038443, 3.852888934900818 ], [ 113.605213228320622, 3.878778958651424 ], [ 113.616960213423454, 3.888107764298013 ], [ 113.638014417971164, 3.908250039888672 ], [ 113.649526175798584, 3.895817341435062 ], [ 113.657354171121227, 3.903415101601157 ], [ 113.671858985983775, 3.893745225026127 ], [ 113.675203351824166, 3.88077715381047 ], [ 113.681298627402256, 3.872793825780229 ], [ 113.67623345395819, 3.858058775761136 ], [ 113.679486381634433, 3.843657562119574 ], [ 113.693270855542764, 3.84240278511585 ], [ 113.690508033664187, 3.836646906202142 ], [ 113.677384629740928, 3.829509616349144 ], [ 113.692580150073127, 3.822142091339597 ], [ 113.686594036002859, 3.811551274138374 ], [ 113.678058705031049, 3.806537970428508 ], [ 113.674391572705801, 3.79704645927583 ], [ 113.683140508654631, 3.794053402240702 ], [ 113.693501090699314, 3.805104689755021 ], [ 113.699256969613018, 3.800039516310958 ], [ 113.712610608692827, 3.804183749128828 ], [ 113.715178296721888, 3.800827264014629 ], [ 113.713301314162464, 3.790830110049025 ], [ 113.716064136041055, 3.779778822534705 ], [ 113.733562007938716, 3.791290580362122 ], [ 113.729648010277401, 3.797967399902023 ], [ 113.730799186060153, 3.803262808502634 ], [ 113.732871302469079, 3.804644219441924 ], [ 113.732871302469079, 3.807407041320504 ], [ 113.729417775120851, 3.815465271799696 ], [ 113.730108480590502, 3.818458328834824 ], [ 113.731720126686341, 3.818688563991373 ], [ 113.733101537625629, 3.818458328834824 ], [ 113.736324829817306, 3.811551274138374 ], [ 113.743231884513762, 3.803262808502634 ], [ 113.745534236079237, 3.802341867876441 ], [ 113.747836587644727, 3.804874454598473 ], [ 113.747145882175076, 3.809248922572891 ], [ 113.747145882175076, 3.812932685077664 ], [ 113.748297057957814, 3.816155977269341 ], [ 113.749217998584015, 3.818918799147921 ], [ 113.748527293114364, 3.821221150713404 ], [ 113.745534236079237, 3.823983972591984 ], [ 113.740469062635171, 3.826516559314015 ], [ 113.735864359504205, 3.829049146036047 ], [ 113.73125965637324, 3.830891027288434 ], [ 113.730799186060153, 3.833653849167014 ], [ 113.73125965637324, 3.835956200732497 ], [ 113.73148989152979, 3.83825855229798 ], [ 113.731950361842891, 3.840560903863464 ], [ 113.73125965637324, 3.844014431211688 ], [ 113.73125965637324, 3.846777253090268 ], [ 113.733101537625629, 3.848849369499203 ], [ 113.737245770443494, 3.847007488246817 ], [ 113.746224941548888, 3.838488787454529 ], [ 113.752901761088779, 3.834574789793207 ], [ 113.754283172028082, 3.837337611671787 ], [ 113.75566458296737, 3.841942314802754 ], [ 113.757506464219759, 3.846086547620623 ], [ 113.759118110315598, 3.848849369499203 ], [ 113.761420461881073, 3.85207266169088 ], [ 113.762571637663811, 3.854375013256363 ], [ 113.762341402507261, 3.856907599978395 ], [ 113.760269286098335, 3.859670421856975 ], [ 113.762111167350724, 3.860591362483168 ], [ 113.769478692360266, 3.86036112732662 ], [ 113.775004336117419, 3.860821597639716 ], [ 113.779148568935298, 3.862433243735555 ], [ 113.783983507222814, 3.864275124987941 ], [ 113.786055623631739, 3.864044889831393 ], [ 113.787437034571042, 3.854375013256363 ], [ 113.79756738145916, 3.852993602317073 ], [ 113.798948792398448, 3.840100433550367 ], [ 113.818058310391962, 3.84102137417656 ], [ 113.817828075235411, 3.838488787454529 ], [ 113.817828075235411, 3.83687714135869 ], [ 113.81736760492231, 3.833653849167014 ], [ 113.816216429139573, 3.831811967914627 ], [ 113.814144312730647, 3.831811967914627 ], [ 113.81069078538242, 3.829509616349144 ], [ 113.807697728347293, 3.830200321818789 ], [ 113.804474436155616, 3.830430556975337 ], [ 113.801941849433575, 3.830430556975337 ], [ 113.7996394978681, 3.82858867572295 ], [ 113.798718557241898, 3.826286324157467 ], [ 113.798258086928811, 3.823983972591984 ], [ 113.798488322085348, 3.821681621026501 ], [ 113.798488322085348, 3.817076917895534 ], [ 113.803783730685964, 3.812702449921116 ], [ 113.805855847094904, 3.808788452259794 ], [ 113.805625611938353, 3.804644219441924 ], [ 113.805625611938353, 3.7873765827008 ], [ 113.808158198660379, 3.786916112387703 ], [ 113.81736760492231, 3.791751050675218 ], [ 113.836173888868302, 3.795568655191573 ], [ 113.84407488308193, 3.800039516310958 ], [ 113.85238897901769, 3.795532327405666 ], [ 113.853054054187339, 3.796355753806186 ], [ 113.857658757318305, 3.801881397563346 ], [ 113.858119227631391, 3.823753737435437 ], [ 113.853284289343875, 3.827897970253307 ], [ 113.850751702621849, 3.839409728080723 ], [ 113.856507581535553, 3.848158664029559 ], [ 113.861112284666518, 3.852302896847429 ], [ 113.867098398736786, 3.853914542943267 ], [ 113.872624042493939, 3.861051832796266 ], [ 113.877228745624905, 3.863814654674846 ], [ 113.880682272973132, 3.865656535927232 ], [ 113.88413580032136, 3.860361127326619 ], [ 113.886207916730299, 3.857137835134942 ], [ 113.889891679235063, 3.847928428873009 ], [ 113.889891679235063, 3.843323725742043 ], [ 113.896338263618418, 3.84378419605514 ], [ 113.90646861050655, 3.84102137417656 ], [ 113.913605900359542, 3.837798081984883 ], [ 113.917980368333957, 3.839870198393818 ], [ 113.922585071464923, 3.841942314802753 ], [ 113.9258083636566, 3.841942314802753 ], [ 113.927189774595902, 3.84378419605514 ], [ 113.926959539439352, 3.847467958559913 ], [ 113.92811071522209, 3.853454072630169 ], [ 113.931334007413767, 3.854835483569459 ], [ 113.933866594135793, 3.855065718726007 ], [ 113.935017769918545, 3.858519246074232 ], [ 113.937320121484021, 3.864044889831392 ], [ 113.938471297266759, 3.869110063275456 ], [ 113.93685965117092, 3.874175236719519 ], [ 113.935017769918545, 3.874635707032615 ], [ 113.928571185535191, 3.875556647658808 ], [ 113.925347893343513, 3.874635707032615 ], [ 113.924196717560761, 3.870031003901649 ], [ 113.923045541778023, 3.867728652336166 ], [ 113.919592014429796, 3.875556647658808 ], [ 113.914066370672643, 3.876477588285002 ], [ 113.901633672219035, 3.875556647658808 ], [ 113.896108028461867, 3.875096177345712 ], [ 113.893114971426741, 3.875096177345712 ], [ 113.900482496436283, 3.896738282061255 ], [ 113.905547669880349, 3.906177923479736 ], [ 113.912915194889905, 3.913084978176186 ], [ 113.920052484742897, 3.921603678968474 ], [ 113.922585071464923, 3.926668852412537 ], [ 113.925117658186963, 3.934957318048277 ], [ 113.927650244908989, 3.936568964144115 ], [ 113.931794477726868, 3.936108493831019 ], [ 113.935017769918545, 3.935648023517922 ], [ 113.942385294928087, 3.935187553204825 ], [ 113.949522584781079, 3.931043320386955 ], [ 113.952055171503119, 3.927820028195279 ], [ 113.950673760563831, 3.921833914125022 ], [ 113.948831879311442, 3.91930132740299 ], [ 113.95021329025073, 3.917459446150604 ], [ 113.94814117384179, 3.915387329741669 ], [ 113.95021329025073, 3.910091921141058 ], [ 113.955048228538246, 3.905256982853543 ], [ 113.957252762150119, 3.907320041330365 ], [ 113.967250691835289, 3.913545448489283 ], [ 113.97724023459898, 3.904464688123539 ], [ 113.983136917637111, 3.903415101601156 ], [ 113.984518328576399, 3.89328475471303 ], [ 113.986820680141889, 3.885226524233838 ], [ 113.991978564111548, 3.882220036608627 ], [ 114.013988428614581, 3.882003232042162 ], [ 114.01767219111936, 3.869800768745101 ], [ 114.033328181764645, 3.862203008579006 ], [ 114.038163120052161, 3.868879828118907 ], [ 114.041485681756626, 3.859492875113233 ], [ 114.056581932576037, 3.87256359062368 ], [ 114.059229636876367, 3.867095505655656 ], [ 114.050250465770972, 3.857195393924078 ], [ 114.053243522806113, 3.855123277515143 ], [ 114.049329525144785, 3.842230108748436 ], [ 114.05647628609313, 3.840219240966121 ], [ 114.052552817336462, 3.833941643112697 ], [ 114.05393422827575, 3.824962472007312 ], [ 114.051479417980886, 3.820231768517033 ], [ 114.048869054831684, 3.809076246205477 ], [ 114.043573646231081, 3.801018015726286 ], [ 114.048408584518597, 3.791117903994707 ], [ 114.04288294076143, 3.775001443036325 ], [ 114.038968943100116, 3.762338509426167 ], [ 114.042422470448329, 3.748754635189815 ], [ 114.038903966565044, 3.745599974069137 ], [ 114.030104889572996, 3.739027199825648 ], [ 114.02503971612893, 3.732580615442295 ], [ 114.024809480972394, 3.709787334944011 ], [ 114.026190891911682, 3.706333807595786 ], [ 114.025960656755146, 3.701959339621368 ], [ 114.027572302850984, 3.698505812273143 ], [ 114.038163120052204, 3.690447581793951 ], [ 114.044149234122457, 3.685612643506437 ], [ 114.039084060678476, 3.668805477078383 ], [ 114.027111832537969, 3.672489239583157 ], [ 114.016981485649836, 3.660056541129546 ], [ 114.000634789534914, 3.661668187225386 ], [ 113.989123031707493, 3.654530897372387 ], [ 114.016981485649822, 3.650616899711066 ], [ 114.033459633307459, 3.629959262350309 ], [ 114.048984172410044, 3.614930450446075 ], [ 114.023428070033177, 3.622988680925266 ], [ 113.99833243796941, 3.622067740299073 ], [ 114.004318552039663, 3.605721044184142 ], [ 114.001555730161087, 3.596741873078757 ], [ 114.004779022352764, 3.584539409781696 ], [ 113.991425383272954, 3.591216229321597 ], [ 113.975308922314568, 3.583157998842406 ], [ 113.975999627784219, 3.567271773040571 ], [ 113.975308922314582, 3.550464606612543 ], [ 113.965198179025492, 3.553893740924082 ], [ 113.953206347285942, 3.538492378472031 ], [ 113.933866594135878, 3.512245570625522 ], [ 113.929261891004913, 3.494287228414751 ], [ 113.914077228955904, 3.490247561072302 ], [ 113.904396494097654, 3.486919703405206 ], [ 113.908080256602418, 3.475638180734338 ], [ 113.912684959733383, 3.465968304159309 ], [ 113.904396494097654, 3.466659009628954 ], [ 113.897949909714299, 3.457219368210472 ], [ 113.888510268295818, 3.455377486958084 ], [ 113.884826505791054, 3.447779726791988 ], [ 113.880221802660088, 3.427519033015735 ], [ 113.883905565164866, 3.418770097066898 ], [ 113.880221802660088, 3.410021161118062 ], [ 113.878379921407699, 3.3911418782811 ], [ 113.869170515145683, 3.384695293897772 ], [ 113.864911164749515, 3.379169650140616 ], [ 113.866292575688817, 3.375485887635842 ], [ 113.87181821944597, 3.371341654817972 ], [ 113.872278689759071, 3.369730008722134 ], [ 113.867673986628105, 3.365125305591168 ], [ 113.872739160072157, 3.36075083761675 ], [ 113.875962452263835, 3.354994958703041 ], [ 113.876422922576936, 3.35246237198101 ], [ 113.874811276481097, 3.345325082128011 ], [ 113.87204845460252, 3.342101789936335 ], [ 113.872739160072157, 3.33450402977024 ], [ 113.873199630385258, 3.330590032108919 ], [ 113.87204845460252, 3.325524858664855 ], [ 113.869976338193581, 3.32207133131663 ], [ 113.87204845460252, 3.315624746933277 ], [ 113.871012396398044, 3.30963863286302 ], [ 113.866983281158454, 3.30491881215378 ], [ 113.866407693267078, 3.303882753949312 ], [ 113.868019339362917, 3.301350167227281 ], [ 113.870206573350131, 3.297666404722507 ], [ 113.872393807337332, 3.295133818000476 ], [ 113.872854277650433, 3.292601231278444 ], [ 113.872393807337332, 3.290183762134687 ], [ 113.86502628232779, 3.285694176581994 ], [ 113.855816876065859, 3.279938297668286 ], [ 113.854780817861396, 3.278441769150721 ], [ 113.854435465126571, 3.276599887898335 ], [ 113.853399406922108, 3.276254535163512 ], [ 113.852938936609007, 3.275794064850416 ], [ 113.85201799598282, 3.275103359380771 ], [ 113.851097055356618, 3.275218476959045 ], [ 113.849024938947679, 3.275333594537319 ], [ 113.848103998321491, 3.273606830863206 ], [ 113.845801646756001, 3.274067301176303 ], [ 113.844880706129814, 3.275448712115593 ], [ 113.840506238155399, 3.274297536332851 ], [ 113.839815532685748, 3.274988241802496 ], [ 113.838319004168184, 3.27590918242869 ], [ 113.837628298698547, 3.277175475789706 ], [ 113.834750359241696, 3.275678947272141 ], [ 113.834980594398232, 3.274067301176303 ], [ 113.833829418615494, 3.273721948441481 ], [ 113.833714301037219, 3.272225419923917 ], [ 113.831527067050018, 3.269232362888788 ], [ 113.828764245171428, 3.267275364058127 ], [ 113.829109597906253, 3.265548600384015 ], [ 113.82761306938869, 3.263821836709903 ], [ 113.825080482666664, 3.265548600384015 ], [ 113.823699071727376, 3.265548600384015 ], [ 113.824159542040462, 3.263706719131628 ], [ 113.823699071727376, 3.261864837879242 ], [ 113.821511837740161, 3.263361366396806 ], [ 113.820015309222597, 3.260943897253048 ], [ 113.822202543209798, 3.259677603892033 ], [ 113.818058310391933, 3.255072900761067 ], [ 113.817367604922282, 3.249317021847359 ], [ 113.82105136742706, 3.245863494499134 ], [ 113.829109597906253, 3.246784435125327 ], [ 113.835325947133057, 3.245403024186037 ], [ 113.838779474481285, 3.238495969489587 ], [ 113.840160885420573, 3.231588914793137 ], [ 113.833023595567568, 3.229286563227654 ], [ 113.828418892436602, 3.231588914793137 ], [ 113.818979251018121, 3.231358679636589 ], [ 113.815295488513357, 3.229286563227654 ], [ 113.814604783043706, 3.225602800722881 ], [ 113.815295488513357, 3.220537627278818 ], [ 113.814835018200256, 3.216393394460948 ], [ 113.814374547887155, 3.212249161643078 ], [ 113.816446664296095, 3.207183988199015 ], [ 113.811611726008579, 3.197514111623985 ], [ 113.800330203337708, 3.190607056927535 ], [ 113.79043009160614, 3.196593170997791 ], [ 113.792271972858515, 3.202579285068048 ], [ 113.792732443171616, 3.20649328272937 ], [ 113.789048680666838, 3.211328221016884 ], [ 113.77914856893527, 3.220537627278818 ], [ 113.77707645252633, 3.221688803061559 ], [ 113.776155511900143, 3.219616686652624 ], [ 113.772011279082264, 3.215702688991303 ], [ 113.770399632986425, 3.211558456173433 ], [ 113.767636811107835, 3.207874693668659 ], [ 113.767636811107835, 3.201658344441854 ], [ 113.762571637663783, 3.200967638972209 ], [ 113.762341402507232, 3.198204817093629 ], [ 113.760039050941742, 3.197744346780533 ], [ 113.757966934532817, 3.196823406154339 ], [ 113.75474364234114, 3.197744346780533 ], [ 113.753362231401837, 3.19267917333647 ], [ 113.753362231401837, 3.189455881144793 ], [ 113.749678468897073, 3.1885349405186 ], [ 113.747376117331584, 3.187613999892406 ], [ 113.748527293114336, 3.183700002231085 ], [ 113.748987763427422, 3.180016239726311 ], [ 113.746915647018497, 3.179555769413215 ], [ 113.745764471235745, 3.18024647488286 ], [ 113.738166711069653, 3.181167415509053 ], [ 113.736324829817264, 3.186232588953116 ], [ 113.734252713408338, 3.186232588953116 ], [ 113.732180596999399, 3.185541883483471 ], [ 113.730799186060111, 3.183239531917988 ], [ 113.731029421216661, 3.180937180352505 ], [ 113.731259656373211, 3.177253417847731 ], [ 113.729878245433909, 3.174260360812603 ], [ 113.726885188398782, 3.172878949873313 ], [ 113.727115423555333, 3.167353306116154 ], [ 113.728496834494621, 3.16366954361138 ], [ 113.729648010277373, 3.156992724071479 ], [ 113.727575893868433, 3.150776374844674 ], [ 113.724813071989857, 3.145020495930966 ], [ 113.717445546980301, 3.141566968582741 ], [ 113.712150138379698, 3.142718144365483 ], [ 113.711459432910047, 3.146632142026804 ], [ 113.709157081344571, 3.151697315470867 ], [ 113.706624494622531, 3.151927550627416 ], [ 113.699947675082626, 3.150776374844674 ], [ 113.696263912577862, 3.151927550627416 ], [ 113.693040620386185, 3.15676248891493 ], [ 113.685442860220093, 3.163209073298284 ], [ 113.684291684437341, 3.162057897515542 ], [ 113.682910273498052, 3.159064840480414 ], [ 113.678305570367087, 3.156302018601834 ], [ 113.673700867236121, 3.153078726410157 ], [ 113.664951931287291, 3.150776374844674 ], [ 113.671096798704752, 3.135584496099113 ], [ 113.669669122101368, 3.095609551201221 ], [ 113.69679497756772, 3.071339048941695 ], [ 113.693939624360837, 3.051351576492664 ], [ 113.696081139266198, 3.034933295552548 ], [ 113.698222654171332, 3.018515014612262 ], [ 113.693939624360837, 2.985678452731804 ], [ 113.711071743602702, 2.964263303679331 ], [ 113.706788713792207, 2.912866945953283 ], [ 113.708216390395819, 2.884313413883319 ], [ 113.703607671860141, 2.853140987543782 ], [ 113.689330905825159, 2.8388642215088 ], [ 113.690758582428543, 2.811738366042391 ], [ 113.673626463186565, 2.781757157368872 ], [ 113.657922020548199, 2.774618774351381 ], [ 113.653638990737704, 2.750348272092026 ], [ 113.629368488478235, 2.733216152849991 ], [ 113.602242633011883, 2.719653225116758 ], [ 113.575116777545304, 2.706090297383469 ], [ 113.542280215664732, 2.69466888455554 ], [ 113.52800344962975, 2.701807267573031 ], [ 113.539424862457849, 2.714656357004571 ], [ 113.518009713405377, 2.727505446435941 ], [ 113.493739211146021, 2.736071506057044 ], [ 113.476607091903816, 2.728933123039553 ], [ 113.458566811711307, 2.714099166552217 ], [ 113.435062127473842, 2.714480753185593 ], [ 113.430013279641344, 2.706960783534726 ], [ 113.421017782924395, 2.70250852504508 ], [ 113.409506025096974, 2.702738760201628 ], [ 113.375891692240927, 2.690766532061116 ], [ 113.364840404726593, 2.69422005940934 ], [ 113.344352683431453, 2.684117957878811 ], [ 113.327220564189474, 2.709816136741779 ], [ 113.307233091740386, 2.715526843155828 ], [ 113.299914090579975, 2.712408636776658 ], [ 113.272968853256543, 2.719809872966266 ], [ 113.242987644582968, 2.71695451975927 ], [ 113.235678481902994, 2.734511211805297 ], [ 113.248111180356602, 2.752699789172615 ], [ 113.255248470209594, 2.761218489964903 ], [ 113.281495278056113, 2.769276720444094 ], [ 113.292956325705404, 2.759784817864215 ], [ 113.299223385110324, 2.772039542322674 ], [ 113.28725115696983, 2.792530471255475 ], [ 113.275048693672773, 2.80012823142157 ], [ 113.271364931167994, 2.817395868162695 ], [ 113.247420474886979, 2.817856338475791 ], [ 113.249722826452469, 2.840879854130624 ], [ 113.241559967979583, 2.848300767281103 ], [ 113.239822714720887, 2.868277837759875 ], [ 113.228710878547986, 2.872571269540629 ], [ 113.230152838145855, 2.886926885440289 ], [ 113.219101550631535, 2.893143234667094 ], [ 113.202294384203512, 2.894754880762932 ], [ 113.170752167756405, 2.892912999510546 ], [ 113.154175236484917, 2.895675821389126 ], [ 113.128388898951499, 2.890610647945063 ], [ 113.127467958325298, 2.897057232328416 ], [ 113.110660791897274, 2.895445586232578 ], [ 113.119639963002655, 2.902122405772479 ], [ 113.120207456682238, 2.913973891041962 ], [ 113.108588675488335, 2.922843569861829 ], [ 113.095936954422655, 2.915401567645574 ], [ 113.085943218198167, 2.915401567645574 ], [ 113.087867511398997, 2.929520389401731 ], [ 113.08464421920732, 2.936657679254729 ], [ 113.064528069145695, 2.926822980473503 ], [ 113.052871767603648, 2.934355327689245 ], [ 113.046885653533394, 2.933894857376149 ], [ 113.037676247271463, 2.921922629235636 ], [ 113.017414741230255, 2.916829244249016 ], [ 113.005993328402383, 2.931106010283997 ], [ 112.986005855953294, 2.915401567645574 ], [ 112.971729089918313, 2.916829244249016 ], [ 112.971729089918313, 2.929678333680556 ], [ 112.986005855953294, 2.949665806129417 ], [ 112.976012119728807, 2.95823186575052 ], [ 112.976012119728807, 2.978219338199381 ], [ 112.966018383504434, 2.988213074423925 ], [ 112.970908051872456, 2.99974211214897 ], [ 112.967446060107818, 3.005345193665903 ], [ 112.947654301061078, 2.996518819957293 ], [ 112.942128657303911, 3.004346815279936 ], [ 112.927471115209983, 3.005345193665903 ], [ 112.91081667601334, 3.011023634819837 ], [ 112.895160685368054, 2.993755998078713 ], [ 112.867532466582261, 2.98040235899891 ], [ 112.83622048529169, 2.98454659181678 ], [ 112.822176140742229, 2.966818484762558 ], [ 112.801835574102142, 2.96061132675635 ], [ 112.784703454860164, 2.970129170779671 ], [ 112.778992748446058, 2.989164858826314 ], [ 112.767571335618072, 3.025332666114764 ], [ 112.754246353985536, 3.03675407894292 ], [ 112.724095964052594, 3.037270442666348 ], [ 112.70117960000016, 3.060747000000106 ], [ 112.779326400000286, 3.081098400000201 ] ] ] ] } },
{ "type": "Feature", "properties": { "Id": 208, "NEGERI": "SARAWAK", "KODPAR": "P.208", "PARLIMEN": "SARIKEI", "KODUNIK": "P.208", "BILANGAN_P": 57292, "PERATUS_EQ": 87.162 }, "geometry": { "type": "MultiPolygon", "coordinates": [ [ [ [ 111.5264801668921, 2.042492827609237 ], [ 111.514286961442579, 2.038510333557559 ], [ 111.508300847372325, 2.049254640863157 ], [ 111.503082183823892, 2.042347586166701 ], [ 111.494333247875048, 2.044649937732186 ], [ 111.488193643700427, 2.033598650217857 ], [ 111.475607455142438, 2.030835828339275 ], [ 111.482974980151994, 2.022547362703528 ], [ 111.482222192183769, 2.009656265728836 ], [ 111.469373102752172, 2.022505355160376 ], [ 111.460807043131297, 2.005373235918398 ], [ 111.453504880113783, 2.004128550179646 ], [ 111.446904805626062, 2.011035604876102 ], [ 111.451202528548308, 2.0217799121817 ], [ 111.441379161868895, 2.032831199696029 ], [ 111.432937206128784, 2.030068377817446 ], [ 111.437541909259735, 2.037896373140096 ], [ 111.435700028007346, 2.047105779402037 ], [ 111.440839399523895, 2.050606789639176 ], [ 111.435086067589893, 2.071664196100546 ], [ 111.450833135748439, 2.083443351519577 ], [ 111.465109901783421, 2.093437087744121 ], [ 111.480519138482109, 2.107887860730849 ], [ 111.473612083785653, 2.113413504488013 ], [ 111.472537653055099, 2.1206275393932 ], [ 111.473612083785667, 2.126767143567827 ], [ 111.476681885872992, 2.129376475342044 ], [ 111.479444707751568, 2.131218356594432 ], [ 111.482821490047613, 2.133520708159918 ], [ 111.488193643700399, 2.131832317011895 ], [ 111.503657170077872, 2.11770759000359 ], [ 111.509989238520319, 2.110190212296334 ], [ 111.516435822903674, 2.117250757097155 ], [ 111.512291590085809, 2.129376475342044 ], [ 111.520789289319907, 2.130556679435188 ], [ 111.52364464252679, 2.149116475280607 ], [ 111.527927672337398, 2.154827181694486 ], [ 111.542989610958841, 2.151018580057604 ], [ 111.546487468182818, 2.163393241315589 ], [ 111.546487468182818, 2.176242330746959 ], [ 111.540776761768768, 2.187663743575115 ], [ 111.563619587424853, 2.187663743575115 ], [ 111.580751706666717, 2.191946773385553 ], [ 111.587890089684208, 2.186236066971503 ], [ 111.589317766287763, 2.169103947729468 ], [ 111.60008792978293, 2.162376847780666 ], [ 111.612160591943677, 2.16482091791903 ], [ 111.62449285637706, 2.168055981642196 ], [ 111.624185876168326, 2.154548852458016 ], [ 111.630720387789154, 2.15197182848766 ], [ 111.636311594413215, 2.160995436841375 ], [ 111.630325480342961, 2.172967664981898 ], [ 111.63357574099615, 2.209078892627588 ], [ 111.632013871490926, 2.218554225978504 ], [ 111.638460455874295, 2.220703087439624 ], [ 111.646960209153974, 2.224414518810192 ], [ 111.646960209153974, 2.244401991259053 ], [ 111.654116446519581, 2.254777890608806 ], [ 111.671230711413443, 2.254395727483598 ], [ 111.672842239252191, 2.270126901045374 ], [ 111.681437685096668, 2.271354821880299 ], [ 111.684507487183993, 2.279336307307315 ], [ 111.697801359311882, 2.266638054358509 ], [ 111.706367418932984, 2.243795228702595 ], [ 111.707795095536426, 2.232373815874666 ], [ 111.71778883176097, 2.222380079650122 ], [ 111.713977587221763, 2.210726230655854 ], [ 111.71778883176097, 2.20810331361514 ], [ 111.727782567985457, 2.198109577390653 ], [ 111.737776304209831, 2.192398870976547 ], [ 111.752657093521904, 2.188930635835928 ], [ 111.750625393641371, 2.18240513475223 ], [ 111.751736152895717, 2.171739744146971 ], [ 111.767757512883406, 2.162417662303199 ], [ 111.77261080708945, 2.165600139972344 ], [ 111.789172661935879, 2.160989985699757 ], [ 111.78826679773475, 2.147181327448462 ], [ 111.787652837317282, 2.123236871167416 ], [ 111.783461955521773, 2.119587364198253 ], [ 111.779178925711335, 2.108165951370268 ], [ 111.780606602314776, 2.092461508731674 ], [ 111.784889632125385, 2.073901712886254 ], [ 111.790600338539264, 2.059624946851272 ], [ 111.790600338539264, 2.048203534023344 ], [ 111.779210881577839, 2.038510333557559 ], [ 111.768159594063505, 2.032984689800394 ], [ 111.766317712811116, 2.021626422077333 ], [ 111.756336100055421, 2.018222325349939 ], [ 111.759191453262304, 1.999662529504292 ], [ 111.74348701062388, 1.999662529504292 ], [ 111.734008045842799, 1.998104063585473 ], [ 111.723724208850314, 1.999025004211667 ], [ 111.716356683840758, 1.993652850558872 ], [ 111.713670607013654, 1.988012089221249 ], [ 111.708912413778322, 1.983407386090279 ], [ 111.702005359081866, 1.995533104335168 ], [ 111.687807623087394, 1.993951823090413 ], [ 111.673530857052413, 1.991096469883416 ], [ 111.661023501216221, 1.986784168386324 ], [ 111.662109444224427, 1.975392027244993 ], [ 111.655344367354687, 1.976193351185092 ], [ 111.645214020466554, 1.98586322776013 ], [ 111.638767436083185, 1.992002831934757 ], [ 111.643525629318532, 2.001519218405429 ], [ 111.636411265361517, 2.009656265728836 ], [ 111.629711519925621, 2.004896000701474 ], [ 111.599627459469929, 2.021933402286065 ], [ 111.580731877825031, 2.011083942332448 ], [ 111.573841121936496, 2.012877486128489 ], [ 111.573227161519029, 2.020705481451139 ], [ 111.563599758583166, 2.021077678556765 ], [ 111.564017755257026, 2.037128922618269 ], [ 111.570157359431647, 2.042501076271068 ], [ 111.563599758583166, 2.045348180816291 ], [ 111.552178345755067, 2.049631210626728 ], [ 111.544524512002639, 2.04910115075879 ], [ 111.537617457306183, 2.036207981992073 ], [ 111.535315105740693, 2.051863972637373 ], [ 111.529635971879159, 2.052631423159201 ], [ 111.528133456221525, 2.047804319259333 ], [ 111.5264801668921, 2.042492827609237 ] ] ] ] } },
{ "type": "Feature", "properties": { "Id": 214, "NEGERI": "SARAWAK", "KODPAR": "P.214", "PARLIMEN": "SELANGAU", "KODUNIK": "P.214", "BILANGAN_P": 49266, "PERATUS_EQ": 74.951 }, "geometry": { "type": "MultiPolygon", "coordinates": [ [ [ [ 112.372426143684834, 2.16730348890178 ], [ 112.341445133868689, 2.181563110826374 ], [ 112.315351816126523, 2.179414249365254 ], [ 112.298066191366246, 2.188441153896079 ], [ 112.293903930492434, 2.188718637954423 ], [ 112.28066305253985, 2.193228358758165 ], [ 112.267462903564393, 2.194149299384359 ], [ 112.248932117482354, 2.185149446445678 ], [ 112.233081120186483, 2.191386477505777 ], [ 112.225375453524521, 2.18015257833332 ], [ 112.20538798107566, 2.183007931540374 ], [ 112.185400508626685, 2.18586328474737 ], [ 112.161843844668965, 2.190146314557865 ], [ 112.138287180711245, 2.194429344368302 ], [ 112.138098681153735, 2.194417563145958 ], [ 112.115354210138264, 2.205354077003056 ], [ 112.108600645546161, 2.221317047857086 ], [ 112.124563616400195, 2.225307790570594 ], [ 112.130089260157362, 2.233289275997609 ], [ 112.135614903914515, 2.247410365599252 ], [ 112.136842824749479, 2.258461653113581 ], [ 112.125791537235159, 2.265522197914402 ], [ 112.136535844540745, 2.28302006981209 ], [ 112.146722369976828, 2.277230125881829 ], [ 112.152805795603513, 2.291308535447837 ], [ 112.156489558108291, 2.302052842753434 ], [ 112.144517329967769, 2.307578486510599 ], [ 112.13500094349709, 2.300824921918509 ], [ 112.138991686210602, 2.313104130267763 ], [ 112.126405497652613, 2.319550714651122 ], [ 112.119596514510363, 2.315777394176337 ], [ 112.106758764293815, 2.321085615694779 ], [ 112.093898335647395, 2.310066687762287 ], [ 112.092023714274703, 2.302359822962166 ], [ 112.081049246216025, 2.294362245123864 ], [ 112.061061773766937, 2.301500628141355 ], [ 112.048212684335454, 2.290079215313199 ], [ 112.03821894811108, 2.295789921727305 ], [ 112.039646624714464, 2.311494364365672 ], [ 112.065623416323774, 2.313411110476495 ], [ 112.063781535071385, 2.334899725087691 ], [ 112.025369858679483, 2.33148183681476 ], [ 112.008237739437504, 2.320060423986774 ], [ 111.993960973402523, 2.311494364365672 ], [ 111.978256530764156, 2.314349717572725 ], [ 111.966008338590186, 2.319397224546756 ], [ 111.960482694833019, 2.299750491187949 ], [ 111.955877991702053, 2.311722719328472 ], [ 111.959868734415551, 2.326150789138846 ], [ 111.951273288571073, 2.341192819366683 ], [ 111.963245516711595, 2.339657918323026 ], [ 111.966929279216373, 2.347946383958773 ], [ 111.974296804225929, 2.34733242354131 ], [ 111.97245492297354, 2.336281136026981 ], [ 112.009665416041116, 2.334337190021756 ], [ 112.01113442927371, 2.34518356208019 ], [ 112.005301805307809, 2.348867324584966 ], [ 112.002538983429233, 2.363602374604072 ], [ 112.009665416041116, 2.371456781712652 ], [ 112.002527033023625, 2.382878194540581 ], [ 112.004994825099089, 2.39245851422482 ], [ 112.000543612072477, 2.393686435059745 ], [ 111.995388650006134, 2.392871930765125 ], [ 111.983967237178035, 2.391444254161684 ], [ 111.965407441332559, 2.391444254161684 ], [ 111.975217744852145, 2.407500544452656 ], [ 111.973375863599756, 2.411184306957432 ], [ 111.964473437546559, 2.409188935600678 ], [ 111.944826704187761, 2.428835668959485 ], [ 111.944212743770308, 2.446947501274636 ], [ 111.947896506275072, 2.455542947119114 ], [ 111.941142941682983, 2.473040819016802 ], [ 111.938994080221875, 2.495757354462923 ], [ 111.952501209406051, 2.502203938846281 ], [ 111.962017595876716, 2.510185424273297 ], [ 111.961403635459263, 2.524613494083671 ], [ 111.96999908130374, 2.531674038884492 ], [ 111.973682843808518, 2.543339286816284 ], [ 111.981971309444262, 2.539962504520239 ], [ 111.986269032366494, 2.545795128486135 ], [ 112.002538983429261, 2.539041563894045 ], [ 112.003550201256076, 2.51857885570314 ], [ 112.030781162632522, 2.519241340430872 ], [ 112.060251262670732, 2.517706439387216 ], [ 112.11090299711141, 2.518013419595948 ], [ 112.126252007547976, 2.523846043561844 ], [ 112.143442899236931, 2.516478518552291 ], [ 112.18343745329696, 2.514295825892702 ], [ 112.194708594095061, 2.511259855003858 ], [ 112.178438643032308, 2.490692181018856 ], [ 112.19628654272833, 2.478603910805248 ], [ 112.207294782653051, 2.473194309121168 ], [ 112.212820426410218, 2.492227082062513 ], [ 112.221108892045976, 2.491920101853781 ], [ 112.226941516011863, 2.490999161227587 ], [ 112.226327555594395, 2.499594607072066 ], [ 112.228169436846784, 2.510645894586395 ], [ 112.255183695215152, 2.510338914377663 ], [ 112.264393101477097, 2.515557577926097 ], [ 112.266234982729486, 2.528757726901545 ], [ 112.273602507739028, 2.524766984188037 ], [ 112.273602507739028, 2.534283370658709 ], [ 112.279128151496195, 2.540115994624605 ], [ 112.276979290035072, 2.55239520297386 ], [ 112.28833755775814, 2.553316143600054 ], [ 112.296626023393884, 2.547790499842889 ], [ 112.298467904646273, 2.554237084226248 ], [ 112.310133152578061, 2.555158024852442 ], [ 112.312895974456652, 2.560376688400875 ], [ 112.299695825481194, 2.568051193619159 ], [ 112.30890523174314, 2.571120995706473 ], [ 112.323026321344784, 2.567744213410428 ], [ 112.331007806771794, 2.572962876958861 ], [ 112.340831173451193, 2.57050703528901 ], [ 112.34144513386866, 2.589539808230354 ], [ 112.340754428399677, 2.610414462425751 ], [ 112.333617138546671, 2.619163398374587 ], [ 112.329012435415706, 2.646100911690741 ], [ 112.34628007215683, 2.650475379665159 ], [ 112.346740542469931, 2.668663957032477 ], [ 112.335689254955611, 2.671426778911057 ], [ 112.344764909492255, 2.685617018312485 ], [ 112.348352188565755, 2.715401693811788 ], [ 112.348191333340537, 2.742724082452412 ], [ 112.339625273719435, 2.762711554901443 ], [ 112.348191333340537, 2.772705291125817 ], [ 112.352726656540156, 2.785853651715575 ], [ 112.364929119837214, 2.781479183741157 ], [ 112.379894405012848, 2.790918825159638 ], [ 112.388873576118243, 2.799207290795378 ], [ 112.393248044092658, 2.814172575971019 ], [ 112.398773687849811, 2.819698219728179 ], [ 112.396701571440886, 2.831440212712144 ], [ 112.401996980041488, 2.837656561938949 ], [ 112.409364505051045, 2.841110089287174 ], [ 112.406601683172468, 2.854003258053881 ], [ 112.423178614443941, 2.856075374462816 ], [ 112.415350619121298, 2.863212664315813 ], [ 112.410745915990333, 2.872882540890843 ], [ 112.419575163515447, 2.892630125819721 ], [ 112.432848491018959, 2.906727108903447 ], [ 112.471297762162536, 2.906957344059995 ], [ 112.477053641076239, 2.903964287024867 ], [ 112.48879563406021, 2.90626663859035 ], [ 112.499386451261429, 2.902122405772481 ], [ 112.534842665369865, 2.902813111242125 ], [ 112.545893952884185, 2.904194522181415 ], [ 112.562010413842572, 2.901201465146287 ], [ 112.568456998225926, 2.903273581555222 ], [ 112.583422283401575, 2.900280524520094 ], [ 112.586645575593252, 2.899359583893901 ], [ 112.598157333420673, 2.901201465146287 ], [ 112.607596974839154, 2.897057232328417 ], [ 112.629929785024331, 2.898438643267707 ], [ 112.637527545190423, 2.893603704980193 ], [ 112.681041989778066, 2.893603704980193 ], [ 112.693689071387098, 2.89120244921628 ], [ 112.710742324972799, 2.888768766692677 ], [ 112.718800555451978, 2.900971229989739 ], [ 112.71995173123473, 2.91731792610467 ], [ 112.729621607809761, 2.918469101887411 ], [ 112.730312313279384, 2.947018261299404 ], [ 112.730312313279384, 2.961062605848852 ], [ 112.728240196870459, 2.973265069145913 ], [ 112.730808663078051, 3.003988900892637 ], [ 112.725707610148433, 3.020923746551417 ], [ 112.724095964052594, 3.037270442666348 ], [ 112.754246353985536, 3.03675407894292 ], [ 112.767571335618072, 3.025332666114764 ], [ 112.778992748446058, 2.989164858826314 ], [ 112.784703454860164, 2.970129170779671 ], [ 112.801835574102142, 2.96061132675635 ], [ 112.822176140742229, 2.966818484762558 ], [ 112.83622048529169, 2.98454659181678 ], [ 112.867532466582261, 2.98040235899891 ], [ 112.895160685368054, 2.993755998078713 ], [ 112.91081667601334, 3.011023634819837 ], [ 112.927471115209983, 3.005345193665903 ], [ 112.942128657303911, 3.004346815279936 ], [ 112.947654301061078, 2.996518819957293 ], [ 112.967446060107818, 3.005345193665903 ], [ 112.970908051872456, 2.99974211214897 ], [ 112.966018383504434, 2.988213074423925 ], [ 112.976012119728807, 2.978219338199381 ], [ 112.976012119728807, 2.95823186575052 ], [ 112.986005855953294, 2.949665806129417 ], [ 112.971729089918313, 2.929678333680556 ], [ 112.971729089918313, 2.916829244249016 ], [ 112.986005855953294, 2.915401567645574 ], [ 113.005993328402383, 2.931106010283997 ], [ 113.017414741230255, 2.916829244249016 ], [ 113.037676247271463, 2.921922629235636 ], [ 113.046885653533394, 2.933894857376149 ], [ 113.052871767603648, 2.934355327689245 ], [ 113.064528069145695, 2.926822980473503 ], [ 113.08464421920732, 2.936657679254729 ], [ 113.087867511398997, 2.929520389401731 ], [ 113.085943218198167, 2.915401567645574 ], [ 113.095936954422655, 2.915401567645574 ], [ 113.108588675488335, 2.922843569861829 ], [ 113.120207456682238, 2.913973891041962 ], [ 113.119639963002655, 2.902122405772479 ], [ 113.110660791897274, 2.895445586232578 ], [ 113.127467958325298, 2.897057232328416 ], [ 113.128388898951499, 2.890610647945063 ], [ 113.154175236484917, 2.895675821389126 ], [ 113.170752167756405, 2.892912999510546 ], [ 113.202294384203512, 2.894754880762932 ], [ 113.219101550631535, 2.893143234667094 ], [ 113.230152838145855, 2.886926885440289 ], [ 113.228710878547986, 2.872571269540629 ], [ 113.239822714720887, 2.868277837759875 ], [ 113.241559967979583, 2.848300767281103 ], [ 113.249722826452469, 2.840879854130624 ], [ 113.247420474886979, 2.817856338475791 ], [ 113.271364931167994, 2.817395868162695 ], [ 113.275048693672773, 2.80012823142157 ], [ 113.28725115696983, 2.792530471255475 ], [ 113.299223385110324, 2.772039542322674 ], [ 113.292956325705404, 2.759784817864215 ], [ 113.281495278056113, 2.769276720444094 ], [ 113.255248470209594, 2.761218489964903 ], [ 113.248111180356602, 2.752699789172615 ], [ 113.235678481902994, 2.734511211805297 ], [ 113.242987644582968, 2.71695451975927 ], [ 113.272968853256543, 2.719809872966266 ], [ 113.299914090579975, 2.712408636776658 ], [ 113.307233091740386, 2.715526843155828 ], [ 113.327220564189474, 2.709816136741779 ], [ 113.344352683431453, 2.684117957878811 ], [ 113.364840404726593, 2.69422005940934 ], [ 113.375891692240927, 2.690766532061116 ], [ 113.409506025096974, 2.702738760201628 ], [ 113.421017782924395, 2.70250852504508 ], [ 113.430013279641344, 2.706960783534726 ], [ 113.435062127473842, 2.714480753185593 ], [ 113.458566811711307, 2.714099166552217 ], [ 113.471400909684164, 2.711065598361664 ], [ 113.474556789670487, 2.696967047310181 ], [ 113.485978202498359, 2.678407251464762 ], [ 113.488016213479952, 2.659224315613994 ], [ 113.499067500994272, 2.659915021083639 ], [ 113.501369852559762, 2.653928907013382 ], [ 113.49597193872296, 2.646998366187745 ], [ 113.491239505671643, 2.638963621837741 ], [ 113.495997698907303, 2.63313099787021 ], [ 113.493311622080569, 2.61570987102636 ], [ 113.479267277531122, 2.602816702259654 ], [ 113.488833555705583, 2.58560827223738 ], [ 113.496995384585347, 2.573807072534565 ], [ 113.514531734568322, 2.571331506202398 ], [ 113.528307365875918, 2.559762727985117 ], [ 113.506435026003828, 2.545948618592218 ], [ 113.489627859575805, 2.536739212330284 ], [ 113.473129113066989, 2.527073531494011 ], [ 113.457424670428395, 2.517079795269524 ], [ 113.445192474361974, 2.532134509199318 ], [ 113.427443461755047, 2.529928884701064 ], [ 113.427443461755047, 2.561337769977854 ], [ 113.400317606288468, 2.571331506202398 ], [ 113.378902457235995, 2.565620799788519 ], [ 113.371764074218504, 2.549916357149925 ], [ 113.326078422906562, 2.558482416771028 ], [ 113.323223069699679, 2.535639591114943 ], [ 113.281820448198232, 2.541350297528993 ], [ 113.271049017662207, 2.531925295809973 ], [ 113.268971358766635, 2.511369088855417 ], [ 113.25183923952477, 2.50708605904498 ], [ 113.228996413868686, 2.515652118666083 ], [ 113.210436618023323, 2.515652118666083 ], [ 113.194732175384843, 2.491381616406557 ], [ 113.17331702633237, 2.481387880182069 ], [ 113.144763494262406, 2.477104850371575 ], [ 113.127631375020428, 2.458545054526155 ], [ 113.097650166346853, 2.448551318301611 ], [ 113.070524310880501, 2.448551318301611 ], [ 113.046253808621145, 2.44141293528412 ], [ 113.044826132017533, 2.418570109628035 ], [ 113.046253808621145, 2.392871930765125 ], [ 113.057675221448903, 2.371456781712652 ], [ 113.060530574656127, 2.348613956056738 ], [ 113.046253808621145, 2.335764866625198 ], [ 113.020197886466335, 2.323853587925885 ], [ 112.996285127498709, 2.312922040969283 ], [ 112.99771280410198, 2.281513155692323 ], [ 112.972014625239012, 2.282940832295708 ], [ 112.953454829393763, 2.282940832295708 ], [ 112.940605739962052, 2.294362245123864 ], [ 112.923473620720188, 2.287223862106373 ], [ 112.917762914306309, 2.272947096071391 ], [ 112.900630795064103, 2.262953359846847 ], [ 112.900630795064103, 2.242965887397816 ], [ 112.909196854685206, 2.224406091552396 ], [ 112.896347765253836, 2.197280236085817 ], [ 112.887781705632733, 2.18157579344745 ], [ 112.867794233183872, 2.167299027412469 ], [ 112.842096054320791, 2.164443674205415 ], [ 112.827819288285809, 2.148739231566992 ], [ 112.799265756215846, 2.154449937980871 ], [ 112.759290811317896, 2.155877614584483 ], [ 112.729309602644321, 2.157305291187924 ], [ 112.673630215108005, 2.173009733826518 ], [ 112.672546114791089, 2.173239230869399 ], [ 112.626421708752218, 2.183003470050835 ], [ 112.605006559699746, 2.177292763636956 ], [ 112.583591410647273, 2.185858823257888 ], [ 112.535050406128448, 2.170154380619465 ], [ 112.505372565331214, 2.176651427486672 ], [ 112.480200188215235, 2.172660684773164 ], [ 112.465465138196137, 2.177572368112866 ], [ 112.456562712142926, 2.169590882685851 ], [ 112.440906721497626, 2.166828060807268 ], [ 112.412050581876869, 2.165907120181074 ], [ 112.411743601668149, 2.155776773292939 ], [ 112.372426143684834, 2.16730348890178 ] ] ] ] } },
{ "type": "Feature", "properties": { "Id": 215, "NEGERI": "SARAWAK", "KODPAR": "P.215", "PARLIMEN": "KAPIT", "KODUNIK": "P.215", "BILANGAN_P": 50572, "PERATUS_EQ": 76.938 }, "geometry": { "type": "MultiPolygon", "coordinates": [ [ [ [ 112.01052046885718, 1.529383657376596 ], [ 112.010968170941737, 1.544047301876333 ], [ 111.995785418838068, 1.557625836579882 ], [ 111.995478438629291, 1.574509748060107 ], [ 112.027250890232793, 1.577426060043052 ], [ 112.037381237120925, 1.591240169435963 ], [ 112.050581386096383, 1.582951703800217 ], [ 112.057334950688471, 1.585407545470067 ], [ 112.059790792358314, 1.598300714236784 ], [ 112.053651188183693, 1.605054278828874 ], [ 112.056720990271003, 1.620710269474174 ], [ 112.077595644464736, 1.620710269474174 ], [ 112.099168841775281, 1.61431675114693 ], [ 112.105223863250558, 1.619175368430517 ], [ 112.103995942415636, 1.628384774692458 ], [ 112.121800794522059, 1.630840616362309 ], [ 112.141999139880227, 1.628593517181912 ], [ 112.146359211220556, 1.647724527842534 ], [ 112.152805795603925, 1.656319973687012 ], [ 112.161986612329315, 1.665713108872751 ], [ 112.187684791192169, 1.665713108872751 ], [ 112.201001688374745, 1.666450320575147 ], [ 112.18948993054714, 1.685022623203395 ], [ 112.201462158687661, 1.689934306543097 ], [ 112.214969287871838, 1.680724900281156 ], [ 112.217425129541695, 1.669059652349364 ], [ 112.222950773298862, 1.660464206504886 ], [ 112.235843942065571, 1.662613067966005 ], [ 112.243211467075128, 1.656166483582647 ], [ 112.259481418137895, 1.644808215859586 ], [ 112.268690824399826, 1.657701384626304 ], [ 112.277593250453037, 1.664761929427125 ], [ 112.276365329618116, 1.669980592975558 ], [ 112.275751369200648, 1.678883019028768 ], [ 112.253034833754526, 1.67949697944623 ], [ 112.253034833754526, 1.702827475309814 ], [ 112.263922721819199, 1.707591622575478 ], [ 112.27882117128793, 1.707125198232053 ], [ 112.297239983811821, 1.723702129503546 ], [ 112.303072607777708, 1.745497724323473 ], [ 112.308291271326141, 1.750102427454444 ], [ 112.319602109355515, 1.744711214266374 ], [ 112.33653345052943, 1.737209258687726 ], [ 112.342059094286597, 1.745804704532205 ], [ 112.353866347839357, 1.746138890869986 ], [ 112.37528149689183, 1.741855861059321 ], [ 112.38227350163038, 1.755321091002878 ], [ 112.394552709979635, 1.754400150376684 ], [ 112.390254987057389, 1.761460695177505 ], [ 112.392413616133922, 1.770409393129285 ], [ 112.398543452693133, 1.78509817124982 ], [ 112.439526944049248, 1.788969188974932 ], [ 112.455231386687842, 1.796107571992422 ], [ 112.448093003670351, 1.804673631613355 ], [ 112.428105531221377, 1.81323969123423 ], [ 112.415256441789779, 1.821805750855333 ], [ 112.419539471600388, 1.834654840286703 ], [ 112.406690382168904, 1.838937870097368 ], [ 112.390715457370092, 1.837284806734151 ], [ 112.388259615700235, 1.847415153622286 ], [ 112.367691941715236, 1.860922282806466 ], [ 112.366771001089049, 1.867368867189824 ], [ 112.382733971943068, 1.867675847398556 ], [ 112.400231843840757, 1.859387381762809 ], [ 112.419878577199555, 1.863071144267585 ], [ 112.427860062626578, 1.8867086203399 ], [ 112.444436993898066, 1.882717877626393 ], [ 112.447199815776642, 1.897759907854229 ], [ 112.461013925169553, 1.900522729732812 ], [ 112.468080476119212, 1.911749376875719 ], [ 112.463469766839438, 1.923239265178932 ], [ 112.468074469970404, 1.931220750605948 ], [ 112.464390707465625, 1.936132433945649 ], [ 112.468381450179137, 1.943499958955202 ], [ 112.47053031164026, 1.959769910017964 ], [ 112.486640271964689, 1.973139470826084 ], [ 112.485265361659359, 1.984021346507742 ], [ 112.468688430387871, 1.984021346507742 ], [ 112.458865063708458, 1.992002831934757 ], [ 112.425711201165484, 1.995379614230802 ], [ 112.424790260539282, 2.011649565293565 ], [ 112.406690382168904, 2.025963505155573 ], [ 112.396696645944303, 2.04166794779394 ], [ 112.382419879909321, 2.048806330811431 ], [ 112.379564526702325, 2.064510773450024 ], [ 112.400979675754797, 2.071649156467515 ], [ 112.413828765186395, 2.081642892692059 ], [ 112.400979675754797, 2.098775011933867 ], [ 112.398236472483973, 2.106045979478459 ], [ 112.398850432901426, 2.1152553857404 ], [ 112.40683191832845, 2.123236871167415 ], [ 112.412401088582897, 2.133039250417937 ], [ 112.419111126677706, 2.142269644108759 ], [ 112.411743601668149, 2.155776773292939 ], [ 112.412050581876869, 2.165907120181074 ], [ 112.440906721497626, 2.166828060807268 ], [ 112.456562712142926, 2.169590882685851 ], [ 112.465465138196137, 2.177572368112866 ], [ 112.480200188215235, 2.172660684773164 ], [ 112.505372565331214, 2.176651427486672 ], [ 112.535050406128448, 2.170154380619465 ], [ 112.583591410647273, 2.185858823257888 ], [ 112.605006559699746, 2.177292763636956 ], [ 112.626421708752218, 2.183003470050835 ], [ 112.672546114791089, 2.173239230869399 ], [ 112.673630215108005, 2.173009733826518 ], [ 112.729309602644321, 2.157305291187924 ], [ 112.759290811317896, 2.155877614584483 ], [ 112.799265756215846, 2.154449937980871 ], [ 112.827819288285809, 2.148739231566992 ], [ 112.842096054320791, 2.164443674205415 ], [ 112.867794233183872, 2.167299027412469 ], [ 112.887781705632733, 2.18157579344745 ], [ 112.896347765253836, 2.197280236085817 ], [ 112.909196854685206, 2.224406091552396 ], [ 112.900630795064103, 2.242965887397816 ], [ 112.900630795064103, 2.262953359846847 ], [ 112.917762914306309, 2.272947096071391 ], [ 112.923473620720188, 2.287223862106373 ], [ 112.940605739962052, 2.294362245123864 ], [ 112.953454829393763, 2.282940832295708 ], [ 112.972014625239012, 2.282940832295708 ], [ 112.99771280410198, 2.281513155692323 ], [ 112.996285127498709, 2.312922040969283 ], [ 113.020197886466335, 2.323853587925885 ], [ 113.046253808621145, 2.335764866625198 ], [ 113.060530574656127, 2.348613956056738 ], [ 113.057675221448903, 2.371456781712652 ], [ 113.046253808621145, 2.392871930765125 ], [ 113.044826132017533, 2.418570109628035 ], [ 113.046253808621145, 2.44141293528412 ], [ 113.070524310880501, 2.448551318301611 ], [ 113.097650166346853, 2.448551318301611 ], [ 113.127631375020428, 2.458545054526155 ], [ 113.144763494262406, 2.477104850371575 ], [ 113.17331702633237, 2.481387880182069 ], [ 113.194732175384843, 2.491381616406557 ], [ 113.210436618023323, 2.515652118666083 ], [ 113.228996413868686, 2.515652118666083 ], [ 113.25183923952477, 2.50708605904498 ], [ 113.268971358766635, 2.511369088855417 ], [ 113.271049017662207, 2.531925295809973 ], [ 113.281820448198232, 2.541350297528993 ], [ 113.323223069699679, 2.535639591114943 ], [ 113.326078422906562, 2.558482416771028 ], [ 113.371764074218504, 2.549916357149925 ], [ 113.378902457235995, 2.565620799788519 ], [ 113.400317606288468, 2.571331506202398 ], [ 113.427443461755047, 2.561337769977854 ], [ 113.427443461755047, 2.529928884701064 ], [ 113.421938723550596, 2.52503559187241 ], [ 113.417947980837084, 2.520123908532713 ], [ 113.416720060002163, 2.515826185610477 ], [ 113.418561941254552, 2.510607522062049 ], [ 113.413036297497385, 2.509686581435855 ], [ 113.409966495410075, 2.516440146027939 ], [ 113.40658971311403, 2.519202967906519 ], [ 113.401371049565611, 2.517668066862864 ], [ 113.396459366225912, 2.513370343940629 ], [ 113.390933722468745, 2.508765640809662 ], [ 113.385408078711592, 2.515212225193015 ], [ 113.381724316206814, 2.521044849158906 ], [ 113.376812632867114, 2.521044849158906 ], [ 113.374049810988538, 2.516133165819209 ], [ 113.367603226605183, 2.509072621018393 ], [ 113.36729624639645, 2.503546977261233 ], [ 113.371286989109961, 2.502933016843771 ], [ 113.376198672449661, 2.500170194965191 ], [ 113.37804055370205, 2.495565491834224 ], [ 113.377733573493316, 2.492188709538183 ], [ 113.368831147440105, 2.486970045989754 ], [ 113.357779859925785, 2.478681580354014 ], [ 113.354096097421021, 2.474690837640509 ], [ 113.342123869280499, 2.467016332422232 ], [ 113.328309759887603, 2.467937273048425 ], [ 113.314495650494706, 2.471007075135736 ], [ 113.312039808824863, 2.470393114718274 ], [ 113.309583967155007, 2.466709352213501 ], [ 113.312653769242317, 2.456885985534106 ], [ 113.31787243279075, 2.452281282403139 ], [ 113.315723571329627, 2.449518460524559 ], [ 113.312960749451051, 2.444913757393592 ], [ 113.31480263070344, 2.441229994888819 ], [ 113.32278411613045, 2.43294152925308 ], [ 113.325546938009069, 2.428029845913381 ], [ 113.333528423436078, 2.427415885495919 ], [ 113.337212185940842, 2.422504202156222 ], [ 113.336598225523389, 2.414522716729213 ], [ 113.336598225523389, 2.408383112554591 ], [ 113.336598225523389, 2.398559745875195 ], [ 113.341509908863088, 2.39702484483154 ], [ 113.34580763178532, 2.396103904205347 ], [ 113.346114611994054, 2.389350339613262 ], [ 113.345500651576586, 2.38321073543864 ], [ 113.348263473455162, 2.382289794812447 ], [ 113.353175156794862, 2.38321073543864 ], [ 113.359007780760763, 2.382903755229909 ], [ 113.362998523474261, 2.382596775021178 ], [ 113.367603226605226, 2.381061873977523 ], [ 113.369138127648881, 2.376150190637825 ], [ 113.36791020681396, 2.365405883332236 ], [ 113.368831147440147, 2.362643061453656 ], [ 113.371286989110004, 2.361108160410001 ], [ 113.37896149432828, 2.364177962497312 ], [ 113.389705801633866, 2.369089645837009 ], [ 113.399529168313265, 2.372159447924321 ], [ 113.403826891235497, 2.376150190637825 ], [ 113.411194416245038, 2.37768509168148 ], [ 113.417334020419659, 2.378913012516405 ], [ 113.422552683968092, 2.382903755229909 ], [ 113.433296991273679, 2.387201478152145 ], [ 113.441278476700688, 2.39149920107438 ], [ 113.44557619962292, 2.395796923996615 ], [ 113.44864600171023, 2.401322567753775 ], [ 113.457855407972161, 2.401322567753775 ], [ 113.47074857673887, 2.401629547962506 ], [ 113.478116101748427, 2.404699350049817 ], [ 113.483641745505579, 2.402243508379969 ], [ 113.486097587175436, 2.396717864622809 ], [ 113.494079072602432, 2.402550488588699 ], [ 113.519251449718382, 2.418513459442717 ], [ 113.52784689556286, 2.418820439651448 ], [ 113.533372539320013, 2.414829696937944 ], [ 113.531530658067638, 2.408383112554591 ], [ 113.521707291388239, 2.403471429214893 ], [ 113.524777093475549, 2.400094646918851 ], [ 113.535828380989869, 2.39426202295296 ], [ 113.547186648712923, 2.399787666710119 ], [ 113.563763579984411, 2.407462171928397 ], [ 113.570824124785219, 2.411759894850633 ], [ 113.573893926872529, 2.416978558399062 ], [ 113.575735808124918, 2.421583261530028 ], [ 113.579112590420962, 2.421583261530028 ], [ 113.587401056056706, 2.421583261530028 ], [ 113.590470858144016, 2.42496004382607 ], [ 113.599680264405947, 2.428950786539574 ], [ 113.603977987328179, 2.429871727165768 ], [ 113.614722294633765, 2.438467173010239 ], [ 113.644806355089415, 2.462104649082534 ], [ 113.650945959264035, 2.462104649082534 ], [ 113.650025018637848, 2.456272025116643 ], [ 113.650025018637848, 2.447676579272172 ], [ 113.657085563438656, 2.444913757393592 ], [ 113.661690266569622, 2.440309054262625 ], [ 113.659848385317233, 2.435704351131659 ], [ 113.64941105822038, 2.423732122991145 ], [ 113.643578434254493, 2.420969301112566 ], [ 113.635903929036218, 2.417899499025255 ], [ 113.631299225905252, 2.414522716729213 ], [ 113.631299225905252, 2.408690092763321 ], [ 113.636210909244951, 2.403164449006162 ], [ 113.637131849871139, 2.397945785457733 ], [ 113.640201651958449, 2.395489943787884 ], [ 113.645113335298149, 2.400708607336313 ], [ 113.650638979055302, 2.400708607336313 ], [ 113.656778583229922, 2.401936528171237 ], [ 113.659848385317233, 2.404392369841086 ], [ 113.667215910326789, 2.404392369841086 ], [ 113.670899672831553, 2.402550488588699 ], [ 113.672434573875208, 2.396717864622809 ], [ 113.653401800933906, 2.384131676064834 ], [ 113.653094820725173, 2.377685091681481 ], [ 113.654936701977562, 2.370931527089396 ], [ 113.657699523856138, 2.366633804167161 ], [ 113.664146108239493, 2.361108160410001 ], [ 113.665987989491882, 2.359266279157614 ], [ 113.666294969700616, 2.351898754148068 ], [ 113.669978732205379, 2.348521971852026 ], [ 113.673969474918891, 2.345145189555984 ], [ 113.67611833638, 2.342075387468673 ], [ 113.672741554083956, 2.335628803085319 ], [ 113.673662494710157, 2.330410139536891 ], [ 113.682564920763355, 2.323963555153537 ], [ 113.687476604103054, 2.32181469369242 ], [ 113.700062792661029, 2.321200733274958 ], [ 113.69522785437394, 2.311722719328472 ], [ 113.675811356171309, 2.314140188474144 ], [ 113.667139165276197, 2.311415739119629 ], [ 113.653924526058404, 2.31157566261686 ], [ 113.646878471499932, 2.31172271932836 ], [ 113.638359770706117, 2.308307564508253 ], [ 113.630071305070373, 2.306465683255866 ], [ 113.623624720687019, 2.300326079081244 ], [ 113.61464554958313, 2.304355194318807 ], [ 113.602528168332356, 2.303961387398147 ], [ 113.59110675550437, 2.294443543374825 ], [ 113.581261451882128, 2.302474940542362 ], [ 113.572052045620197, 2.30462380200348 ], [ 113.560003072428941, 2.300978412022762 ], [ 113.547800609130434, 2.297563257202664 ], [ 113.535828380989926, 2.300633059289976 ], [ 113.513111845543818, 2.289581771775655 ], [ 113.511193219240653, 2.282866579707612 ], [ 113.491930211141351, 2.273618800921637 ], [ 113.478346336906398, 2.26444776718373 ], [ 113.463995012146825, 2.266558256120822 ], [ 113.461539170476968, 2.254279047771578 ], [ 113.446190160040416, 2.251516225892998 ], [ 113.441585456909451, 2.226343848777047 ], [ 113.427399838303359, 2.225915066406969 ], [ 113.416029354533961, 2.221470537961339 ], [ 113.409966495410146, 2.212836719592879 ], [ 113.401371049565668, 2.224501967524661 ], [ 113.382952237041806, 2.217748402932576 ], [ 113.36422644430921, 2.23248345295167 ], [ 113.340819203394744, 2.232982295788766 ], [ 113.322703554046825, 2.227818635211577 ], [ 113.316992847632719, 2.212590084774206 ], [ 113.298337873347009, 2.205017450123137 ], [ 113.302907147615272, 2.201209844185182 ], [ 113.293390761144593, 2.192614398340704 ], [ 113.301372246571617, 2.183711972287495 ], [ 113.300758286154149, 2.165600139972344 ], [ 113.264073634863053, 2.166470181828629 ], [ 113.251224545431683, 2.14219967956933 ], [ 113.219815660154609, 2.165042505225188 ], [ 113.204111217516243, 2.146482709379768 ], [ 113.189324470384662, 2.141655683691298 ], [ 113.175557685446279, 2.152193415793647 ], [ 113.134068032813019, 2.156083753501672 ], [ 113.138438093755212, 2.150765739190206 ], [ 113.143584419283698, 2.101134296138758 ], [ 113.144505359909886, 2.093152810711743 ], [ 113.155570212997191, 2.08223726222235 ], [ 113.175203380783032, 2.063682710673532 ], [ 113.181342984957666, 2.050482561698083 ], [ 113.166607934938554, 2.040045234601217 ], [ 113.173054519321923, 2.031756768965471 ], [ 113.1709056578608, 2.023161323120992 ], [ 113.156170607841688, 2.025924144999574 ], [ 113.152486845336909, 2.004742510597111 ], [ 113.1484318299797, 1.988010606391356 ], [ 113.166991625825176, 1.983727576580918 ], [ 113.168419302428788, 1.965167780735442 ], [ 113.165073033894899, 1.950407013651659 ], [ 113.176985362049663, 1.948035661493464 ], [ 113.188406774877649, 1.933758895458482 ], [ 113.189324470384676, 1.91694617089994 ], [ 113.19554515789514, 1.905205363388518 ], [ 113.212677277137118, 1.893783950560533 ], [ 113.212677277137118, 1.875224154715113 ], [ 113.224098689965103, 1.848098299248591 ], [ 113.179840715256773, 1.845242946041537 ], [ 113.145576476772703, 1.836676886420605 ], [ 113.125589004323842, 1.837390724722354 ], [ 113.097844368182734, 1.838052257255981 ], [ 113.094180119046882, 1.829538503403114 ], [ 113.082495357746168, 1.833140573916279 ], [ 113.084030258789824, 1.82208928640195 ], [ 113.05701600042147, 1.821475325984487 ], [ 113.055174119169081, 1.815028741601128 ], [ 113.044122831654747, 1.808889137426501 ], [ 113.042894910819825, 1.7883214634415 ], [ 113.021368612268361, 1.790991235108663 ], [ 112.995670433405394, 1.798129618126154 ], [ 112.971399931145925, 1.77528679247024 ], [ 112.95448461070518, 1.767139829039036 ], [ 112.960970642220317, 1.757883637347441 ], [ 112.961032923756861, 1.757759074274347 ], [ 112.961120659600624, 1.757583602586806 ], [ 112.933994804134159, 1.750445219569315 ], [ 112.922573391306173, 1.739023806741329 ], [ 112.93256712753066, 1.721891687499351 ], [ 112.909724301874803, 1.719036334292468 ], [ 112.898302889046704, 1.704759568257487 ], [ 112.891164506029213, 1.683344419205014 ], [ 112.85404491433826, 1.684772095808455 ], [ 112.851189561131264, 1.671923006376915 ], [ 112.895447535839821, 1.664784623359424 ], [ 112.909724301874803, 1.637658767893072 ], [ 112.898302889046704, 1.630520384875581 ], [ 112.909724301874803, 1.607677559219496 ], [ 112.9011582422537, 1.590545439977632 ], [ 112.879743093201228, 1.590545439977632 ], [ 112.858327944148755, 1.569130290925159 ], [ 112.836912795096282, 1.542004435458637 ], [ 112.801220880008827, 1.54485978866569 ], [ 112.785516437370461, 1.551998171683181 ], [ 112.772667347938864, 1.561991907907668 ], [ 112.7441138158689, 1.564847261114551 ], [ 112.715560283798936, 1.564847261114551 ], [ 112.684151398521976, 1.556281201493618 ], [ 112.644461988944727, 1.571985644132042 ], [ 112.601631690839781, 1.574840997339038 ], [ 112.535958567078978, 1.577696350546091 ], [ 112.474568473128556, 1.577696350546091 ], [ 112.460291707093575, 1.5705579675286 ], [ 112.441731911247984, 1.543432112062078 ], [ 112.394618583332544, 1.522016963009605 ], [ 112.361782021452086, 1.512023226785232 ], [ 112.317524046743756, 1.51059555018162 ], [ 112.297536574294668, 1.4920357543362 ], [ 112.287542838070181, 1.467765252076674 ], [ 112.260416982603829, 1.460626869059183 ], [ 112.230435773930253, 1.454916162645304 ], [ 112.210448301481392, 1.447777779627813 ], [ 112.193710776189391, 1.445537616234901 ], [ 112.16193845681417, 1.45382815350523 ], [ 112.141984743246653, 1.466414342063205 ], [ 112.1320846315148, 1.469829496882712 ], [ 112.119882168218012, 1.460888698306045 ], [ 112.11090553318661, 1.464097412080321 ], [ 112.095247006467034, 1.474127219804951 ], [ 112.071916510603444, 1.463075932290622 ], [ 112.059637302254188, 1.463689892708085 ], [ 112.057181460584346, 1.480880784397041 ], [ 112.039990568895391, 1.484564546901817 ], [ 112.026672613580104, 1.4912232675469 ], [ 112.016660073031801, 1.514648607357491 ], [ 112.01052046885718, 1.529383657376596 ] ] ] ] } },
{ "type": "Feature", "properties": { "Id": 218, "NEGERI": "SARAWAK", "KODPAR": "P.218", "PARLIMEN": "SIBUTI", "KODUNIK": "P.218", "BILANGAN_P": 48450, "PERATUS_EQ": 73.71 }, "geometry": { "type": "MultiPolygon", "coordinates": [ [ [ [ 113.95021329025073, 3.910091921141058 ], [ 113.94814117384179, 3.915387329741669 ], [ 113.95021329025073, 3.917459446150604 ], [ 113.948831879311442, 3.91930132740299 ], [ 113.950673760563831, 3.921833914125022 ], [ 113.952055171503119, 3.927820028195279 ], [ 113.949522584781079, 3.931043320386955 ], [ 113.942385294928087, 3.935187553204825 ], [ 113.935017769918545, 3.935648023517922 ], [ 113.931794477726868, 3.936108493831019 ], [ 113.927650244908989, 3.936568964144115 ], [ 113.925117658186963, 3.934957318048277 ], [ 113.922585071464923, 3.926668852412537 ], [ 113.920052484742897, 3.921603678968474 ], [ 113.912915194889905, 3.913084978176186 ], [ 113.905547669880349, 3.906177923479736 ], [ 113.900482496436283, 3.896738282061255 ], [ 113.893114971426741, 3.875096177345712 ], [ 113.896108028461867, 3.875096177345712 ], [ 113.901633672219035, 3.875556647658808 ], [ 113.914066370672643, 3.876477588285002 ], [ 113.919592014429796, 3.875556647658808 ], [ 113.923045541778023, 3.867728652336166 ], [ 113.924196717560761, 3.870031003901649 ], [ 113.925347893343513, 3.874635707032615 ], [ 113.928571185535191, 3.875556647658808 ], [ 113.935017769918545, 3.874635707032615 ], [ 113.93685965117092, 3.874175236719519 ], [ 113.938471297266759, 3.869110063275456 ], [ 113.937320121484021, 3.864044889831392 ], [ 113.935017769918545, 3.858519246074232 ], [ 113.933866594135793, 3.855065718726007 ], [ 113.931334007413767, 3.854835483569459 ], [ 113.92811071522209, 3.853454072630169 ], [ 113.926959539439352, 3.847467958559913 ], [ 113.927189774595902, 3.84378419605514 ], [ 113.9258083636566, 3.841942314802753 ], [ 113.922585071464923, 3.841942314802753 ], [ 113.917980368333957, 3.839870198393818 ], [ 113.913605900359542, 3.837798081984883 ], [ 113.90646861050655, 3.84102137417656 ], [ 113.896338263618418, 3.84378419605514 ], [ 113.889891679235063, 3.843323725742043 ], [ 113.889891679235063, 3.847928428873009 ], [ 113.886207916730299, 3.857137835134942 ], [ 113.88413580032136, 3.860361127326619 ], [ 113.880682272973132, 3.865656535927232 ], [ 113.877228745624905, 3.863814654674846 ], [ 113.872624042493939, 3.861051832796266 ], [ 113.867098398736786, 3.853914542943267 ], [ 113.861112284666518, 3.852302896847429 ], [ 113.856507581535553, 3.848158664029559 ], [ 113.850751702621849, 3.839409728080723 ], [ 113.853284289343875, 3.827897970253307 ], [ 113.858119227631391, 3.823753737435437 ], [ 113.857658757318305, 3.801881397563346 ], [ 113.853054054187339, 3.796355753806186 ], [ 113.85238897901769, 3.795532327405666 ], [ 113.84407488308193, 3.800039516310958 ], [ 113.836173888868302, 3.795568655191573 ], [ 113.81736760492231, 3.791751050675218 ], [ 113.808158198660379, 3.786916112387703 ], [ 113.805625611938353, 3.7873765827008 ], [ 113.805625611938353, 3.804644219441924 ], [ 113.805855847094904, 3.808788452259794 ], [ 113.803783730685964, 3.812702449921116 ], [ 113.798488322085348, 3.817076917895534 ], [ 113.798488322085348, 3.821681621026501 ], [ 113.798258086928811, 3.823983972591984 ], [ 113.798718557241898, 3.826286324157467 ], [ 113.7996394978681, 3.82858867572295 ], [ 113.801941849433575, 3.830430556975337 ], [ 113.804474436155616, 3.830430556975337 ], [ 113.807697728347293, 3.830200321818789 ], [ 113.81069078538242, 3.829509616349144 ], [ 113.814144312730647, 3.831811967914627 ], [ 113.816216429139573, 3.831811967914627 ], [ 113.81736760492231, 3.833653849167014 ], [ 113.817828075235411, 3.83687714135869 ], [ 113.817828075235411, 3.838488787454529 ], [ 113.818058310391962, 3.84102137417656 ], [ 113.798948792398448, 3.840100433550367 ], [ 113.79756738145916, 3.852993602317073 ], [ 113.787437034571042, 3.854375013256363 ], [ 113.786055623631739, 3.864044889831393 ], [ 113.783983507222814, 3.864275124987941 ], [ 113.779148568935298, 3.862433243735555 ], [ 113.775004336117419, 3.860821597639716 ], [ 113.769478692360266, 3.86036112732662 ], [ 113.762111167350724, 3.860591362483168 ], [ 113.760269286098335, 3.859670421856975 ], [ 113.762341402507261, 3.856907599978395 ], [ 113.762571637663811, 3.854375013256363 ], [ 113.761420461881073, 3.85207266169088 ], [ 113.759118110315598, 3.848849369499203 ], [ 113.757506464219759, 3.846086547620623 ], [ 113.75566458296737, 3.841942314802754 ], [ 113.754283172028082, 3.837337611671787 ], [ 113.752901761088779, 3.834574789793207 ], [ 113.746224941548888, 3.838488787454529 ], [ 113.737245770443494, 3.847007488246817 ], [ 113.733101537625629, 3.848849369499203 ], [ 113.73125965637324, 3.846777253090268 ], [ 113.73125965637324, 3.844014431211688 ], [ 113.731950361842891, 3.840560903863464 ], [ 113.73148989152979, 3.83825855229798 ], [ 113.73125965637324, 3.835956200732497 ], [ 113.730799186060153, 3.833653849167014 ], [ 113.73125965637324, 3.830891027288434 ], [ 113.735864359504205, 3.829049146036047 ], [ 113.740469062635171, 3.826516559314015 ], [ 113.745534236079237, 3.823983972591984 ], [ 113.748527293114364, 3.821221150713404 ], [ 113.749217998584015, 3.818918799147921 ], [ 113.748297057957814, 3.816155977269341 ], [ 113.747145882175076, 3.812932685077664 ], [ 113.747145882175076, 3.809248922572891 ], [ 113.747836587644727, 3.804874454598473 ], [ 113.745534236079237, 3.802341867876441 ], [ 113.743231884513762, 3.803262808502634 ], [ 113.736324829817306, 3.811551274138374 ], [ 113.733101537625629, 3.818458328834824 ], [ 113.731720126686341, 3.818688563991373 ], [ 113.730108480590502, 3.818458328834824 ], [ 113.729417775120851, 3.815465271799696 ], [ 113.732871302469079, 3.807407041320504 ], [ 113.732871302469079, 3.804644219441924 ], [ 113.730799186060153, 3.803262808502634 ], [ 113.729648010277401, 3.797967399902023 ], [ 113.733562007938716, 3.791290580362122 ], [ 113.716064136041055, 3.779778822534705 ], [ 113.713301314162464, 3.790830110049025 ], [ 113.715178296721888, 3.800827264014629 ], [ 113.712610608692827, 3.804183749128828 ], [ 113.699256969613018, 3.800039516310958 ], [ 113.693501090699314, 3.805104689755021 ], [ 113.683140508654631, 3.794053402240702 ], [ 113.674391572705801, 3.79704645927583 ], [ 113.678058705031049, 3.806537970428508 ], [ 113.686594036002859, 3.811551274138374 ], [ 113.692580150073127, 3.822142091339597 ], [ 113.677384629740928, 3.829509616349144 ], [ 113.690508033664187, 3.836646906202142 ], [ 113.693270855542764, 3.84240278511585 ], [ 113.679486381634433, 3.843657562119574 ], [ 113.67623345395819, 3.858058775761136 ], [ 113.681298627402256, 3.872793825780229 ], [ 113.675203351824166, 3.88077715381047 ], [ 113.671858985983775, 3.893745225026127 ], [ 113.657354171121227, 3.903415101601157 ], [ 113.649526175798584, 3.895817341435062 ], [ 113.638014417971164, 3.908250039888672 ], [ 113.695366989611557, 3.958736520621983 ], [ 113.708677054088298, 3.976282313592151 ], [ 113.732445026625442, 4.000466497858383 ], [ 113.763818750805285, 4.035555952441257 ], [ 113.788893962523503, 4.074041832883779 ], [ 113.800183749164148, 4.099526775124218 ], [ 113.812275705302227, 4.12055126470176 ], [ 113.819785074066118, 4.128757761072831 ], [ 113.837469756047767, 4.149472081781425 ], [ 113.864565245602193, 4.17554735893475 ], [ 113.885718741124037, 4.201621247610433 ], [ 113.906872236645995, 4.227695136285945 ], [ 113.926837334259744, 4.256611877640808 ], [ 113.939566577332357, 4.276426184456796 ], [ 113.941924824615029, 4.273805909698274 ], [ 113.943306235554317, 4.268510501097662 ], [ 113.970069322575611, 4.315452106111199 ], [ 113.975539157471104, 4.312485415998393 ], [ 113.9693228082443, 4.29498754410072 ], [ 113.978301979349681, 4.291764251909043 ], [ 113.987741620768162, 4.312024945685295 ], [ 113.995799851247355, 4.330673993365711 ], [ 114.00224643563071, 4.324457644138906 ], [ 114.016739287295877, 4.318839890752088 ], [ 114.022737364563511, 4.332515874618098 ], [ 114.043458528652863, 4.323766938669261 ], [ 114.047142291157627, 4.314557532407329 ], [ 114.054049345854082, 4.311794710528749 ], [ 114.065330868524953, 4.315248237876974 ], [ 114.070277159927059, 4.295045280693785 ], [ 114.029644419259952, 4.302009716375448 ], [ 114.029989771994792, 4.28773513666945 ], [ 114.02941418410343, 4.276568731576856 ], [ 114.032205783833774, 4.271250670635482 ], [ 114.035860768486771, 4.260682505775021 ], [ 114.038163120052261, 4.255156862017861 ], [ 114.048063231783843, 4.245486985442831 ], [ 114.052898170071359, 4.242033458094606 ], [ 114.063028516959477, 4.240306694420495 ], [ 114.061416870863638, 4.233975227615416 ], [ 114.056927285310948, 4.231212405736836 ], [ 114.057042402889209, 4.222808822522822 ], [ 114.055430756793371, 4.217973884235308 ], [ 114.053358640384403, 4.201281835385554 ], [ 114.048753937253437, 4.199670189289716 ], [ 114.043343411074545, 4.196446897098039 ], [ 114.040005001304607, 4.19149684123225 ], [ 114.031486300512313, 4.187007255679558 ], [ 114.029183948946823, 4.182747905283414 ], [ 114.022046659093832, 4.179985083404834 ], [ 114.018823366902154, 4.169854736516707 ], [ 114.016290780180128, 4.162947681820257 ], [ 114.013067487988465, 4.154659216184518 ], [ 113.999713848908655, 4.139924166165424 ], [ 113.99303702936875, 4.137161344286844 ], [ 113.985899739515759, 4.126570527085621 ], [ 113.968056514883244, 4.107576126670384 ], [ 113.968286750039795, 4.101820247756677 ], [ 113.965293693004668, 4.096524839156065 ], [ 113.96840186761807, 4.096064368842969 ], [ 113.974157746531773, 4.094337605168856 ], [ 113.976344980518988, 4.091805018446824 ], [ 113.98164038911959, 4.089157314146519 ], [ 113.986590444985396, 4.089157314146518 ], [ 113.988892796550871, 4.083171200076261 ], [ 113.989123031707422, 4.072810618031586 ], [ 114.012722135253696, 4.064579711184956 ], [ 113.996260321560413, 4.067515209430974 ], [ 114.002937141100304, 4.049787102376753 ], [ 113.995799851247313, 4.04195910705411 ], [ 113.997987085234527, 4.037354403923142 ], [ 113.99902314343899, 4.003509835910538 ], [ 113.997181262186601, 3.998674897623023 ], [ 113.998792908282439, 3.991998078083122 ], [ 114.008577902435732, 3.989350373782817 ], [ 114.015287952167938, 3.984491898961684 ], [ 114.015139604397348, 3.983997406393071 ], [ 114.01652101533665, 3.97507579407682 ], [ 114.021586188780702, 3.963736712616818 ], [ 114.020665248154501, 3.956829657920368 ], [ 114.012376782518771, 3.960052950112045 ], [ 114.005469727822316, 3.958211068859658 ], [ 113.999023143438961, 3.956369187607272 ], [ 113.992116088742506, 3.949462132910822 ], [ 113.98935326686393, 3.944396959466759 ], [ 113.992116088742506, 3.935187553204826 ], [ 113.991655618429419, 3.931503790700053 ], [ 113.988432326237742, 3.92782002819528 ], [ 113.985669504359166, 3.9250572063167 ], [ 113.986590444985353, 3.920452503185733 ], [ 113.986590444985353, 3.914926859428573 ], [ 113.984288093419863, 3.9112430969238 ], [ 113.97724023459898, 3.904464688123539 ], [ 113.967250691835289, 3.913545448489283 ], [ 113.957252762150119, 3.907320041330365 ], [ 113.955048228538246, 3.905256982853543 ], [ 113.95021329025073, 3.910091921141058 ] ] ] ] } },
{ "type": "Feature", "properties": { "Id": 219, "NEGERI": "SARAWAK", "KODPAR": "P.219", "PARLIMEN": "MIRI", "KODUNIK": "P.219", "BILANGAN_P": 158411, "PERATUS_EQ": 241.0 }, "geometry": { "type": "MultiPolygon", "coordinates": [ [ [ [ 114.174001862415764, 4.475952377147704 ], [ 114.188060479715659, 4.464581877359194 ], [ 114.188060479715659, 4.446735919815467 ], [ 114.195874202287854, 4.434510048969004 ], [ 114.208767371054563, 4.433358873186262 ], [ 114.205544078862886, 4.425300642707071 ], [ 114.211855089773962, 4.418182387745503 ], [ 114.206925489802174, 4.399284070017111 ], [ 114.217803742288538, 4.390818586178455 ], [ 114.225804772639137, 4.383167609058728 ], [ 114.216365131220655, 4.374879143422989 ], [ 114.206465019489073, 4.381786198119438 ], [ 114.212451133559327, 4.357611506681864 ], [ 114.199097494479531, 4.3458695136979 ], [ 114.180448446799119, 4.34448810275861 ], [ 114.17883680070328, 4.333897285557386 ], [ 114.1542016389526, 4.33343681524429 ], [ 114.153280698326412, 4.320313411321035 ], [ 114.117594249061412, 4.325839055078195 ], [ 114.102859199042328, 4.325378584765098 ], [ 114.097563790441711, 4.291073546439397 ], [ 114.090886970901806, 4.278180377672691 ], [ 114.078914742761299, 4.274266380011369 ], [ 114.073849569317218, 4.262524387027406 ], [ 114.070626277125541, 4.253314980765473 ], [ 114.065791338838025, 4.254466156548214 ], [ 114.064870398211838, 4.249631218260699 ], [ 114.063028516959477, 4.240306694420495 ], [ 114.052898170071359, 4.242033458094606 ], [ 114.048063231783843, 4.245486985442831 ], [ 114.038163120052261, 4.255156862017861 ], [ 114.035860768486771, 4.260682505775021 ], [ 114.032205783833774, 4.271250670635482 ], [ 114.02941418410343, 4.276568731576856 ], [ 114.029989771994792, 4.28773513666945 ], [ 114.029644419259952, 4.302009716375448 ], [ 114.070277159927059, 4.295045280693785 ], [ 114.065330868524953, 4.315248237876974 ], [ 114.054049345854082, 4.311794710528749 ], [ 114.047142291157627, 4.314557532407329 ], [ 114.043458528652863, 4.323766938669261 ], [ 114.022737364563511, 4.332515874618098 ], [ 114.016739287295877, 4.318839890752088 ], [ 114.00224643563071, 4.324457644138906 ], [ 113.995799851247355, 4.330673993365711 ], [ 113.987741620768162, 4.312024945685295 ], [ 113.978301979349681, 4.291764251909043 ], [ 113.9693228082443, 4.29498754410072 ], [ 113.975539157471104, 4.312485415998393 ], [ 113.970069322575611, 4.315452106111199 ], [ 113.943306235554317, 4.268510501097662 ], [ 113.941924824615029, 4.273805909698274 ], [ 113.939566577332357, 4.276426184456796 ], [ 113.946327072171243, 4.286949553222826 ], [ 113.952982104409784, 4.305435916831982 ], [ 113.957710682715415, 4.31580905459837 ], [ 113.961955283234744, 4.319852941007939 ], [ 113.965494203504591, 4.324017522827717 ], [ 113.96921983319487, 4.341002005269843 ], [ 113.968744473492507, 4.347163700327542 ], [ 113.963277839611465, 4.354273227897579 ], [ 113.965848339152444, 4.368948163131108 ], [ 113.971552652884725, 4.380417999136341 ], [ 113.979063332227952, 4.387242988866888 ], [ 113.982543803355284, 4.397279802571773 ], [ 113.983563591764209, 4.400220618887829 ], [ 113.99604177766048, 4.435646998005552 ], [ 113.999109798341919, 4.456377570026518 ], [ 113.996860642347656, 4.474150322720391 ], [ 113.994497857554734, 4.499002050827642 ], [ 113.985228348750297, 4.524353890822567 ], [ 113.974532760839338, 4.558707772597415 ], [ 113.966689329345172, 4.587848051195579 ], [ 113.969303806809194, 4.601114842319873 ], [ 114.004005047108421, 4.596614053427572 ], [ 114.065088736510461, 4.588796833193044 ], [ 114.084103114719483, 4.586664877638043 ], [ 114.092897264719909, 4.581926781405173 ], [ 114.133540498602656, 4.576715201779336 ], [ 114.164438863080136, 4.572451126365706 ], [ 114.174717178151923, 4.56377687502146 ], [ 114.181599622581857, 4.551469508495555 ], [ 114.163641280371081, 4.540418220981235 ], [ 114.160696678148611, 4.515740288984546 ], [ 114.164265869657356, 4.477668912891261 ], [ 114.174001862415764, 4.475952377147704 ] ] ] ] } },
{ "type": "Feature", "properties": { "Id": 193, "NEGERI": "SARAWAK", "KODPAR": "P.193", "PARLIMEN": "SANTUBONG", "KODUNIK": "P.193", "BILANGAN_P": 79688, "PERATUS_EQ": 121.234 }, "geometry": { "type": "MultiPolygon", "coordinates": [ [ [ [ 110.359293112355729, 1.598703625763239 ], [ 110.356990760790254, 1.595825686306385 ], [ 110.354227938911677, 1.591911688645063 ], [ 110.353882586176852, 1.588458161296838 ], [ 110.351695352189637, 1.584198810900694 ], [ 110.35100464672, 1.579824342926276 ], [ 110.34553656175197, 1.578903402300083 ], [ 110.331377099624248, 1.577637108939067 ], [ 110.329367032780283, 1.576186471730182 ], [ 110.326939982554222, 1.575758168748962 ], [ 110.323799094026469, 1.573902189164585 ], [ 110.3133038194498, 1.584177308316157 ], [ 110.3133038194498, 1.589174176428514 ], [ 110.317586849260238, 1.597740236049447 ], [ 110.317064147390852, 1.616719526760676 ], [ 110.309639449500821, 1.611422136832971 ], [ 110.31059123390321, 1.600000724005042 ], [ 110.30583231189155, 1.594290017590936 ], [ 110.297566527919088, 1.59174669944565 ], [ 110.293459114661175, 1.590482879981721 ], [ 110.267760935798265, 1.588579311177057 ], [ 110.252532385360894, 1.592386448786328 ], [ 110.242062756935127, 1.597145370797989 ], [ 110.232544912911806, 1.602856077212039 ], [ 110.218268146876824, 1.607614999223699 ], [ 110.210848995169798, 1.603519377785228 ], [ 110.19918374723801, 1.60167749653284 ], [ 110.196727905568167, 1.591854129853436 ], [ 110.194886024315778, 1.583872644426421 ], [ 110.191202261811, 1.576505119416868 ], [ 110.172281146090086, 1.567722897177134 ], [ 110.159158369723684, 1.567743164302726 ], [ 110.149164633499367, 1.566315487699114 ], [ 110.140598573878265, 1.584875283544534 ], [ 110.116328071618966, 1.579878415432404 ], [ 110.094912922566493, 1.577023062225351 ], [ 110.067787067099914, 1.579164577130655 ], [ 110.048763444959647, 1.58602150588754 ], [ 110.043237801202494, 1.584179624635152 ], [ 110.042623840785041, 1.576198139208137 ], [ 110.032493493896894, 1.568830614198584 ], [ 110.026046909513539, 1.579574921504181 ], [ 110.020521265756372, 1.576812099625599 ], [ 110.018065424086529, 1.565146851693807 ], [ 109.988595324048319, 1.564839871485076 ], [ 109.98214873966495, 1.560849128771568 ], [ 109.970483491733162, 1.562997990232688 ], [ 109.965571808393463, 1.574970218373211 ], [ 109.953906560461675, 1.569137594407315 ], [ 109.948304171654442, 1.581224940128633 ], [ 109.940723849388519, 1.583447606941149 ], [ 109.93295516121789, 1.583680781798482 ], [ 109.925019406750096, 1.564887811095673 ], [ 109.916453347128993, 1.564887811095673 ], [ 109.903604257697623, 1.574881547320217 ], [ 109.907887287508117, 1.59058598995864 ], [ 109.896465874680132, 1.589158313355199 ], [ 109.892203538506649, 1.607817100707467 ], [ 109.886370914540748, 1.621631210100378 ], [ 109.889133736419339, 1.631454576779782 ], [ 109.88218910864515, 1.639126994477635 ], [ 109.867912342610168, 1.651976083909005 ], [ 109.848305368658075, 1.645268686172693 ], [ 109.839358810540205, 1.650548407305564 ], [ 109.834798239473898, 1.661231657026724 ], [ 109.824974872794485, 1.660003736191799 ], [ 109.830730751710476, 1.666565438155878 ], [ 109.790103967719517, 1.743347386532946 ], [ 109.784453485241954, 1.757623442568372 ], [ 109.786602346703077, 1.772358492587478 ], [ 109.782611603989565, 1.778498096762105 ], [ 109.780462742528442, 1.789549384276434 ], [ 109.770946356057777, 1.785865621771658 ], [ 109.76542071230061, 1.789549384276434 ], [ 109.755597345621212, 1.798758790538375 ], [ 109.739421448295332, 1.799026774069262 ], [ 109.724285364330612, 1.803670473878077 ], [ 109.719987641408366, 1.816256662436063 ], [ 109.709243334102766, 1.808275177009047 ], [ 109.686597413965899, 1.806165157086753 ], [ 109.672320647930917, 1.799026774069262 ], [ 109.658043881895935, 1.806165157086753 ], [ 109.6409117626539, 1.810448186897418 ], [ 109.618068936997986, 1.807592833690364 ], [ 109.598081464548955, 1.801882127276315 ], [ 109.592370758135075, 1.809020510293806 ], [ 109.592370758135075, 1.821869599725346 ], [ 109.58808772832441, 1.840429395570823 ], [ 109.578093992100094, 1.84471242538126 ], [ 109.563817226065112, 1.853278485002363 ], [ 109.559534196254447, 1.868982927640786 ], [ 109.555251166444009, 1.881832017072327 ], [ 109.545257430219465, 1.901819489521188 ], [ 109.546685106823077, 1.923234638573661 ], [ 109.555251166444009, 1.927517668384098 ], [ 109.568100255875549, 1.937511404608642 ], [ 109.572383285686044, 1.946077464229745 ], [ 109.560961872858059, 1.954643523850677 ], [ 109.566672579271938, 1.968920289885659 ], [ 109.576666315496482, 1.97605867290315 ], [ 109.599509141152566, 1.974630996299709 ], [ 109.612358230583936, 1.978914026110147 ], [ 109.62235196680848, 1.984624732524026 ], [ 109.632345703032968, 1.99461846874857 ], [ 109.636628732843462, 2.017461294404654 ], [ 109.639484086050459, 2.031738060439636 ], [ 109.645194792464338, 2.078851388355019 ], [ 109.64662246906795, 2.057436239302547 ], [ 109.64662246906795, 2.043159473267565 ], [ 109.655188528688882, 2.038876443457127 ], [ 109.655188528688882, 2.026027354025587 ], [ 109.648050145671391, 2.016033617801043 ], [ 109.648050145671391, 2.004612204973114 ], [ 109.655188528688882, 1.99461846874857 ], [ 109.662678421442536, 1.989268545353241 ], [ 109.65155740701141, 1.985402581277981 ], [ 109.650103495402163, 1.966028687951905 ], [ 109.646850891590987, 1.950786605636665 ], [ 109.64969472419881, 1.946168101092724 ], [ 109.653473381460003, 1.936962552315606 ], [ 109.648050145671391, 1.930530903244346 ], [ 109.652526682016401, 1.917593034929325 ], [ 109.655375806682684, 1.906677548541836 ], [ 109.673850721347492, 1.891437436496062 ], [ 109.674819996352653, 1.886109355777251 ], [ 109.687420565129798, 1.878359521322693 ], [ 109.683058829403819, 1.870125076519685 ], [ 109.684997378515618, 1.859468766296857 ], [ 109.705836781242624, 1.842031233967646 ], [ 109.73275879892924, 1.835658588723788 ], [ 109.736230057848843, 1.831667410559646 ], [ 109.740849124898773, 1.830435659346278 ], [ 109.769402656968737, 1.820441923121734 ], [ 109.788951110596997, 1.810128447380578 ], [ 109.812226893303034, 1.799501062777665 ], [ 109.84474147969047, 1.789238748339983 ], [ 109.85234723133334, 1.786578128014696 ], [ 109.849352546764749, 1.780556592893504 ], [ 109.845618015640582, 1.777818949857306 ], [ 109.849352546764749, 1.774457868357274 ], [ 109.858492283242413, 1.767149701462131 ], [ 109.879336921805418, 1.751450961151932 ], [ 109.876478402231101, 1.744775063136387 ], [ 109.870613451251643, 1.734496451765438 ], [ 109.887091118252442, 1.72141742474065 ], [ 109.917138628137479, 1.707854044753674 ], [ 109.923945996681709, 1.69388157800455 ], [ 109.95639424697697, 1.708338925442717 ], [ 109.971902638972779, 1.699135093443601 ], [ 109.975974435112164, 1.693708469844751 ], [ 110.016489267645284, 1.699620038729506 ], [ 110.049914353516328, 1.69961280517208 ], [ 110.078716005172339, 1.699392313307499 ], [ 110.11061736520486, 1.699089411824389 ], [ 110.1384016659092, 1.698990222700682 ], [ 110.142590184025494, 1.698723707870329 ], [ 110.147619632112253, 1.702968973888005 ], [ 110.179982538799777, 1.708178004301942 ], [ 110.19249356447034, 1.710191739157779 ], [ 110.209226217366279, 1.7022094579861 ], [ 110.233298408897099, 1.70771099220218 ], [ 110.258283312948549, 1.713613560685587 ], [ 110.274525938176964, 1.708834662307254 ], [ 110.302748585514166, 1.708827400738869 ], [ 110.310446298591273, 1.715814626857423 ], [ 110.310179450442718, 1.720937959276 ], [ 110.301455978990646, 1.734985908425699 ], [ 110.31641848941814, 1.754405258557426 ], [ 110.314541185270457, 1.760175403638414 ], [ 110.31657954410116, 1.771956439359599 ], [ 110.322295381717709, 1.778582873107666 ], [ 110.322295381717481, 1.783426889176098 ], [ 110.331018852271427, 1.802318530095079 ], [ 110.3436194210488, 1.802803073399957 ], [ 110.348465794277388, 1.793599587605684 ], [ 110.340226960327755, 1.781489493630943 ], [ 110.35331216660768, 1.760175857458194 ], [ 110.360581725552152, 1.745159260201831 ], [ 110.358643176440353, 1.718516438922336 ], [ 110.364168764217766, 1.712469914213841 ], [ 110.371307147235257, 1.70295207019052 ], [ 110.371307147235257, 1.693434226167199 ], [ 110.372496877738172, 1.677967729629302 ], [ 110.374876338744002, 1.667260155103065 ], [ 110.386773643773154, 1.661311502588489 ], [ 110.39748121829939, 1.649414197559338 ], [ 110.402240140311051, 1.649414197559338 ], [ 110.411757984334372, 1.638706623033102 ], [ 110.420086097854778, 1.633947701021441 ], [ 110.419427108180173, 1.619523522924396 ], [ 110.413240509564901, 1.618333792421481 ], [ 110.406702368340362, 1.618100937699967 ], [ 110.405167467296693, 1.614417175195191 ], [ 110.406244894207873, 1.610957463303464 ], [ 110.410079150636406, 1.609505491855489 ], [ 110.413609423036817, 1.604747298620153 ], [ 110.411614051680061, 1.600756555906645 ], [ 110.401790685000648, 1.600296085593548 ], [ 110.39986067930522, 1.597066055431071 ], [ 110.400970591718931, 1.590393944955963 ], [ 110.407292529180097, 1.584772173567615 ], [ 110.407292529180097, 1.576206113946739 ], [ 110.406340744777879, 1.571447191935079 ], [ 110.405829393373025, 1.573953346434293 ], [ 110.403066571494449, 1.575564992530132 ], [ 110.399613044146221, 1.577406873782518 ], [ 110.393396694919417, 1.579709225348002 ], [ 110.389367579679842, 1.577464432571656 ], [ 110.374632529660744, 1.575046963427898 ], [ 110.371409237469067, 1.572399259127593 ], [ 110.371409237469067, 1.569521319670739 ], [ 110.378316292165522, 1.566873615370433 ], [ 110.380848878887548, 1.563304970443934 ], [ 110.380618643731012, 1.558470032156419 ], [ 110.375668587865221, 1.555246739964742 ], [ 110.368876650747055, 1.55605256301266 ], [ 110.359091656593733, 1.559736325517435 ], [ 110.354256718306203, 1.55962120793916 ], [ 110.353911365571378, 1.562959617709111 ], [ 110.357480010497881, 1.567679438418352 ], [ 110.36381147730296, 1.573550434910334 ], [ 110.369106885903562, 1.577119079836833 ], [ 110.371294119890777, 1.580802842341606 ], [ 110.387755933583989, 1.581148195076429 ], [ 110.386604757801251, 1.584256369689831 ], [ 110.38295448195413, 1.589458791691072 ], [ 110.382769835780095, 1.591036596420963 ], [ 110.386029169909875, 1.597725126347908 ], [ 110.377216142066459, 1.600000724005042 ], [ 110.369601866847916, 1.60190429280965 ], [ 110.367270813620138, 1.608599226261165 ], [ 110.357566348681615, 1.603653681629028 ], [ 110.359293112355729, 1.598703625763239 ] ] ] ] } },
{ "type": "Feature", "properties": { "Id": 194, "NEGERI": "SARAWAK", "KODPAR": "P.194", "PARLIMEN": "PETRA JAYA", "KODUNIK": "P.194", "BILANGAN_P": 92763, "PERATUS_EQ": 141.126 }, "geometry": { "type": "MultiPolygon", "coordinates": [ [ [ [ 110.338341713109827, 1.55864270852383 ], [ 110.344336832375916, 1.557915454969987 ], [ 110.344693751526677, 1.553275506008561 ], [ 110.338269206810935, 1.550063233650803 ], [ 110.326490874832189, 1.549706314499815 ], [ 110.317210976909394, 1.549706314499815 ], [ 110.314541153801628, 1.546958274329002 ], [ 110.311500270495344, 1.544352527236697 ], [ 110.310072593891903, 1.539355659124567 ], [ 110.314732371695015, 1.535106338345201 ], [ 110.308188853928982, 1.530347416333541 ], [ 110.304619662420237, 1.526183359573338 ], [ 110.295101818396915, 1.530347416333541 ], [ 110.283799378619221, 1.519639841807304 ], [ 110.279635321859018, 1.526778224824795 ], [ 110.28689180228514, 1.538491657004386 ], [ 110.277611904362345, 1.543488525116572 ], [ 110.2740427128536, 1.549913069832314 ], [ 110.267618168137801, 1.551340746435756 ], [ 110.250486048895766, 1.556337614548113 ], [ 110.242633827576583, 1.549913069832314 ], [ 110.2347816062574, 1.547057716625318 ], [ 110.227643223239909, 1.541347010211211 ], [ 110.221900282684146, 1.532913929777014 ], [ 110.212076916004747, 1.542737296456418 ], [ 110.214532757674604, 1.557472346475523 ], [ 110.224970084771471, 1.566067792320001 ], [ 110.220058401431757, 1.575891158999405 ], [ 110.199490727446758, 1.578960961086719 ], [ 110.191202261811, 1.576505119416868 ], [ 110.194886024315778, 1.583872644426421 ], [ 110.196727905568167, 1.591854129853436 ], [ 110.19918374723801, 1.60167749653284 ], [ 110.210848995169798, 1.603519377785228 ], [ 110.218268146876824, 1.607614999223699 ], [ 110.232544912911806, 1.602856077212039 ], [ 110.242062756935127, 1.597145370797989 ], [ 110.252532385360894, 1.592386448786328 ], [ 110.267760935798265, 1.588579311177057 ], [ 110.293459114661175, 1.590482879981721 ], [ 110.297566527919088, 1.59174669944565 ], [ 110.30583231189155, 1.594290017590936 ], [ 110.31059123390321, 1.600000724005042 ], [ 110.309639449500821, 1.611422136832971 ], [ 110.317064147390852, 1.616719526760676 ], [ 110.317586849260238, 1.597740236049447 ], [ 110.3133038194498, 1.589174176428514 ], [ 110.3133038194498, 1.584177308316157 ], [ 110.323799094026469, 1.573902189164585 ], [ 110.326939982554222, 1.575758168748962 ], [ 110.329367032780283, 1.576186471730182 ], [ 110.331377099624248, 1.577637108939067 ], [ 110.34553656175197, 1.578903402300083 ], [ 110.35100464672, 1.579824342926276 ], [ 110.351695352189637, 1.584198810900694 ], [ 110.353882586176852, 1.588458161296838 ], [ 110.354227938911677, 1.591911688645063 ], [ 110.356990760790254, 1.595825686306385 ], [ 110.359293112355729, 1.598703625763239 ], [ 110.357566348681615, 1.603653681629028 ], [ 110.367270813620138, 1.608599226261165 ], [ 110.369601866847916, 1.60190429280965 ], [ 110.377216142066459, 1.600000724005042 ], [ 110.386029169909875, 1.597725126347908 ], [ 110.382769835780095, 1.591036596420963 ], [ 110.38295448195413, 1.589458791691072 ], [ 110.386604757801251, 1.584256369689831 ], [ 110.387755933583989, 1.581148195076429 ], [ 110.371294119890777, 1.580802842341606 ], [ 110.369106885903562, 1.577119079836833 ], [ 110.36381147730296, 1.573550434910334 ], [ 110.357480010497881, 1.567679438418352 ], [ 110.353911365571378, 1.562959617709111 ], [ 110.354256718306203, 1.55962120793916 ], [ 110.348846192127311, 1.55904562004779 ], [ 110.345968252670488, 1.56100261887845 ], [ 110.343176651397343, 1.562326471028603 ], [ 110.339492888892565, 1.560945060089313 ], [ 110.337449551878194, 1.560311913408805 ], [ 110.338341713109827, 1.55864270852383 ] ] ] ] } },
{ "type": "Feature", "properties": { "Id": 192, "NEGERI": "SARAWAK", "KODPAR": "P.192", "PARLIMEN": "MAS GADING", "KODUNIK": "P.192", "BILANGAN_P": 66796, "PERATUS_EQ": 101.621 }, "geometry": { "type": "MultiPolygon", "coordinates": [ [ [ [ 110.233349963885644, 1.4881224332795 ], [ 110.241916023506519, 1.480984050262009 ], [ 110.253337436334505, 1.472417990640906 ], [ 110.255485836146988, 1.469369026572216 ], [ 110.267026373367656, 1.454020016133055 ], [ 110.275314839003414, 1.447573431749696 ], [ 110.282068403595503, 1.442047787992532 ], [ 110.277770680673257, 1.429461599434546 ], [ 110.272858997333557, 1.42577783692977 ], [ 110.275314839003414, 1.42148011400753 ], [ 110.267640333785124, 1.419638232755142 ], [ 110.271938056707356, 1.411656747328127 ], [ 110.267614202369487, 1.403889513672993 ], [ 110.243343700110131, 1.392468100845065 ], [ 110.239060670299523, 1.382474364620521 ], [ 110.230494610678591, 1.358203862361052 ], [ 110.221928551057658, 1.345354772929682 ], [ 110.221928551057658, 1.332505683498084 ], [ 110.220500874454046, 1.315373564256106 ], [ 110.203368755212068, 1.312518211049053 ], [ 110.194802695591136, 1.301096798221124 ], [ 110.190519665780698, 1.298241445014071 ], [ 110.194802695591136, 1.281109325772263 ], [ 110.19427206389831, 1.274129613816476 ], [ 110.183834736801444, 1.269217930476775 ], [ 110.186597558680035, 1.25693872212752 ], [ 110.169104516728225, 1.226857614839162 ], [ 110.160538457107123, 1.209725495597354 ], [ 110.15197239748619, 1.201159435976251 ], [ 110.136267954847767, 1.201159435976251 ], [ 110.119135835605789, 1.19973175937281 ], [ 110.106286746174192, 1.202587112579863 ], [ 110.090582303535825, 1.206870142390301 ], [ 110.080588567311281, 1.214008525407792 ], [ 110.070594831086737, 1.224002261632336 ], [ 110.069167154483353, 1.233995997856653 ], [ 110.066311801276299, 1.243989734081197 ], [ 110.064884124672858, 1.255411146909125 ], [ 110.062028771465862, 1.263977206530228 ], [ 110.04732370244966, 1.276711288679508 ], [ 110.024480876793803, 1.289560378111048 ], [ 110.007348757551767, 1.293843407921543 ], [ 109.983078255292241, 1.30383714414603 ], [ 109.975939872274751, 1.313830880370574 ], [ 109.973084519067925, 1.339529059233485 ], [ 109.967373812653875, 1.370937944510501 ], [ 109.961663106239769, 1.399491476580465 ], [ 109.947386340204787, 1.416623595822273 ], [ 109.933109574169805, 1.431043129517718 ], [ 109.910266748513948, 1.42676009970728 ], [ 109.891706952668471, 1.425332423103669 ], [ 109.866008773805561, 1.42676009970728 ], [ 109.850304331166967, 1.438181512535209 ], [ 109.836027565131985, 1.461024338191123 ], [ 109.826033828907441, 1.478156457433158 ], [ 109.811757062872459, 1.486722517054034 ], [ 109.798907973441089, 1.496716253278578 ], [ 109.784631207406107, 1.522414432141488 ], [ 109.764643734957076, 1.539546551383523 ], [ 109.724668790059184, 1.575238466470978 ], [ 109.683266168557623, 1.612358058162044 ], [ 109.666134049315815, 1.635200883817959 ], [ 109.663278696108762, 1.663754415887922 ], [ 109.670417079126253, 1.696590977768324 ], [ 109.667561725919256, 1.729427539648725 ], [ 109.681838491954238, 1.760836424925742 ], [ 109.684693845161235, 1.785106927185268 ], [ 109.672320647930917, 1.799026774069262 ], [ 109.686597413965899, 1.806165157086753 ], [ 109.709243334102766, 1.808275177009047 ], [ 109.719987641408366, 1.816256662436063 ], [ 109.724285364330612, 1.803670473878077 ], [ 109.739421448295332, 1.799026774069262 ], [ 109.755597345621212, 1.798758790538375 ], [ 109.76542071230061, 1.789549384276434 ], [ 109.770946356057777, 1.785865621771658 ], [ 109.780462742528442, 1.789549384276434 ], [ 109.782611603989565, 1.778498096762105 ], [ 109.786602346703077, 1.772358492587478 ], [ 109.784453485241954, 1.757623442568372 ], [ 109.790103967719517, 1.743347386532946 ], [ 109.830730751710476, 1.666565438155878 ], [ 109.824974872794485, 1.660003736191799 ], [ 109.834798239473898, 1.661231657026724 ], [ 109.839358810540205, 1.650548407305564 ], [ 109.848305368658075, 1.645268686172693 ], [ 109.867912342610168, 1.651976083909005 ], [ 109.88218910864515, 1.639126994477635 ], [ 109.889133736419339, 1.631454576779782 ], [ 109.886370914540748, 1.621631210100378 ], [ 109.892203538506649, 1.607817100707467 ], [ 109.896465874680132, 1.589158313355199 ], [ 109.907887287508117, 1.59058598995864 ], [ 109.903604257697623, 1.574881547320217 ], [ 109.916453347128993, 1.564887811095673 ], [ 109.925019406750096, 1.564887811095673 ], [ 109.93295516121789, 1.583680781798482 ], [ 109.940723849388519, 1.583447606941149 ], [ 109.948304171654442, 1.581224940128633 ], [ 109.953906560461675, 1.569137594407315 ], [ 109.965571808393463, 1.574970218373211 ], [ 109.970483491733162, 1.562997990232688 ], [ 109.98214873966495, 1.560849128771568 ], [ 109.988595324048319, 1.564839871485076 ], [ 110.018065424086529, 1.565146851693807 ], [ 110.020521265756372, 1.576812099625599 ], [ 110.026046909513539, 1.579574921504181 ], [ 110.032493493896894, 1.568830614198584 ], [ 110.042623840785041, 1.576198139208137 ], [ 110.043237801202494, 1.584179624635152 ], [ 110.048763444959647, 1.58602150588754 ], [ 110.067787067099914, 1.579164577130655 ], [ 110.094912922566493, 1.577023062225351 ], [ 110.116328071618966, 1.579878415432404 ], [ 110.140598573878265, 1.584875283544534 ], [ 110.149164633499367, 1.566315487699114 ], [ 110.159158369723684, 1.567743164302726 ], [ 110.172281146090086, 1.567722897177134 ], [ 110.191202261811, 1.576505119416868 ], [ 110.199490727446758, 1.578960961086719 ], [ 110.220058401431757, 1.575891158999405 ], [ 110.224970084771471, 1.566067792320001 ], [ 110.214532757674604, 1.557472346475523 ], [ 110.212076916004747, 1.542737296456418 ], [ 110.221900282684146, 1.532913929777014 ], [ 110.218293265233498, 1.510772982224845 ], [ 110.211506511851951, 1.500856515428779 ], [ 110.228346867067515, 1.486866898467311 ], [ 110.233349963885644, 1.4881224332795 ] ] ] ] } },
{ "type": "Feature", "properties": { "Id": 220, "NEGERI": "SARAWAK", "KODPAR": "P.220", "PARLIMEN": "BARAM", "KODUNIK": "P.220", "BILANGAN_P": 62846, "PERATUS_EQ": 95.612 }, "geometry": { "type": "MultiPolygon", "coordinates": [ [ [ [ 115.548595633723949, 3.175402793147498 ], [ 115.552878663534329, 3.156842997301908 ], [ 115.521469778257369, 3.138283201456431 ], [ 115.502909982411893, 3.116868052403959 ], [ 115.510048365429384, 3.061188664867643 ], [ 115.498626952601512, 3.029779779590683 ], [ 115.467218067324438, 3.025496749780189 ], [ 115.440092211857973, 3.028352102987071 ], [ 115.408683326581126, 2.995515541106613 ], [ 115.362997675269185, 2.984094128278684 ], [ 115.32730576018173, 2.982666451675243 ], [ 115.317312023957129, 3.012647660348648 ], [ 115.288758491887165, 3.048339575436103 ], [ 115.267343342834693, 3.015503013555701 ], [ 115.254494253403209, 2.995372773446377 ], [ 115.24878354698933, 2.97681297760073 ], [ 115.235934457557732, 2.966819241376413 ], [ 115.218802338315754, 2.966819241376413 ], [ 115.195959512659783, 2.948259445530766 ], [ 115.151701537951453, 2.931127326288959 ], [ 115.151701537951453, 2.895435411201504 ], [ 115.144563154933962, 2.869737232338366 ], [ 115.117437299467383, 2.848322083285893 ], [ 115.103160533432401, 2.838328347061577 ], [ 115.078500394433377, 2.827206349743392 ], [ 115.098194912690161, 2.81914950136562 ], [ 115.074566677254467, 2.80427246423944 ], [ 115.058512921984288, 2.802935847483923 ], [ 115.056723452621966, 2.791609530629282 ], [ 115.0599405985879, 2.775096153715822 ], [ 115.060867685439831, 2.762599900904193 ], [ 115.036923229158802, 2.74095779618865 ], [ 115.017583476008738, 2.717473810220721 ], [ 115.006532188494418, 2.710106285211174 ], [ 114.992718079101522, 2.693068883626598 ], [ 114.971075974385982, 2.674189600789636 ], [ 114.949433869670443, 2.663598783588413 ], [ 114.938382582156123, 2.665440664840799 ], [ 114.910754363370316, 2.667743016406283 ], [ 114.905228719613163, 2.675110541415829 ], [ 114.896940253977419, 2.677412892981312 ], [ 114.887270377402388, 2.684780417990859 ], [ 114.877600500827356, 2.689845591434922 ], [ 114.86424686174756, 2.691687472687309 ], [ 114.855497925798716, 2.693989824252792 ], [ 114.860563099242782, 2.683399007051569 ], [ 114.841683816405819, 2.679254774233699 ], [ 114.826488296073634, 2.676031482042023 ], [ 114.818660300750992, 2.67096630859796 ], [ 114.80899042417596, 2.674189600789636 ], [ 114.793794903843775, 2.665901135153896 ], [ 114.782743616329455, 2.6654406648408 ], [ 114.761561981927002, 2.674650071102733 ], [ 114.740380347524564, 2.681096655486086 ], [ 114.718277772495924, 2.689385121121826 ], [ 114.703542722476826, 2.699054997696855 ], [ 114.68788673183154, 2.694910764878986 ], [ 114.684663439639863, 2.703199230514725 ], [ 114.657495691167156, 2.721157572725495 ], [ 114.64598393333975, 2.721157572725495 ], [ 114.64368158177426, 2.726222746169558 ], [ 114.655423574758316, 2.731057684457047 ], [ 114.655884045071417, 2.740727561032077 ], [ 114.664632981020247, 2.74026709071898 ], [ 114.668316743525025, 2.750397437607107 ], [ 114.666935332585737, 2.761448725121427 ], [ 114.677526149786956, 2.771579072009553 ], [ 114.668777213838126, 2.780788478271486 ], [ 114.677065679473856, 2.797365409542966 ], [ 114.667927706767216, 2.813344881521879 ], [ 114.658186396636893, 2.811179518935865 ], [ 114.644372287243996, 2.818547043945412 ], [ 114.629176766911812, 2.821770336137088 ], [ 114.627334885659423, 2.842951970539534 ], [ 114.616283598145102, 2.85722655024553 ], [ 114.595792669212315, 2.857456785402079 ], [ 114.581978559819419, 2.856535844775886 ], [ 114.574380799653312, 2.85308231742766 ], [ 114.563329512138992, 2.860910312750304 ], [ 114.546752580867519, 2.852852082271113 ], [ 114.51545184551361, 2.88644192362093 ], [ 114.503007901123311, 2.901431700302811 ], [ 114.498319726271518, 2.916423132294335 ], [ 114.505770723001888, 2.929520389401706 ], [ 114.486891440164925, 2.944715909733896 ], [ 114.462486513570809, 2.946557790986283 ], [ 114.450514285430302, 2.94011120660293 ], [ 114.429791249303719, 2.96496413681333 ], [ 114.434858294785002, 2.984776826973305 ], [ 114.412755719756376, 3.002735169184074 ], [ 114.404237018963997, 3.041184440327671 ], [ 114.375227389238901, 3.069273129426565 ], [ 114.355657400932415, 3.062826545043186 ], [ 114.337821772538405, 3.067341554451787 ], [ 114.326400359710533, 3.087329026900818 ], [ 114.327568711833507, 3.098743229464724 ], [ 114.317438364945374, 3.108873576352852 ], [ 114.289647613839875, 3.123851537615009 ], [ 114.264023808626177, 3.159525310793482 ], [ 114.271391333635719, 3.170576598307802 ], [ 114.29625673054295, 3.163669543611352 ], [ 114.322503538389455, 3.138804146704134 ], [ 114.326187300894233, 3.152157785783936 ], [ 114.333094355590674, 3.163209073298257 ], [ 114.334936236843063, 3.180246474882833 ], [ 114.32533952892733, 3.193807691186477 ], [ 114.316059631004478, 3.211653648730203 ], [ 114.299019552421527, 3.231358679636561 ], [ 114.28607842233113, 3.251628593628097 ], [ 114.268628511757157, 3.280629003137904 ], [ 114.25205158048567, 3.294443112530804 ], [ 114.236856060153485, 3.30319204847964 ], [ 114.222351245290824, 3.328057445386885 ], [ 114.207903201620184, 3.337172432513 ], [ 114.204162667923597, 3.348548374319658 ], [ 114.184132209303897, 3.343943671188692 ], [ 114.179987976486018, 3.337727321961887 ], [ 114.175843743668153, 3.321841096160052 ], [ 114.159266812396666, 3.314243335993958 ], [ 114.146281779348698, 3.302495082544677 ], [ 114.144301527221032, 3.293522171904609 ], [ 114.120126835783452, 3.295364053156995 ], [ 114.10147778810304, 3.295364053156995 ], [ 114.088584619336331, 3.289377939086739 ], [ 114.084210151361916, 3.297205934409382 ], [ 114.078224037291662, 3.299047815661769 ], [ 114.060035459924336, 3.281089473450999 ], [ 114.049444642723117, 3.289377939086739 ], [ 114.056812167732659, 3.304573459418929 ], [ 114.065100633368402, 3.322992271942795 ], [ 114.057042402889209, 3.345555317284531 ], [ 114.078684507604763, 3.36075083761672 ], [ 114.077753302380785, 3.371023559512533 ], [ 114.07730309666546, 3.378248709514393 ], [ 114.059574989611264, 3.379630120453684 ], [ 114.05128652397552, 3.385385999367392 ], [ 114.037472414582624, 3.38285341264536 ], [ 114.036321238799886, 3.371111419661395 ], [ 114.025039716129015, 3.361902013399463 ], [ 114.016060545023635, 3.369039303252461 ], [ 114.002086442395381, 3.362457499891657 ], [ 114.005009257509315, 3.378018474357845 ], [ 113.992092706170894, 3.378161942530024 ], [ 113.972315865279455, 3.401272225169226 ], [ 113.996951027030136, 3.423835270510962 ], [ 114.018132661432574, 3.433965617399088 ], [ 114.00339761141349, 3.453305370549148 ], [ 114.018132661432574, 3.466198539315854 ], [ 114.015369839553998, 3.477249826830174 ], [ 114.01168607704922, 3.49152440653617 ], [ 114.007541844231355, 3.503036164363586 ], [ 113.989583502020579, 3.509022278433843 ], [ 113.973927511375209, 3.536190026906574 ], [ 113.965198179025492, 3.553893740924082 ], [ 113.975308922314582, 3.550464606612543 ], [ 113.975999627784219, 3.567271773040571 ], [ 113.975308922314568, 3.583157998842406 ], [ 113.991425383272954, 3.591216229321597 ], [ 114.004779022352764, 3.584539409781696 ], [ 114.001555730161087, 3.596741873078757 ], [ 114.004318552039663, 3.605721044184142 ], [ 113.99833243796941, 3.622067740299073 ], [ 114.023428070033177, 3.622988680925266 ], [ 114.048984172410044, 3.614930450446075 ], [ 114.033459633307459, 3.629959262350309 ], [ 114.016981485649822, 3.650616899711066 ], [ 113.989123031707493, 3.654530897372387 ], [ 114.000634789534914, 3.661668187225386 ], [ 114.016981485649836, 3.660056541129546 ], [ 114.027111832537969, 3.672489239583157 ], [ 114.039084060678476, 3.668805477078383 ], [ 114.044149234122457, 3.685612643506437 ], [ 114.038163120052204, 3.690447581793951 ], [ 114.027572302850984, 3.698505812273143 ], [ 114.025960656755146, 3.701959339621368 ], [ 114.026190891911682, 3.706333807595786 ], [ 114.024809480972394, 3.709787334944011 ], [ 114.02503971612893, 3.732580615442295 ], [ 114.030104889572996, 3.739027199825648 ], [ 114.038903966565044, 3.745599974069137 ], [ 114.042422470448329, 3.748754635189815 ], [ 114.038968943100116, 3.762338509426167 ], [ 114.04288294076143, 3.775001443036325 ], [ 114.048408584518597, 3.791117903994707 ], [ 114.043573646231081, 3.801018015726286 ], [ 114.048869054831684, 3.809076246205477 ], [ 114.051479417980886, 3.820231768517033 ], [ 114.05393422827575, 3.824962472007312 ], [ 114.052552817336462, 3.833941643112697 ], [ 114.05647628609313, 3.840219240966121 ], [ 114.049329525144785, 3.842230108748436 ], [ 114.053243522806113, 3.855123277515143 ], [ 114.050250465770972, 3.857195393924078 ], [ 114.059229636876367, 3.867095505655656 ], [ 114.056581932576037, 3.87256359062368 ], [ 114.041485681756626, 3.859492875113233 ], [ 114.038163120052161, 3.868879828118907 ], [ 114.033328181764645, 3.862203008579006 ], [ 114.01767219111936, 3.869800768745101 ], [ 114.013988428614581, 3.882003232042162 ], [ 113.991978564111548, 3.882220036608627 ], [ 113.986820680141889, 3.885226524233838 ], [ 113.984518328576399, 3.89328475471303 ], [ 113.983136917637111, 3.903415101601156 ], [ 113.97724023459898, 3.904464688123539 ], [ 113.984288093419863, 3.9112430969238 ], [ 113.986590444985353, 3.914926859428573 ], [ 113.986590444985353, 3.920452503185733 ], [ 113.985669504359166, 3.9250572063167 ], [ 113.988432326237742, 3.92782002819528 ], [ 113.991655618429419, 3.931503790700053 ], [ 113.992116088742506, 3.935187553204826 ], [ 113.98935326686393, 3.944396959466759 ], [ 113.992116088742506, 3.949462132910822 ], [ 113.999023143438961, 3.956369187607272 ], [ 114.005469727822316, 3.958211068859658 ], [ 114.012376782518771, 3.960052950112045 ], [ 114.020665248154501, 3.956829657920368 ], [ 114.021586188780702, 3.963736712616818 ], [ 114.01652101533665, 3.97507579407682 ], [ 114.015139604397348, 3.983997406393071 ], [ 114.015287952167938, 3.984491898961684 ], [ 114.008577902435732, 3.989350373782817 ], [ 113.998792908282439, 3.991998078083122 ], [ 113.997181262186601, 3.998674897623023 ], [ 113.99902314343899, 4.003509835910538 ], [ 113.997987085234527, 4.037354403923142 ], [ 113.995799851247313, 4.04195910705411 ], [ 114.002937141100304, 4.049787102376753 ], [ 113.996260321560413, 4.067515209430974 ], [ 114.012722135253696, 4.064579711184956 ], [ 113.989123031707422, 4.072810618031586 ], [ 113.988892796550871, 4.083171200076261 ], [ 113.986590444985396, 4.089157314146518 ], [ 113.98164038911959, 4.089157314146519 ], [ 113.976344980518988, 4.091805018446824 ], [ 113.974157746531773, 4.094337605168856 ], [ 113.96840186761807, 4.096064368842969 ], [ 113.965293693004668, 4.096524839156065 ], [ 113.968286750039795, 4.101820247756677 ], [ 113.968056514883244, 4.107576126670384 ], [ 113.985899739515759, 4.126570527085621 ], [ 113.99303702936875, 4.137161344286844 ], [ 113.999713848908655, 4.139924166165424 ], [ 114.013067487988465, 4.154659216184518 ], [ 114.016290780180128, 4.162947681820257 ], [ 114.018823366902154, 4.169854736516707 ], [ 114.022046659093832, 4.179985083404834 ], [ 114.029183948946823, 4.182747905283414 ], [ 114.031486300512313, 4.187007255679558 ], [ 114.040005001304607, 4.19149684123225 ], [ 114.043343411074545, 4.196446897098039 ], [ 114.048753937253437, 4.199670189289716 ], [ 114.053358640384403, 4.201281835385554 ], [ 114.055430756793371, 4.217973884235308 ], [ 114.057042402889209, 4.222808822522822 ], [ 114.056927285310948, 4.231212405736836 ], [ 114.061416870863638, 4.233975227615416 ], [ 114.063028516959477, 4.240306694420495 ], [ 114.064870398211838, 4.249631218260699 ], [ 114.065791338838025, 4.254466156548214 ], [ 114.070626277125541, 4.253314980765473 ], [ 114.073849569317218, 4.262524387027406 ], [ 114.078914742761299, 4.274266380011369 ], [ 114.090886970901806, 4.278180377672691 ], [ 114.097563790441711, 4.291073546439397 ], [ 114.102859199042328, 4.325378584765098 ], [ 114.117594249061412, 4.325839055078195 ], [ 114.153280698326412, 4.320313411321035 ], [ 114.1542016389526, 4.33343681524429 ], [ 114.17883680070328, 4.333897285557386 ], [ 114.180448446799119, 4.34448810275861 ], [ 114.199097494479531, 4.3458695136979 ], [ 114.212451133559327, 4.357611506681864 ], [ 114.206465019489073, 4.381786198119438 ], [ 114.216365131220655, 4.374879143422989 ], [ 114.225804772639137, 4.383167609058728 ], [ 114.217803742288538, 4.390818586178455 ], [ 114.206925489802174, 4.399284070017111 ], [ 114.211855089773962, 4.418182387745503 ], [ 114.205544078862886, 4.425300642707071 ], [ 114.208767371054563, 4.433358873186262 ], [ 114.195874202287854, 4.434510048969004 ], [ 114.188060479715659, 4.446735919815467 ], [ 114.188060479715659, 4.464581877359194 ], [ 114.174001862415764, 4.475952377147704 ], [ 114.164265869657356, 4.477668912891261 ], [ 114.160696678148611, 4.515740288984546 ], [ 114.163641280371081, 4.540418220981235 ], [ 114.181599622581857, 4.551469508495555 ], [ 114.183892551150166, 4.547237224680259 ], [ 114.19930839017843, 4.543626580530713 ], [ 114.213585156213412, 4.526494461288848 ], [ 114.229289598852006, 4.530777491099343 ], [ 114.252132424507863, 4.522211431478411 ], [ 114.272119896956951, 4.503651635632764 ], [ 114.293535046009424, 4.466532043941925 ], [ 114.30495645883741, 4.43655083526852 ], [ 114.316377871665281, 4.419418716026485 ], [ 114.322088578079388, 4.392292860559962 ], [ 114.312094841854901, 4.360883975282945 ], [ 114.330654637700263, 4.35231791566207 ], [ 114.334937667510758, 4.346607209247964 ], [ 114.330654637700263, 4.320909030385053 ], [ 114.322088578079388, 4.29949388133258 ], [ 114.314950195061897, 4.262374289641684 ], [ 114.330654637700263, 4.253808230020582 ], [ 114.342073526696026, 4.254696391704751 ], [ 114.363324748581817, 4.257390132880971 ], [ 114.372831937237265, 4.264796952340248 ], [ 114.424230178095399, 4.25887219190281 ], [ 114.427498274252002, 4.266575190219839 ], [ 114.447701051716763, 4.280796069224721 ], [ 114.455425642387013, 4.273685871311272 ], [ 114.456513012614323, 4.253304386487855 ], [ 114.450571019929157, 4.241453370645957 ], [ 114.45591881388475, 4.233750218389446 ], [ 114.468991198510594, 4.203529319291874 ], [ 114.487411377091917, 4.162047727907122 ], [ 114.504048958586509, 4.138935668688873 ], [ 114.518309742468091, 4.144269493272304 ], [ 114.540295117019696, 4.128861305805003 ], [ 114.546237109704862, 4.111082023342021 ], [ 114.541483515377081, 4.100414164285098 ], [ 114.555744299258663, 4.093895045939689 ], [ 114.550990704930882, 4.08105381870314 ], [ 114.565251487913997, 4.081053985282779 ], [ 114.589019461349267, 4.045018848768905 ], [ 114.60898455806489, 4.049760676548601 ], [ 114.627048217767879, 4.028897659689619 ], [ 114.600428087915589, 4.006136845978688 ], [ 114.621343904035598, 4.00329198176604 ], [ 114.653668346721588, 4.00518909951586 ], [ 114.687894227318679, 4.020363257504812 ], [ 114.720218670903023, 4.048813660122619 ], [ 114.744937361946199, 4.081056084187651 ], [ 114.770606773292116, 4.112348967179685 ], [ 114.795325464335292, 4.133210286449241 ], [ 114.793031712377115, 4.156113075985786 ], [ 114.805076426514688, 4.159839507206836 ], [ 114.816127714029008, 4.157076685328256 ], [ 114.819052889336263, 4.164068841069991 ], [ 114.829020882795717, 4.162602329085416 ], [ 114.833165115613582, 4.152932452510387 ], [ 114.872765562539897, 4.144643986874647 ], [ 114.882435439114928, 4.142341635309164 ], [ 114.895328607881623, 4.148788219692517 ], [ 114.905458954769756, 4.141881164996067 ], [ 114.920194004788854, 4.140039283743681 ], [ 114.926640589172194, 4.145564927500841 ], [ 114.937550047426498, 4.132659955793031 ], [ 114.944138461069883, 4.125304233724589 ], [ 114.951045515766339, 4.125304233724589 ], [ 114.956110689210405, 4.121160000906719 ], [ 114.971766679855691, 4.119318119654332 ], [ 114.991566903318841, 4.102741188382852 ], [ 114.997512464773536, 4.119810866361433 ], [ 115.008604304903429, 4.118397179028138 ], [ 115.020576533043936, 4.128067055603168 ], [ 115.048204751829743, 4.116094827462654 ], [ 115.061097920596438, 4.123001882159104 ], [ 115.086423787816756, 4.111490124331688 ], [ 115.114512476915664, 4.082480494606599 ], [ 115.12602423474307, 4.079257202414922 ], [ 115.126945175369272, 4.06590356333512 ], [ 115.13293128943954, 4.049787102376738 ], [ 115.142601166014558, 4.05070804300293 ], [ 115.162401389477722, 4.035512522670741 ], [ 115.161019978538434, 4.017093710146875 ], [ 115.184503964506362, 4.012489007015908 ], [ 115.177596909809907, 3.996833016370622 ], [ 115.167466562921788, 3.988084080421785 ], [ 115.17483408793133, 3.983018906977723 ], [ 115.177596909809907, 3.96137680226218 ], [ 115.20167021907389, 3.934212907906669 ], [ 115.224334646589256, 3.912797184230483 ], [ 115.2330835825381, 3.910494832665 ], [ 115.236306874729763, 3.89944354515068 ], [ 115.244825575522057, 3.899904015463776 ], [ 115.258179214601867, 3.886320141227425 ], [ 115.260711801323893, 3.881715438096458 ], [ 115.259790860697706, 3.871124620895236 ], [ 115.267388620863798, 3.85132439743208 ], [ 115.263244388045919, 3.845338283361824 ], [ 115.266237445081046, 3.835207936473697 ], [ 115.273835205247138, 3.839812639604664 ], [ 115.279130613847755, 3.829682292716537 ], [ 115.286498138857297, 3.83198464428202 ], [ 115.297779661528168, 3.826919470837957 ], [ 115.308830949042488, 3.827840411464151 ], [ 115.318040355304419, 3.825077589585571 ], [ 115.322875293591935, 3.827840411464151 ], [ 115.331393994384229, 3.819551945828411 ], [ 115.331624229540779, 3.807349482531349 ], [ 115.320342706869909, 3.797909841112868 ], [ 115.318500825617519, 3.785477142659258 ], [ 115.337380108454482, 3.787779494224742 ], [ 115.348661631125367, 3.783174791093776 ], [ 115.358561742856949, 3.785937612972355 ], [ 115.370994441310557, 3.782944555937227 ], [ 115.373527028032584, 3.788930670007484 ], [ 115.382506199137964, 3.787088788755097 ], [ 115.403457598383866, 3.80182383877419 ], [ 115.431085817169674, 3.805737836435512 ], [ 115.443518515623282, 3.807119247374802 ], [ 115.448123218754247, 3.789160905164031 ], [ 115.460095446894755, 3.787779494224741 ], [ 115.495091190690104, 3.826919470837957 ], [ 115.494170250063902, 3.83889169897847 ], [ 115.505682007891323, 3.855929100563046 ], [ 115.516733295405643, 3.869282739642849 ], [ 115.513510003213966, 3.878952616217879 ], [ 115.498314482881781, 3.891385314671489 ], [ 115.515812354779456, 3.906120364690581 ], [ 115.51949611728422, 3.916711181891805 ], [ 115.54390104387835, 3.920855414709674 ], [ 115.565727752965927, 3.912797758854197 ], [ 115.582859872207791, 3.888527256594898 ], [ 115.617124110691748, 3.879961196973795 ], [ 115.619979463898858, 3.839986252075903 ], [ 115.59999199144977, 3.814288073212936 ], [ 115.5871429020184, 3.767174745297552 ], [ 115.581432195604293, 3.707212327950572 ], [ 115.567155429569311, 3.662954353242014 ], [ 115.5757214891903, 3.612985672119578 ], [ 115.59999199144977, 3.577293757032123 ], [ 115.60713037446726, 3.550167901565771 ], [ 115.601419668053381, 3.521614369495808 ], [ 115.614268757484751, 3.498057705538031 ], [ 115.63140087672673, 3.470931850071509 ], [ 115.644249966158327, 3.445233671208541 ], [ 115.628545523519733, 3.410969432724698 ], [ 115.619979463898858, 3.405258726310649 ], [ 115.608558051070872, 3.439522964794662 ], [ 115.585715225414788, 3.450944377622648 ], [ 115.557161693344824, 3.419535492345631 ], [ 115.548595633723949, 3.390981960275667 ], [ 115.540029574102846, 3.365283781412757 ], [ 115.544312603913454, 3.341013279153231 ], [ 115.524325131464366, 3.312459747083267 ], [ 115.522897454860981, 3.251069653132902 ], [ 115.514331395239878, 3.223943797666323 ], [ 115.507193012222388, 3.205384001820903 ], [ 115.521469778257369, 3.186824205975483 ], [ 115.544937102082784, 3.176850506323746 ], [ 115.548595633723949, 3.175402793147498 ] ] ] ] } },
{ "type": "Feature", "properties": { "Id": 197, "NEGERI": "SARAWAK", "KODPAR": "P.197", "PARLIMEN": "KOTA SAMARAHAN", "KODUNIK": "P.197", "BILANGAN_P": 97140, "PERATUS_EQ": 147.785 }, "geometry": { "type": "MultiPolygon", "coordinates": [ [ [ [ 110.510308188787192, 1.485331997423653 ], [ 110.516217557806854, 1.477005159264425 ], [ 110.525119983860051, 1.4757772384295 ], [ 110.520822260937834, 1.454288623818323 ], [ 110.53272108097508, 1.468304596571443 ], [ 110.541389934922805, 1.464418970706451 ], [ 110.555818004733183, 1.458279366531828 ], [ 110.587436966232474, 1.45582352486198 ], [ 110.623046670445277, 1.456130505070711 ], [ 110.623121761796881, 1.451301860521596 ], [ 110.620266408590055, 1.441308124297052 ], [ 110.621694085193496, 1.42703135826207 ], [ 110.622125729819075, 1.411925355013434 ], [ 110.621204789192888, 1.406706691465003 ], [ 110.610272672365511, 1.404188532606213 ], [ 110.607390679799991, 1.394427483115759 ], [ 110.594804491242016, 1.399032186246725 ], [ 110.574236817257031, 1.406399711256272 ], [ 110.56195760890779, 1.403636889377692 ], [ 110.553165608225584, 1.397050149588722 ], [ 110.553165608225584, 1.389911766571231 ], [ 110.551520281810923, 1.377543571635548 ], [ 110.541389934922805, 1.37232490808712 ], [ 110.54906444014108, 1.356975897650564 ], [ 110.536033488983605, 1.354219851483776 ], [ 110.554593284829025, 1.3356600556383 ], [ 110.560303991243075, 1.318527936396322 ], [ 110.572439242372923, 1.318527936396322 ], [ 110.5845744935026, 1.318527936396322 ], [ 110.589125357380595, 1.295733346008707 ], [ 110.592855017802776, 1.285976909836393 ], [ 110.581433604974848, 1.276459065813071 ], [ 110.578620878362528, 1.26969758705568 ], [ 110.585527933058984, 1.263251002672327 ], [ 110.565267239282718, 1.258876534697908 ], [ 110.561813711934505, 1.254732301880038 ], [ 110.535797139244536, 1.256574183132425 ], [ 110.527181894041973, 1.248857318145554 ], [ 110.518299267346862, 1.249667128435975 ], [ 110.504945628267066, 1.227334318250787 ], [ 110.497676577569564, 1.229821630098911 ], [ 110.475785536315925, 1.248857318145554 ], [ 110.459605201476279, 1.258375162168875 ], [ 110.457701632671672, 1.273603712606246 ], [ 110.442473082234301, 1.286928694238838 ], [ 110.443933311781763, 1.293642043336706 ], [ 110.446280219843743, 1.304060813480817 ], [ 110.456711362970182, 1.314132972269507 ], [ 110.455798063867064, 1.32214471712507 ], [ 110.461776536414249, 1.32748661134931 ], [ 110.471216177832744, 1.333933195732663 ], [ 110.460395125474946, 1.335314606671953 ], [ 110.463647197060013, 1.340130358693717 ], [ 110.46426115747748, 1.347804863912001 ], [ 110.467944919982259, 1.35885615142633 ], [ 110.460855595788061, 1.365245177023235 ], [ 110.450264778586828, 1.371231291093492 ], [ 110.444646101203318, 1.379047940772239 ], [ 110.434652364978774, 1.371909557754748 ], [ 110.426086305357899, 1.370481881151136 ], [ 110.435405017856723, 1.38203315718555 ], [ 110.424046750133655, 1.387865781151445 ], [ 110.419135066793956, 1.384795979064132 ], [ 110.39580457093038, 1.404442712422939 ], [ 110.390278927173171, 1.400451969709429 ], [ 110.387516105294594, 1.409354395762638 ], [ 110.376117624235462, 1.406173796238591 ], [ 110.358985504993427, 1.390469353600224 ], [ 110.338998032544396, 1.391897030203609 ], [ 110.333287326130517, 1.38047561737568 ], [ 110.32757661971641, 1.383330970582733 ], [ 110.31472753028504, 1.387614000393171 ], [ 110.321424943657405, 1.396064160434548 ], [ 110.31476245284108, 1.40558200445787 ], [ 110.312858884036473, 1.417003417285798 ], [ 110.322376728059794, 1.421762339297459 ], [ 110.332846356485334, 1.40558200445787 ], [ 110.343315984911044, 1.406533788860088 ], [ 110.343315984911044, 1.421762339297459 ], [ 110.337605278496994, 1.428424830113784 ], [ 110.329039218876062, 1.448412302562815 ], [ 110.315714237243299, 1.449364086965033 ], [ 110.308099962024812, 1.459833715390744 ], [ 110.319521374852741, 1.464592637402404 ], [ 110.327135650071455, 1.459833715390744 ], [ 110.335701709692387, 1.455074793379083 ], [ 110.348270604235907, 1.44956880310906 ], [ 110.357592750946026, 1.464592637402404 ], [ 110.369014163774011, 1.469351559414065 ], [ 110.385712596569618, 1.477657492207952 ], [ 110.386173066882719, 1.486406428156789 ], [ 110.392159180952973, 1.491932071913949 ], [ 110.396994119240489, 1.498839126610398 ], [ 110.392309762773763, 1.505136445303813 ], [ 110.399152573833149, 1.510235766859544 ], [ 110.387065228114324, 1.524625464143814 ], [ 110.391554813667014, 1.529690637587877 ], [ 110.38142446677891, 1.532683694623006 ], [ 110.379467467948245, 1.535906986814682 ], [ 110.37739535153932, 1.540166337210826 ], [ 110.38142446677891, 1.54166286572839 ], [ 110.386604757801251, 1.540857042680471 ], [ 110.388791991788452, 1.543504746980777 ], [ 110.396504869532819, 1.546497804015905 ], [ 110.403642159385825, 1.552483918086162 ], [ 110.395238576171806, 1.559275855204337 ], [ 110.395008341015256, 1.563650323178756 ], [ 110.40145492539861, 1.564916616539771 ], [ 110.405388960375433, 1.566688269923418 ], [ 110.406340744777879, 1.571447191935079 ], [ 110.407292529180097, 1.576206113946739 ], [ 110.407292529180097, 1.584772173567615 ], [ 110.400970591718931, 1.590393944955963 ], [ 110.39986067930522, 1.597066055431071 ], [ 110.401790685000648, 1.600296085593548 ], [ 110.411614051680061, 1.600756555906645 ], [ 110.413609423036817, 1.604747298620153 ], [ 110.410079150636406, 1.609505491855489 ], [ 110.406244894207873, 1.610957463303464 ], [ 110.405167467296693, 1.614417175195191 ], [ 110.406702368340362, 1.618100937699967 ], [ 110.413240509564901, 1.618333792421481 ], [ 110.419427108180173, 1.619523522924396 ], [ 110.420086097854778, 1.633947701021441 ], [ 110.411757984334372, 1.638706623033102 ], [ 110.402240140311051, 1.649414197559338 ], [ 110.39748121829939, 1.649414197559338 ], [ 110.386773643773154, 1.661311502588489 ], [ 110.374876338744002, 1.667260155103065 ], [ 110.372496877738172, 1.677967729629302 ], [ 110.371307147235257, 1.693434226167199 ], [ 110.371307147235257, 1.70295207019052 ], [ 110.371930405198498, 1.706753186717663 ], [ 110.375605480943932, 1.703499620534444 ], [ 110.398868069386651, 1.694780280801353 ], [ 110.398868069386651, 1.689451608125808 ], [ 110.417768923002029, 1.687998553033935 ], [ 110.42261529533215, 1.681926857231815 ], [ 110.442970060556604, 1.709765041143783 ], [ 110.436669775718769, 1.717031256150904 ], [ 110.443939334663241, 1.719937849017754 ], [ 110.442970060556604, 1.731079409130302 ], [ 110.450724257003685, 1.735923640961801 ], [ 110.455570629333977, 1.734470456582756 ], [ 110.460901639166821, 1.738830238953085 ], [ 110.463612792828201, 1.73792697038806 ], [ 110.473986845446575, 1.734470672149882 ], [ 110.476894668665068, 1.727688900205294 ], [ 110.491918424056848, 1.73011115203019 ], [ 110.499615616206256, 1.733250540331539 ], [ 110.500157258006311, 1.741252760155362 ], [ 110.494409481253797, 1.753221624631749 ], [ 110.501611169615558, 1.757722715067587 ], [ 110.508396091057648, 1.747065792511307 ], [ 110.525843033063609, 1.725751809987116 ], [ 110.503549718727356, 1.714125525923293 ], [ 110.491768807849553, 1.67245668378564 ], [ 110.479802492782028, 1.666651585279737 ], [ 110.479317855279476, 1.658900666513205 ], [ 110.481829612187539, 1.654844551445592 ], [ 110.493877121482058, 1.653790977419135 ], [ 110.499453988530036, 1.650384081518439 ], [ 110.506832863461568, 1.642305880024765 ], [ 110.514211738392873, 1.63422767853109 ], [ 110.516747735448291, 1.626650687270342 ], [ 110.519287359894179, 1.612690411523572 ], [ 110.509463993214794, 1.604708926096563 ], [ 110.503631369248893, 1.595806500043361 ], [ 110.500254586952849, 1.587518034407621 ], [ 110.499615616206256, 1.578109682751347 ], [ 110.502710428622706, 1.573703925014722 ], [ 110.495342903613164, 1.569099221883755 ], [ 110.488282358812341, 1.556206053117049 ], [ 110.478919462446029, 1.546996646855116 ], [ 110.471858917645207, 1.537940730697549 ], [ 110.473554744189173, 1.530646474924254 ], [ 110.47751758563976, 1.528742906119589 ], [ 110.486363732506149, 1.525546404767462 ], [ 110.491889376263302, 1.533527890194477 ], [ 110.494649704881795, 1.546826809763843 ], [ 110.502263980100508, 1.547778594166232 ], [ 110.508159327326069, 1.544272197500075 ], [ 110.502326703360168, 1.530765068315895 ], [ 110.49810572549174, 1.520596348904241 ], [ 110.512226815093371, 1.52028936869551 ], [ 110.52225145254954, 1.517321493291661 ], [ 110.5222804169277, 1.516336998505521 ], [ 110.516831518224336, 1.506475259302611 ], [ 110.496877804656819, 1.508931100972459 ], [ 110.496553273686402, 1.499237589647237 ], [ 110.506071117709723, 1.492575098830969 ], [ 110.510308188787192, 1.485331997423653 ] ] ] ] } },
{ "type": "Feature", "properties": { "Id": 198, "NEGERI": "SARAWAK", "KODPAR": "P.198", "PARLIMEN": "PUNCAK BORNEO", "KODUNIK": "P.198", "BILANGAN_P": 72665, "PERATUS_EQ": 110.55 }, "geometry": { "type": "MultiPolygon", "coordinates": [ [ [ [ 110.466716999147252, 1.113118494336873 ], [ 110.461191355390085, 1.116495276632918 ], [ 110.455972691841652, 1.120179039137694 ], [ 110.451367988710672, 1.127853544355978 ], [ 110.449526107458283, 1.136448990200456 ], [ 110.446456305370972, 1.143202554792546 ], [ 110.440623681405086, 1.143509535001278 ], [ 110.436939918900308, 1.13951879228777 ], [ 110.431721255351874, 1.136755970409188 ], [ 110.429572393890751, 1.136755970409188 ], [ 110.423432789716131, 1.145658396462397 ], [ 110.417600165750287, 1.147193297506054 ], [ 110.407257059348012, 1.143209249486574 ], [ 110.393932077715476, 1.138450327474914 ], [ 110.378954443021598, 1.132605396862816 ], [ 110.370325213605724, 1.139825772496502 ], [ 110.370018233396991, 1.143202554792547 ], [ 110.368176352144616, 1.149649139175906 ], [ 110.354055262542971, 1.166840030864862 ], [ 110.347915658368336, 1.172672654830758 ], [ 110.340855113567514, 1.177891318379191 ], [ 110.326120063548416, 1.192933348607028 ], [ 110.32182234062617, 1.196003150694342 ], [ 110.310464072903116, 1.189863546519714 ], [ 110.309543132276914, 1.193547309024491 ], [ 110.307087290607072, 1.201221814242775 ], [ 110.3018784408535, 1.203443718542019 ], [ 110.289029351421959, 1.21058210155951 ], [ 110.267614202369487, 1.212009778162951 ], [ 110.263331172558992, 1.202016041938407 ], [ 110.256192789541501, 1.187739275903425 ], [ 110.250482083127622, 1.180600892885934 ], [ 110.252645881031015, 1.173388233207961 ], [ 110.251830853035401, 1.172826144935124 ], [ 110.246612189486967, 1.169449362639079 ], [ 110.246612189486967, 1.167607481386691 ], [ 110.244770308234578, 1.164537679299378 ], [ 110.240472585312332, 1.161774857420795 ], [ 110.235560901972633, 1.159932976168407 ], [ 110.232184119676589, 1.157170154289825 ], [ 110.230035258215466, 1.152872431367586 ], [ 110.228807337380545, 1.149802629280272 ], [ 110.222974713414644, 1.149188668862809 ], [ 110.219904911327333, 1.145811886566764 ], [ 110.218983970701146, 1.141821143853257 ], [ 110.222053772788456, 1.135067579261167 ], [ 110.220211891536067, 1.133839658426241 ], [ 110.213151346735245, 1.129848915712733 ], [ 110.205950297220184, 1.120919614314063 ], [ 110.199085725401574, 1.123493828746007 ], [ 110.196230372194577, 1.136342918177547 ], [ 110.201941078608627, 1.150619684212529 ], [ 110.196230372194577, 1.167751803454564 ], [ 110.190519665780698, 1.179173216282493 ], [ 110.180525929556154, 1.184883922696372 ], [ 110.169104516728225, 1.190594629110478 ], [ 110.15197239748619, 1.201159435976251 ], [ 110.160538457107123, 1.209725495597354 ], [ 110.169104516728225, 1.226857614839162 ], [ 110.186597558680035, 1.25693872212752 ], [ 110.183834736801444, 1.269217930476775 ], [ 110.19427206389831, 1.274129613816476 ], [ 110.194802695591136, 1.281109325772263 ], [ 110.190519665780698, 1.298241445014071 ], [ 110.194802695591136, 1.301096798221124 ], [ 110.203368755212068, 1.312518211049053 ], [ 110.220500874454046, 1.315373564256106 ], [ 110.221928551057658, 1.332505683498084 ], [ 110.221928551057658, 1.345354772929682 ], [ 110.230494610678591, 1.358203862361052 ], [ 110.239060670299523, 1.382474364620521 ], [ 110.243343700110131, 1.392468100845065 ], [ 110.267614202369487, 1.403889513672993 ], [ 110.278691621299458, 1.392316994178051 ], [ 110.299023087646447, 1.384758647186118 ], [ 110.31472753028504, 1.387614000393171 ], [ 110.32757661971641, 1.383330970582733 ], [ 110.333287326130517, 1.38047561737568 ], [ 110.338998032544396, 1.391897030203609 ], [ 110.358985504993427, 1.390469353600224 ], [ 110.376117624235462, 1.406173796238591 ], [ 110.387516105294594, 1.409354395762638 ], [ 110.390278927173171, 1.400451969709429 ], [ 110.39580457093038, 1.404442712422939 ], [ 110.419135066793956, 1.384795979064132 ], [ 110.424046750133655, 1.387865781151445 ], [ 110.435405017856723, 1.38203315718555 ], [ 110.426086305357899, 1.370481881151136 ], [ 110.434652364978774, 1.371909557754748 ], [ 110.444646101203318, 1.379047940772239 ], [ 110.450264778586828, 1.371231291093492 ], [ 110.460855595788061, 1.365245177023235 ], [ 110.467944919982259, 1.35885615142633 ], [ 110.46426115747748, 1.347804863912001 ], [ 110.463647197060013, 1.340130358693717 ], [ 110.460395125474946, 1.335314606671953 ], [ 110.471216177832744, 1.333933195732663 ], [ 110.461776536414249, 1.32748661134931 ], [ 110.455798063867064, 1.32214471712507 ], [ 110.456711362970182, 1.314132972269507 ], [ 110.446280219843743, 1.304060813480817 ], [ 110.443933311781763, 1.293642043336706 ], [ 110.442473082234301, 1.286928694238838 ], [ 110.457701632671672, 1.273603712606246 ], [ 110.459605201476279, 1.258375162168875 ], [ 110.475785536315925, 1.248857318145554 ], [ 110.497676577569564, 1.229821630098911 ], [ 110.504945628267066, 1.227334318250787 ], [ 110.518299267346862, 1.249667128435975 ], [ 110.527181894041973, 1.248857318145554 ], [ 110.535797139244536, 1.256574183132425 ], [ 110.561813711934505, 1.254732301880038 ], [ 110.565267239282718, 1.258876534697908 ], [ 110.585527933058984, 1.263251002672327 ], [ 110.578620878362528, 1.26969758705568 ], [ 110.581433604974848, 1.276459065813071 ], [ 110.592855017802776, 1.285976909836393 ], [ 110.589125357380595, 1.295733346008707 ], [ 110.628111843889457, 1.294198444965051 ], [ 110.625215687482182, 1.289784047445835 ], [ 110.626167471884401, 1.281217987824732 ], [ 110.6256560022196, 1.276393592858647 ], [ 110.635786349107732, 1.26871908764037 ], [ 110.653769219552146, 1.255519808961822 ], [ 110.640160817080499, 1.243892063256434 ], [ 110.635863094158267, 1.23621755803815 ], [ 110.634635173323346, 1.213194042383297 ], [ 110.633023527229128, 1.20179740213699 ], [ 110.615525655331453, 1.189518193787745 ], [ 110.598027783433778, 1.186141411491703 ], [ 110.612532598294706, 1.211045180922178 ], [ 110.600790605312369, 1.215304531321158 ], [ 110.575311247987685, 1.216532452156083 ], [ 110.561190158386054, 1.217760372991007 ], [ 110.55512729926194, 1.208589339252327 ], [ 110.540929464609803, 1.196271758379831 ], [ 110.554436593793966, 1.195657797962368 ], [ 110.575081012829472, 1.179733199631579 ], [ 110.567406507611196, 1.174821516291877 ], [ 110.560652943019107, 1.167760971491056 ], [ 110.546503074024031, 1.164480120513094 ], [ 110.523249323212653, 1.172768586148834 ], [ 110.508159327326041, 1.192626368398296 ], [ 110.498642940855362, 1.188635625684788 ], [ 110.4952019381235, 1.1786156292535 ], [ 110.503767997744603, 1.162911186614906 ], [ 110.491889376263288, 1.161621367316428 ], [ 110.480224128331486, 1.15977948606404 ], [ 110.491582396054554, 1.142895574583815 ], [ 110.512764030457021, 1.133072207904411 ], [ 110.512334057365536, 1.121508565113572 ], [ 110.504475564821263, 1.118030177676574 ], [ 110.482372989792609, 1.1192580985115 ], [ 110.476233385617917, 1.118337157885306 ], [ 110.471628682486951, 1.115574336006724 ], [ 110.466716999147252, 1.113118494336873 ] ] ] ] } },
{ "type": "Feature", "properties": { "Id": 195, "NEGERI": "SARAWAK", "KODPAR": "P.195", "PARLIMEN": "BANDAR KUCHING", "KODUNIK": "P.195", "BILANGAN_P": 116679, "PERATUS_EQ": 177.511 }, "geometry": { "type": "MultiPolygon", "coordinates": [ [ [ [ 110.38142446677891, 1.532683694623006 ], [ 110.391554813667014, 1.529690637587877 ], [ 110.387065228114324, 1.524625464143814 ], [ 110.399152573833149, 1.510235766859544 ], [ 110.392309762773763, 1.505136445303813 ], [ 110.389712932414668, 1.509084591076802 ], [ 110.386950110536077, 1.513804411786043 ], [ 110.382345407405111, 1.510350884437818 ], [ 110.384187288657515, 1.504825240680658 ], [ 110.373941824191121, 1.504479887945835 ], [ 110.366344064025029, 1.506782239511318 ], [ 110.365538240977116, 1.51127182506401 ], [ 110.360238208479842, 1.511183491189055 ], [ 110.358631186280661, 1.511156707485736 ], [ 110.354141600727971, 1.504134535211012 ], [ 110.347925251501167, 1.50378918247619 ], [ 110.353566012836566, 1.516739910032034 ], [ 110.351148543692801, 1.518466673706147 ], [ 110.34919154486218, 1.515876528194977 ], [ 110.342111044893272, 1.521544402054076 ], [ 110.333420436638619, 1.522323112578331 ], [ 110.323060485215422, 1.533321742590829 ], [ 110.314732371695015, 1.535106338345201 ], [ 110.310072593891903, 1.539355659124567 ], [ 110.311500270495344, 1.544352527236697 ], [ 110.314541153801628, 1.546958274329002 ], [ 110.317210976909394, 1.549706314499815 ], [ 110.326490874832189, 1.549706314499815 ], [ 110.338269206810935, 1.550063233650803 ], [ 110.344693751526677, 1.553275506008561 ], [ 110.344336832375916, 1.557915454969987 ], [ 110.338341713109827, 1.55864270852383 ], [ 110.337449551878194, 1.560311913408805 ], [ 110.339492888892565, 1.560945060089313 ], [ 110.343176651397343, 1.562326471028603 ], [ 110.345968252670488, 1.56100261887845 ], [ 110.348846192127311, 1.55904562004779 ], [ 110.354256718306203, 1.55962120793916 ], [ 110.359091656593733, 1.559736325517435 ], [ 110.368876650747055, 1.55605256301266 ], [ 110.375668587865221, 1.555246739964742 ], [ 110.380618643731012, 1.558470032156419 ], [ 110.380848878887548, 1.563304970443934 ], [ 110.378316292165522, 1.566873615370433 ], [ 110.371409237469067, 1.569521319670739 ], [ 110.371409237469067, 1.572399259127593 ], [ 110.374632529660744, 1.575046963427898 ], [ 110.389367579679842, 1.577464432571656 ], [ 110.393396694919417, 1.579709225348002 ], [ 110.399613044146221, 1.577406873782518 ], [ 110.403066571494449, 1.575564992530132 ], [ 110.405829393373025, 1.573953346434293 ], [ 110.406340744777879, 1.571447191935079 ], [ 110.405388960375433, 1.566688269923418 ], [ 110.40145492539861, 1.564916616539771 ], [ 110.395008341015256, 1.563650323178756 ], [ 110.395238576171806, 1.559275855204337 ], [ 110.403642159385825, 1.552483918086162 ], [ 110.396504869532819, 1.546497804015905 ], [ 110.388791991788452, 1.543504746980777 ], [ 110.386604757801251, 1.540857042680471 ], [ 110.38142446677891, 1.54166286572839 ], [ 110.37739535153932, 1.540166337210826 ], [ 110.379467467948245, 1.535906986814682 ], [ 110.38142446677891, 1.532683694623006 ] ] ] ] } },
{ "type": "Feature", "properties": { "Id": 196, "NEGERI": "SARAWAK", "KODPAR": "P.196", "PARLIMEN": "STAMPIN", "KODUNIK": "P.196", "BILANGAN_P": 120792, "PERATUS_EQ": 183.768 }, "geometry": { "type": "MultiPolygon", "coordinates": [ [ [ [ 110.354141600727971, 1.504134535211012 ], [ 110.358631186280661, 1.511156707485736 ], [ 110.360238208479842, 1.511183491189055 ], [ 110.365538240977116, 1.51127182506401 ], [ 110.366344064025029, 1.506782239511318 ], [ 110.373941824191121, 1.504479887945835 ], [ 110.384187288657515, 1.504825240680658 ], [ 110.382345407405111, 1.510350884437818 ], [ 110.386950110536077, 1.513804411786043 ], [ 110.389712932414668, 1.509084591076802 ], [ 110.392309762773763, 1.505136445303813 ], [ 110.396994119240489, 1.498839126610398 ], [ 110.392159180952973, 1.491932071913949 ], [ 110.386173066882719, 1.486406428156789 ], [ 110.385712596569618, 1.477657492207952 ], [ 110.369014163774011, 1.469351559414065 ], [ 110.357592750946026, 1.464592637402404 ], [ 110.348270604235907, 1.44956880310906 ], [ 110.335701709692387, 1.455074793379083 ], [ 110.327135650071455, 1.459833715390744 ], [ 110.319521374852741, 1.464592637402404 ], [ 110.308099962024812, 1.459833715390744 ], [ 110.315714237243299, 1.449364086965033 ], [ 110.329039218876062, 1.448412302562815 ], [ 110.337605278496994, 1.428424830113784 ], [ 110.343315984911044, 1.421762339297459 ], [ 110.343315984911044, 1.406533788860088 ], [ 110.332846356485334, 1.40558200445787 ], [ 110.322376728059794, 1.421762339297459 ], [ 110.312858884036473, 1.417003417285798 ], [ 110.31476245284108, 1.40558200445787 ], [ 110.321424943657405, 1.396064160434548 ], [ 110.31472753028504, 1.387614000393171 ], [ 110.299023087646447, 1.384758647186118 ], [ 110.278691621299458, 1.392316994178051 ], [ 110.267614202369487, 1.403889513672993 ], [ 110.271938056707356, 1.411656747328127 ], [ 110.267640333785124, 1.419638232755142 ], [ 110.275314839003414, 1.42148011400753 ], [ 110.272858997333557, 1.42577783692977 ], [ 110.277770680673257, 1.429461599434546 ], [ 110.282068403595503, 1.442047787992532 ], [ 110.275314839003414, 1.447573431749696 ], [ 110.267026373367656, 1.454020016133055 ], [ 110.255485836146988, 1.469369026572216 ], [ 110.253337436334505, 1.472417990640906 ], [ 110.241916023506519, 1.480984050262009 ], [ 110.233349963885644, 1.4881224332795 ], [ 110.228346867067515, 1.486866898467311 ], [ 110.211506511851951, 1.500856515428779 ], [ 110.218293265233498, 1.510772982224845 ], [ 110.221900282684146, 1.532913929777014 ], [ 110.227643223239909, 1.541347010211211 ], [ 110.2347816062574, 1.547057716625318 ], [ 110.242633827576583, 1.549913069832314 ], [ 110.250486048895766, 1.556337614548113 ], [ 110.267618168137801, 1.551340746435756 ], [ 110.2740427128536, 1.549913069832314 ], [ 110.277611904362345, 1.543488525116572 ], [ 110.28689180228514, 1.538491657004386 ], [ 110.279635321859018, 1.526778224824795 ], [ 110.283799378619221, 1.519639841807304 ], [ 110.295101818396915, 1.530347416333541 ], [ 110.304619662420237, 1.526183359573338 ], [ 110.308188853928982, 1.530347416333541 ], [ 110.314732371695015, 1.535106338345201 ], [ 110.323060485215422, 1.533321742590829 ], [ 110.333420436638619, 1.522323112578331 ], [ 110.342111044893272, 1.521544402054076 ], [ 110.34919154486218, 1.515876528194977 ], [ 110.351148543692801, 1.518466673706147 ], [ 110.353566012836566, 1.516739910032034 ], [ 110.347925251501167, 1.50378918247619 ], [ 110.354141600727971, 1.504134535211012 ] ] ] ] } },
{ "type": "Feature", "properties": { "Id": 221, "NEGERI": "SARAWAK", "KODPAR": "P.221", "PARLIMEN": "LIMBANG", "KODUNIK": "P.221", "BILANGAN_P": 43784, "PERATUS_EQ": 66.611 }, "geometry": { "type": "MultiPolygon", "coordinates": [ [ [ [ 115.04296900580789, 4.618294499730155 ], [ 115.042695702671722, 4.617673356238868 ], [ 115.051987304920317, 4.60441958131895 ], [ 115.062226471412259, 4.590347768597155 ], [ 115.069977512975925, 4.574456620442106 ], [ 115.071865636955749, 4.559114129081365 ], [ 115.074519888227428, 4.564658064561115 ], [ 115.0703081379163, 4.554839278821987 ], [ 115.075933137595484, 4.543830874249522 ], [ 115.083116887667302, 4.53599142248089 ], [ 115.085098554116144, 4.52660972829068 ], [ 115.081512513637904, 4.515982183714755 ], [ 115.083432512539275, 4.507330667511212 ], [ 115.088319388109085, 4.500499737648738 ], [ 115.09501751342998, 4.491000806969907 ], [ 115.091638346876834, 4.479896748182455 ], [ 115.097236887577537, 4.468302947761742 ], [ 115.096843832419836, 4.45696698401116 ], [ 115.094032409211195, 4.4443821472953 ], [ 115.091446888041901, 4.435255374908024 ], [ 115.099548554637636, 4.423692983727904 ], [ 115.104836888206364, 4.41656497639309 ], [ 115.102556887658352, 4.405197869302128 ], [ 115.096751331996757, 4.398061813863308 ], [ 115.094225846136283, 4.393853188704895 ], [ 115.101361738461492, 4.382628964872538 ], [ 115.110393568313157, 4.370780167361374 ], [ 115.126555790105385, 4.371254315799263 ], [ 115.141291932790637, 4.374098239880198 ], [ 115.145094808612157, 4.383577379649125 ], [ 115.154601997267719, 4.38405144138386 ], [ 115.158880232791489, 4.376942186466863 ], [ 115.173616375476968, 4.368411101616402 ], [ 115.184549643239166, 4.371728951498369 ], [ 115.198810427120634, 4.361301939862528 ], [ 115.209743694882832, 4.358458267021149 ], [ 115.223053759359914, 4.35940635713763 ], [ 115.237789902045392, 4.36888581216283 ], [ 115.248247810105454, 4.360354584824734 ], [ 115.246346372194466, 4.342817591528274 ], [ 115.253952123837621, 4.336655944245933 ], [ 115.265836110106079, 4.338552007854787 ], [ 115.27344186174912, 4.346135744843593 ], [ 115.283899769809068, 4.335708329745444 ], [ 115.292931598762152, 4.33950028399579 ], [ 115.2967344745839, 4.332864580765886 ], [ 115.30243878831584, 4.315327029120795 ], [ 115.314798134286661, 4.30442520363971 ], [ 115.324698819172454, 4.293768948159993 ], [ 115.334617286575892, 4.283936256586385 ], [ 115.32724976156635, 4.283015315960192 ], [ 115.328631172505638, 4.277489672203032 ], [ 115.317119414678217, 4.273345439385162 ], [ 115.319421766243693, 4.245256750286266 ], [ 115.304226245911508, 4.247559101851749 ], [ 115.300082013093629, 4.232824051832656 ], [ 115.307910008416272, 4.223154175257627 ], [ 115.314619267252283, 4.221572482044223 ], [ 115.328170702192537, 4.204735362733761 ], [ 115.340317446115364, 4.201585009595192 ], [ 115.340603400646145, 4.186316550209894 ], [ 115.35579892097833, 4.190921253340861 ], [ 115.364087386614074, 4.190000312714668 ], [ 115.374678203815293, 4.185856079896798 ], [ 115.377441025693869, 4.178488554887251 ], [ 115.394938897591544, 4.180330436139638 ], [ 115.395859838217746, 4.171581500190801 ], [ 115.415199591367795, 4.166976797059835 ], [ 115.420725235124962, 4.171581500190801 ], [ 115.429013700760692, 4.177567614261058 ], [ 115.444669691405991, 4.168818678312221 ], [ 115.453418627354822, 4.163293034555061 ], [ 115.468808340430201, 4.145429729857653 ], [ 115.477374400050962, 4.136863670236551 ], [ 115.481181537660405, 4.123538688604015 ], [ 115.487844028476843, 4.114972628983082 ], [ 115.487493430523955, 4.102971423539401 ], [ 115.502120794511825, 4.094985156534051 ], [ 115.507754124300206, 4.086854962581018 ], [ 115.514661178996661, 4.070738501622635 ], [ 115.509596005552595, 4.054161570351156 ], [ 115.501768010229952, 4.036203228140386 ], [ 115.50314942116924, 4.025612410939163 ], [ 115.49209813365492, 4.01778441561652 ], [ 115.485651549271566, 3.992458548396204 ], [ 115.496410088097605, 3.988385303472853 ], [ 115.509596005552595, 3.981867731194981 ], [ 115.506833183674019, 3.975421146811628 ], [ 115.50783150092559, 3.959831771402946 ], [ 115.509735069730368, 3.94841035857479 ], [ 115.516733295405643, 3.942037049112121 ], [ 115.520042101653985, 3.932785231303285 ], [ 115.512589062587779, 3.926841528779931 ], [ 115.51949611728422, 3.916711181891805 ], [ 115.515812354779456, 3.906120364690581 ], [ 115.498314482881781, 3.891385314671489 ], [ 115.513510003213966, 3.878952616217879 ], [ 115.516733295405643, 3.869282739642849 ], [ 115.505682007891323, 3.855929100563046 ], [ 115.494170250063902, 3.83889169897847 ], [ 115.495091190690104, 3.826919470837957 ], [ 115.460095446894755, 3.787779494224741 ], [ 115.448123218754247, 3.789160905164031 ], [ 115.443518515623282, 3.807119247374802 ], [ 115.431085817169674, 3.805737836435512 ], [ 115.403457598383866, 3.80182383877419 ], [ 115.382506199137964, 3.787088788755097 ], [ 115.373527028032584, 3.788930670007484 ], [ 115.370994441310557, 3.782944555937227 ], [ 115.358561742856949, 3.785937612972355 ], [ 115.348661631125367, 3.783174791093776 ], [ 115.337380108454482, 3.787779494224742 ], [ 115.318500825617519, 3.785477142659258 ], [ 115.320342706869909, 3.797909841112868 ], [ 115.331624229540779, 3.807349482531349 ], [ 115.331393994384229, 3.819551945828411 ], [ 115.322875293591935, 3.827840411464151 ], [ 115.318040355304419, 3.825077589585571 ], [ 115.308830949042488, 3.827840411464151 ], [ 115.297779661528168, 3.826919470837957 ], [ 115.286498138857297, 3.83198464428202 ], [ 115.279130613847755, 3.829682292716537 ], [ 115.273835205247138, 3.839812639604664 ], [ 115.266237445081046, 3.835207936473697 ], [ 115.263244388045919, 3.845338283361824 ], [ 115.267388620863798, 3.85132439743208 ], [ 115.259790860697706, 3.871124620895236 ], [ 115.260711801323893, 3.881715438096458 ], [ 115.258179214601867, 3.886320141227425 ], [ 115.244825575522057, 3.899904015463776 ], [ 115.236306874729763, 3.89944354515068 ], [ 115.2330835825381, 3.910494832665 ], [ 115.224334646589256, 3.912797184230483 ], [ 115.20167021907389, 3.934212907906669 ], [ 115.177596909809907, 3.96137680226218 ], [ 115.17483408793133, 3.983018906977723 ], [ 115.167466562921788, 3.988084080421785 ], [ 115.177596909809907, 3.996833016370622 ], [ 115.184503964506362, 4.012489007015908 ], [ 115.161019978538434, 4.017093710146875 ], [ 115.162401389477722, 4.035512522670741 ], [ 115.142601166014558, 4.05070804300293 ], [ 115.13293128943954, 4.049787102376738 ], [ 115.126945175369272, 4.06590356333512 ], [ 115.12602423474307, 4.079257202414922 ], [ 115.114512476915664, 4.082480494606599 ], [ 115.086423787816756, 4.111490124331688 ], [ 115.061097920596438, 4.123001882159104 ], [ 115.048204751829743, 4.116094827462654 ], [ 115.020576533043936, 4.128067055603168 ], [ 115.008604304903429, 4.118397179028138 ], [ 114.997512464773536, 4.119810866361433 ], [ 114.991566903318841, 4.102741188382852 ], [ 114.971766679855691, 4.119318119654332 ], [ 114.956110689210405, 4.121160000906719 ], [ 114.951045515766339, 4.125304233724589 ], [ 114.944138461069883, 4.125304233724589 ], [ 114.937550047426498, 4.132659955793031 ], [ 114.926640589172194, 4.145564927500841 ], [ 114.920194004788854, 4.140039283743681 ], [ 114.905458954769756, 4.141881164996067 ], [ 114.895328607881623, 4.148788219692517 ], [ 114.882435439114928, 4.142341635309164 ], [ 114.872765562539897, 4.144643986874647 ], [ 114.833165115613582, 4.152932452510387 ], [ 114.829020882795717, 4.162602329085416 ], [ 114.819052889336263, 4.164068841069991 ], [ 114.816127714029008, 4.157076685328256 ], [ 114.805076426514688, 4.159839507206836 ], [ 114.793031712377115, 4.156113075985786 ], [ 114.794457790585511, 4.170335784754002 ], [ 114.805866417151833, 4.189536139267034 ], [ 114.818701122824677, 4.203758367826367 ], [ 114.830109749390999, 4.220824648248652 ], [ 114.840092297748697, 4.237179465941836 ], [ 114.846509650585176, 4.251400601888179 ], [ 114.859344355808958, 4.279131446718907 ], [ 114.847222689689374, 4.273443068650067 ], [ 114.83581406312328, 4.26135528811443 ], [ 114.813709848645999, 4.249978243541875 ], [ 114.812996809092397, 4.260643976810911 ], [ 114.832248867152998, 4.284108303254015 ], [ 114.839379259093562, 4.295484572478415 ], [ 114.846509651034239, 4.306860841702871 ], [ 114.871466021928541, 4.334589653985972 ], [ 114.876813816333197, 4.370137505818775 ], [ 114.879309453422707, 4.381512582802372 ], [ 114.878596413869218, 4.39857468667293 ], [ 114.885073186219529, 4.421015574845342 ], [ 114.874615278159467, 4.425754713261313 ], [ 114.859403775771739, 4.421015275134152 ], [ 114.837537241145583, 4.421962874176984 ], [ 114.825177895174761, 4.439023899725385 ], [ 114.820424300847208, 4.455136804710378 ], [ 114.820424300847208, 4.472196995218155 ], [ 114.819948941144844, 4.502525658246441 ], [ 114.81947358144248, 4.515794130767119 ], [ 114.821395888115603, 4.54047893853317 ], [ 114.819039887399981, 4.562557040304512 ], [ 114.820256887217397, 4.578888403594647 ], [ 114.813729887364957, 4.595764648060708 ], [ 114.810299886946495, 4.620885589476131 ], [ 114.80368396106735, 4.633230864317284 ], [ 114.801609887620316, 4.652539187521029 ], [ 114.801209886688753, 4.663748717478256 ], [ 114.804135887316875, 4.672603381687964 ], [ 114.802250887677587, 4.679038091082418 ], [ 114.793848887332956, 4.676978078278353 ], [ 114.78832888813406, 4.683597737151501 ], [ 114.780302388069913, 4.693998205775756 ], [ 114.7835778872427, 4.701510926610354 ], [ 114.7860118868781, 4.70515280001905 ], [ 114.781813887977023, 4.719762128640582 ], [ 114.781707558125049, 4.722879582545771 ], [ 114.781233887120607, 4.728626742299014 ], [ 114.794933887804632, 4.736666557805847 ], [ 114.802486676574972, 4.738540963705304 ], [ 114.812672265746414, 4.743528618106268 ], [ 114.82586349029782, 4.746726313248189 ], [ 114.843689470149684, 4.782253742415492 ], [ 114.850819862090589, 4.794687912954203 ], [ 114.875063194329755, 4.806766803857158 ], [ 114.897167408807036, 4.818490207903267 ], [ 114.91784554507592, 4.812806524611631 ], [ 114.934245445821034, 4.818845884786413 ], [ 114.944227995076858, 4.813517325760415 ], [ 114.949932307910899, 4.817069847605296 ], [ 114.971382903695826, 4.811919032380445 ], [ 114.975126359554565, 4.819379226023898 ], [ 114.98035531358471, 4.834536164529766 ], [ 114.990408817171669, 4.855787600726728 ], [ 114.985952322657795, 4.870588381441905 ], [ 115.004966700867158, 4.890125197564259 ], [ 115.025019300000167, 4.896608200000117 ], [ 115.025347600000146, 4.88954 ], [ 115.025400500000273, 4.888574000000119 ], [ 115.022409700000253, 4.883391900000163 ], [ 115.0226394, 4.883127799999954 ], [ 115.020836800000097, 4.8793596000001 ], [ 115.019847200000072, 4.878514400000142 ], [ 115.019337300000075, 4.878238800000076 ], [ 115.018659300000081, 4.877417800000217 ], [ 115.017732300000148, 4.876254800000254 ], [ 115.016942700000186, 4.875023300000123 ], [ 115.016659400000322, 4.873107600000083 ], [ 115.016462000000161, 4.871405800000161 ], [ 115.016822500000103, 4.869909100000143 ], [ 115.017028500000151, 4.871097900000052 ], [ 115.017337500000167, 4.872500400000149 ], [ 115.017775200000301, 4.873355600000195 ], [ 115.01828160000025, 4.873860200000195 ], [ 115.0230881, 4.873295800000221 ], [ 115.024487200000181, 4.873518100000126 ], [ 115.025731700000279, 4.873543799999936 ], [ 115.027053500000079, 4.873757599999863 ], [ 115.028049200000055, 4.873629300000118 ], [ 115.028701500000352, 4.873483900000167 ], [ 115.029104900000334, 4.873158900000249 ], [ 115.024671900000158, 4.8537758 ], [ 115.02344, 4.852000800000212 ], [ 115.022135400000252, 4.849580500000172 ], [ 115.021920800000089, 4.847485200000165 ], [ 115.022650400000089, 4.845723400000225 ], [ 115.023036600000069, 4.843029400000091 ], [ 115.023676500000079, 4.841504100000179 ], [ 115.023852000000147, 4.840643300000181 ], [ 115.023774800000183, 4.840113000000201 ], [ 115.024856300000351, 4.839180800000179 ], [ 115.025439900000151, 4.838197300000161 ], [ 115.025611600000161, 4.837111099999959 ], [ 115.025199600000178, 4.835426300000165 ], [ 115.025800400000094, 4.8338526 ], [ 115.026186600000074, 4.833425000000148 ], [ 115.02611800000011, 4.831765800000198 ], [ 115.02560300000016, 4.829986800000256 ], [ 115.024787600000195, 4.829345400000136 ], [ 115.024104, 4.829031000000214 ], [ 115.023783400000184, 4.828883600000097 ], [ 115.022950800000217, 4.828875 ], [ 115.022195499999953, 4.827104600000155 ], [ 115.022023800000284, 4.825000700000146 ], [ 115.021339100000091, 4.823740499999985 ], [ 115.021452800000134, 4.822987100000205 ], [ 115.021780700000249, 4.822653600000137 ], [ 115.022251100000062, 4.822679599999958 ], [ 115.023686400000202, 4.82223990000017 ], [ 115.022335400000316, 4.821534700000086 ], [ 115.022466000000122, 4.821082700000204 ], [ 115.022547000000259, 4.820710800000143 ], [ 115.022732800000085, 4.819524400000205 ], [ 115.02232790000005, 4.818593600000099 ], [ 115.021450500000128, 4.817621900000177 ], [ 115.020762100000184, 4.817055200000198 ], [ 115.021198300000378, 4.816349600000251 ], [ 115.021176300000093, 4.81513770000015 ], [ 115.020783600000186, 4.814140000000236 ], [ 115.020766800000047, 4.812479600000131 ], [ 115.0213973, 4.812470900000108 ], [ 115.021577500000149, 4.811401800000112 ], [ 115.021567400000208, 4.810156400000096 ], [ 115.021940200000131, 4.809841100000142 ], [ 115.022169699999949, 4.809888000000115 ], [ 115.022927600000116, 4.810162400000252 ], [ 115.023412800000074, 4.809495500000139 ], [ 115.02316940000037, 4.809246300000154 ], [ 115.02295330000004, 4.807881000000123 ], [ 115.023283700000093, 4.807234099999903 ], [ 115.023613600000203, 4.806876700000203 ], [ 115.024464000000194, 4.8068588000001 ], [ 115.025465600000075, 4.807219500000144 ], [ 115.02649710000037, 4.806786100000124 ], [ 115.026916200000073, 4.807099700000151 ], [ 115.028401100000337, 4.807364900000096 ], [ 115.028751500000226, 4.807058500000153 ], [ 115.028438100000244, 4.806731300000251 ], [ 115.028065, 4.806493400000079 ], [ 115.027811300000053, 4.80572010000003 ], [ 115.027363600000172, 4.805155000000184 ], [ 115.025125000000344, 4.803861100000063 ], [ 115.024080300000264, 4.803162200000145 ], [ 115.023438600000077, 4.801987300000121 ], [ 115.022856500000103, 4.801199100000076 ], [ 115.021801600000344, 4.801009099999987 ], [ 115.021320300000184, 4.801206600000171 ], [ 115.020598299999961, 4.801728600000217 ], [ 115.020017800000232, 4.802165900000148 ], [ 115.019593100000066, 4.802292900000168 ], [ 115.018573800000127, 4.802264600000115 ], [ 115.018064200000254, 4.801813200000083 ], [ 115.018205800000374, 4.80106550000022 ], [ 115.018927800000029, 4.800966800000253 ], [ 115.01895610000031, 4.801361800000223 ], [ 115.0192839, 4.801486800000077 ], [ 115.019593100000066, 4.801404100000184 ], [ 115.019975400000021, 4.801093800000103 ], [ 115.020782300000064, 4.800585900000158 ], [ 115.021688300000392, 4.800402500000246 ], [ 115.022212100000388, 4.800388400000145 ], [ 115.023020700000188, 4.800767800000131 ], [ 115.023737, 4.801585800000112 ], [ 115.024722000000224, 4.802835 ], [ 115.025169800000185, 4.80280520000008 ], [ 115.02602040000022, 4.802180599999929 ], [ 115.027557600000364, 4.801556000000119 ], [ 115.028781400000184, 4.801184199999909 ], [ 115.03021410000008, 4.80133300000017 ], [ 115.030930400000216, 4.801927800000158 ], [ 115.031437800000276, 4.801675000000216 ], [ 115.031691500000306, 4.8007530000001 ], [ 115.032213900000329, 4.799057600000197 ], [ 115.032736200000386, 4.797659700000168 ], [ 115.032542200000194, 4.797228400000165 ], [ 115.031005000000164, 4.79639560000021 ], [ 115.0303782000002, 4.795235600000126 ], [ 115.031363199999987, 4.795860199999936 ], [ 115.03243770000006, 4.796202200000153 ], [ 115.034004800000389, 4.795696600000099 ], [ 115.036437400000068, 4.793793000000164 ], [ 115.038780400000292, 4.792677600000218 ], [ 115.040914600000065, 4.791710900000169 ], [ 115.04227270000024, 4.791264800000192 ], [ 115.044720200000256, 4.791235000000256 ], [ 115.046212600000104, 4.791651500000228 ], [ 115.047809500000199, 4.792038100000241 ], [ 115.049018300000057, 4.792870900000253 ], [ 115.050391300000115, 4.793971500000168 ], [ 115.050988300000313, 4.794060700000102 ], [ 115.051943400000141, 4.793584799999962 ], [ 115.053827400000387, 4.790608300000088 ], [ 115.032707885973196, 4.771353931315048 ], [ 115.034419180182795, 4.761311616941725 ], [ 115.023390841019136, 4.751647970346596 ], [ 115.033278317076793, 4.747100499232999 ], [ 115.026623284838251, 4.739710530690445 ], [ 115.036510761794716, 4.725499090883091 ], [ 115.047539100958375, 4.730425926479995 ], [ 115.036891049197038, 4.717351004482111 ], [ 115.028144435346576, 4.701622917949919 ], [ 115.043355937734418, 4.693474720473887 ], [ 115.034419180182795, 4.693474616169453 ], [ 115.039933349315334, 4.684947208434323 ], [ 115.044496800840079, 4.673766638402356 ], [ 115.041264356122269, 4.669028993713368 ], [ 115.04601795045005, 4.654437016277768 ], [ 115.052102551584994, 4.650646899835749 ], [ 115.041272279263239, 4.63509888787604 ], [ 115.046501233293156, 4.626570758802188 ], [ 115.04493828104988, 4.622908651042547 ], [ 115.043164910252386, 4.618753517713221 ], [ 115.043170355707161, 4.618752113137418 ], [ 115.04296900580789, 4.618294499730155 ] ] ] ] } },
{ "type": "Feature", "properties": { "Id": 222, "NEGERI": "SARAWAK", "KODPAR": "P.222", "PARLIMEN": "LAWAS", "KODUNIK": "P.222", "BILANGAN_P": 35288, "PERATUS_EQ": 53.686 }, "geometry": { "type": "MultiPolygon", "coordinates": [ [ [ [ 115.592684391936075, 4.993201081435487 ], [ 115.596249587906456, 4.991721331825913 ], [ 115.602043031582895, 4.986838063346494 ], [ 115.605608227553262, 4.982546657174349 ], [ 115.60976762315147, 4.979439088834981 ], [ 115.612590069587071, 4.976479473127664 ], [ 115.620611760071228, 4.972336034305458 ], [ 115.621057409792144, 4.969080388989416 ], [ 115.623731306320749, 4.961681153294099 ], [ 115.626405203747666, 4.952801955084443 ], [ 115.625365355297291, 4.94407058181305 ], [ 115.623879856227688, 4.938150930632014 ], [ 115.624771155669436, 4.934155158016841 ], [ 115.625469352359403, 4.928242736351504 ], [ 115.631835105516842, 4.930455106012432 ], [ 115.641817653874583, 4.918023672027686 ], [ 115.652513241785684, 4.897067223056134 ], [ 115.650374124023799, 4.885345433552862 ], [ 115.648591526038615, 4.866874333352709 ], [ 115.650730643800458, 4.857993848904196 ], [ 115.662139270366708, 4.834548865551771 ], [ 115.663208828798503, 4.826023178043676 ], [ 115.667487064322287, 4.802576992597251 ], [ 115.665347946560374, 4.791564059555715 ], [ 115.661426230813333, 4.774156148136309 ], [ 115.657147996187859, 4.770248147815638 ], [ 115.649661084470424, 4.766340087805205 ], [ 115.640748094544492, 4.763853079405628 ], [ 115.634330742157147, 4.756747517421931 ], [ 115.630409026410078, 4.738272853961562 ], [ 115.622922115590953, 4.727969396648215 ], [ 115.616504762305269, 4.721574049397971 ], [ 115.613652605888305, 4.714823385206123 ], [ 115.613296086111646, 4.695637015456999 ], [ 115.606878733724301, 4.67751599342755 ], [ 115.597609224021681, 4.660105115648337 ], [ 115.587983195440628, 4.651221788917348 ], [ 115.574078931335848, 4.639495609828261 ], [ 115.561600745439577, 4.621373049662772 ], [ 115.558392069245883, 4.619596279411051 ], [ 115.558196403600604, 4.613659141530619 ], [ 115.553977588937926, 4.600143817616323 ], [ 115.558255823563371, 4.586877087995641 ], [ 115.56918909132564, 4.573136359015163 ], [ 115.577270201772578, 4.567450502724516 ], [ 115.577745561474899, 4.555130793427698 ], [ 115.574893404159596, 4.542810831569826 ], [ 115.591055625951839, 4.516748931075376 ], [ 115.586302031624115, 4.500163413953168 ], [ 115.57489340415961, 4.492581228517449 ], [ 115.564910855801912, 4.484525093139889 ], [ 115.57061516953415, 4.475521267862727 ], [ 115.576319483266417, 4.464621736465239 ], [ 115.588678828338828, 4.448509130621192 ], [ 115.597235298488044, 4.426235135697833 ], [ 115.599612096101097, 4.412491233728602 ], [ 115.598661377594865, 4.397325208087969 ], [ 115.592481704160321, 4.381684855419544 ], [ 115.59200634535641, 4.371257812001453 ], [ 115.614823598488812, 4.355380260112412 ], [ 115.61529895819109, 4.344952858075623 ], [ 115.623855428340349, 4.349218733935048 ], [ 115.631461179983319, 4.35443251550419 ], [ 115.639542290430313, 4.351114809480884 ], [ 115.664260982371744, 4.333103925054179 ], [ 115.668539216997218, 4.317936334053929 ], [ 115.669014576699468, 4.303716397279724 ], [ 115.667588498491043, 4.280489896957755 ], [ 115.645721962966519, 4.243989439785524 ], [ 115.64524660416258, 4.232612389066733 ], [ 115.646197322668797, 4.199428387144438 ], [ 115.638116212221831, 4.180939435215351 ], [ 115.639066930728077, 4.16766512258453 ], [ 115.654278433115792, 4.151072077187174 ], [ 115.649524838788068, 4.133530228094622 ], [ 115.651049676004291, 4.129906491255044 ], [ 115.654001140255559, 4.123692481801443 ], [ 115.67111408055402, 4.124403851120646 ], [ 115.679129790448314, 4.110553979949026 ], [ 115.679670550703236, 4.108758054418818 ], [ 115.682522708018539, 4.08102141609322 ], [ 115.653290430817492, 4.038463538945848 ], [ 115.647579724403386, 3.995633240840903 ], [ 115.634730634972016, 3.961369002356889 ], [ 115.620453868937034, 3.941381529907858 ], [ 115.589044983660074, 3.949947589528904 ], [ 115.577623570832088, 3.939953853304416 ], [ 115.565727752965927, 3.912797758854197 ], [ 115.54390104387835, 3.920855414709674 ], [ 115.51949611728422, 3.916711181891805 ], [ 115.512589062587779, 3.926841528779931 ], [ 115.520042101653985, 3.932785231303285 ], [ 115.516733295405643, 3.942037049112121 ], [ 115.509735069730368, 3.94841035857479 ], [ 115.50783150092559, 3.959831771402946 ], [ 115.506833183674019, 3.975421146811628 ], [ 115.509596005552595, 3.981867731194981 ], [ 115.496410088097605, 3.988385303472853 ], [ 115.485651549271566, 3.992458548396204 ], [ 115.49209813365492, 4.01778441561652 ], [ 115.50314942116924, 4.025612410939163 ], [ 115.501768010229952, 4.036203228140386 ], [ 115.509596005552595, 4.054161570351156 ], [ 115.514661178996661, 4.070738501622635 ], [ 115.507754124300206, 4.086854962581018 ], [ 115.502120794511825, 4.094985156534051 ], [ 115.487493430523955, 4.102971423539401 ], [ 115.487844028476843, 4.114972628983082 ], [ 115.481181537660405, 4.123538688604015 ], [ 115.477374400050962, 4.136863670236551 ], [ 115.468808340430201, 4.145429729857653 ], [ 115.453418627354822, 4.163293034555061 ], [ 115.444669691405991, 4.168818678312221 ], [ 115.429013700760692, 4.177567614261058 ], [ 115.420725235124962, 4.171581500190801 ], [ 115.415199591367795, 4.166976797059835 ], [ 115.395859838217746, 4.171581500190801 ], [ 115.394938897591544, 4.180330436139638 ], [ 115.377441025693869, 4.178488554887251 ], [ 115.374678203815293, 4.185856079896798 ], [ 115.364087386614074, 4.190000312714668 ], [ 115.35579892097833, 4.190921253340861 ], [ 115.340603400646145, 4.186316550209894 ], [ 115.340317446115364, 4.201585009595192 ], [ 115.328170702192537, 4.204735362733761 ], [ 115.314619267252283, 4.221572482044223 ], [ 115.307910008416272, 4.223154175257627 ], [ 115.300082013093629, 4.232824051832656 ], [ 115.304226245911508, 4.247559101851749 ], [ 115.319421766243693, 4.245256750286266 ], [ 115.317119414678217, 4.273345439385162 ], [ 115.328631172505638, 4.277489672203032 ], [ 115.32724976156635, 4.283015315960192 ], [ 115.334617286575892, 4.283936256586385 ], [ 115.324698819172454, 4.293768948159993 ], [ 115.340541193112927, 4.311770562606512 ], [ 115.355277335798405, 4.330730393555712 ], [ 115.33911511490453, 4.355851011038055 ], [ 115.332460082665989, 4.367700074863819 ], [ 115.32556737057655, 4.384122591761297 ], [ 115.31487178266525, 4.38732163232919 ], [ 115.299184920575385, 4.395141570012356 ], [ 115.290628450426084, 4.40864875786059 ], [ 115.284211098038668, 4.419667601685489 ], [ 115.270663352812335, 4.43424059714016 ], [ 115.268167716172115, 4.44881342975475 ], [ 115.270663352812335, 4.464096878081023 ], [ 115.269237274603938, 4.492530272166448 ], [ 115.268167716172115, 4.507101946309149 ], [ 115.262106882663034, 4.533756635097745 ], [ 115.263532961769897, 4.546550581709369 ], [ 115.267098156841939, 4.55756743535369 ], [ 115.281002420946834, 4.578534605062544 ], [ 115.281715460500095, 4.588840201685912 ], [ 115.284567616917229, 4.607674196950427 ], [ 115.284211098038668, 4.620111437910225 ], [ 115.276367666544502, 4.632548370644031 ], [ 115.264959039978294, 4.640365681794947 ], [ 115.24855913833494, 4.644984847147612 ], [ 115.2514112956502, 4.654578834461688 ], [ 115.257472128260929, 4.662040776068523 ], [ 115.262106882663034, 4.675543061163353 ], [ 115.252115880260249, 4.687568398435587 ], [ 115.241420293247415, 4.693963862988937 ], [ 115.237855097277134, 4.701306832572243 ], [ 115.253066599664749, 4.717413985298322 ], [ 115.254017318171009, 4.725704203618477 ], [ 115.24118261339629, 4.736362744437145 ], [ 115.227397189217072, 4.754363549386198 ], [ 115.234814379091972, 4.769861186972207 ], [ 115.237836539199407, 4.790563573668692 ], [ 115.232125832785528, 4.807695692910727 ], [ 115.232405687082633, 4.807863605488876 ], [ 115.207332660677707, 4.827441658242094 ], [ 115.196637072766521, 4.83425024736357 ], [ 115.183416137335485, 4.850235495497998 ], [ 115.184795003685963, 4.86632524881702 ], [ 115.170296539953142, 4.869877254036055 ], [ 115.152945919803756, 4.869166617492851 ], [ 115.151044481892995, 4.879112590887189 ], [ 115.156035756071674, 4.89687298412133 ], [ 115.153896639208142, 4.908712916714819 ], [ 115.162690789208682, 4.914869713954317 ], [ 115.182655885923964, 4.926946371180748 ], [ 115.198342748013943, 4.925052227464164 ], [ 115.194064512490058, 4.945179115029646 ], [ 115.18717180040062, 4.956307781586474 ], [ 115.195490591596808, 4.96601577917346 ], [ 115.220684642342349, 4.966016073104925 ], [ 115.236656720433416, 4.953609063696263 ], [ 115.245399302644842, 4.926172891853923 ], [ 115.250218306901616, 4.921071888596089 ], [ 115.274313327287473, 4.914920837209081 ], [ 115.295396469900538, 4.910270039261263 ], [ 115.310606451440322, 4.898867514831693 ], [ 115.323949885635102, 4.892325217416442 ], [ 115.365647657219597, 4.901617974807778 ], [ 115.382664764345236, 4.910920353007214 ], [ 115.391399209617134, 4.925173538827266 ], [ 115.387634362176414, 4.945727396429845 ], [ 115.404199688579297, 4.949328206738073 ], [ 115.407060972777842, 4.954279057775331 ], [ 115.40931988088289, 4.961330180789064 ], [ 115.408717504789308, 4.966280898788335 ], [ 115.409169286410332, 4.970781530676927 ], [ 115.412632945804134, 4.975132147203928 ], [ 115.418807294923965, 4.979782803194007 ], [ 115.424379267950229, 4.977832626542667 ], [ 115.431306586737847, 4.978732818997035 ], [ 115.437330341385163, 4.980683128259771 ], [ 115.440492812732202, 4.980683165154562 ], [ 115.445763598610014, 4.983833597880883 ], [ 115.451937947729846, 4.986533976472881 ], [ 115.45404626136235, 4.984583780334066 ], [ 115.451335571636307, 4.978883071595487 ], [ 115.45073319644105, 4.976107716810382 ], [ 115.452066696073004, 4.973245694514471 ], [ 115.457390721504453, 4.969078526662249 ], [ 115.464806329446219, 4.967184409672662 ], [ 115.47735581911823, 4.963585552032145 ], [ 115.48990530789186, 4.96320685537802 ], [ 115.504736522877067, 4.961312807152153 ], [ 115.513210233035835, 4.963159725313071 ], [ 115.52093482460441, 4.966119524806692 ], [ 115.530590563166797, 4.970263208080212 ], [ 115.536086907029343, 4.973222950567989 ], [ 115.544702797141355, 4.975738766212912 ], [ 115.551536089268168, 4.979290427229889 ], [ 115.561191828728909, 4.983138064859039 ], [ 115.569362069120018, 4.987133643144917 ], [ 115.572927265090385, 4.992312976445809 ], [ 115.57723520969725, 4.993792817459155 ], [ 115.579711006876252, 4.99109324437284 ], [ 115.580503305853696, 4.990093372881073 ], [ 115.586296749530149, 4.99009344046898 ], [ 115.592684391936075, 4.993201081435487 ] ] ] ] } },
{ "type": "Feature", "properties": { "Id": 199, "NEGERI": "SARAWAK", "KODPAR": "P.199", "PARLIMEN": "SERIAN", "KODUNIK": "P.199", "BILANGAN_P": 62228, "PERATUS_EQ": 94.671 }, "geometry": { "type": "MultiPolygon", "coordinates": [ [ [ [ 110.713636458458723, 1.091527356439997 ], [ 110.713636458458723, 1.07582291380163 ], [ 110.725057871286822, 1.082961296819121 ], [ 110.733623930907754, 1.082961296819121 ], [ 110.73647928411475, 1.050124734938663 ], [ 110.72934090109726, 1.045841705128055 ], [ 110.713836067176018, 1.060624878643809 ], [ 110.708617403627585, 1.056020175512839 ], [ 110.720589631768107, 1.043127006746122 ], [ 110.723966414064151, 1.03146175881433 ], [ 110.740762313925245, 1.005866760230106 ], [ 110.763605139581159, 0.974457874953146 ], [ 110.799297054668614, 0.941621313072687 ], [ 110.803580084479222, 0.927344547037706 ], [ 110.803580084479222, 0.914495457606336 ], [ 110.80215240787561, 0.904501721381848 ], [ 110.785020288633632, 0.907357074588845 ], [ 110.773598875805646, 0.923061517227268 ], [ 110.765032816184714, 0.935910606658808 ], [ 110.756466756563668, 0.925916870434321 ], [ 110.746473020339295, 0.923061517227268 ], [ 110.750756050149732, 0.914495457606336 ], [ 110.745045343735683, 0.908784751192286 ], [ 110.72934090109726, 0.911640104399339 ], [ 110.703642722234349, 0.911640104399339 ], [ 110.693648986009805, 0.894507985157304 ], [ 110.690793632802809, 0.887369602139813 ], [ 110.687938279595755, 0.873092836104831 ], [ 110.670806160353777, 0.873092836104831 ], [ 110.650818687904859, 0.875948189311885 ], [ 110.640824951680372, 0.88451424893276 ], [ 110.640824951680372, 0.897363338364357 ], [ 110.629403538852387, 0.903074044778236 ], [ 110.625120509041949, 0.888797278743255 ], [ 110.619409802627899, 0.875948189311885 ], [ 110.607988389799914, 0.87166515950139 ], [ 110.578007181126395, 0.86595445308734 ], [ 110.563730415091413, 0.863099099880287 ], [ 110.545170619245937, 0.867382129690782 ], [ 110.523755470193464, 0.875948189311885 ], [ 110.503767997744603, 0.875948189311885 ], [ 110.489491231709621, 0.880231219122322 ], [ 110.479497495485077, 0.885941925536372 ], [ 110.466648406053537, 0.893080308553863 ], [ 110.456654669829049, 0.905929397985233 ], [ 110.435239520776577, 0.908784751192286 ], [ 110.429528814362641, 0.917350810813218 ], [ 110.423818107948591, 0.9316275768482 ], [ 110.419535078138153, 0.945904342883182 ], [ 110.405258312103172, 0.953042725900673 ], [ 110.396692252482239, 0.967319491935655 ], [ 110.392409222671631, 0.985879287781245 ], [ 110.38527083965414, 0.998728377212615 ], [ 110.363855690601667, 0.994445347402177 ], [ 110.346723571359803, 0.995873024005618 ], [ 110.323880745703718, 1.004439083626721 ], [ 110.305320949858299, 1.003011407023109 ], [ 110.278195094391776, 1.001583730419668 ], [ 110.268201358167403, 1.008722113437159 ], [ 110.268201358167403, 1.020143526265088 ], [ 110.268201358167403, 1.032992615696685 ], [ 110.273324908783536, 1.053537675174709 ], [ 110.264758849162604, 1.057820704985147 ], [ 110.254765112938117, 1.067814441209691 ], [ 110.246199053317014, 1.077808177434008 ], [ 110.243343700110131, 1.087801913658552 ], [ 110.23620531709264, 1.106361709503972 ], [ 110.230494610678591, 1.119210798935569 ], [ 110.2233562276611, 1.120638475538954 ], [ 110.210507138229559, 1.119210798935569 ], [ 110.205950297220184, 1.120919614314063 ], [ 110.213151346735245, 1.129848915712733 ], [ 110.220211891536067, 1.133839658426241 ], [ 110.222053772788456, 1.135067579261167 ], [ 110.218983970701146, 1.141821143853257 ], [ 110.219904911327333, 1.145811886566764 ], [ 110.222974713414644, 1.149188668862809 ], [ 110.228807337380545, 1.149802629280272 ], [ 110.230035258215466, 1.152872431367586 ], [ 110.232184119676589, 1.157170154289825 ], [ 110.235560901972633, 1.159932976168407 ], [ 110.240472585312332, 1.161774857420795 ], [ 110.244770308234578, 1.164537679299378 ], [ 110.246612189486967, 1.167607481386691 ], [ 110.246612189486967, 1.169449362639079 ], [ 110.251830853035401, 1.172826144935124 ], [ 110.252645881031015, 1.173388233207961 ], [ 110.250482083127622, 1.180600892885934 ], [ 110.256192789541501, 1.187739275903425 ], [ 110.263331172558992, 1.202016041938407 ], [ 110.267614202369487, 1.212009778162951 ], [ 110.289029351421959, 1.21058210155951 ], [ 110.3018784408535, 1.203443718542019 ], [ 110.307087290607072, 1.201221814242775 ], [ 110.309543132276914, 1.193547309024491 ], [ 110.310464072903116, 1.189863546519714 ], [ 110.32182234062617, 1.196003150694342 ], [ 110.326120063548416, 1.192933348607028 ], [ 110.340855113567514, 1.177891318379191 ], [ 110.347915658368336, 1.172672654830758 ], [ 110.354055262542971, 1.166840030864862 ], [ 110.368176352144616, 1.149649139175906 ], [ 110.370018233396991, 1.143202554792547 ], [ 110.370325213605724, 1.139825772496502 ], [ 110.378954443021598, 1.132605396862816 ], [ 110.393932077715476, 1.138450327474914 ], [ 110.407257059348012, 1.143209249486574 ], [ 110.417600165750287, 1.147193297506054 ], [ 110.423432789716131, 1.145658396462397 ], [ 110.429572393890751, 1.136755970409188 ], [ 110.431721255351874, 1.136755970409188 ], [ 110.436939918900308, 1.13951879228777 ], [ 110.440623681405086, 1.143509535001278 ], [ 110.446456305370972, 1.143202554792546 ], [ 110.449526107458283, 1.136448990200456 ], [ 110.451367988710672, 1.127853544355978 ], [ 110.455972691841652, 1.120179039137694 ], [ 110.461191355390085, 1.116495276632918 ], [ 110.466716999147252, 1.113118494336873 ], [ 110.471628682486951, 1.115574336006724 ], [ 110.476233385617917, 1.118337157885306 ], [ 110.482372989792609, 1.1192580985115 ], [ 110.504475564821263, 1.118030177676574 ], [ 110.512334057365536, 1.121508565113572 ], [ 110.512764030457021, 1.133072207904411 ], [ 110.491582396054554, 1.142895574583815 ], [ 110.480224128331486, 1.15977948606404 ], [ 110.491889376263288, 1.161621367316428 ], [ 110.503767997744603, 1.162911186614906 ], [ 110.4952019381235, 1.1786156292535 ], [ 110.498642940855362, 1.188635625684788 ], [ 110.508159327326041, 1.192626368398296 ], [ 110.523249323212653, 1.172768586148834 ], [ 110.546503074024031, 1.164480120513094 ], [ 110.560652943019107, 1.167760971491056 ], [ 110.567406507611196, 1.174821516291877 ], [ 110.575081012829472, 1.179733199631579 ], [ 110.554436593793966, 1.195657797962368 ], [ 110.540929464609803, 1.196271758379831 ], [ 110.55512729926194, 1.208589339252327 ], [ 110.561190158386054, 1.217760372991007 ], [ 110.575311247987685, 1.216532452156083 ], [ 110.600790605312369, 1.215304531321158 ], [ 110.612532598294706, 1.211045180922178 ], [ 110.598027783433778, 1.186141411491703 ], [ 110.615525655331453, 1.189518193787745 ], [ 110.633023527229128, 1.20179740213699 ], [ 110.634635173323346, 1.213194042383297 ], [ 110.635863094158267, 1.23621755803815 ], [ 110.640160817080499, 1.243892063256434 ], [ 110.653769219552146, 1.255519808961822 ], [ 110.670806160353777, 1.237150369996868 ], [ 110.682227573181876, 1.224301280565328 ], [ 110.696568430436486, 1.209164927146536 ], [ 110.713636458458723, 1.204313808116467 ], [ 110.727913224493705, 1.198603101702361 ], [ 110.737906960718192, 1.180043305856941 ], [ 110.747296909927712, 1.172979635039489 ], [ 110.757894433167223, 1.170049569632397 ], [ 110.765032816184714, 1.162911186614906 ], [ 110.767888169391767, 1.148634420579924 ], [ 110.747900696942736, 1.125791594924067 ], [ 110.726038530474725, 1.108014948369637 ], [ 110.713636458458723, 1.091527356439997 ] ] ] ] } }
]
}
