{
"type": "FeatureCollection",
"name": "Sarawak_DUN_1st_Draft_2026_Redelineation_Low_Resolution",
"crs": { "type": "name", "properties": { "name": "urn:ogc:def:crs:OGC:1.3:CRS84" } },
"features": [
{ "type": "Feature", "properties": { "Id": 5, "NEGERI": "SARAWAK", "KODPAR": "P.193", "PARLIMEN": "SANTUBONG", "KODDUN": "N.05", "NAMADUN": "TANJONG DATU", "KODUNIK": "P.193_N.05", "BILANGAN_P": 16737, "PERATUS_EQ": 81.32 }, "geometry": { "type": "MultiPolygon", "coordinates": [ [ [ [ 110.1384016659092, 1.698990222700682 ], [ 110.139015626326668, 1.686097053933964 ], [ 110.152522755510844, 1.686404034142696 ], [ 110.161118201355322, 1.687938935186353 ], [ 110.166029884695021, 1.693771559152249 ], [ 110.169713647199799, 1.691315717482398 ], [ 110.170327607617267, 1.684869133099039 ], [ 110.166643845112489, 1.681492350802994 ], [ 110.167564785738676, 1.666143340366426 ], [ 110.154364636763233, 1.663073538279112 ], [ 110.151601814884657, 1.65570601326956 ], [ 110.146690131544943, 1.640663983041723 ], [ 110.147736956895756, 1.626277905046095 ], [ 110.158048399268012, 1.626235913231349 ], [ 110.161118201355322, 1.610272942377318 ], [ 110.167724429344787, 1.602007402786569 ], [ 110.179145842172773, 1.599152049579516 ], [ 110.194886024315778, 1.583872644426421 ], [ 110.191202261811, 1.576505119416868 ], [ 110.172281146090086, 1.567722897177134 ], [ 110.159158369723684, 1.567743164302726 ], [ 110.149164633499367, 1.566315487699114 ], [ 110.140598573878265, 1.584875283544534 ], [ 110.116328071618966, 1.579878415432404 ], [ 110.094912922566493, 1.577023062225351 ], [ 110.067787067099914, 1.579164577130655 ], [ 110.048763444959647, 1.58602150588754 ], [ 110.043237801202494, 1.584179624635152 ], [ 110.042623840785041, 1.576198139208137 ], [ 110.032493493896894, 1.568830614198584 ], [ 110.026046909513539, 1.579574921504181 ], [ 110.020521265756372, 1.576812099625599 ], [ 110.018065424086529, 1.565146851693807 ], [ 109.988595324048319, 1.564839871485076 ], [ 109.98214873966495, 1.560849128771568 ], [ 109.970483491733162, 1.562997990232688 ], [ 109.965571808393463, 1.574970218373211 ], [ 109.953906560461675, 1.569137594407315 ], [ 109.948304171654442, 1.581224940128633 ], [ 109.940723849388519, 1.583447606941149 ], [ 109.93295516121789, 1.583680781798482 ], [ 109.925019406750096, 1.564887811095673 ], [ 109.916453347128993, 1.564887811095673 ], [ 109.903604257697623, 1.574881547320217 ], [ 109.907887287508117, 1.59058598995864 ], [ 109.896465874680132, 1.589158313355199 ], [ 109.892203538506649, 1.607817100707467 ], [ 109.886370914540748, 1.621631210100378 ], [ 109.889133736419339, 1.631454576779782 ], [ 109.88218910864515, 1.639126994477635 ], [ 109.867912342610168, 1.651976083909005 ], [ 109.848305368658075, 1.645268686172693 ], [ 109.839358810540205, 1.650548407305564 ], [ 109.834798239473898, 1.661231657026724 ], [ 109.824974872794485, 1.660003736191799 ], [ 109.830730751710476, 1.666565438155878 ], [ 109.790103967719517, 1.743347386532946 ], [ 109.784453485241954, 1.757623442568372 ], [ 109.786602346703077, 1.772358492587478 ], [ 109.782611603989565, 1.778498096762105 ], [ 109.780462742528442, 1.789549384276434 ], [ 109.770946356057777, 1.785865621771658 ], [ 109.76542071230061, 1.789549384276434 ], [ 109.755597345621212, 1.798758790538375 ], [ 109.739421448295332, 1.799026774069262 ], [ 109.724285364330612, 1.803670473878077 ], [ 109.719987641408366, 1.816256662436063 ], [ 109.709243334102766, 1.808275177009047 ], [ 109.686597413965899, 1.806165157086753 ], [ 109.672320647930917, 1.799026774069262 ], [ 109.658043881895935, 1.806165157086753 ], [ 109.6409117626539, 1.810448186897418 ], [ 109.618068936997986, 1.807592833690364 ], [ 109.598081464548955, 1.801882127276315 ], [ 109.592370758135075, 1.809020510293806 ], [ 109.592370758135075, 1.821869599725346 ], [ 109.58808772832441, 1.840429395570823 ], [ 109.578093992100094, 1.84471242538126 ], [ 109.563817226065112, 1.853278485002363 ], [ 109.559534196254447, 1.868982927640786 ], [ 109.555251166444009, 1.881832017072327 ], [ 109.545257430219465, 1.901819489521188 ], [ 109.546685106823077, 1.923234638573661 ], [ 109.555251166444009, 1.927517668384098 ], [ 109.568100255875549, 1.937511404608642 ], [ 109.572383285686044, 1.946077464229745 ], [ 109.560961872858059, 1.954643523850677 ], [ 109.566672579271938, 1.968920289885659 ], [ 109.576666315496482, 1.97605867290315 ], [ 109.599509141152566, 1.974630996299709 ], [ 109.612358230583936, 1.978914026110147 ], [ 109.62235196680848, 1.984624732524026 ], [ 109.632345703032968, 1.99461846874857 ], [ 109.636628732843462, 2.017461294404654 ], [ 109.639484086050459, 2.031738060439636 ], [ 109.645194792464338, 2.078851388355019 ], [ 109.64662246906795, 2.057436239302547 ], [ 109.64662246906795, 2.043159473267565 ], [ 109.655188528688882, 2.038876443457127 ], [ 109.655188528688882, 2.026027354025587 ], [ 109.648050145671391, 2.016033617801043 ], [ 109.648050145671391, 2.004612204973114 ], [ 109.655188528688882, 1.99461846874857 ], [ 109.662678421442536, 1.989268545353241 ], [ 109.65155740701141, 1.985402581277981 ], [ 109.650103495402163, 1.966028687951905 ], [ 109.646850891590987, 1.950786605636665 ], [ 109.64969472419881, 1.946168101092724 ], [ 109.653473381460003, 1.936962552315606 ], [ 109.648050145671391, 1.930530903244346 ], [ 109.652526682016401, 1.917593034929325 ], [ 109.655375806682684, 1.906677548541836 ], [ 109.673850721347492, 1.891437436496062 ], [ 109.674819996352653, 1.886109355777251 ], [ 109.687420565129798, 1.878359521322693 ], [ 109.683058829403819, 1.870125076519685 ], [ 109.684997378515618, 1.859468766296857 ], [ 109.705836781242624, 1.842031233967646 ], [ 109.73275879892924, 1.835658588723788 ], [ 109.736230057848843, 1.831667410559646 ], [ 109.740849124898773, 1.830435659346278 ], [ 109.769402656968737, 1.820441923121734 ], [ 109.788951110596997, 1.810128447380578 ], [ 109.812226893303034, 1.799501062777665 ], [ 109.84474147969047, 1.789238748339983 ], [ 109.85234723133334, 1.786578128014696 ], [ 109.849352546764749, 1.780556592893504 ], [ 109.845618015640582, 1.777818949857306 ], [ 109.849352546764749, 1.774457868357274 ], [ 109.858492283242413, 1.767149701462131 ], [ 109.879336921805418, 1.751450961151932 ], [ 109.876478402231101, 1.744775063136387 ], [ 109.870613451251643, 1.734496451765438 ], [ 109.887091118252442, 1.72141742474065 ], [ 109.917138628137479, 1.707854044753674 ], [ 109.923945996681709, 1.69388157800455 ], [ 109.95639424697697, 1.708338925442717 ], [ 109.971902638972779, 1.699135093443601 ], [ 109.975974435112164, 1.693708469844751 ], [ 110.016489267645284, 1.699620038729506 ], [ 110.049914353516328, 1.69961280517208 ], [ 110.078716005172339, 1.699392313307499 ], [ 110.11061736520486, 1.699089411824389 ], [ 110.1384016659092, 1.698990222700682 ] ] ] ] } },
{ "type": "Feature", "properties": { "Id": 1, "NEGERI": "SARAWAK", "KODPAR": "P.192", "PARLIMEN": "MAS GADING", "KODDUN": "N.01", "NAMADUN": "SERAYAN", "KODUNIK": "P.192_N.01", "BILANGAN_P": 16878, "PERATUS_EQ": 82.0 }, "geometry": { "type": "MultiPolygon", "coordinates": [ [ [ [ 109.672320647930917, 1.799026774069262 ], [ 109.686597413965899, 1.806165157086753 ], [ 109.709243334102766, 1.808275177009047 ], [ 109.719987641408366, 1.816256662436063 ], [ 109.724285364330612, 1.803670473878077 ], [ 109.739421448295332, 1.799026774069262 ], [ 109.755597345621212, 1.798758790538375 ], [ 109.76542071230061, 1.789549384276434 ], [ 109.770946356057777, 1.785865621771658 ], [ 109.780462742528442, 1.789549384276434 ], [ 109.782611603989565, 1.778498096762105 ], [ 109.786602346703077, 1.772358492587478 ], [ 109.784453485241954, 1.757623442568372 ], [ 109.790103967719517, 1.743347386532946 ], [ 109.830730751710476, 1.666565438155878 ], [ 109.824974872794485, 1.660003736191799 ], [ 109.834798239473898, 1.661231657026724 ], [ 109.839358810540205, 1.650548407305564 ], [ 109.848305368658075, 1.645268686172693 ], [ 109.867912342610168, 1.651976083909005 ], [ 109.88218910864515, 1.639126994477635 ], [ 109.889133736419339, 1.631454576779782 ], [ 109.886370914540748, 1.621631210100378 ], [ 109.892203538506649, 1.607817100707467 ], [ 109.896465874680132, 1.589158313355199 ], [ 109.907887287508117, 1.59058598995864 ], [ 109.903604257697623, 1.574881547320217 ], [ 109.916453347128993, 1.564887811095673 ], [ 109.925019406750096, 1.564887811095673 ], [ 109.93295516121789, 1.583680781798482 ], [ 109.940723849388519, 1.583447606941149 ], [ 109.948304171654442, 1.581224940128633 ], [ 109.953906560461675, 1.569137594407315 ], [ 109.965571808393463, 1.574970218373211 ], [ 109.970483491733162, 1.562997990232688 ], [ 109.98214873966495, 1.560849128771568 ], [ 109.988595324048319, 1.564839871485076 ], [ 110.018065424086529, 1.565146851693807 ], [ 110.020521265756372, 1.576812099625599 ], [ 110.026046909513539, 1.579574921504181 ], [ 110.032493493896894, 1.568830614198584 ], [ 110.042623840785041, 1.576198139208137 ], [ 110.043237801202494, 1.584179624635152 ], [ 110.048763444959647, 1.58602150588754 ], [ 110.067787067099914, 1.579164577130655 ], [ 110.094912922566493, 1.577023062225351 ], [ 110.116328071618966, 1.579878415432404 ], [ 110.140598573878265, 1.584875283544534 ], [ 110.149164633499367, 1.566315487699114 ], [ 110.146383151336209, 1.54979784125724 ], [ 110.130128945452725, 1.535263521573086 ], [ 110.119675873176575, 1.529230167272238 ], [ 110.113229288793221, 1.515416057879327 ], [ 110.107089684618586, 1.487173878676042 ], [ 110.096038397104323, 1.486866898467311 ], [ 110.084373149172535, 1.485025017214923 ], [ 110.072093940823279, 1.478885413040296 ], [ 110.064726415813723, 1.467834125525967 ], [ 110.055517009551792, 1.462922442186265 ], [ 110.034028394940592, 1.45064323383701 ], [ 110.017451463669104, 1.449415313002085 ], [ 109.994499668120397, 1.451030601966579 ], [ 109.977367548878362, 1.446747572156141 ], [ 109.951669370015452, 1.435326159328213 ], [ 109.933109574169805, 1.431043129517718 ], [ 109.910266748513948, 1.42676009970728 ], [ 109.891706952668471, 1.425332423103669 ], [ 109.866008773805561, 1.42676009970728 ], [ 109.850304331166967, 1.438181512535209 ], [ 109.836027565131985, 1.461024338191123 ], [ 109.826033828907441, 1.478156457433158 ], [ 109.811757062872459, 1.486722517054034 ], [ 109.798907973441089, 1.496716253278578 ], [ 109.784631207406107, 1.522414432141488 ], [ 109.764643734957076, 1.539546551383523 ], [ 109.724668790059184, 1.575238466470978 ], [ 109.683266168557623, 1.612358058162044 ], [ 109.666134049315815, 1.635200883817959 ], [ 109.663278696108762, 1.663754415887922 ], [ 109.670417079126253, 1.696590977768324 ], [ 109.667561725919256, 1.729427539648725 ], [ 109.681838491954238, 1.760836424925742 ], [ 109.684693845161235, 1.785106927185268 ], [ 109.672320647930917, 1.799026774069262 ] ] ] ] } },
{ "type": "Feature", "properties": { "Id": 3, "NEGERI": "SARAWAK", "KODPAR": "P.192", "PARLIMEN": "MAS GADING", "KODDUN": "N.03", "NAMADUN": "SINGAI", "KODUNIK": "P.192_N.03", "BILANGAN_P": 17017, "PERATUS_EQ": 82.68 }, "geometry": { "type": "MultiPolygon", "coordinates": [ [ [ [ 110.193101353011414, 1.425090619871592 ], [ 110.181992855549055, 1.42362897546865 ], [ 110.180841679768278, 1.416837038353127 ], [ 110.185676618053833, 1.411963727536858 ], [ 110.178309093044277, 1.411349767119395 ], [ 110.172169488869642, 1.41012184628447 ], [ 110.170020627408533, 1.412270707745589 ], [ 110.166643845112489, 1.414419569206709 ], [ 110.166643845112489, 1.420559173381336 ], [ 110.163574043025164, 1.420559173381336 ], [ 110.157741419059278, 1.42148011400753 ], [ 110.153750676345766, 1.423321995259918 ], [ 110.154364636763233, 1.425777836929769 ], [ 110.151908795093377, 1.426084817138501 ], [ 110.148532012797332, 1.427926698390889 ], [ 110.142085428413978, 1.429768579643277 ], [ 110.139936566952855, 1.432531401521859 ], [ 110.136866764865545, 1.433452342148053 ], [ 110.131724846371313, 1.433413969624607 ], [ 110.12957598491019, 1.442316395677809 ], [ 110.126813163031613, 1.447535059226238 ], [ 110.120059598439525, 1.461042188410407 ], [ 110.115852179417743, 1.471018074415667 ], [ 110.111003682281961, 1.47992147124737 ], [ 110.107089684618586, 1.487173878676042 ], [ 110.113229288793221, 1.515416057879327 ], [ 110.119675873176575, 1.529230167272238 ], [ 110.130128945452725, 1.535263521573086 ], [ 110.146383151336209, 1.54979784125724 ], [ 110.149164633499367, 1.566315487699114 ], [ 110.159158369723684, 1.567743164302726 ], [ 110.172281146090086, 1.567722897177134 ], [ 110.191202261811, 1.576505119416868 ], [ 110.199490727446758, 1.578960961086719 ], [ 110.220058401431757, 1.575891158999405 ], [ 110.224970084771471, 1.566067792320001 ], [ 110.214532757674604, 1.557472346475523 ], [ 110.212076916004747, 1.542737296456418 ], [ 110.221900282684146, 1.532913929777014 ], [ 110.218293265233498, 1.510772982224845 ], [ 110.211506511851951, 1.500856515428779 ], [ 110.228346867067515, 1.486866898467311 ], [ 110.225584045188938, 1.476429571370445 ], [ 110.215453698300792, 1.474587690118057 ], [ 110.21422577746587, 1.469062046360892 ], [ 110.206551272247594, 1.467527145317235 ], [ 110.210542014961092, 1.461080560933877 ], [ 110.215146718092072, 1.447880411958428 ], [ 110.20436812883446, 1.440894098081799 ], [ 110.193351123272151, 1.429461599434546 ], [ 110.193101353011414, 1.425090619871592 ] ] ] ] } },
{ "type": "Feature", "properties": { "Id": 7, "NEGERI": "SARAWAK", "KODPAR": "P.193", "PARLIMEN": "SANTUBONG", "KODDUN": "N.07", "NAMADUN": "PANTAI DAMAI", "KODUNIK": "P.193_N.07", "BILANGAN_P": 21473, "PERATUS_EQ": 104.33 }, "geometry": { "type": "MultiPolygon", "coordinates": [ [ [ [ 110.359427416195786, 1.630226655944856 ], [ 110.348683108890185, 1.657547894521948 ], [ 110.342543504715564, 1.667985221618814 ], [ 110.342543504715564, 1.681492350802994 ], [ 110.345306326594141, 1.687631954977621 ], [ 110.346841227637796, 1.693771559152248 ], [ 110.346227267220357, 1.706664727918966 ], [ 110.340394643254456, 1.71219037167613 ], [ 110.330878256783777, 1.713111312302324 ], [ 110.318906028643255, 1.710655470632473 ], [ 110.313380384886102, 1.708813589380085 ], [ 110.302748585514166, 1.708827400738869 ], [ 110.310446298591273, 1.715814626857423 ], [ 110.310179450442718, 1.720937959276 ], [ 110.301455978990646, 1.734985908425699 ], [ 110.31641848941814, 1.754405258557426 ], [ 110.314541185270457, 1.760175403638414 ], [ 110.31657954410116, 1.771956439359599 ], [ 110.322295381717709, 1.778582873107666 ], [ 110.322295381717481, 1.783426889176098 ], [ 110.331018852271427, 1.802318530095079 ], [ 110.3436194210488, 1.802803073399957 ], [ 110.348465794277388, 1.793599587605684 ], [ 110.340226960327755, 1.781489493630943 ], [ 110.35331216660768, 1.760175857458194 ], [ 110.360581725552152, 1.745159260201831 ], [ 110.358643176440353, 1.718516438922336 ], [ 110.364168764217766, 1.712469914213841 ], [ 110.371307147235257, 1.70295207019052 ], [ 110.371307147235257, 1.693434226167199 ], [ 110.372496877738172, 1.677967729629302 ], [ 110.374876338744002, 1.667260155103065 ], [ 110.386773643773154, 1.661311502588489 ], [ 110.39748121829939, 1.649414197559338 ], [ 110.402240140311051, 1.649414197559338 ], [ 110.411757984334372, 1.638706623033102 ], [ 110.420086097854778, 1.633947701021441 ], [ 110.419427108180173, 1.619523522924396 ], [ 110.413240509564901, 1.618333792421481 ], [ 110.406702368340362, 1.618100937699967 ], [ 110.405167467296693, 1.614417175195191 ], [ 110.406244894207873, 1.610957463303464 ], [ 110.410079150636406, 1.609505491855489 ], [ 110.413609423036817, 1.604747298620153 ], [ 110.411614051680061, 1.600756555906645 ], [ 110.401790685000648, 1.600296085593548 ], [ 110.39986067930522, 1.597066055431071 ], [ 110.400970591718931, 1.590393944955963 ], [ 110.407292529180097, 1.584772173567615 ], [ 110.407292529180097, 1.576206113946739 ], [ 110.406340744777879, 1.571447191935079 ], [ 110.405829393373025, 1.573953346434293 ], [ 110.403066571494449, 1.575564992530132 ], [ 110.399613044146221, 1.577406873782518 ], [ 110.393396694919417, 1.579709225348002 ], [ 110.389367579679842, 1.577464432571656 ], [ 110.374632529660744, 1.575046963427898 ], [ 110.371409237469067, 1.572399259127593 ], [ 110.371409237469067, 1.569521319670739 ], [ 110.378316292165522, 1.566873615370433 ], [ 110.380848878887548, 1.563304970443934 ], [ 110.380618643731012, 1.558470032156419 ], [ 110.375668587865221, 1.555246739964742 ], [ 110.368876650747055, 1.55605256301266 ], [ 110.359091656593733, 1.559736325517435 ], [ 110.354256718306203, 1.55962120793916 ], [ 110.353911365571378, 1.562959617709111 ], [ 110.357480010497881, 1.567679438418352 ], [ 110.36381147730296, 1.573550434910334 ], [ 110.369106885903562, 1.577119079836833 ], [ 110.371294119890777, 1.580802842341606 ], [ 110.387755933583989, 1.581148195076429 ], [ 110.386604757801251, 1.584256369689831 ], [ 110.38295448195413, 1.589458791691072 ], [ 110.382769835780095, 1.591036596420963 ], [ 110.386029169909875, 1.597725126347908 ], [ 110.377216142066459, 1.600000724005042 ], [ 110.369601866847916, 1.60190429280965 ], [ 110.367270813620138, 1.608599226261165 ], [ 110.366794941205342, 1.609965962168586 ], [ 110.363111178700564, 1.61978932884799 ], [ 110.359427416195786, 1.630226655944856 ] ] ] ] } },
{ "type": "Feature", "properties": { "Id": 21, "NEGERI": "SARAWAK", "KODPAR": "P.197", "PARLIMEN": "KOTA SAMARAHAN", "KODDUN": "N.21", "NAMADUN": "DEMAK LAUT", "KODUNIK": "P.197_N.21", "BILANGAN_P": 27160, "PERATUS_EQ": 131.96 }, "geometry": { "type": "MultiPolygon", "coordinates": [ [ [ [ 110.400970591718931, 1.590393944955963 ], [ 110.39986067930522, 1.597066055431071 ], [ 110.401790685000648, 1.600296085593548 ], [ 110.411614051680061, 1.600756555906645 ], [ 110.413609423036817, 1.604747298620153 ], [ 110.410079150636406, 1.609505491855489 ], [ 110.406244894207873, 1.610957463303464 ], [ 110.405167467296693, 1.614417175195191 ], [ 110.406702368340362, 1.618100937699967 ], [ 110.413240509564901, 1.618333792421481 ], [ 110.419427108180173, 1.619523522924396 ], [ 110.420086097854778, 1.633947701021441 ], [ 110.411757984334372, 1.638706623033102 ], [ 110.402240140311051, 1.649414197559338 ], [ 110.39748121829939, 1.649414197559338 ], [ 110.386773643773154, 1.661311502588489 ], [ 110.374876338744002, 1.667260155103065 ], [ 110.372496877738172, 1.677967729629302 ], [ 110.371307147235257, 1.693434226167199 ], [ 110.371307147235257, 1.70295207019052 ], [ 110.371930405198498, 1.706753186717663 ], [ 110.375605480943932, 1.703499620534444 ], [ 110.398868069386651, 1.694780280801353 ], [ 110.398868069386651, 1.689451608125808 ], [ 110.417768923002029, 1.687998553033935 ], [ 110.42261529533215, 1.681926857231815 ], [ 110.442970060556604, 1.709765041143783 ], [ 110.436669775718769, 1.717031256150904 ], [ 110.443939334663241, 1.719937849017754 ], [ 110.442970060556604, 1.731079409130302 ], [ 110.450724257003685, 1.735923640961801 ], [ 110.455570629333977, 1.734470456582756 ], [ 110.460901639166821, 1.738830238953085 ], [ 110.463612792828201, 1.73792697038806 ], [ 110.473986845446575, 1.734470672149882 ], [ 110.476894668665068, 1.727688900205294 ], [ 110.491918424056848, 1.73011115203019 ], [ 110.499615616206256, 1.733250540331539 ], [ 110.500157258006311, 1.741252760155362 ], [ 110.494409481253797, 1.753221624631749 ], [ 110.501611169615558, 1.757722715067587 ], [ 110.508396091057648, 1.747065792511307 ], [ 110.525843033063609, 1.725751809987116 ], [ 110.503549718727356, 1.714125525923293 ], [ 110.491768807849553, 1.67245668378564 ], [ 110.479802492782028, 1.666651585279737 ], [ 110.479317855279476, 1.658900666513205 ], [ 110.481829612187539, 1.654844551445592 ], [ 110.493877121482058, 1.653790977419135 ], [ 110.499453988530036, 1.650384081518439 ], [ 110.506832863461568, 1.642305880024765 ], [ 110.514211738392873, 1.63422767853109 ], [ 110.516747735448291, 1.626650687270342 ], [ 110.519287359894179, 1.612690411523572 ], [ 110.509463993214794, 1.604708926096563 ], [ 110.503631369248893, 1.595806500043361 ], [ 110.500254586952849, 1.587518034407621 ], [ 110.499615616206256, 1.578109682751347 ], [ 110.502710428622706, 1.573703925014722 ], [ 110.495342903613164, 1.569099221883755 ], [ 110.488282358812341, 1.556206053117049 ], [ 110.478919462446029, 1.546996646855116 ], [ 110.471858917645207, 1.537940730697549 ], [ 110.466640254096774, 1.540243082263032 ], [ 110.452826144703877, 1.540243082263032 ], [ 110.439779485832815, 1.538094220801914 ], [ 110.434894276847615, 1.54670079747433 ], [ 110.434867802493116, 1.558354914578167 ], [ 110.429495648840316, 1.562499147396037 ], [ 110.424276985291883, 1.560810756248016 ], [ 110.423663024874429, 1.551294369777352 ], [ 110.424737455604983, 1.539936102054301 ], [ 110.425376432824294, 1.527665109427687 ], [ 110.419326929425679, 1.520941701639038 ], [ 110.411498934103037, 1.512883471159846 ], [ 110.396994119240489, 1.498839126610398 ], [ 110.392309762773763, 1.505136445303813 ], [ 110.399152573833149, 1.510235766859544 ], [ 110.387065228114324, 1.524625464143814 ], [ 110.391554813667014, 1.529690637587877 ], [ 110.38142446677891, 1.532683694623006 ], [ 110.379467467948245, 1.535906986814682 ], [ 110.37739535153932, 1.540166337210826 ], [ 110.38142446677891, 1.54166286572839 ], [ 110.386604757801251, 1.540857042680471 ], [ 110.388791991788452, 1.543504746980777 ], [ 110.396504869532819, 1.546497804015905 ], [ 110.403642159385825, 1.552483918086162 ], [ 110.395238576171806, 1.559275855204337 ], [ 110.395008341015256, 1.563650323178756 ], [ 110.40145492539861, 1.564916616539771 ], [ 110.405388960375433, 1.566688269923418 ], [ 110.406340744777879, 1.571447191935079 ], [ 110.407292529180097, 1.576206113946739 ], [ 110.407292529180097, 1.584772173567615 ], [ 110.400970591718931, 1.590393944955963 ] ] ] ] } },
{ "type": "Feature", "properties": { "Id": 10, "NEGERI": "SARAWAK", "KODPAR": "P.194", "PARLIMEN": "PETRA JAYA", "KODDUN": "N.10", "NAMADUN": "SEMARAK", "KODUNIK": "P.194_N.10", "BILANGAN_P": 26075, "PERATUS_EQ": 126.69 }, "geometry": { "type": "MultiPolygon", "coordinates": [ [ [ [ 110.324249340076506, 1.568234919577264 ], [ 110.324700280084343, 1.563189852865659 ], [ 110.328216926468514, 1.563361396591716 ], [ 110.327971110719204, 1.557097718513957 ], [ 110.321546566003633, 1.552814688703519 ], [ 110.31318852225688, 1.549490861051031 ], [ 110.30662682029525, 1.543965217293872 ], [ 110.296726708563668, 1.551562977459966 ], [ 110.297877884346448, 1.555707210277838 ], [ 110.298568589816085, 1.55823979699987 ], [ 110.299950000755373, 1.56295961770911 ], [ 110.296726708563696, 1.565607322009416 ], [ 110.297566527919088, 1.59174669944565 ], [ 110.30583231189155, 1.594290017590936 ], [ 110.31059123390321, 1.600000724005042 ], [ 110.309639449500821, 1.611422136832971 ], [ 110.317064147390852, 1.616719526760676 ], [ 110.317586849260238, 1.597740236049447 ], [ 110.3133038194498, 1.589174176428514 ], [ 110.3133038194498, 1.584177308316157 ], [ 110.323799094026469, 1.573902189164585 ], [ 110.326939982554222, 1.575758168748962 ], [ 110.329367032780283, 1.576186471730182 ], [ 110.329795335761276, 1.57475879512657 ], [ 110.327796588516378, 1.573902189164585 ], [ 110.321372043800636, 1.569476391693684 ], [ 110.324249340076506, 1.568234919577264 ] ] ] ] } },
{ "type": "Feature", "properties": { "Id": 4, "NEGERI": "SARAWAK", "KODPAR": "P.192", "PARLIMEN": "MAS GADING", "KODDUN": "N.04", "NAMADUN": "SEREMBU", "KODUNIK": "P.192_N.04", "BILANGAN_P": 15757, "PERATUS_EQ": 76.56 }, "geometry": { "type": "MultiPolygon", "coordinates": [ [ [ [ 110.04732370244966, 1.276711288679508 ], [ 110.056130969969203, 1.287329762791925 ], [ 110.038757642828784, 1.302409467542418 ], [ 110.037481922290851, 1.324129015316334 ], [ 110.055900734814728, 1.327198817403645 ], [ 110.074449557916239, 1.333818352819435 ], [ 110.075877234519623, 1.339529059233485 ], [ 110.084066168963759, 1.35394446808663 ], [ 110.091126713764581, 1.36960045873193 ], [ 110.105554783574959, 1.370521399358124 ], [ 110.115852179417743, 1.36951026790689 ], [ 110.127273592245672, 1.379504004131434 ], [ 110.132984298659551, 1.386642387148925 ], [ 110.147261064694533, 1.390925416959362 ], [ 110.171531566954059, 1.378076327527992 ], [ 110.17685093705478, 1.369869066417268 ], [ 110.186290578471343, 1.373591201445438 ], [ 110.195806964942008, 1.380344766037528 ], [ 110.18905340034992, 1.390782093134394 ], [ 110.19703488577693, 1.394465855639171 ], [ 110.193427868326253, 1.406092731047539 ], [ 110.199490727446786, 1.414726549415441 ], [ 110.192737162854698, 1.418717292128949 ], [ 110.193101353011414, 1.425090619871592 ], [ 110.193351123272151, 1.429461599434546 ], [ 110.20436812883446, 1.440894098081799 ], [ 110.215146718092072, 1.447880411958428 ], [ 110.210542014961092, 1.461080560933877 ], [ 110.206551272247594, 1.467527145317235 ], [ 110.21422577746587, 1.469062046360892 ], [ 110.215453698300792, 1.474587690118057 ], [ 110.225584045188938, 1.476429571370445 ], [ 110.228346867067515, 1.486866898467311 ], [ 110.233349963885644, 1.4881224332795 ], [ 110.241916023506519, 1.480984050262009 ], [ 110.253337436334505, 1.472417990640906 ], [ 110.255485836146988, 1.469369026572216 ], [ 110.267026373367656, 1.454020016133055 ], [ 110.275314839003414, 1.447573431749696 ], [ 110.282068403595503, 1.442047787992532 ], [ 110.277770680673257, 1.429461599434546 ], [ 110.272858997333557, 1.42577783692977 ], [ 110.275314839003414, 1.42148011400753 ], [ 110.267640333785124, 1.419638232755142 ], [ 110.271938056707356, 1.411656747328127 ], [ 110.267614202369487, 1.403889513672993 ], [ 110.243343700110131, 1.392468100845065 ], [ 110.239060670299523, 1.382474364620521 ], [ 110.230494610678591, 1.358203862361052 ], [ 110.221928551057658, 1.345354772929682 ], [ 110.221928551057658, 1.332505683498084 ], [ 110.220500874454046, 1.315373564256106 ], [ 110.203368755212068, 1.312518211049053 ], [ 110.194802695591136, 1.301096798221124 ], [ 110.190519665780698, 1.298241445014071 ], [ 110.194802695591136, 1.281109325772263 ], [ 110.19427206389831, 1.274129613816476 ], [ 110.183834736801444, 1.269217930476775 ], [ 110.186597558680035, 1.25693872212752 ], [ 110.169104516728225, 1.226857614839162 ], [ 110.160538457107123, 1.209725495597354 ], [ 110.15197239748619, 1.201159435976251 ], [ 110.136267954847767, 1.201159435976251 ], [ 110.119135835605789, 1.19973175937281 ], [ 110.106286746174192, 1.202587112579863 ], [ 110.090582303535825, 1.206870142390301 ], [ 110.080588567311281, 1.214008525407792 ], [ 110.070594831086737, 1.224002261632336 ], [ 110.069167154483353, 1.233995997856653 ], [ 110.066311801276299, 1.243989734081197 ], [ 110.064884124672858, 1.255411146909125 ], [ 110.062028771465862, 1.263977206530228 ], [ 110.04732370244966, 1.276711288679508 ] ] ] ] } },
{ "type": "Feature", "properties": { "Id": 27, "NEGERI": "SARAWAK", "KODPAR": "P.198", "PARLIMEN": "PUNCAK BORNEO", "KODDUN": "N.27", "NAMADUN": "BUNG SADUNG", "KODUNIK": "P.198_N.27", "BILANGAN_P": 22156, "PERATUS_EQ": 107.65 }, "geometry": { "type": "MultiPolygon", "coordinates": [ [ [ [ 110.471628682486951, 1.115574336006724 ], [ 110.466716999147252, 1.113118494336873 ], [ 110.461191355390085, 1.116495276632918 ], [ 110.455972691841652, 1.120179039137694 ], [ 110.451367988710672, 1.127853544355978 ], [ 110.449526107458283, 1.136448990200456 ], [ 110.446456305370972, 1.143202554792546 ], [ 110.440623681405086, 1.143509535001278 ], [ 110.436939918900308, 1.13951879228777 ], [ 110.431721255351874, 1.136755970409188 ], [ 110.429572393890751, 1.136755970409188 ], [ 110.423432789716131, 1.145658396462397 ], [ 110.417600165750287, 1.147193297506054 ], [ 110.417600165750287, 1.150263099593368 ], [ 110.41821412616774, 1.154867802724338 ], [ 110.416679225124085, 1.164077208986279 ], [ 110.416679225124085, 1.16868191211725 ], [ 110.426809572012218, 1.17328661524822 ], [ 110.426502591803484, 1.177277357961728 ], [ 110.417726687773779, 1.181280625579859 ], [ 110.412381502201853, 1.184337902762549 ], [ 110.409004719905795, 1.183416962136355 ], [ 110.405320957401031, 1.182496021510161 ], [ 110.403786056357362, 1.184644882971281 ], [ 110.405934917818485, 1.187714685058594 ], [ 110.40716283865342, 1.190784487145908 ], [ 110.408390759488341, 1.194161269441953 ], [ 110.405934917818485, 1.195389190276878 ], [ 110.405013977192297, 1.197845031946729 ], [ 110.404706996983563, 1.201835774660237 ], [ 110.408697739697075, 1.202449735077699 ], [ 110.416986205332819, 1.204291616330088 ], [ 110.424353730342375, 1.205212556956282 ], [ 110.431721255351917, 1.208896319461058 ], [ 110.431783622634825, 1.208947599227006 ], [ 110.428196316199319, 1.211737726454658 ], [ 110.430099885004097, 1.223159139282586 ], [ 110.435810591417976, 1.22506270808725 ], [ 110.43771416022264, 1.242194827329229 ], [ 110.442473082234301, 1.248857318145554 ], [ 110.450972783481021, 1.246201161505965 ], [ 110.451981949128225, 1.248803746596135 ], [ 110.451061008502023, 1.255250330979494 ], [ 110.451981949128225, 1.261389935154121 ], [ 110.4538238303806, 1.265073697658897 ], [ 110.438781800152768, 1.269371420581136 ], [ 110.435711998065457, 1.276124985173226 ], [ 110.436325958482925, 1.281036668512928 ], [ 110.438781800152768, 1.284106470600242 ], [ 110.440316701196423, 1.2905530549836 ], [ 110.441237641822624, 1.29270191644472 ], [ 110.443933311781763, 1.293642043336706 ], [ 110.442473082234301, 1.286928694238838 ], [ 110.457701632671672, 1.273603712606246 ], [ 110.459605201476279, 1.258375162168875 ], [ 110.475785536315925, 1.248857318145554 ], [ 110.497676577569564, 1.229821630098911 ], [ 110.504945628267066, 1.227334318250787 ], [ 110.518299267346862, 1.249667128435975 ], [ 110.527181894041973, 1.248857318145554 ], [ 110.535797139244536, 1.256574183132425 ], [ 110.561813711934505, 1.254732301880038 ], [ 110.565267239282718, 1.258876534697908 ], [ 110.585527933058984, 1.263251002672327 ], [ 110.578620878362528, 1.26969758705568 ], [ 110.581433604974848, 1.276459065813071 ], [ 110.592855017802776, 1.285976909836393 ], [ 110.589125357380595, 1.295733346008707 ], [ 110.628111843889457, 1.294198444965051 ], [ 110.625215687482182, 1.289784047445835 ], [ 110.626167471884401, 1.281217987824732 ], [ 110.6256560022196, 1.276393592858647 ], [ 110.635786349107732, 1.26871908764037 ], [ 110.653769219552146, 1.255519808961822 ], [ 110.640160817080499, 1.243892063256434 ], [ 110.635863094158267, 1.23621755803815 ], [ 110.634635173323346, 1.213194042383297 ], [ 110.633023527229128, 1.20179740213699 ], [ 110.615525655331453, 1.189518193787745 ], [ 110.598027783433778, 1.186141411491703 ], [ 110.612532598294706, 1.211045180922178 ], [ 110.600790605312369, 1.215304531321158 ], [ 110.575311247987685, 1.216532452156083 ], [ 110.561190158386054, 1.217760372991007 ], [ 110.55512729926194, 1.208589339252327 ], [ 110.540929464609803, 1.196271758379831 ], [ 110.554436593793966, 1.195657797962368 ], [ 110.575081012829472, 1.179733199631579 ], [ 110.567406507611196, 1.174821516291877 ], [ 110.560652943019107, 1.167760971491056 ], [ 110.546503074024031, 1.164480120513094 ], [ 110.523249323212653, 1.172768586148834 ], [ 110.508159327326041, 1.192626368398296 ], [ 110.498642940855362, 1.188635625684788 ], [ 110.4952019381235, 1.1786156292535 ], [ 110.503767997744603, 1.162911186614906 ], [ 110.491889376263288, 1.161621367316428 ], [ 110.480224128331486, 1.15977948606404 ], [ 110.491582396054554, 1.142895574583815 ], [ 110.512764030457021, 1.133072207904411 ], [ 110.512334057365536, 1.121508565113572 ], [ 110.504475564821263, 1.118030177676574 ], [ 110.482372989792609, 1.1192580985115 ], [ 110.476233385617917, 1.118337157885306 ], [ 110.471628682486951, 1.115574336006724 ] ] ] ] } },
{ "type": "Feature", "properties": { "Id": 26, "NEGERI": "SARAWAK", "KODPAR": "P.198", "PARLIMEN": "PUNCAK BORNEO", "KODDUN": "N.26", "NAMADUN": "SUNGAI SERIN", "KODUNIK": "P.198_N.26", "BILANGAN_P": 26694, "PERATUS_EQ": 129.69 }, "geometry": { "type": "MultiPolygon", "coordinates": [ [ [ [ 110.426502591803484, 1.177277357961728 ], [ 110.426809572012218, 1.17328661524822 ], [ 110.416679225124085, 1.16868191211725 ], [ 110.416679225124085, 1.164077208986279 ], [ 110.41821412616774, 1.154867802724338 ], [ 110.417600165750287, 1.150263099593368 ], [ 110.417600165750287, 1.147193297506054 ], [ 110.407257059348012, 1.143209249486574 ], [ 110.393932077715476, 1.138450327474914 ], [ 110.378954443021598, 1.132605396862816 ], [ 110.370325213605724, 1.139825772496502 ], [ 110.370018233396991, 1.143202554792547 ], [ 110.368176352144616, 1.149649139175906 ], [ 110.354055262542971, 1.166840030864862 ], [ 110.347915658368336, 1.172672654830758 ], [ 110.340855113567514, 1.177891318379191 ], [ 110.326120063548416, 1.192933348607028 ], [ 110.32182234062617, 1.196003150694342 ], [ 110.310464072903116, 1.189863546519714 ], [ 110.309543132276914, 1.193547309024491 ], [ 110.307087290607072, 1.201221814242775 ], [ 110.3018784408535, 1.203443718542019 ], [ 110.303710508310971, 1.208282359043598 ], [ 110.30424772367823, 1.224974407896188 ], [ 110.310694308061585, 1.233569853740659 ], [ 110.304554703886964, 1.233262873531928 ], [ 110.292275495537709, 1.240937378750205 ], [ 110.293273181214104, 1.246654885135019 ], [ 110.315682736451492, 1.264766717450169 ], [ 110.325506103130891, 1.269985380998602 ], [ 110.329004296320022, 1.274827548716928 ], [ 110.340241153150004, 1.296078698740768 ], [ 110.33993417294127, 1.304060184167783 ], [ 110.343617935446048, 1.310813748759873 ], [ 110.341853385751392, 1.321940876632311 ], [ 110.370406917821356, 1.337645319270734 ], [ 110.376157837571597, 1.342279220154837 ], [ 110.373701995901754, 1.346576943077076 ], [ 110.374929916736676, 1.350260705581852 ], [ 110.376771797989065, 1.353637487877897 ], [ 110.375850857362863, 1.357321250382674 ], [ 110.376464817780331, 1.361311993096181 ], [ 110.378613679241454, 1.362232933722376 ], [ 110.384446303207341, 1.370214419149391 ], [ 110.393348729260552, 1.371749320193048 ], [ 110.396418531347862, 1.377274963950212 ], [ 110.40010229385264, 1.382493627498645 ], [ 110.403172095939965, 1.382186647289914 ], [ 110.410232640740773, 1.376967983741481 ], [ 110.408083779279664, 1.372977241027973 ], [ 110.402251155313763, 1.36990743894066 ], [ 110.403786056357418, 1.365916696227152 ], [ 110.399488333435187, 1.362232933722376 ], [ 110.401944175105029, 1.359777092052525 ], [ 110.399488333435187, 1.356093329547748 ], [ 110.39896044989132, 1.346211378891837 ], [ 110.40595039913093, 1.341842660617077 ], [ 110.406548878236009, 1.343814121198494 ], [ 110.408083779279664, 1.352409567042972 ], [ 110.413609423036831, 1.352409567042972 ], [ 110.415144324080487, 1.356707289965211 ], [ 110.417907145959063, 1.35885615142633 ], [ 110.422204868881309, 1.358549171217599 ], [ 110.42834447305593, 1.362232933722376 ], [ 110.434652364978774, 1.371909557754748 ], [ 110.444646101203318, 1.379047940772239 ], [ 110.450264778586828, 1.371231291093492 ], [ 110.460855595788061, 1.365245177023235 ], [ 110.467944919982259, 1.35885615142633 ], [ 110.46426115747748, 1.347804863912001 ], [ 110.463647197060013, 1.340130358693717 ], [ 110.460395125474946, 1.335314606671953 ], [ 110.471216177832744, 1.333933195732663 ], [ 110.461776536414249, 1.32748661134931 ], [ 110.455798063867064, 1.32214471712507 ], [ 110.456711362970182, 1.314132972269507 ], [ 110.446280219843743, 1.304060813480817 ], [ 110.443933311781763, 1.293642043336706 ], [ 110.441237641822624, 1.29270191644472 ], [ 110.440316701196423, 1.2905530549836 ], [ 110.438781800152768, 1.284106470600242 ], [ 110.436325958482925, 1.281036668512928 ], [ 110.435711998065457, 1.276124985173226 ], [ 110.438781800152768, 1.269371420581136 ], [ 110.4538238303806, 1.265073697658897 ], [ 110.451981949128225, 1.261389935154121 ], [ 110.451061008502023, 1.255250330979494 ], [ 110.451981949128225, 1.248803746596135 ], [ 110.450972783481021, 1.246201161505965 ], [ 110.442473082234301, 1.248857318145554 ], [ 110.43771416022264, 1.242194827329229 ], [ 110.435810591417976, 1.22506270808725 ], [ 110.430099885004097, 1.223159139282586 ], [ 110.428196316199319, 1.211737726454658 ], [ 110.431783622634825, 1.208947599227006 ], [ 110.431721255351917, 1.208896319461058 ], [ 110.424353730342375, 1.205212556956282 ], [ 110.416986205332819, 1.204291616330088 ], [ 110.408697739697075, 1.202449735077699 ], [ 110.404706996983563, 1.201835774660237 ], [ 110.405013977192297, 1.197845031946729 ], [ 110.405934917818485, 1.195389190276878 ], [ 110.408390759488341, 1.194161269441953 ], [ 110.40716283865342, 1.190784487145908 ], [ 110.405934917818485, 1.187714685058594 ], [ 110.403786056357362, 1.184644882971281 ], [ 110.405320957401031, 1.182496021510161 ], [ 110.409004719905795, 1.183416962136355 ], [ 110.412381502201853, 1.184337902762549 ], [ 110.417726687773779, 1.181280625579859 ], [ 110.426502591803484, 1.177277357961728 ] ] ] ] } },
{ "type": "Feature", "properties": { "Id": 29, "NEGERI": "SARAWAK", "KODPAR": "P.199", "PARLIMEN": "SERIAN", "KODDUN": "N.29", "NAMADUN": "KEDUP", "KODUNIK": "P.199_N.29", "BILANGAN_P": 21531, "PERATUS_EQ": 104.61 }, "geometry": { "type": "MultiPolygon", "coordinates": [ [ [ [ 110.456654669829049, 0.905929397985233 ], [ 110.46027041476394, 0.922176804505965 ], [ 110.469479821025885, 0.925860567010741 ], [ 110.476540365826708, 0.931079230559175 ], [ 110.487591653341028, 0.935683933690145 ], [ 110.50263368356886, 0.944279379534623 ], [ 110.519824575257829, 0.949805023291788 ], [ 110.532103783607084, 0.951953884752907 ], [ 110.539164328407892, 0.958400469136266 ], [ 110.536017781270203, 0.976934399241457 ], [ 110.531106097930504, 0.993818310721667 ], [ 110.534175900017814, 1.005176578444718 ], [ 110.532410763815804, 1.016112748377762 ], [ 110.529340961728508, 1.035145521319107 ], [ 110.527806060684853, 1.04711774945963 ], [ 110.539778288825374, 1.054792254677914 ], [ 110.55205749717463, 1.0673784432359 ], [ 110.553285418009551, 1.075359928662915 ], [ 110.557583140931797, 1.077815770332766 ], [ 110.566178586776275, 1.082113493255005 ], [ 110.572625171159629, 1.074745968245452 ], [ 110.57943485772995, 1.061546147766649 ], [ 110.586573240747441, 1.051552411542104 ], [ 110.593730060511604, 1.053372471215501 ], [ 110.605165073285121, 1.059703938017616 ], [ 110.612148873035466, 1.059512075390123 ], [ 110.608465110530688, 1.073019204574291 ], [ 110.611534912617998, 1.077930887913989 ], [ 110.609079070948155, 1.093586878559275 ], [ 110.602325506356067, 1.104024205656133 ], [ 110.602709231615279, 1.113118494336873 ], [ 110.613990754287855, 1.11998717651015 ], [ 110.612148873035466, 1.127354701519697 ], [ 110.606930209487032, 1.134722226529243 ], [ 110.612455853244199, 1.136871087990361 ], [ 110.607851150113234, 1.151913118218185 ], [ 110.62166525950613, 1.148229355713412 ], [ 110.642232933491115, 1.126433760893503 ], [ 110.658886609813123, 1.135528049574263 ], [ 110.661035471274232, 1.141360673540159 ], [ 110.659423825179985, 1.148382845817778 ], [ 110.672930954364148, 1.152066608322551 ], [ 110.686438083548325, 1.152066608322551 ], [ 110.691733492147378, 1.149342158967174 ], [ 110.691503256992476, 1.143010692164983 ], [ 110.706084816907207, 1.139787399973307 ], [ 110.70209407419371, 1.136103637468533 ], [ 110.699638232523853, 1.129964033293911 ], [ 110.707619717950863, 1.129350072876449 ], [ 110.707312737742129, 1.121982547866903 ], [ 110.711610460664375, 1.121368587449441 ], [ 110.726038530474725, 1.108014948369637 ], [ 110.713636458458723, 1.091527356439997 ], [ 110.713636458458723, 1.07582291380163 ], [ 110.725057871286822, 1.082961296819121 ], [ 110.733623930907754, 1.082961296819121 ], [ 110.73647928411475, 1.050124734938663 ], [ 110.72934090109726, 1.045841705128055 ], [ 110.713836067176018, 1.060624878643809 ], [ 110.708617403627585, 1.056020175512839 ], [ 110.720589631768107, 1.043127006746122 ], [ 110.723966414064151, 1.03146175881433 ], [ 110.740762313925245, 1.005866760230106 ], [ 110.763605139581159, 0.974457874953146 ], [ 110.799297054668614, 0.941621313072687 ], [ 110.803580084479222, 0.927344547037706 ], [ 110.803580084479222, 0.914495457606336 ], [ 110.80215240787561, 0.904501721381848 ], [ 110.785020288633632, 0.907357074588845 ], [ 110.773598875805646, 0.923061517227268 ], [ 110.765032816184714, 0.935910606658808 ], [ 110.756466756563668, 0.925916870434321 ], [ 110.746473020339295, 0.923061517227268 ], [ 110.750756050149732, 0.914495457606336 ], [ 110.745045343735683, 0.908784751192286 ], [ 110.72934090109726, 0.911640104399339 ], [ 110.703642722234349, 0.911640104399339 ], [ 110.693648986009805, 0.894507985157304 ], [ 110.690793632802809, 0.887369602139813 ], [ 110.687938279595755, 0.873092836104831 ], [ 110.670806160353777, 0.873092836104831 ], [ 110.650818687904859, 0.875948189311885 ], [ 110.640824951680372, 0.88451424893276 ], [ 110.640824951680372, 0.897363338364357 ], [ 110.629403538852387, 0.903074044778236 ], [ 110.625120509041949, 0.888797278743255 ], [ 110.619409802627899, 0.875948189311885 ], [ 110.607988389799914, 0.87166515950139 ], [ 110.578007181126395, 0.86595445308734 ], [ 110.563730415091413, 0.863099099880287 ], [ 110.545170619245937, 0.867382129690782 ], [ 110.523755470193464, 0.875948189311885 ], [ 110.503767997744603, 0.875948189311885 ], [ 110.489491231709621, 0.880231219122322 ], [ 110.479497495485077, 0.885941925536372 ], [ 110.466648406053537, 0.893080308553863 ], [ 110.456654669829049, 0.905929397985233 ] ] ] ] } },
{ "type": "Feature", "properties": { "Id": 30, "NEGERI": "SARAWAK", "KODPAR": "P.199", "PARLIMEN": "SERIAN", "KODDUN": "N.30", "NAMADUN": "BUKIT SEMUJA", "KODUNIK": "P.199_N.30", "BILANGAN_P": 20152, "PERATUS_EQ": 97.91 }, "geometry": { "type": "MultiPolygon", "coordinates": [ [ [ [ 110.508159327326041, 1.192626368398296 ], [ 110.523249323212653, 1.172768586148834 ], [ 110.546503074024031, 1.164480120513094 ], [ 110.560652943019107, 1.167760971491056 ], [ 110.567406507611196, 1.174821516291877 ], [ 110.575081012829472, 1.179733199631579 ], [ 110.554436593793966, 1.195657797962368 ], [ 110.540929464609803, 1.196271758379831 ], [ 110.55512729926194, 1.208589339252327 ], [ 110.561190158386054, 1.217760372991007 ], [ 110.575311247987685, 1.216532452156083 ], [ 110.600790605312369, 1.215304531321158 ], [ 110.612532598294706, 1.211045180922178 ], [ 110.598027783433778, 1.186141411491703 ], [ 110.615525655331453, 1.189518193787745 ], [ 110.633023527229128, 1.20179740213699 ], [ 110.634635173323346, 1.213194042383297 ], [ 110.635863094158267, 1.23621755803815 ], [ 110.640160817080499, 1.243892063256434 ], [ 110.653769219552146, 1.255519808961822 ], [ 110.670806160353777, 1.237150369996868 ], [ 110.682227573181876, 1.224301280565328 ], [ 110.696568430436486, 1.209164927146536 ], [ 110.713636458458723, 1.204313808116467 ], [ 110.727913224493705, 1.198603101702361 ], [ 110.737906960718192, 1.180043305856941 ], [ 110.747296909927712, 1.172979635039489 ], [ 110.757894433167223, 1.170049569632397 ], [ 110.765032816184714, 1.162911186614906 ], [ 110.767888169391767, 1.148634420579924 ], [ 110.747900696942736, 1.125791594924067 ], [ 110.726038530474725, 1.108014948369637 ], [ 110.711610460664375, 1.121368587449441 ], [ 110.707312737742129, 1.121982547866903 ], [ 110.707619717950863, 1.129350072876449 ], [ 110.699638232523853, 1.129964033293911 ], [ 110.70209407419371, 1.136103637468533 ], [ 110.706084816907207, 1.139787399973307 ], [ 110.691503256992476, 1.143010692164983 ], [ 110.691733492147378, 1.149342158967174 ], [ 110.686438083548325, 1.152066608322551 ], [ 110.672930954364148, 1.152066608322551 ], [ 110.659423825179985, 1.148382845817778 ], [ 110.661035471274232, 1.141360673540159 ], [ 110.658886609813123, 1.135528049574263 ], [ 110.642232933491115, 1.126433760893503 ], [ 110.62166525950613, 1.148229355713412 ], [ 110.607851150113234, 1.151913118218185 ], [ 110.612455853244199, 1.136871087990361 ], [ 110.606930209487032, 1.134722226529243 ], [ 110.612148873035466, 1.127354701519697 ], [ 110.613990754287855, 1.11998717651015 ], [ 110.602709231615279, 1.113118494336873 ], [ 110.602325506356067, 1.104024205656133 ], [ 110.609079070948155, 1.093586878559275 ], [ 110.611534912617998, 1.077930887913989 ], [ 110.608465110530688, 1.073019204574291 ], [ 110.612148873035466, 1.059512075390123 ], [ 110.605165073285121, 1.059703938017616 ], [ 110.593730060511604, 1.053372471215501 ], [ 110.586573240747441, 1.051552411542104 ], [ 110.57943485772995, 1.061546147766649 ], [ 110.572625171159629, 1.074745968245452 ], [ 110.566178586776275, 1.082113493255005 ], [ 110.557583140931797, 1.077815770332766 ], [ 110.550138870871805, 1.079158808748914 ], [ 110.543692286488451, 1.081614650418763 ], [ 110.541236444818608, 1.084991432714805 ], [ 110.536938721896362, 1.087754254593385 ], [ 110.532410763815818, 1.08549027555105 ], [ 110.522327793590023, 1.085816650026118 ], [ 110.517598968746313, 1.096349700437856 ], [ 110.509617483319303, 1.103717225447402 ], [ 110.502633683568888, 1.103909088074932 ], [ 110.489663769751772, 1.101875344195016 ], [ 110.482372989792609, 1.1192580985115 ], [ 110.504475564821263, 1.118030177676574 ], [ 110.512334057365536, 1.121508565113572 ], [ 110.512764030457021, 1.133072207904411 ], [ 110.491582396054554, 1.142895574583815 ], [ 110.480224128331486, 1.15977948606404 ], [ 110.491889376263288, 1.161621367316428 ], [ 110.503767997744603, 1.162911186614906 ], [ 110.4952019381235, 1.1786156292535 ], [ 110.498642940855362, 1.188635625684788 ], [ 110.508159327326041, 1.192626368398296 ] ] ] ] } },
{ "type": "Feature", "properties": { "Id": 33, "NEGERI": "SARAWAK", "KODPAR": "P.200", "PARLIMEN": "BATANG SADONG", "KODDUN": "N.33", "NAMADUN": "SADONG JAYA", "KODUNIK": "P.200_N.33", "BILANGAN_P": 10854, "PERATUS_EQ": 52.73 }, "geometry": { "type": "MultiPolygon", "coordinates": [ [ [ [ 110.739699149763112, 1.490512288448595 ], [ 110.730796723709915, 1.487135506152552 ], [ 110.72876983045586, 1.496987511833595 ], [ 110.712684891394787, 1.493889070744637 ], [ 110.699177762210596, 1.494196050953368 ], [ 110.679838009060532, 1.498800754084334 ], [ 110.666330879876369, 1.496651892623217 ], [ 110.646991126726306, 1.49481001137083 ], [ 110.651212104594819, 1.513420686522569 ], [ 110.652133045221007, 1.5293836573766 ], [ 110.654895867099597, 1.542276826143317 ], [ 110.670244877536177, 1.574049277747013 ], [ 110.675770521293344, 1.568677124094215 ], [ 110.679454283798108, 1.564993361589438 ], [ 110.689891610894975, 1.565607322006901 ], [ 110.696381400000348, 1.559780600000408 ], [ 110.708924383836319, 1.558853757414811 ], [ 110.719361710933185, 1.555169994910035 ], [ 110.727343196360209, 1.551486232405258 ], [ 110.729795700000352, 1.546141000000375 ], [ 110.735460500000272, 1.539620200000343 ], [ 110.7390654000003, 1.530525400000272 ], [ 110.740953700000205, 1.522975000000315 ], [ 110.743013600000324, 1.511820899999861 ], [ 110.739699149763112, 1.490512288448595 ] ] ] ] } },
{ "type": "Feature", "properties": { "Id": 32, "NEGERI": "SARAWAK", "KODPAR": "P.200", "PARLIMEN": "BATANG SADONG", "KODDUN": "N.32", "NAMADUN": "SIMUNJAN", "KODUNIK": "P.200_N.32", "BILANGAN_P": 12713, "PERATUS_EQ": 61.77 }, "geometry": { "type": "MultiPolygon", "coordinates": [ [ [ [ 110.646991126726306, 1.49481001137083 ], [ 110.666330879876369, 1.496651892623217 ], [ 110.679838009060532, 1.498800754084334 ], [ 110.699177762210596, 1.494196050953368 ], [ 110.712684891394787, 1.493889070744637 ], [ 110.72876983045586, 1.496987511833595 ], [ 110.730796723709915, 1.487135506152552 ], [ 110.739699149763112, 1.490512288448595 ], [ 110.735908213473351, 1.471289332970628 ], [ 110.695350102732561, 1.447669363067537 ], [ 110.714229385569524, 1.44306465993657 ], [ 110.781593864785293, 1.444163477504105 ], [ 110.783021541388734, 1.424176005055074 ], [ 110.802639685684085, 1.421422555221028 ], [ 110.820141133079801, 1.415609945434142 ], [ 110.850122341753206, 1.394194796381669 ], [ 110.854212360750907, 1.377217405163749 ], [ 110.850365515010736, 1.367873695060518 ], [ 110.864399107788188, 1.32994934922425 ], [ 110.884774949850268, 1.329608049493027 ], [ 110.882649855817576, 1.309571448613308 ], [ 110.88690004388296, 1.295606544969868 ], [ 110.880103550426554, 1.292829757533354 ], [ 110.849291084280097, 1.291589113190841 ], [ 110.830872271756235, 1.301105499661505 ], [ 110.815523261319669, 1.297728717365463 ], [ 110.817979102989526, 1.289747231938454 ], [ 110.804436690441207, 1.291402080929743 ], [ 110.791578805038654, 1.268258617327277 ], [ 110.752592318529807, 1.29404495486069 ], [ 110.715754693482069, 1.31921733197664 ], [ 110.729261822666231, 1.322901094481413 ], [ 110.733252565379743, 1.331189560117153 ], [ 110.750443457068684, 1.340091986170355 ], [ 110.74732962630128, 1.351364498276723 ], [ 110.735094446632132, 1.359124759111684 ], [ 110.730796723709886, 1.372938868504583 ], [ 110.74732962630128, 1.391339443174616 ], [ 110.732945585171009, 1.4027159487515 ], [ 110.712377911186024, 1.41376723626582 ], [ 110.700712663254237, 1.416223077935669 ], [ 110.692117217409773, 1.413153275848358 ], [ 110.684749692400231, 1.40824159250866 ], [ 110.670321622589867, 1.395348423741954 ], [ 110.655893552779503, 1.391664661237181 ], [ 110.644228304847715, 1.399339166455458 ], [ 110.639316621508016, 1.411311394595971 ], [ 110.622125729819075, 1.411925355013434 ], [ 110.621694085193496, 1.42703135826207 ], [ 110.620266408590055, 1.441308124297052 ], [ 110.623121761796881, 1.451301860521596 ], [ 110.623046670445277, 1.456130505070711 ], [ 110.635939839211986, 1.456130505070711 ], [ 110.636860779838187, 1.495423971788292 ], [ 110.646991126726306, 1.49481001137083 ] ] ] ] } },
{ "type": "Feature", "properties": { "Id": 31, "NEGERI": "SARAWAK", "KODPAR": "P.200", "PARLIMEN": "BATANG SADONG", "KODDUN": "N.31", "NAMADUN": "GEDONG", "KODUNIK": "P.200_N.31", "BILANGAN_P": 10481, "PERATUS_EQ": 50.92 }, "geometry": { "type": "MultiPolygon", "coordinates": [ [ [ [ 110.653769219552146, 1.255519808961822 ], [ 110.635786349107732, 1.26871908764037 ], [ 110.6256560022196, 1.276393592858647 ], [ 110.626167471884401, 1.281217987824732 ], [ 110.625215687482182, 1.289784047445835 ], [ 110.628111843889457, 1.294198444965051 ], [ 110.589125357380595, 1.295733346008707 ], [ 110.5845744935026, 1.318527936396322 ], [ 110.572439242372923, 1.318527936396322 ], [ 110.560303991243075, 1.318527936396322 ], [ 110.554593284829025, 1.3356600556383 ], [ 110.536033488983605, 1.354219851483776 ], [ 110.54906444014108, 1.356975897650564 ], [ 110.541389934922805, 1.37232490808712 ], [ 110.551520281810923, 1.377543571635548 ], [ 110.553165608225584, 1.389911766571231 ], [ 110.553165608225584, 1.397050149588722 ], [ 110.56195760890779, 1.403636889377692 ], [ 110.574236817257031, 1.406399711256272 ], [ 110.594804491242016, 1.399032186246725 ], [ 110.607390679799991, 1.394427483115759 ], [ 110.610272672365511, 1.404188532606213 ], [ 110.621204789192888, 1.406706691465003 ], [ 110.622125729819075, 1.411925355013434 ], [ 110.639316621508016, 1.411311394595971 ], [ 110.644228304847715, 1.399339166455458 ], [ 110.655893552779503, 1.391664661237181 ], [ 110.670321622589867, 1.395348423741954 ], [ 110.684749692400231, 1.40824159250866 ], [ 110.692117217409773, 1.413153275848358 ], [ 110.700712663254237, 1.416223077935669 ], [ 110.712377911186024, 1.41376723626582 ], [ 110.732945585171009, 1.4027159487515 ], [ 110.74732962630128, 1.391339443174616 ], [ 110.730796723709886, 1.372938868504583 ], [ 110.735094446632132, 1.359124759111684 ], [ 110.74732962630128, 1.351364498276723 ], [ 110.750443457068684, 1.340091986170355 ], [ 110.733252565379743, 1.331189560117153 ], [ 110.729261822666231, 1.322901094481413 ], [ 110.715754693482069, 1.31921733197664 ], [ 110.752592318529807, 1.29404495486069 ], [ 110.791578805038654, 1.268258617327277 ], [ 110.804436690441207, 1.291402080929743 ], [ 110.817979102989526, 1.289747231938454 ], [ 110.815523261319669, 1.297728717365463 ], [ 110.830872271756235, 1.301105499661505 ], [ 110.849291084280097, 1.291589113190841 ], [ 110.880103550426554, 1.292829757533354 ], [ 110.88690004388296, 1.295606544969868 ], [ 110.882649855817576, 1.309571448613308 ], [ 110.884774949850268, 1.329608049493027 ], [ 110.882958903633607, 1.334232379034688 ], [ 110.901324229660091, 1.334105872100097 ], [ 110.901518699479027, 1.339943085448795 ], [ 110.917223142117621, 1.334232379034688 ], [ 110.924961705732386, 1.333798891891365 ], [ 110.939696755751484, 1.319984782498466 ], [ 110.930794329698287, 1.308626514775415 ], [ 110.936703698714979, 1.303753203959048 ], [ 110.931485035166546, 1.282571569556584 ], [ 110.938638291170093, 1.282836021308867 ], [ 110.957578352908712, 1.293929837279645 ], [ 110.967191823240057, 1.271414608480882 ], [ 110.964336470033061, 1.255710165842288 ], [ 110.956657412282539, 1.251873548683448 ], [ 110.956350432073805, 1.246347904926283 ], [ 110.951745728942839, 1.242971122630238 ], [ 110.963103996665893, 1.234989637203223 ], [ 110.962183056039706, 1.211352161130907 ], [ 110.956043451865071, 1.208282359043594 ], [ 110.934355261359656, 1.197175425098976 ], [ 110.918650818721062, 1.188609365477873 ], [ 110.900249798929451, 1.196425248484199 ], [ 110.878454204109545, 1.189364703683383 ], [ 110.854405371563644, 1.214307544340954 ], [ 110.848694665149765, 1.228584310375936 ], [ 110.836858385826631, 1.22696977925294 ], [ 110.823351256642468, 1.220830175078318 ], [ 110.815369771215458, 1.214076610486233 ], [ 110.802476602448749, 1.205481164641763 ], [ 110.785876894595788, 1.190037042081485 ], [ 110.7674808586534, 1.176625025021039 ], [ 110.757894433167223, 1.170049569632397 ], [ 110.747296909927712, 1.172979635039489 ], [ 110.737906960718192, 1.180043305856941 ], [ 110.727913224493705, 1.198603101702361 ], [ 110.713636458458723, 1.204313808116467 ], [ 110.696568430436486, 1.209164927146536 ], [ 110.682227573181876, 1.224301280565328 ], [ 110.670806160353777, 1.237150369996868 ], [ 110.653769219552146, 1.255519808961822 ] ] ] ] } },
{ "type": "Feature", "properties": { "Id": 35, "NEGERI": "SARAWAK", "KODPAR": "P.201", "PARLIMEN": "BATANG LUPAR", "KODDUN": "N.35", "NAMADUN": "SEBUYAU", "KODUNIK": "P.201_N.35", "BILANGAN_P": 14298, "PERATUS_EQ": 69.47 }, "geometry": { "type": "MultiPolygon", "coordinates": [ [ [ [ 111.078440000000171, 1.397359700000152 ], [ 111.085018573152524, 1.397091282578003 ], [ 111.085076793790847, 1.396725497709048 ], [ 111.078440000000171, 1.397359700000152 ] ] ], [ [ [ 110.743013600000324, 1.511820899999861 ], [ 110.76498630000043, 1.510791299999937 ], [ 110.76738950000032, 1.522803400000328 ], [ 110.768419500000277, 1.537389400000336 ], [ 110.766874600000335, 1.545454600000426 ], [ 110.76653870000024, 1.550222400000393 ], [ 110.766016300000388, 1.557638100000418 ], [ 110.768419500000277, 1.563644 ], [ 110.769378592583223, 1.56524194443665 ], [ 110.773598875805817, 1.565515988801621 ], [ 110.780737258823308, 1.579792754836603 ], [ 110.793586348254905, 1.584075784647041 ], [ 110.815001497307378, 1.572654371819112 ], [ 110.849265735791221, 1.558377605784131 ], [ 110.857831795412324, 1.546956192956202 ], [ 110.869253208240252, 1.538390133335099 ], [ 110.881255190151649, 1.533968350525868 ], [ 110.882402700000227, 1.533442600000058 ], [ 110.883400512074616, 1.533177968764733 ], [ 110.896379063706775, 1.528396397110555 ], [ 110.90409771660444, 1.528396397110555 ], [ 110.912615100000323, 1.525892200000271 ], [ 110.923773100000403, 1.525549000000296 ], [ 110.931288400000312, 1.523596900000257 ], [ 110.940804300000366, 1.521125100000177 ], [ 110.993467600000145, 1.486252200000138 ], [ 111.010272100000407, 1.466457100000241 ], [ 111.021105100000398, 1.442321200000208 ], [ 111.029173100000378, 1.43185310000041 ], [ 111.039129500000286, 1.421385000000271 ], [ 111.049772500000358, 1.411946600000192 ], [ 111.058698900000309, 1.40525380000031 ], [ 111.070886900000346, 1.399933899999951 ], [ 111.078440000000171, 1.397359700000152 ], [ 111.093186860117029, 1.361120130468433 ], [ 111.065251661122502, 1.3795389429923 ], [ 111.056042254860571, 1.374627259652602 ], [ 111.049902650685951, 1.374320279443871 ], [ 111.038851363171631, 1.376469140904989 ], [ 111.037930422545429, 1.387520428419308 ], [ 111.033632699623197, 1.389976270089157 ], [ 111.025958194404922, 1.381687804453417 ], [ 111.015827847516789, 1.392739091967737 ], [ 111.00753938188106, 1.394273993011393 ], [ 110.99986487666277, 1.400720577394746 ], [ 110.993111312070695, 1.39642285447251 ], [ 110.98052512351272, 1.403176419064594 ], [ 110.970701756833321, 1.403790379482057 ], [ 110.951822473996287, 1.392278621654643 ], [ 110.944920068225429, 1.40133317939916 ], [ 110.939236285438312, 1.40240896854277 ], [ 110.932175740637504, 1.384604116436366 ], [ 110.928031507819696, 1.372785378400216 ], [ 110.924501235419228, 1.359124759111684 ], [ 110.924961705732386, 1.333798891891365 ], [ 110.917223142117621, 1.334232379034688 ], [ 110.901518699479027, 1.339943085448795 ], [ 110.901324229660091, 1.334105872100097 ], [ 110.882958903633607, 1.334232379034688 ], [ 110.884774949850268, 1.329608049493027 ], [ 110.864399107788188, 1.32994934922425 ], [ 110.850365515010736, 1.367873695060518 ], [ 110.854212360750907, 1.377217405163749 ], [ 110.850122341753206, 1.394194796381669 ], [ 110.820141133079801, 1.415609945434142 ], [ 110.802639685684085, 1.421422555221028 ], [ 110.783021541388734, 1.424176005055074 ], [ 110.781593864785293, 1.444163477504105 ], [ 110.714229385569524, 1.44306465993657 ], [ 110.695350102732561, 1.447669363067537 ], [ 110.735908213473351, 1.471289332970628 ], [ 110.739699149763112, 1.490512288448595 ], [ 110.743013600000324, 1.511820899999861 ] ] ] ] } },
{ "type": "Feature", "properties": { "Id": 36, "NEGERI": "SARAWAK", "KODPAR": "P.201", "PARLIMEN": "BATANG LUPAR", "KODDUN": "N.36", "NAMADUN": "LINGGA", "KODUNIK": "P.201_N.36", "BILANGAN_P": 15711, "PERATUS_EQ": 76.33 }, "geometry": { "type": "MultiPolygon", "coordinates": [ [ [ [ 111.085076793790847, 1.396725497709048 ], [ 111.101785900000039, 1.395128800000123 ], [ 111.113802200000237, 1.424474 ], [ 111.099726000000146, 1.42962220000021 ], [ 111.087538000000109, 1.434427300000038 ], [ 111.070371900000168, 1.441978000000233 ], [ 111.059042200000135, 1.454505300000051 ], [ 111.053034100000048, 1.477328700000214 ], [ 111.045137600000032, 1.491057100000148 ], [ 111.03140470000011, 1.512850600000149 ], [ 111.009775400000137, 1.523833000000252 ], [ 110.998617400000285, 1.521430600000258 ], [ 110.995527500000264, 1.524347800000385 ], [ 110.998960700000282, 1.5343006 ], [ 110.99981900000023, 1.542194200000324 ], [ 110.997759100000337, 1.552833300000259 ], [ 110.995527500000264, 1.562271200000055 ], [ 110.99432590000032, 1.572910300000331 ], [ 110.997759100000337, 1.578572900000268 ], [ 111.000334000000407, 1.582519599999955 ], [ 111.00256560000031, 1.589555100000325 ], [ 111.007372100000282, 1.609803200000385 ], [ 111.012693600000375, 1.636914800000056 ], [ 111.016641900000195, 1.650127300000293 ], [ 111.021963400000345, 1.657505700000229 ], [ 111.027628200000265, 1.666428300000234 ], [ 111.03483800000032, 1.673978200000363 ], [ 111.041189400000349, 1.677753100000416 ], [ 111.04460562355564, 1.679318216134334 ], [ 111.063536199366013, 1.667749530916922 ], [ 111.090662054832535, 1.63491296903652 ], [ 111.10208346766052, 1.619208526397927 ], [ 111.114932557092061, 1.619208526397927 ], [ 111.183461034059917, 1.536403283395032 ], [ 111.212014566129881, 1.495000661893698 ], [ 111.226186035548523, 1.476890041683534 ], [ 111.233429715182353, 1.476440866048108 ], [ 111.249134157820777, 1.466447129823734 ], [ 111.266980115364504, 1.457167231900939 ], [ 111.284826072908231, 1.447887333978144 ], [ 111.305527383659012, 1.44360430416765 ], [ 111.326228694409735, 1.439321274357212 ], [ 111.352047921128346, 1.432991871834948 ], [ 111.352661881545814, 1.422861524946813 ], [ 111.391901818170595, 1.416478448701298 ], [ 111.443298175896643, 1.402201682666316 ], [ 111.458186328298012, 1.398111245620534 ], [ 111.452472097005497, 1.388087957883425 ], [ 111.4582630733494, 1.384795979064124 ], [ 111.466167813725022, 1.379078472679206 ], [ 111.467702714768677, 1.370483026834735 ], [ 111.477562414380486, 1.36508209097525 ], [ 111.496122210225906, 1.35223300154388 ], [ 111.494103012719549, 1.344389709092591 ], [ 111.483051725205229, 1.337022184083044 ], [ 111.474149299152032, 1.331189560117154 ], [ 111.471693457482189, 1.320445252811565 ], [ 111.471693457482189, 1.295272875695615 ], [ 111.472307417899643, 1.266416736074891 ], [ 111.480442393431034, 1.257207329812958 ], [ 111.474707061173433, 1.250867962695395 ], [ 111.464172442368294, 1.238481537080361 ], [ 111.45764911293206, 1.243892063256432 ], [ 111.447288530888073, 1.252756116786357 ], [ 111.440534966295999, 1.239248987602189 ], [ 111.421883026844171, 1.225169783832484 ], [ 111.407606260809189, 1.246584932884957 ], [ 111.39510189540394, 1.247690943342294 ], [ 111.379752884967388, 1.258742230856613 ], [ 111.367166696409413, 1.257514310021689 ], [ 111.357637579686752, 1.266572405333989 ], [ 111.358878230773669, 1.273170300666975 ], [ 111.373306300584034, 1.277775003797942 ], [ 111.377297043297546, 1.304789262166279 ], [ 111.367703911773802, 1.312962610220989 ], [ 111.355808428686359, 1.310928866340901 ], [ 111.372385359957846, 1.319524312185372 ], [ 111.372922575322235, 1.327083699822631 ], [ 111.375378416992078, 1.337214046710766 ], [ 111.403083380830978, 1.340091986170356 ], [ 111.392032093316658, 1.354827036189449 ], [ 111.385278528724569, 1.341319907005281 ], [ 111.380059865176136, 1.343468768466398 ], [ 111.382822687054727, 1.360966640364071 ], [ 111.331863972405358, 1.337329164291776 ], [ 111.319277783847383, 1.335180302830659 ], [ 111.318049863012462, 1.322287134063952 ], [ 111.300858971323521, 1.328733718447306 ], [ 111.310068377585452, 1.342547827840205 ], [ 111.303621793202097, 1.35789683827676 ], [ 111.292877485896511, 1.345617629927516 ], [ 111.275072633790103, 1.341933867422743 ], [ 111.270160950450403, 1.3661853039125 ], [ 111.259723623353551, 1.388594859149871 ], [ 111.247706481217335, 1.393635623045213 ], [ 111.237314068116163, 1.387980898732408 ], [ 111.220580625750813, 1.389352593234776 ], [ 111.220430156635956, 1.375701690383164 ], [ 111.212448671208946, 1.362194561198995 ], [ 111.20999282953909, 1.347459511179903 ], [ 111.190599417077408, 1.34652229512983 ], [ 111.172039621231988, 1.35223300154388 ], [ 111.170699362821509, 1.342547827840205 ], [ 111.180215749292174, 1.344389709092592 ], [ 111.184820452423139, 1.337943124709238 ], [ 111.174997085743755, 1.33548728303939 ], [ 111.170611944628376, 1.325107146077357 ], [ 111.159955055515923, 1.315533569471868 ], [ 111.152817765661865, 1.320944095648004 ], [ 111.132250091676866, 1.334451224832184 ], [ 111.10779417407457, 1.350805324940268 ], [ 111.093186860117029, 1.361120130468433 ], [ 111.078440000000171, 1.397359700000152 ], [ 111.085076793790847, 1.396725497709048 ] ] ] ] } },
{ "type": "Feature", "properties": { "Id": 37, "NEGERI": "SARAWAK", "KODPAR": "P.201", "PARLIMEN": "BATANG LUPAR", "KODDUN": "N.37", "NAMADUN": "BETING MARO", "KODUNIK": "P.201_N.37", "BILANGAN_P": 16063, "PERATUS_EQ": 78.04 }, "geometry": { "type": "MultiPolygon", "coordinates": [ [ [ [ 111.183461034059917, 1.536403283395032 ], [ 111.114932557092061, 1.619208526397927 ], [ 111.10208346766052, 1.619208526397927 ], [ 111.090662054832535, 1.63491296903652 ], [ 111.063536199366013, 1.667749530916922 ], [ 111.04460562355564, 1.679318216134334 ], [ 111.071879900000056, 1.675002700000221 ], [ 111.099897600000133, 1.683758700000112 ], [ 111.118608700000152, 1.680498500000169 ], [ 111.126505100000202, 1.677753100000245 ], [ 111.139718, 1.677909999999883 ], [ 111.143499600000155, 1.697828800000252 ], [ 111.131655000000137, 1.699029900000141 ], [ 111.125224600000081, 1.700901800000111 ], [ 111.118952000000149, 1.706236500000102 ], [ 111.111742300000117, 1.716703200000154 ], [ 111.108725900000138, 1.726592100000175 ], [ 111.109339, 1.732145699999933 ], [ 111.103674200000114, 1.739009 ], [ 111.08969395232009, 1.752701457096066 ], [ 111.085597100000086, 1.757269100000144 ], [ 111.09336869172671, 1.777174993922529 ], [ 111.107231204664998, 1.771591042065643 ], [ 111.146524671382608, 1.736288318061536 ], [ 111.152894510714859, 1.731952222615609 ], [ 111.161182976350602, 1.720900935101289 ], [ 111.177145947204622, 1.715989251761591 ], [ 111.196161407178636, 1.70579116374762 ], [ 111.212448671208691, 1.701254201742498 ], [ 111.215902198555895, 1.696994851343921 ], [ 111.228718622271444, 1.690202914228178 ], [ 111.268012088989025, 1.685598211097212 ], [ 111.274151693163645, 1.676081824626548 ], [ 111.330363007907351, 1.670099248660165 ], [ 111.380331689029788, 1.664388542246058 ], [ 111.396636796447353, 1.662574695442379 ], [ 111.400934519369585, 1.653058308971715 ], [ 111.407150868595565, 1.64726405752944 ], [ 111.418878957324239, 1.644401069797198 ], [ 111.427027837111751, 1.639244199578815 ], [ 111.427445016945342, 1.624413597348166 ], [ 111.420888232937145, 1.611615980793015 ], [ 111.413367217823236, 1.607625238079511 ], [ 111.405846202709313, 1.598108851608847 ], [ 111.399783343585995, 1.603365887680855 ], [ 111.38619946935053, 1.594732069312805 ], [ 111.372999320375087, 1.594425089104073 ], [ 111.37023649849651, 1.588285484929451 ], [ 111.359799171399658, 1.579997019293711 ], [ 111.336468675536096, 1.580610979711174 ], [ 111.343836200545638, 1.572936474492896 ], [ 111.318941595079593, 1.568734209811851 ], [ 111.317435902594767, 1.561271226561114 ], [ 111.300245010905826, 1.56556894948335 ], [ 111.297789169235969, 1.553596721342837 ], [ 111.261258524396979, 1.55175484009045 ], [ 111.223192978514319, 1.541931473411055 ], [ 111.183461034059917, 1.536403283395032 ] ] ] ] } },
{ "type": "Feature", "properties": { "Id": 38, "NEGERI": "SARAWAK", "KODPAR": "P.202", "PARLIMEN": "SRI AMAN", "KODDUN": "N.38", "NAMADUN": "BALAI RINGIN", "KODUNIK": "P.202_N.38", "BILANGAN_P": 16687, "PERATUS_EQ": 81.07 }, "geometry": { "type": "MultiPolygon", "coordinates": [ [ [ [ 110.799297054668614, 0.941621313072687 ], [ 110.763605139581159, 0.974457874953146 ], [ 110.740762313925245, 1.005866760230106 ], [ 110.723966414064151, 1.03146175881433 ], [ 110.720589631768107, 1.043127006746122 ], [ 110.708617403627585, 1.056020175512839 ], [ 110.713836067176018, 1.060624878643809 ], [ 110.72934090109726, 1.045841705128055 ], [ 110.73647928411475, 1.050124734938663 ], [ 110.733623930907754, 1.082961296819121 ], [ 110.725057871286822, 1.082961296819121 ], [ 110.713636458458723, 1.07582291380163 ], [ 110.713636458458723, 1.091527356439997 ], [ 110.726038530474725, 1.108014948369637 ], [ 110.747900696942736, 1.125791594924067 ], [ 110.767888169391767, 1.148634420579924 ], [ 110.765032816184714, 1.162911186614906 ], [ 110.757894433167223, 1.170049569632397 ], [ 110.7674808586534, 1.176625025021039 ], [ 110.785876894595788, 1.190037042081485 ], [ 110.802476602448749, 1.205481164641763 ], [ 110.815369771215458, 1.214076610486233 ], [ 110.823351256642468, 1.220830175078318 ], [ 110.836858385826631, 1.22696977925294 ], [ 110.848694665149765, 1.228584310375936 ], [ 110.854405371563644, 1.214307544340954 ], [ 110.878454204109545, 1.189364703683383 ], [ 110.900249798929451, 1.196425248484199 ], [ 110.918650818721062, 1.188609365477873 ], [ 110.934355261359656, 1.197175425098976 ], [ 110.956043451865071, 1.208282359043594 ], [ 110.962183056039706, 1.211352161130907 ], [ 110.963103996665893, 1.234989637203223 ], [ 110.951745728942839, 1.242971122630238 ], [ 110.956350432073805, 1.246347904926283 ], [ 110.956657412282539, 1.251873548683448 ], [ 110.964336470033061, 1.255710165842288 ], [ 110.967191823240057, 1.271414608480882 ], [ 110.957578352908712, 1.293929837279645 ], [ 110.938638291170093, 1.282836021308867 ], [ 110.931485035166546, 1.282571569556584 ], [ 110.936703698714979, 1.303753203959048 ], [ 110.930794329698287, 1.308626514775415 ], [ 110.939696755751484, 1.319984782498466 ], [ 110.924961705732386, 1.333798891891365 ], [ 110.924501235419228, 1.359124759111684 ], [ 110.928031507819696, 1.372785378400216 ], [ 110.932175740637504, 1.384604116436366 ], [ 110.939236285438312, 1.40240896854277 ], [ 110.944920068225429, 1.40133317939916 ], [ 110.951822473996287, 1.392278621654643 ], [ 110.970701756833321, 1.403790379482057 ], [ 110.98052512351272, 1.403176419064594 ], [ 110.993111312070695, 1.39642285447251 ], [ 110.99986487666277, 1.400720577394746 ], [ 111.00753938188106, 1.394273993011393 ], [ 111.015827847516789, 1.392739091967737 ], [ 111.025958194404922, 1.381687804453417 ], [ 111.033632699623197, 1.389976270089157 ], [ 111.037930422545429, 1.387520428419308 ], [ 111.038851363171631, 1.376469140904989 ], [ 111.049902650685951, 1.374320279443871 ], [ 111.056042254860571, 1.374627259652602 ], [ 111.065251661122502, 1.3795389429923 ], [ 111.093186860117029, 1.361120130468433 ], [ 111.099479954395946, 1.350222333058483 ], [ 111.103163716900724, 1.334873322621928 ], [ 111.109533556230687, 1.320944095648004 ], [ 111.112680103371389, 1.314919609054406 ], [ 111.123654645832346, 1.314804491473378 ], [ 111.128950054434128, 1.310621886132171 ], [ 111.126494212764285, 1.304175301748818 ], [ 111.135396638817483, 1.27685406317175 ], [ 111.128950054434128, 1.267951637118548 ], [ 111.120354608589665, 1.273477280875707 ], [ 111.111849172205268, 1.26981442095439 ], [ 111.111849172205268, 1.262676037936899 ], [ 111.121582529424586, 1.262425993361388 ], [ 111.1318366446543, 1.248399271901917 ], [ 111.135089658608749, 1.241551339167672 ], [ 111.15197357008897, 1.24093737875021 ], [ 111.155657332593734, 1.237867576662899 ], [ 111.155350352385, 1.21883480372157 ], [ 111.158727134681044, 1.188443763057191 ], [ 111.15811317426359, 1.169717970324594 ], [ 111.175611046161265, 1.185066980761149 ], [ 111.186088355587174, 1.184153824744499 ], [ 111.181366925073831, 1.18004017984031 ], [ 111.181805325776736, 1.175587765123396 ], [ 111.167528559741754, 1.168449382105905 ], [ 111.161817853327705, 1.15988332248503 ], [ 111.166100883138313, 1.147034233053432 ], [ 111.159034114889792, 1.131652424441937 ], [ 111.168243521151723, 1.118145295257768 ], [ 111.178949972569683, 1.114197671173031 ], [ 111.186355353466851, 1.118145295257768 ], [ 111.184660678983789, 1.10705928815554 ], [ 111.173239266155804, 1.095637875327611 ], [ 111.178949972569683, 1.08849949231012 ], [ 111.194643819102595, 1.093279898350549 ], [ 111.203220474829209, 1.077078079482135 ], [ 111.190371385397668, 1.064228990050594 ], [ 111.158962500120822, 1.058518283636715 ], [ 111.134691997861353, 1.052807577222666 ], [ 111.111849172205268, 1.052807577222666 ], [ 111.071874227307319, 1.057090607033103 ], [ 111.043320695237355, 1.044241517601733 ], [ 111.017622516374445, 1.032820104773577 ], [ 110.98193060128699, 1.032820104773577 ], [ 110.954804745820468, 1.029964751566752 ], [ 110.933389596767995, 1.031392428170193 ], [ 110.899125358284152, 1.032820104773577 ], [ 110.883420915645559, 1.017115662135211 ], [ 110.881993239042117, 0.995700513082738 ], [ 110.870571826214189, 0.981423747047756 ], [ 110.862005766593086, 0.978568393840703 ], [ 110.849156677161716, 0.96286395120228 ], [ 110.844873647351221, 0.955725568184789 ], [ 110.82488617490219, 0.95715324478823 ], [ 110.799297054668614, 0.941621313072687 ] ] ] ] } },
{ "type": "Feature", "properties": { "Id": 39, "NEGERI": "SARAWAK", "KODPAR": "P.202", "PARLIMEN": "SRI AMAN", "KODDUN": "N.39", "NAMADUN": "BUKIT BEGUNAN", "KODUNIK": "P.202_N.39", "BILANGAN_P": 13252, "PERATUS_EQ": 64.39 }, "geometry": { "type": "MultiPolygon", "coordinates": [ [ [ [ 111.093186860117029, 1.361120130468433 ], [ 111.10779417407457, 1.350805324940268 ], [ 111.132250091676866, 1.334451224832184 ], [ 111.152817765661865, 1.320944095648004 ], [ 111.159955055515923, 1.315533569471868 ], [ 111.170611944628376, 1.325107146077357 ], [ 111.174997085743755, 1.33548728303939 ], [ 111.184820452423139, 1.337943124709238 ], [ 111.180215749292174, 1.344389709092592 ], [ 111.170699362821509, 1.342547827840205 ], [ 111.172039621231988, 1.35223300154388 ], [ 111.190599417077408, 1.34652229512983 ], [ 111.20999282953909, 1.347459511179903 ], [ 111.212448671208946, 1.362194561198995 ], [ 111.220430156635956, 1.375701690383164 ], [ 111.220580625750813, 1.389352593234776 ], [ 111.237314068116163, 1.387980898732408 ], [ 111.247706481217335, 1.393635623045213 ], [ 111.259723623353551, 1.388594859149871 ], [ 111.270160950450403, 1.3661853039125 ], [ 111.275072633790103, 1.341933867422743 ], [ 111.292877485896511, 1.345617629927516 ], [ 111.303621793202097, 1.35789683827676 ], [ 111.310068377585452, 1.342547827840205 ], [ 111.300858971323521, 1.328733718447306 ], [ 111.318049863012462, 1.322287134063952 ], [ 111.319277783847383, 1.335180302830659 ], [ 111.331863972405358, 1.337329164291776 ], [ 111.382822687054727, 1.360966640364071 ], [ 111.380059865176136, 1.343468768466398 ], [ 111.385278528724569, 1.341319907005281 ], [ 111.392032093316658, 1.354827036189449 ], [ 111.403083380830978, 1.340091986170356 ], [ 111.375378416992078, 1.337214046710766 ], [ 111.372922575322235, 1.327083699822631 ], [ 111.372385359957846, 1.319524312185372 ], [ 111.355808428686359, 1.310928866340901 ], [ 111.367703911773802, 1.312962610220989 ], [ 111.377297043297546, 1.304789262166279 ], [ 111.373306300584034, 1.277775003797942 ], [ 111.358878230773669, 1.273170300666975 ], [ 111.357637579686752, 1.266572405333989 ], [ 111.367166696409413, 1.257514310021689 ], [ 111.379752884967388, 1.258742230856613 ], [ 111.39510189540394, 1.247690943342294 ], [ 111.407606260809189, 1.246584932884957 ], [ 111.421883026844171, 1.225169783832484 ], [ 111.436804230234884, 1.209594228665253 ], [ 111.448516451723208, 1.193662426605619 ], [ 111.453658370218534, 1.189249586102249 ], [ 111.463251501742306, 1.183225099508762 ], [ 111.465016637941588, 1.176356417335532 ], [ 111.481062204943271, 1.162480900749699 ], [ 111.488040153596472, 1.157323644394188 ], [ 111.495791403867813, 1.152834058844383 ], [ 111.493335562197956, 1.137178068199097 ], [ 111.497019324702734, 1.136564107781635 ], [ 111.483917558150267, 1.105373836609772 ], [ 111.48677291135732, 1.073964951332925 ], [ 111.493911294374811, 1.04398374265935 ], [ 111.493911294374811, 1.019713240399881 ], [ 111.478206851736388, 1.032562329831421 ], [ 111.462502409097794, 1.039700712848912 ], [ 111.441087260045322, 1.026851623417372 ], [ 111.423955140803344, 1.009719504175507 ], [ 111.388263225715889, 1.014002533985945 ], [ 111.366848076663416, 1.03113465322798 ], [ 111.33543919138657, 1.045411419262962 ], [ 111.309741012523489, 1.048266772469844 ], [ 111.289753540074628, 1.053977478883894 ], [ 111.274049097436034, 1.063971215108381 ], [ 111.262627684608049, 1.068254244918876 ], [ 111.241212535555576, 1.068254244918876 ], [ 111.239784858952191, 1.076820304539808 ], [ 111.228363446124206, 1.085386364160854 ], [ 111.203220474829209, 1.077078079482135 ], [ 111.194643819102595, 1.093279898350549 ], [ 111.178949972569683, 1.08849949231012 ], [ 111.173239266155804, 1.095637875327611 ], [ 111.184660678983789, 1.10705928815554 ], [ 111.186355353466851, 1.118145295257768 ], [ 111.178949972569683, 1.114197671173031 ], [ 111.168243521151723, 1.118145295257768 ], [ 111.159034114889792, 1.131652424441937 ], [ 111.166100883138313, 1.147034233053432 ], [ 111.161817853327705, 1.15988332248503 ], [ 111.167528559741754, 1.168449382105905 ], [ 111.181805325776736, 1.175587765123396 ], [ 111.181366925073831, 1.18004017984031 ], [ 111.186088355587174, 1.184153824744499 ], [ 111.175611046161265, 1.185066980761149 ], [ 111.15811317426359, 1.169717970324594 ], [ 111.158727134681044, 1.188443763057191 ], [ 111.155350352385, 1.21883480372157 ], [ 111.155657332593734, 1.237867576662899 ], [ 111.15197357008897, 1.24093737875021 ], [ 111.135089658608749, 1.241551339167672 ], [ 111.1318366446543, 1.248399271901917 ], [ 111.121582529424586, 1.262425993361388 ], [ 111.111849172205268, 1.262676037936899 ], [ 111.111849172205268, 1.26981442095439 ], [ 111.120354608589665, 1.273477280875707 ], [ 111.128950054434128, 1.267951637118548 ], [ 111.135396638817483, 1.27685406317175 ], [ 111.126494212764285, 1.304175301748818 ], [ 111.128950054434128, 1.310621886132171 ], [ 111.123654645832346, 1.314804491473378 ], [ 111.112680103371389, 1.314919609054406 ], [ 111.109533556230687, 1.320944095648004 ], [ 111.103163716900724, 1.334873322621928 ], [ 111.099479954395946, 1.350222333058483 ], [ 111.093186860117029, 1.361120130468433 ] ] ] ] } },
{ "type": "Feature", "properties": { "Id": 40, "NEGERI": "SARAWAK", "KODPAR": "P.202", "PARLIMEN": "SRI AMAN", "KODDUN": "N.40", "NAMADUN": "SIMANGGANG", "KODUNIK": "P.202_N.40", "BILANGAN_P": 21533, "PERATUS_EQ": 104.62 }, "geometry": { "type": "MultiPolygon", "coordinates": [ [ [ [ 111.421883026844171, 1.225169783832484 ], [ 111.440534966295999, 1.239248987602189 ], [ 111.447288530888073, 1.252756116786357 ], [ 111.45764911293206, 1.243892063256432 ], [ 111.464172442368294, 1.238481537080361 ], [ 111.474707061173433, 1.250867962695395 ], [ 111.480442393431034, 1.257207329812958 ], [ 111.495576917078949, 1.252186580669502 ], [ 111.50271530009644, 1.245048197652011 ], [ 111.494149240475338, 1.227916078410033 ], [ 111.495576917078949, 1.205073252754119 ], [ 111.514136712924369, 1.187941133512084 ], [ 111.541147729706921, 1.173900575665679 ], [ 111.548438509665104, 1.170178440637692 ], [ 111.549512940395658, 1.163424876045607 ], [ 111.566396851875879, 1.154061979679309 ], [ 111.576987669077099, 1.162196955210683 ], [ 111.580364451373143, 1.162503935419414 ], [ 111.5964961787259, 1.158128108054842 ], [ 111.603925182392473, 1.150109609488995 ], [ 111.604922868071597, 1.133954776007422 ], [ 111.60550801554831, 1.1408278055967 ], [ 111.619811408195062, 1.149917746861439 ], [ 111.610832237088943, 1.15609572355926 ], [ 111.625260306899321, 1.155481763141797 ], [ 111.633011557170491, 1.154215469783674 ], [ 111.64329539416299, 1.16127601458449 ], [ 111.633011557170491, 1.143010692164989 ], [ 111.613595058967519, 1.136448990200453 ], [ 111.60377169228812, 1.130309386025826 ], [ 111.612290393081167, 1.125512820267316 ], [ 111.607378709741482, 1.12090811713635 ], [ 111.604922868071625, 1.115535963483556 ], [ 111.60829965036767, 1.112312671291879 ], [ 111.604308907654143, 1.103103265029945 ], [ 111.609791045358804, 1.096569830888313 ], [ 111.625567287108055, 1.089787998473285 ], [ 111.644055283842647, 1.076582358439282 ], [ 111.65262134346375, 1.070871652025232 ], [ 111.655476696670746, 1.056594885990251 ], [ 111.655476696670746, 1.043745796558824 ], [ 111.636916900825156, 1.032324383730895 ], [ 111.606935692151751, 1.018047617695913 ], [ 111.585520543099278, 1.01519226448886 ], [ 111.572671453667738, 1.000915498453878 ], [ 111.568388423857243, 0.975217319590968 ], [ 111.549828628011824, 0.990921762229391 ], [ 111.541262568390891, 0.985211055815341 ], [ 111.541262568390891, 0.972361966383914 ], [ 111.536979538580283, 0.950946817331442 ], [ 111.511281359717316, 0.963795906762869 ], [ 111.508426006510319, 1.00234317505732 ], [ 111.493911294374811, 1.019713240399881 ], [ 111.493911294374811, 1.04398374265935 ], [ 111.48677291135732, 1.073964951332925 ], [ 111.483917558150267, 1.105373836609772 ], [ 111.497019324702734, 1.136564107781635 ], [ 111.493335562197956, 1.137178068199097 ], [ 111.495791403867813, 1.152834058844383 ], [ 111.488040153596472, 1.157323644394188 ], [ 111.481062204943271, 1.162480900749699 ], [ 111.465016637941588, 1.176356417335532 ], [ 111.463251501742306, 1.183225099508762 ], [ 111.453658370218534, 1.189249586102249 ], [ 111.448516451723208, 1.193662426605619 ], [ 111.436804230234884, 1.209594228665253 ], [ 111.421883026844171, 1.225169783832484 ] ] ] ] } },
{ "type": "Feature", "properties": { "Id": 41, "NEGERI": "SARAWAK", "KODPAR": "P.203", "PARLIMEN": "LUBOK ANTU", "KODDUN": "N.41", "NAMADUN": "ENGKILILI", "KODUNIK": "P.203_N.41", "BILANGAN_P": 13477, "PERATUS_EQ": 65.48 }, "geometry": { "type": "MultiPolygon", "coordinates": [ [ [ [ 111.495576917078949, 1.252186580669502 ], [ 111.517126528374448, 1.254597998038745 ], [ 111.525414994010205, 1.249072354281581 ], [ 111.531554598184826, 1.24446765115061 ], [ 111.534624400272136, 1.23771408655852 ], [ 111.542912865907851, 1.22819770008787 ], [ 111.552429252378559, 1.233723343845012 ], [ 111.554885094048416, 1.238328046975983 ], [ 111.555192074257135, 1.242932750106953 ], [ 111.553964153422214, 1.248458393864118 ], [ 111.555192074257135, 1.257053839708596 ], [ 111.55365717321348, 1.260737602213372 ], [ 111.548438509665047, 1.269947008475313 ], [ 111.545368707577737, 1.274244731397552 ], [ 111.546596628412658, 1.276700573067403 ], [ 111.551508311752372, 1.279156414737254 ], [ 111.559489797179381, 1.279463394945986 ], [ 111.56624336177147, 1.27823547411106 ], [ 111.567778262815125, 1.272402850145164 ], [ 111.583817978720532, 1.262003895571579 ], [ 111.586580800599123, 1.259241073692997 ], [ 111.594025070661559, 1.255518938664938 ], [ 111.599857694627445, 1.262425993361388 ], [ 111.607532199845735, 1.263346933987581 ], [ 111.612290393081054, 1.267491166805451 ], [ 111.615513685272731, 1.276240102754288 ], [ 111.615513685272745, 1.280077355363427 ], [ 111.608990355836511, 1.282264589347849 ], [ 111.616434625898933, 1.288979781416629 ], [ 111.613364823811622, 1.294351935069423 ], [ 111.608453140471923, 1.298496167887293 ], [ 111.618890467568789, 1.301258989765873 ], [ 111.619504427986243, 1.305403222583743 ], [ 111.630095245187476, 1.312003297071461 ], [ 111.617892781889708, 1.314190531055911 ], [ 111.622881210282287, 1.319370822081008 ], [ 111.622574230073553, 1.322440624168319 ], [ 111.616741606107666, 1.327045327299285 ], [ 111.620425368612445, 1.33103607001279 ], [ 111.621269564185766, 1.336600086293301 ], [ 111.625874267316732, 1.332302363371062 ], [ 111.630785950656431, 1.330767462327405 ], [ 111.63753951524852, 1.331381422744867 ], [ 111.64030233712711, 1.333837264414718 ], [ 111.642067473328041, 1.347306021075538 ], [ 111.630095245187533, 1.362041071094631 ], [ 111.646672176458978, 1.352524684623966 ], [ 111.651276879589943, 1.366338794016866 ], [ 111.64605821604151, 1.370943497147832 ], [ 111.649128018128835, 1.379231962783572 ], [ 111.64605821604151, 1.388441369045506 ], [ 111.648338313653255, 1.392713581905412 ], [ 111.654049020067134, 1.401279641526514 ], [ 111.655476696670746, 1.418411760768549 ], [ 111.658951384808219, 1.432953499311515 ], [ 111.674300395244785, 1.441548945155986 ], [ 111.671181139309169, 1.465525088683933 ], [ 111.676142276497146, 1.473474886864021 ], [ 111.688313258551204, 1.462669735476936 ], [ 111.699549517412237, 1.461848011455697 ], [ 111.705445377793183, 1.455531352459445 ], [ 111.71267292133615, 1.473474886864021 ], [ 111.724031189059204, 1.483298253543416 ], [ 111.736854263070029, 1.4912232675469 ], [ 111.749510546383902, 1.493735580640274 ], [ 111.73907321928705, 1.499261224397434 ], [ 111.741137292880637, 1.512638416599373 ], [ 111.755414058915619, 1.531198212444792 ], [ 111.759697088726114, 1.549758008290212 ], [ 111.778256884571533, 1.566890127532247 ], [ 111.781973703457325, 1.579574921504103 ], [ 111.799672033624006, 1.589732953188332 ], [ 111.812518234225408, 1.59323554079272 ], [ 111.822341600904807, 1.585254055365705 ], [ 111.833392888419141, 1.576658609521226 ], [ 111.849586094430265, 1.585215682842142 ], [ 111.861062127574371, 1.579739216963787 ], [ 111.866853731170877, 1.573895787642644 ], [ 111.88005388014632, 1.581263312652197 ], [ 111.884044622859832, 1.580649352234734 ], [ 111.890184227034453, 1.572360886598987 ], [ 111.919961307280971, 1.567449203259284 ], [ 111.943291803144945, 1.569598064720406 ], [ 111.960789675042633, 1.572667866807719 ], [ 111.967236259426002, 1.566528262633091 ], [ 111.983813190697489, 1.573588807433913 ], [ 111.995478438629291, 1.574509748060107 ], [ 111.995785418838068, 1.557625836579882 ], [ 112.010968170941737, 1.544047301876333 ], [ 112.01052046885718, 1.529383657376596 ], [ 112.016660073031801, 1.514648607357491 ], [ 112.026672613580104, 1.4912232675469 ], [ 112.015739132405614, 1.49193207191137 ], [ 112.009292548022259, 1.487020388571668 ], [ 112.000390121969048, 1.491625091702639 ], [ 111.985348091741216, 1.489476230241519 ], [ 111.979515467775315, 1.481187764605773 ], [ 111.973375863600694, 1.479345883353384 ], [ 111.969692101095916, 1.472285338552563 ], [ 111.958947793790315, 1.475662120848608 ], [ 111.948203486484715, 1.463996872916816 ], [ 111.936845218761661, 1.46491781354301 ], [ 111.930091654169573, 1.470443457300175 ], [ 111.915126368994351, 1.467949243106861 ], [ 111.907068138514717, 1.469215536465249 ], [ 111.898472692670225, 1.471978358343832 ], [ 111.888649325990812, 1.471978358343832 ], [ 111.880130625199016, 1.470098104567978 ], [ 111.87890270436408, 1.479921471247374 ], [ 111.869079337684695, 1.48176335249976 ], [ 111.862325773092607, 1.48176335249976 ], [ 111.85373032724813, 1.476851669160063 ], [ 111.84413719572477, 1.482722665649429 ], [ 111.846976762656055, 1.474395827490214 ], [ 111.845357684936005, 1.465525088683933 ], [ 111.837767356394124, 1.45382815350523 ], [ 111.833930103784965, 1.454749094131424 ], [ 111.832702182950044, 1.450297881104823 ], [ 111.826562578775423, 1.442316395677814 ], [ 111.82901842044528, 1.436023301398826 ], [ 111.823339286583746, 1.424818523780141 ], [ 111.813362429799994, 1.421288251379733 ], [ 111.813976390217448, 1.416069587831304 ], [ 111.811981018860735, 1.400413597186018 ], [ 111.801543691763868, 1.398571715933631 ], [ 111.799087850094025, 1.39550191384632 ], [ 111.802527386831059, 1.388430552094974 ], [ 111.797859929259104, 1.38414364612327 ], [ 111.801543691763868, 1.378924982574841 ], [ 111.796862243580136, 1.36576320612278 ], [ 111.803999533433739, 1.357436367963664 ], [ 111.795097107380542, 1.357129387754933 ], [ 111.790492404249576, 1.348533941910462 ], [ 111.783048134187226, 1.349186274851286 ], [ 111.770845670890779, 1.337482654396142 ], [ 111.764322341454601, 1.336600086293301 ], [ 111.761636264628834, 1.333491911682638 ], [ 111.755803640662947, 1.333798891891369 ], [ 111.754575719828011, 1.324282505420705 ], [ 111.749664036488326, 1.316914980411158 ], [ 111.763980118536551, 1.298486926074645 ], [ 111.759487403167711, 1.290514682460284 ], [ 111.746287254192282, 1.287444880372973 ], [ 111.74399264608752, 1.269933394004681 ], [ 111.746847999294516, 1.252801274762646 ], [ 111.738281939673641, 1.245662891745155 ], [ 111.736080162251312, 1.250338647639788 ], [ 111.730938243755716, 1.253063096995089 ], [ 111.725432850242044, 1.244235215141714 ], [ 111.717738094780287, 1.249993294907778 ], [ 111.724005173638659, 1.237096832124223 ], [ 111.739709616277025, 1.224247742692683 ], [ 111.758269412122502, 1.214254006468138 ], [ 111.769690824950601, 1.207115623450647 ], [ 111.786822944192465, 1.181417444587737 ], [ 111.776601549803857, 1.18310998192762 ], [ 111.744752353148641, 1.190439134413944 ], [ 111.74399264608752, 1.18427279779479 ], [ 111.738305768765287, 1.178773886482162 ], [ 111.708528688518371, 1.180308787525818 ], [ 111.699319282256425, 1.184606510448053 ], [ 111.692565717664351, 1.176625025021045 ], [ 111.680286509315096, 1.182457648986936 ], [ 111.67831952232666, 1.175706738173858 ], [ 111.680286509315096, 1.160662054167027 ], [ 111.690109875994494, 1.142243241643161 ], [ 111.687654034324652, 1.134875716633615 ], [ 111.679058588480203, 1.127201211415337 ], [ 111.662615079688237, 1.115744320826877 ], [ 111.656904373274187, 1.127165733654863 ], [ 111.661867696791262, 1.130577993711379 ], [ 111.649765990256697, 1.132876440068912 ], [ 111.645290765519732, 1.142243241643161 ], [ 111.633011557170491, 1.143010692164989 ], [ 111.64329539416299, 1.16127601458449 ], [ 111.633011557170491, 1.154215469783674 ], [ 111.625260306899321, 1.155481763141797 ], [ 111.610832237088943, 1.15609572355926 ], [ 111.619811408195062, 1.149917746861439 ], [ 111.60550801554831, 1.1408278055967 ], [ 111.604922868071597, 1.133954776007422 ], [ 111.603925182392473, 1.150109609488995 ], [ 111.5964961787259, 1.158128108054842 ], [ 111.580364451373143, 1.162503935419414 ], [ 111.576987669077099, 1.162196955210683 ], [ 111.566396851875879, 1.154061979679309 ], [ 111.549512940395658, 1.163424876045607 ], [ 111.548438509665104, 1.170178440637692 ], [ 111.541147729706921, 1.173900575665679 ], [ 111.514136712924369, 1.187941133512084 ], [ 111.495576917078949, 1.205073252754119 ], [ 111.494149240475338, 1.227916078410033 ], [ 111.50271530009644, 1.245048197652011 ], [ 111.495576917078949, 1.252186580669502 ] ] ] ] } },
{ "type": "Feature", "properties": { "Id": 42, "NEGERI": "SARAWAK", "KODPAR": "P.203", "PARLIMEN": "LUBOK ANTU", "KODDUN": "N.42", "NAMADUN": "BATANG AI", "KODUNIK": "P.203_N.42", "BILANGAN_P": 14981, "PERATUS_EQ": 72.79 }, "geometry": { "type": "MultiPolygon", "coordinates": [ [ [ [ 111.633011557170491, 1.143010692164989 ], [ 111.645290765519732, 1.142243241643161 ], [ 111.649765990256697, 1.132876440068912 ], [ 111.661867696791262, 1.130577993711379 ], [ 111.656904373274187, 1.127165733654863 ], [ 111.662615079688237, 1.115744320826877 ], [ 111.679058588480203, 1.127201211415337 ], [ 111.687654034324652, 1.134875716633615 ], [ 111.690109875994494, 1.142243241643161 ], [ 111.680286509315096, 1.160662054167027 ], [ 111.67831952232666, 1.175706738173858 ], [ 111.680286509315096, 1.182457648986936 ], [ 111.692565717664351, 1.176625025021045 ], [ 111.699319282256425, 1.184606510448053 ], [ 111.708528688518371, 1.180308787525818 ], [ 111.738305768765287, 1.178773886482162 ], [ 111.74399264608752, 1.18427279779479 ], [ 111.744752353148641, 1.190439134413944 ], [ 111.776601549803857, 1.18310998192762 ], [ 111.786822944192465, 1.181417444587737 ], [ 111.769690824950601, 1.207115623450647 ], [ 111.758269412122502, 1.214254006468138 ], [ 111.739709616277025, 1.224247742692683 ], [ 111.724005173638659, 1.237096832124223 ], [ 111.717738094780287, 1.249993294907778 ], [ 111.725432850242044, 1.244235215141714 ], [ 111.730938243755716, 1.253063096995089 ], [ 111.736080162251312, 1.250338647639788 ], [ 111.738281939673641, 1.245662891745155 ], [ 111.746847999294516, 1.252801274762646 ], [ 111.74399264608752, 1.269933394004681 ], [ 111.746287254192282, 1.287444880372973 ], [ 111.759487403167711, 1.290514682460284 ], [ 111.763980118536551, 1.298486926074645 ], [ 111.749664036488326, 1.316914980411158 ], [ 111.754575719828011, 1.324282505420705 ], [ 111.755803640662947, 1.333798891891369 ], [ 111.761636264628834, 1.333491911682638 ], [ 111.764322341454601, 1.336600086293301 ], [ 111.770845670890779, 1.337482654396142 ], [ 111.783048134187226, 1.349186274851286 ], [ 111.790492404249576, 1.348533941910462 ], [ 111.795097107380542, 1.357129387754933 ], [ 111.803999533433739, 1.357436367963664 ], [ 111.796862243580136, 1.36576320612278 ], [ 111.801543691763868, 1.378924982574841 ], [ 111.797859929259104, 1.38414364612327 ], [ 111.802527386831059, 1.388430552094974 ], [ 111.799087850094025, 1.39550191384632 ], [ 111.801543691763868, 1.398571715933631 ], [ 111.811981018860735, 1.400413597186018 ], [ 111.813976390217448, 1.416069587831304 ], [ 111.813362429799994, 1.421288251379733 ], [ 111.823339286583746, 1.424818523780141 ], [ 111.82901842044528, 1.436023301398826 ], [ 111.826562578775423, 1.442316395677814 ], [ 111.832702182950044, 1.450297881104823 ], [ 111.833930103784965, 1.454749094131424 ], [ 111.837767356394124, 1.45382815350523 ], [ 111.845357684936005, 1.465525088683933 ], [ 111.846976762656055, 1.474395827490214 ], [ 111.84413719572477, 1.482722665649429 ], [ 111.85373032724813, 1.476851669160063 ], [ 111.862325773092607, 1.48176335249976 ], [ 111.869079337684695, 1.48176335249976 ], [ 111.87890270436408, 1.479921471247374 ], [ 111.880130625199016, 1.470098104567978 ], [ 111.888649325990812, 1.471978358343832 ], [ 111.898472692670225, 1.471978358343832 ], [ 111.907068138514717, 1.469215536465249 ], [ 111.915126368994351, 1.467949243106861 ], [ 111.930091654169573, 1.470443457300175 ], [ 111.936845218761661, 1.46491781354301 ], [ 111.948203486484715, 1.463996872916816 ], [ 111.958947793790315, 1.475662120848608 ], [ 111.969692101095916, 1.472285338552563 ], [ 111.973375863600694, 1.479345883353384 ], [ 111.979515467775315, 1.481187764605773 ], [ 111.985348091741216, 1.489476230241519 ], [ 112.000390121969048, 1.491625091702639 ], [ 112.009292548022259, 1.487020388571668 ], [ 112.015739132405614, 1.49193207191137 ], [ 112.026672613580104, 1.4912232675469 ], [ 112.039990568895391, 1.484564546901817 ], [ 112.057181460584346, 1.480880784397041 ], [ 112.059637302254188, 1.463689892708085 ], [ 112.071916510603444, 1.463075932290622 ], [ 112.095247006467034, 1.474127219804951 ], [ 112.11090553318661, 1.464097412080321 ], [ 112.119882168218012, 1.460888698306045 ], [ 112.1320846315148, 1.469829496882712 ], [ 112.141984743246653, 1.466414342063205 ], [ 112.16193845681417, 1.45382815350523 ], [ 112.193710776189391, 1.445537616234901 ], [ 112.196566129396501, 1.426977820389482 ], [ 112.190855422982395, 1.411273377751058 ], [ 112.210842895431483, 1.401279641526514 ], [ 112.219408955052359, 1.395568935112465 ], [ 112.219408955052359, 1.379864492474042 ], [ 112.215125925241864, 1.355593990214572 ], [ 112.196566129396501, 1.324185104937555 ], [ 112.180861686757908, 1.308480662299132 ], [ 112.168012597326538, 1.29420389626415 ], [ 112.162301890912431, 1.274216423815119 ], [ 112.160874214309047, 1.249945921555593 ], [ 112.153735831291556, 1.242807538538102 ], [ 112.153735831291556, 1.225675419296294 ], [ 112.15516350789494, 1.205687946847263 ], [ 112.140886741859958, 1.18998350420884 ], [ 112.130893005635471, 1.168568355156367 ], [ 112.135176035446079, 1.154291589121385 ], [ 112.122326946014482, 1.140014823086403 ], [ 112.095201090548017, 1.134304116672354 ], [ 112.056653822253679, 1.134304116672354 ], [ 112.012395847545122, 1.135731793275738 ], [ 111.982414638871717, 1.132876440068912 ], [ 111.960999489819244, 1.132876440068912 ], [ 111.933873634352892, 1.128593410258247 ], [ 111.926735251335401, 1.120027350637372 ], [ 111.921024544921352, 1.102895231395337 ], [ 111.916741515110914, 1.095756848377846 ], [ 111.903892425679317, 1.080052405739423 ], [ 111.883904953230456, 1.082907758946476 ], [ 111.869628187195474, 1.068630992911494 ], [ 111.863917480781424, 1.05863725668695 ], [ 111.859634450970987, 1.045788167255409 ], [ 111.865345157384866, 1.035794431030865 ], [ 111.856779097763933, 1.02722837140999 ], [ 111.852496067953496, 1.018662311789058 ], [ 111.833936272108019, 0.998674839340026 ], [ 111.821087182676479, 0.99296413292592 ], [ 111.803955063434444, 0.997247162736585 ], [ 111.795389003813568, 1.007240898960902 ], [ 111.772546178157484, 1.001530192547023 ], [ 111.765407795139993, 1.018662311789058 ], [ 111.75684173551906, 1.031511401220428 ], [ 111.741137292880637, 1.012951605375008 ], [ 111.721149820431606, 1.012951605375008 ], [ 111.702590024586186, 1.025800694806549 ], [ 111.695451641568695, 1.031511401220428 ], [ 111.67831952232666, 1.030083724616986 ], [ 111.655476696670746, 1.043745796558824 ], [ 111.655476696670746, 1.056594885990251 ], [ 111.65262134346375, 1.070871652025232 ], [ 111.644055283842647, 1.076582358439282 ], [ 111.625567287108055, 1.089787998473285 ], [ 111.609791045358804, 1.096569830888313 ], [ 111.604308907654143, 1.103103265029945 ], [ 111.60829965036767, 1.112312671291879 ], [ 111.604922868071625, 1.115535963483556 ], [ 111.607378709741482, 1.12090811713635 ], [ 111.612290393081167, 1.125512820267316 ], [ 111.60377169228812, 1.130309386025826 ], [ 111.613595058967519, 1.136448990200453 ], [ 111.633011557170491, 1.143010692164989 ] ] ] ] } },
{ "type": "Feature", "properties": { "Id": 43, "NEGERI": "SARAWAK", "KODPAR": "P.204", "PARLIMEN": "BETONG", "KODDUN": "N.43", "NAMADUN": "SARIBAS", "KODUNIK": "P.204_N.43", "BILANGAN_P": 14357, "PERATUS_EQ": 69.75 }, "geometry": { "type": "MultiPolygon", "coordinates": [ [ [ [ 111.458186328298012, 1.398111245620534 ], [ 111.443298175896643, 1.402201682666316 ], [ 111.391901818170595, 1.416478448701298 ], [ 111.352661881545814, 1.422861524946813 ], [ 111.352047921128346, 1.432991871834948 ], [ 111.326228694409735, 1.439321274357212 ], [ 111.305527383659012, 1.44360430416765 ], [ 111.284826072908231, 1.447887333978144 ], [ 111.266980115364504, 1.457167231900939 ], [ 111.249134157820777, 1.466447129823734 ], [ 111.233429715182353, 1.476440866048108 ], [ 111.226186035548523, 1.476890041683534 ], [ 111.212014566129881, 1.495000661893698 ], [ 111.183461034059917, 1.536403283395032 ], [ 111.223192978514319, 1.541931473411055 ], [ 111.261258524396979, 1.55175484009045 ], [ 111.297789169235969, 1.553596721342837 ], [ 111.300245010905826, 1.56556894948335 ], [ 111.317435902594767, 1.561271226561114 ], [ 111.318941595079593, 1.568734209811851 ], [ 111.343836200545638, 1.572936474492896 ], [ 111.336468675536096, 1.580610979711174 ], [ 111.359799171399658, 1.579997019293711 ], [ 111.37023649849651, 1.588285484929451 ], [ 111.372999320375087, 1.594425089104073 ], [ 111.38619946935053, 1.594732069312805 ], [ 111.399783343585995, 1.603365887680855 ], [ 111.405846202709313, 1.598108851608847 ], [ 111.413367217823236, 1.607625238079511 ], [ 111.420888232937145, 1.611615980793015 ], [ 111.427445016945342, 1.624413597348166 ], [ 111.433627911599501, 1.614839272984692 ], [ 111.450358332975355, 1.607932218288243 ], [ 111.447595511096765, 1.598876302130675 ], [ 111.441325206146018, 1.60115436601626 ], [ 111.440227986087223, 1.588438975033818 ], [ 111.427411562371816, 1.592621580375257 ], [ 111.42661735602131, 1.58480439040785 ], [ 111.425620763507425, 1.571173157342685 ], [ 111.42419308690404, 1.561179421118368 ], [ 111.42702783711178, 1.560196795830556 ], [ 111.42702783711178, 1.555285112490859 ], [ 111.442683827757065, 1.554978132282128 ], [ 111.4380791246261, 1.54592221612456 ], [ 111.438769830094884, 1.538900043847268 ], [ 111.44452570900944, 1.534717438505875 ], [ 111.443067553017116, 1.52569989487182 ], [ 111.447442020992384, 1.524433601513383 ], [ 111.45020484287096, 1.518447487443127 ], [ 111.445293159531261, 1.511233452537946 ], [ 111.447035912559897, 1.502644680374829 ], [ 111.452353704332083, 1.499261224397433 ], [ 111.458339818402337, 1.486521545735093 ], [ 111.458339818402337, 1.476237708742601 ], [ 111.464479422576957, 1.466874812376302 ], [ 111.466781774142447, 1.45382815350523 ], [ 111.456881662410055, 1.445578060392934 ], [ 111.458457325387883, 1.439826909821022 ], [ 111.474161768026477, 1.436971556613969 ], [ 111.478447022074249, 1.43310698941588 ], [ 111.481516824161559, 1.429423226911107 ], [ 111.461312678594879, 1.418411760768549 ], [ 111.469878738215982, 1.414128730957884 ], [ 111.458186328298012, 1.398111245620534 ] ] ] ] } },
{ "type": "Feature", "properties": { "Id": 36, "NEGERI": "SARAWAK", "KODPAR": "P.204", "PARLIMEN": "BETONG", "KODDUN": "N.44", "NAMADUN": "LAYAR", "KODUNIK": "P.204_N.44", "BILANGAN_P": 15083, "PERATUS_EQ": 73.28 }, "geometry": { "type": "MultiPolygon", "coordinates": [ [ [ [ 111.648338313653255, 1.392713581905412 ], [ 111.64605821604151, 1.388441369045506 ], [ 111.649128018128835, 1.379231962783572 ], [ 111.64605821604151, 1.370943497147832 ], [ 111.651276879589943, 1.366338794016866 ], [ 111.646672176458978, 1.352524684623966 ], [ 111.630095245187533, 1.362041071094631 ], [ 111.642067473328041, 1.347306021075538 ], [ 111.64030233712711, 1.333837264414718 ], [ 111.63753951524852, 1.331381422744867 ], [ 111.630785950656431, 1.330767462327405 ], [ 111.625874267316732, 1.332302363371062 ], [ 111.621269564185766, 1.336600086293301 ], [ 111.620425368612445, 1.33103607001279 ], [ 111.616741606107666, 1.327045327299285 ], [ 111.622574230073553, 1.322440624168319 ], [ 111.622881210282287, 1.319370822081008 ], [ 111.617892781889708, 1.314190531055911 ], [ 111.630095245187476, 1.312003297071461 ], [ 111.619504427986243, 1.305403222583743 ], [ 111.618890467568789, 1.301258989765873 ], [ 111.608453140471923, 1.298496167887293 ], [ 111.613364823811622, 1.294351935069423 ], [ 111.616434625898933, 1.288979781416629 ], [ 111.608990355836511, 1.282264589347849 ], [ 111.615513685272745, 1.280077355363427 ], [ 111.615513685272731, 1.276240102754288 ], [ 111.612290393081054, 1.267491166805451 ], [ 111.607532199845735, 1.263346933987581 ], [ 111.599857694627445, 1.262425993361388 ], [ 111.594025070661559, 1.255518938664938 ], [ 111.586580800599123, 1.259241073692997 ], [ 111.583817978720532, 1.262003895571579 ], [ 111.567778262815125, 1.272402850145164 ], [ 111.56624336177147, 1.27823547411106 ], [ 111.559489797179381, 1.279463394945986 ], [ 111.551508311752372, 1.279156414737254 ], [ 111.546596628412658, 1.276700573067403 ], [ 111.545368707577737, 1.274244731397552 ], [ 111.548438509665047, 1.269947008475313 ], [ 111.55365717321348, 1.260737602213372 ], [ 111.555192074257135, 1.257053839708596 ], [ 111.553964153422214, 1.248458393864118 ], [ 111.555192074257135, 1.242932750106953 ], [ 111.554885094048416, 1.238328046975983 ], [ 111.552429252378559, 1.233723343845012 ], [ 111.542912865907851, 1.22819770008787 ], [ 111.534624400272136, 1.23771408655852 ], [ 111.531554598184826, 1.24446765115061 ], [ 111.525414994010205, 1.249072354281581 ], [ 111.517126528374448, 1.254597998038745 ], [ 111.495576917078949, 1.252186580669502 ], [ 111.480442393431034, 1.257207329812958 ], [ 111.472307417899643, 1.266416736074891 ], [ 111.471693457482189, 1.295272875695615 ], [ 111.471693457482189, 1.320445252811565 ], [ 111.474149299152032, 1.331189560117154 ], [ 111.483051725205229, 1.337022184083044 ], [ 111.494103012719549, 1.344389709092591 ], [ 111.496122210225906, 1.35223300154388 ], [ 111.477562414380486, 1.36508209097525 ], [ 111.467702714768677, 1.370483026834735 ], [ 111.466167813725022, 1.379078472679206 ], [ 111.4582630733494, 1.384795979064124 ], [ 111.452472097005497, 1.388087957883425 ], [ 111.458186328298012, 1.398111245620534 ], [ 111.469878738215982, 1.414128730957884 ], [ 111.461312678594879, 1.418411760768549 ], [ 111.481516824161559, 1.429423226911107 ], [ 111.478447022074249, 1.43310698941588 ], [ 111.474161768026477, 1.436971556613969 ], [ 111.499859946889387, 1.45695902906283 ], [ 111.509853683113931, 1.45695902906283 ], [ 111.514056726287052, 1.450297881104822 ], [ 111.520503310670392, 1.460735208201679 ], [ 111.522702772545301, 1.464097412080321 ], [ 111.534317420063289, 1.465646891541377 ], [ 111.535852321106958, 1.471172535298537 ], [ 111.542298905490298, 1.475470258220772 ], [ 111.548822234925083, 1.476890041683534 ], [ 111.557954896135584, 1.470865555089806 ], [ 111.55427113363082, 1.48314476343905 ], [ 111.569816100460855, 1.495506297357338 ], [ 111.558394687632756, 1.506927710185266 ], [ 111.573610886780884, 1.511693922851043 ], [ 111.576987669076914, 1.51660560619074 ], [ 111.584662174295204, 1.525201052035211 ], [ 111.595713461809524, 1.526121992661404 ], [ 111.597248362853179, 1.535638379132069 ], [ 111.60952757120242, 1.544847785394002 ], [ 111.61750905662943, 1.550987389568624 ], [ 111.621212458186733, 1.562607097721809 ], [ 111.636916900825156, 1.558324067911315 ], [ 111.652811780633513, 1.546382686437657 ], [ 111.65262134346375, 1.536908918858842 ], [ 111.664042756291678, 1.531198212444792 ], [ 111.68381678171535, 1.534410458297144 ], [ 111.686579603593927, 1.544233824976539 ], [ 111.698306994775692, 1.546902655083386 ], [ 111.704017701189571, 1.555468714704318 ], [ 111.717277624467044, 1.557433973951976 ], [ 111.721959072649653, 1.56161657929339 ], [ 111.727714951563897, 1.557740954160707 ], [ 111.737231338034562, 1.558968874995632 ], [ 111.741137292880637, 1.5697454807393 ], [ 111.748275675898128, 1.562607097721809 ], [ 111.756878071393359, 1.56111773645675 ], [ 111.762096734941778, 1.580150509398078 ], [ 111.772534062038645, 1.579843529189347 ], [ 111.781973703457325, 1.579574921504103 ], [ 111.778256884571533, 1.566890127532247 ], [ 111.759697088726114, 1.549758008290212 ], [ 111.755414058915619, 1.531198212444792 ], [ 111.741137292880637, 1.512638416599373 ], [ 111.73907321928705, 1.499261224397434 ], [ 111.749510546383902, 1.493735580640274 ], [ 111.736854263070029, 1.4912232675469 ], [ 111.724031189059204, 1.483298253543416 ], [ 111.71267292133615, 1.473474886864021 ], [ 111.705445377793183, 1.455531352459445 ], [ 111.699549517412237, 1.461848011455697 ], [ 111.688313258551204, 1.462669735476936 ], [ 111.676142276497146, 1.473474886864021 ], [ 111.671181139309169, 1.465525088683933 ], [ 111.674300395244785, 1.441548945155986 ], [ 111.658951384808219, 1.432953499311515 ], [ 111.655476696670746, 1.418411760768549 ], [ 111.654049020067134, 1.401279641526514 ], [ 111.648338313653255, 1.392713581905412 ] ] ] ] } },
{ "type": "Feature", "properties": { "Id": 45, "NEGERI": "SARAWAK", "KODPAR": "P.204", "PARLIMEN": "BETONG", "KODDUN": "N.45", "NAMADUN": "BUKIT SABAN", "KODUNIK": "P.204_N.45", "BILANGAN_P": 16166, "PERATUS_EQ": 78.54 }, "geometry": { "type": "MultiPolygon", "coordinates": [ [ [ [ 111.474161768026477, 1.436971556613969 ], [ 111.458457325387883, 1.439826909821022 ], [ 111.456881662410055, 1.445578060392934 ], [ 111.466781774142447, 1.45382815350523 ], [ 111.464479422576957, 1.466874812376302 ], [ 111.458339818402337, 1.476237708742601 ], [ 111.458339818402337, 1.486521545735093 ], [ 111.452353704332083, 1.499261224397433 ], [ 111.447035912559897, 1.502644680374829 ], [ 111.445293159531261, 1.511233452537946 ], [ 111.45020484287096, 1.518447487443127 ], [ 111.447442020992384, 1.524433601513383 ], [ 111.443067553017116, 1.52569989487182 ], [ 111.44452570900944, 1.534717438505875 ], [ 111.438769830094884, 1.538900043847268 ], [ 111.4380791246261, 1.54592221612456 ], [ 111.442683827757065, 1.554978132282128 ], [ 111.42702783711178, 1.555285112490859 ], [ 111.42702783711178, 1.560196795830556 ], [ 111.42419308690404, 1.561179421118368 ], [ 111.425620763507425, 1.571173157342685 ], [ 111.42661735602131, 1.58480439040785 ], [ 111.427411562371816, 1.592621580375257 ], [ 111.440227986087223, 1.588438975033818 ], [ 111.441325206146018, 1.60115436601626 ], [ 111.447595511096765, 1.598876302130675 ], [ 111.450358332975355, 1.607932218288243 ], [ 111.433627911599501, 1.614839272984692 ], [ 111.427445016945342, 1.624413597348166 ], [ 111.44483268921816, 1.628499892273227 ], [ 111.454349075688825, 1.642927962083588 ], [ 111.462637541324554, 1.642314001666126 ], [ 111.472460908003953, 1.657049051685219 ], [ 111.489651799692894, 1.658276972520143 ], [ 111.499168186163558, 1.665030537112228 ], [ 111.509912493469145, 1.684370290262287 ], [ 111.51556438952781, 1.688242638829593 ], [ 111.528413478959351, 1.689670315433204 ], [ 111.53362671459287, 1.681952821116084 ], [ 111.542836120854815, 1.680110939863696 ], [ 111.54697327480477, 1.672538196191169 ], [ 111.555539334425873, 1.655406076949191 ], [ 111.569773634171739, 1.649681526675672 ], [ 111.589803572909716, 1.65397840034575 ], [ 111.602652662341313, 1.658261430156188 ], [ 111.624416111325871, 1.662574695442378 ], [ 111.62633473762962, 1.65570601326955 ], [ 111.623264935542309, 1.644347745546489 ], [ 111.627869638673275, 1.640357002832981 ], [ 111.641376767857452, 1.644040765337758 ], [ 111.654883897041628, 1.63544531949328 ], [ 111.660716521007515, 1.636673240328206 ], [ 111.668391026225805, 1.643733785129027 ], [ 111.678828353322672, 1.640970963250445 ], [ 111.688037759584617, 1.648338488259997 ], [ 111.686195878332228, 1.657547894521938 ], [ 111.696019245011627, 1.663687498696566 ], [ 111.703386770021183, 1.661231657026715 ], [ 111.708298453360882, 1.658161854939401 ], [ 111.723340483588714, 1.663994478905297 ], [ 111.737768553399093, 1.65570601326955 ], [ 111.736854263070029, 1.638273957707156 ], [ 111.736847612772905, 1.621631210100369 ], [ 111.751131029105011, 1.621141838465121 ], [ 111.763980118536551, 1.612575778844246 ], [ 111.767238653437303, 1.599835615280442 ], [ 111.781973703457325, 1.579574921504103 ], [ 111.772534062038645, 1.579843529189347 ], [ 111.762096734941778, 1.580150509398078 ], [ 111.756878071393359, 1.56111773645675 ], [ 111.748275675898128, 1.562607097721809 ], [ 111.741137292880637, 1.5697454807393 ], [ 111.737231338034562, 1.558968874995632 ], [ 111.727714951563897, 1.557740954160707 ], [ 111.721959072649653, 1.56161657929339 ], [ 111.717277624467044, 1.557433973951976 ], [ 111.704017701189571, 1.555468714704318 ], [ 111.698306994775692, 1.546902655083386 ], [ 111.686579603593927, 1.544233824976539 ], [ 111.68381678171535, 1.534410458297144 ], [ 111.664042756291678, 1.531198212444792 ], [ 111.65262134346375, 1.536908918858842 ], [ 111.652811780633513, 1.546382686437657 ], [ 111.636916900825156, 1.558324067911315 ], [ 111.621212458186733, 1.562607097721809 ], [ 111.61750905662943, 1.550987389568624 ], [ 111.60952757120242, 1.544847785394002 ], [ 111.597248362853179, 1.535638379132069 ], [ 111.595713461809524, 1.526121992661404 ], [ 111.584662174295204, 1.525201052035211 ], [ 111.576987669076914, 1.51660560619074 ], [ 111.573610886780884, 1.511693922851043 ], [ 111.558394687632756, 1.506927710185266 ], [ 111.569816100460855, 1.495506297357338 ], [ 111.55427113363082, 1.48314476343905 ], [ 111.557954896135584, 1.470865555089806 ], [ 111.548822234925083, 1.476890041683534 ], [ 111.542298905490298, 1.475470258220772 ], [ 111.535852321106958, 1.471172535298537 ], [ 111.534317420063289, 1.465646891541377 ], [ 111.522702772545301, 1.464097412080321 ], [ 111.520503310670392, 1.460735208201679 ], [ 111.514056726287052, 1.450297881104822 ], [ 111.509853683113931, 1.45695902906283 ], [ 111.499859946889387, 1.45695902906283 ], [ 111.474161768026477, 1.436971556613969 ] ] ] ] } },
{ "type": "Feature", "properties": { "Id": 47, "NEGERI": "SARAWAK", "KODPAR": "P.205", "PARLIMEN": "SARATOK", "KODDUN": "N.47", "NAMADUN": "KALAKA", "KODUNIK": "P.205_N.47", "BILANGAN_P": 12445, "PERATUS_EQ": 60.46 }, "geometry": { "type": "MultiPolygon", "coordinates": [ [ [ [ 111.396636796447353, 1.662574695442379 ], [ 111.380331689029788, 1.664388542246058 ], [ 111.330363007907351, 1.670099248660165 ], [ 111.274151693163645, 1.676081824626548 ], [ 111.268012088989025, 1.685598211097212 ], [ 111.228718622271444, 1.690202914228178 ], [ 111.215902198555895, 1.696994851343921 ], [ 111.212448671208691, 1.701254201742498 ], [ 111.196161407178636, 1.70579116374762 ], [ 111.177145947204622, 1.715989251761591 ], [ 111.161182976350602, 1.720900935101289 ], [ 111.152894510714859, 1.731952222615609 ], [ 111.146524671382608, 1.736288318061536 ], [ 111.107231204664998, 1.771591042065643 ], [ 111.09336869172671, 1.777174993922529 ], [ 111.101538174513337, 1.791035354281519 ], [ 111.117242617151931, 1.792463030884903 ], [ 111.127236353376418, 1.795318384091956 ], [ 111.128664029979859, 1.809595150126938 ], [ 111.140085442807788, 1.821016562954867 ], [ 111.150079179032332, 1.818161209748041 ], [ 111.160072915256876, 1.82387191616192 ], [ 111.172922004688246, 1.828154945972358 ], [ 111.190054123930224, 1.816733533144429 ], [ 111.195764830344331, 1.826727269368973 ], [ 111.204330889965206, 1.84243171200734 ], [ 111.21432462618975, 1.856708478042322 ], [ 111.218607656000188, 1.873840597284357 ], [ 111.215752302793192, 1.885262010112285 ], [ 111.217179979396803, 1.895255746336829 ], [ 111.234312098638782, 1.913815542182249 ], [ 111.242878158259714, 1.90239412935432 ], [ 111.258582600898137, 1.893828069733388 ], [ 111.26714866051924, 1.88954503992295 ], [ 111.277142396743727, 1.879551303698406 ], [ 111.281425426554222, 1.883834333508901 ], [ 111.297129869192588, 1.896683422940441 ], [ 111.299707795539518, 1.888397011487925 ], [ 111.294182151782351, 1.884406268774417 ], [ 111.293501039445189, 1.877518400343264 ], [ 111.306854678524999, 1.866467112828945 ], [ 111.313991968378005, 1.868769464394427 ], [ 111.312150087125616, 1.878669576126005 ], [ 111.319747847291708, 1.878899811282554 ], [ 111.336555013719746, 1.868078758924782 ], [ 111.345303949668576, 1.860711233915236 ], [ 111.349217947329905, 1.854034414375334 ], [ 111.353362180147769, 1.837227247947306 ], [ 111.342815520504587, 1.826727269368973 ], [ 111.330799134806028, 1.822261962771665 ], [ 111.32918748871019, 1.831931839346695 ], [ 111.314261988434623, 1.831010299179411 ], [ 111.301412899003083, 1.839576358800514 ], [ 111.291419162778709, 1.841004035403955 ], [ 111.289356806627282, 1.830780663563953 ], [ 111.275542697234386, 1.79808727133409 ], [ 111.278570073347169, 1.791035354281519 ], [ 111.29304056913206, 1.78703598381977 ], [ 111.296724331636838, 1.774603285366161 ], [ 111.284280779761218, 1.77104788183243 ], [ 111.292954230947473, 1.770516611335082 ], [ 111.299985222399641, 1.765337175418551 ], [ 111.309978958624185, 1.755343439194064 ], [ 111.317905966039291, 1.750198358772038 ], [ 111.329966431073046, 1.759626469004502 ], [ 111.328957253553611, 1.752961180650618 ], [ 111.330338664492899, 1.746975066580361 ], [ 111.338166659815542, 1.756644943155391 ], [ 111.344613244198896, 1.756644943155391 ], [ 111.344613244198896, 1.747896007206555 ], [ 111.348526226918636, 1.741066673159082 ], [ 111.359947639746622, 1.746777379573132 ], [ 111.372796729177992, 1.74534970296952 ], [ 111.385645818609532, 1.733928290141591 ], [ 111.378507435592041, 1.723934553917047 ], [ 111.361375316350006, 1.716796170899556 ], [ 111.359947639746622, 1.708230111278624 ], [ 111.389959976907292, 1.698683242491907 ], [ 111.389278864569263, 1.690337218069473 ], [ 111.388118095654903, 1.6781155685069 ], [ 111.394871660246991, 1.671668984123539 ], [ 111.396636796447353, 1.662574695442379 ] ] ] ] } },
{ "type": "Feature", "properties": { "Id": 46, "NEGERI": "SARAWAK", "KODPAR": "P.205", "PARLIMEN": "SARATOK", "KODDUN": "N.46", "NAMADUN": "KRIAN", "KODUNIK": "P.205_N.46", "BILANGAN_P": 18905, "PERATUS_EQ": 91.85 }, "geometry": { "type": "MultiPolygon", "coordinates": [ [ [ [ 111.427445016945342, 1.624413597348166 ], [ 111.427027837111751, 1.639244199578815 ], [ 111.418878957324239, 1.644401069797198 ], [ 111.407150868595565, 1.64726405752944 ], [ 111.400934519369585, 1.653058308971715 ], [ 111.396636796447353, 1.662574695442379 ], [ 111.394871660246991, 1.671668984123539 ], [ 111.388118095654903, 1.6781155685069 ], [ 111.389278864569263, 1.690337218069473 ], [ 111.389959976907292, 1.698683242491907 ], [ 111.359947639746622, 1.708230111278624 ], [ 111.361375316350006, 1.716796170899556 ], [ 111.378507435592041, 1.723934553917047 ], [ 111.385645818609532, 1.733928290141591 ], [ 111.372796729177992, 1.74534970296952 ], [ 111.359947639746622, 1.746777379573132 ], [ 111.348526226918636, 1.741066673159082 ], [ 111.344613244198896, 1.747896007206555 ], [ 111.344613244198896, 1.756644943155391 ], [ 111.338166659815542, 1.756644943155391 ], [ 111.330338664492899, 1.746975066580361 ], [ 111.328957253553611, 1.752961180650618 ], [ 111.329966431073046, 1.759626469004502 ], [ 111.317905966039291, 1.750198358772038 ], [ 111.309978958624185, 1.755343439194064 ], [ 111.299985222399641, 1.765337175418551 ], [ 111.292954230947473, 1.770516611335082 ], [ 111.284280779761218, 1.77104788183243 ], [ 111.296724331636838, 1.774603285366161 ], [ 111.29304056913206, 1.78703598381977 ], [ 111.278570073347169, 1.791035354281519 ], [ 111.275542697234386, 1.79808727133409 ], [ 111.289356806627282, 1.830780663563953 ], [ 111.291419162778709, 1.841004035403955 ], [ 111.301412899003083, 1.839576358800514 ], [ 111.314261988434623, 1.831010299179411 ], [ 111.32918748871019, 1.831931839346695 ], [ 111.330799134806028, 1.822261962771665 ], [ 111.342815520504587, 1.826727269368973 ], [ 111.353362180147769, 1.837227247947306 ], [ 111.349217947329905, 1.854034414375334 ], [ 111.345303949668576, 1.860711233915236 ], [ 111.336555013719746, 1.868078758924782 ], [ 111.328266548084002, 1.880511457378391 ], [ 111.324255724659167, 1.898111099543883 ], [ 111.332821784280043, 1.910960188975423 ], [ 111.334249460883655, 1.928092308217231 ], [ 111.324255724659167, 1.953790487080369 ], [ 111.328538754469605, 1.965211899908297 ], [ 111.337104814090537, 1.978060989339667 ], [ 111.336238440378466, 2.000444787674872 ], [ 111.343605965388022, 1.997374985587558 ], [ 111.372796729177992, 1.98091634254672 ], [ 111.395639554834077, 1.976633312736283 ], [ 111.413597452978806, 1.97772825222875 ], [ 111.426797601954249, 1.987244638699423 ], [ 111.434472107172539, 1.976193351185094 ], [ 111.432759146524916, 1.965211899908297 ], [ 111.431331469921531, 1.952362810476757 ], [ 111.452746618974004, 1.943796750855824 ], [ 111.458416563453568, 1.905587903176881 ], [ 111.475607455142523, 1.906201863594344 ], [ 111.477017121233473, 1.88954503992295 ], [ 111.493412307248946, 1.881336466687103 ], [ 111.502007753093423, 1.870899139590237 ], [ 111.514900921860146, 1.869057258337849 ], [ 111.513366020816491, 1.844805821848072 ], [ 111.517356763530003, 1.83314057391628 ], [ 111.53393369480149, 1.826693989532921 ], [ 111.532705773966569, 1.818098543688443 ], [ 111.545291962524558, 1.8039774540868 ], [ 111.549828628011824, 1.791035354281519 ], [ 111.559720032334937, 1.785251661354188 ], [ 111.582665189892225, 1.779613941453533 ], [ 111.601469340722403, 1.773893393631127 ], [ 111.619734663141713, 1.754400150376685 ], [ 111.627869638673317, 1.754246660272319 ], [ 111.633241792325862, 1.743348862862355 ], [ 111.63669531967507, 1.739319747625155 ], [ 111.629778517807665, 1.73250061353815 ], [ 111.624723091534548, 1.721821875727482 ], [ 111.626923164600782, 1.716796170899556 ], [ 111.632633871014662, 1.695381021847084 ], [ 111.626923164600782, 1.67967657920866 ], [ 111.61835710497968, 1.675393549398223 ], [ 111.624416111325871, 1.662574695442378 ], [ 111.602652662341313, 1.658261430156188 ], [ 111.589803572909716, 1.65397840034575 ], [ 111.569773634171739, 1.649681526675672 ], [ 111.555539334425873, 1.655406076949191 ], [ 111.54697327480477, 1.672538196191169 ], [ 111.542836120854815, 1.680110939863696 ], [ 111.53362671459287, 1.681952821116084 ], [ 111.528413478959351, 1.689670315433204 ], [ 111.51556438952781, 1.688242638829593 ], [ 111.509912493469145, 1.684370290262287 ], [ 111.499168186163558, 1.665030537112228 ], [ 111.489651799692894, 1.658276972520143 ], [ 111.472460908003953, 1.657049051685219 ], [ 111.462637541324554, 1.642314001666126 ], [ 111.454349075688825, 1.642927962083588 ], [ 111.44483268921816, 1.628499892273227 ], [ 111.427445016945342, 1.624413597348166 ] ] ] ] } },
{ "type": "Feature", "properties": { "Id": 48, "NEGERI": "SARAWAK", "KODPAR": "P.205", "PARLIMEN": "SARATOK", "KODDUN": "N.48", "NAMADUN": "KABONG", "KODUNIK": "P.205_N.48", "BILANGAN_P": 15112, "PERATUS_EQ": 73.42 }, "geometry": { "type": "MultiPolygon", "coordinates": [ [ [ [ 111.336555013719746, 1.868078758924782 ], [ 111.319747847291708, 1.878899811282554 ], [ 111.312150087125616, 1.878669576126005 ], [ 111.313991968378005, 1.868769464394427 ], [ 111.306854678524999, 1.866467112828945 ], [ 111.293501039445189, 1.877518400343264 ], [ 111.294182151782351, 1.884406268774417 ], [ 111.299707795539518, 1.888397011487925 ], [ 111.297129869192588, 1.896683422940441 ], [ 111.281425426554222, 1.883834333508901 ], [ 111.277142396743727, 1.879551303698406 ], [ 111.26714866051924, 1.88954503992295 ], [ 111.258582600898137, 1.893828069733388 ], [ 111.242878158259714, 1.90239412935432 ], [ 111.234312098638782, 1.913815542182249 ], [ 111.217179979396803, 1.895255746336829 ], [ 111.215752302793192, 1.885262010112285 ], [ 111.218607656000188, 1.873840597284357 ], [ 111.21432462618975, 1.856708478042322 ], [ 111.204330889965206, 1.84243171200734 ], [ 111.195764830344331, 1.826727269368973 ], [ 111.190054123930224, 1.816733533144429 ], [ 111.172922004688246, 1.828154945972358 ], [ 111.160072915256876, 1.82387191616192 ], [ 111.150079179032332, 1.818161209748041 ], [ 111.140085442807788, 1.821016562954867 ], [ 111.128664029979859, 1.809595150126938 ], [ 111.127236353376418, 1.795318384091956 ], [ 111.117242617151931, 1.792463030884903 ], [ 111.101538174513337, 1.791035354281519 ], [ 111.096769338080719, 1.809186675987632 ], [ 111.101052367891384, 1.819180412212177 ], [ 111.105335397701822, 1.837740208057596 ], [ 111.112473780719313, 1.852016974092578 ], [ 111.131033576564789, 1.880570506162542 ], [ 111.136744282978839, 1.904841008422068 ], [ 111.162442461841749, 1.940532923509522 ], [ 111.171008521462682, 1.96337574916538 ], [ 111.166725491652244, 1.987646251424906 ], [ 111.185285287497663, 2.02904887292641 ], [ 111.192423670515154, 2.040470285754395 ], [ 111.200989730136257, 2.02904887292641 ], [ 111.212411142964186, 2.024765843115972 ], [ 111.225111604817698, 2.026845085625768 ], [ 111.230970938809662, 2.034759579340289 ], [ 111.239846654836811, 2.039124293975022 ], [ 111.247521160055086, 2.030528848130544 ], [ 111.260107348613076, 2.024696224164648 ], [ 111.265632992370243, 2.030835828339276 ], [ 111.276656590121604, 2.034759579340289 ], [ 111.280939619932099, 2.021910489908919 ], [ 111.288042547607631, 2.000137807466139 ], [ 111.292647250738597, 1.996454044961363 ], [ 111.310920828605617, 1.99763998764945 ], [ 111.336238440378466, 2.000444787674872 ], [ 111.337104814090537, 1.978060989339667 ], [ 111.328538754469605, 1.965211899908297 ], [ 111.324255724659167, 1.953790487080369 ], [ 111.334249460883655, 1.928092308217231 ], [ 111.332821784280043, 1.910960188975423 ], [ 111.324255724659167, 1.898111099543883 ], [ 111.328266548084002, 1.880511457378391 ], [ 111.336555013719746, 1.868078758924782 ] ] ] ] } },
{ "type": "Feature", "properties": { "Id": 49, "NEGERI": "SARAWAK", "KODPAR": "P.206", "PARLIMEN": "TANJONG MANIS", "KODDUN": "N.49", "NAMADUN": "KUALA RAJANG", "KODUNIK": "P.206_N.49", "BILANGAN_P": 18816, "PERATUS_EQ": 91.42 }, "geometry": { "type": "MultiPolygon", "coordinates": [ [ [ [ 111.434472107172539, 1.976193351185094 ], [ 111.426797601954249, 1.987244638699423 ], [ 111.413597452978806, 1.97772825222875 ], [ 111.395639554834077, 1.976633312736283 ], [ 111.372796729177992, 1.98091634254672 ], [ 111.343605965388022, 1.997374985587558 ], [ 111.336238440378466, 2.000444787674872 ], [ 111.310920828605617, 1.99763998764945 ], [ 111.292647250738597, 1.996454044961363 ], [ 111.288042547607631, 2.000137807466139 ], [ 111.280939619932099, 2.021910489908919 ], [ 111.276656590121604, 2.034759579340289 ], [ 111.265632992370243, 2.030835828339276 ], [ 111.260107348613076, 2.024696224164648 ], [ 111.247521160055086, 2.030528848130544 ], [ 111.239846654836811, 2.039124293975022 ], [ 111.230970938809662, 2.034759579340289 ], [ 111.225111604817698, 2.026845085625768 ], [ 111.212411142964186, 2.024765843115972 ], [ 111.200989730136257, 2.02904887292641 ], [ 111.192423670515154, 2.040470285754395 ], [ 111.193851347118766, 2.064883555674157 ], [ 111.202417406739698, 2.074877291898645 ], [ 111.208556874764668, 2.090929045665177 ], [ 111.209932600000059, 2.094320300000163 ], [ 111.212679200000139, 2.095006400000102 ], [ 111.217894300000182, 2.08627660000019 ], [ 111.220024000000137, 2.089581800000133 ], [ 111.222112300000106, 2.092823 ], [ 111.225720400000228, 2.098422600000106 ], [ 111.230188600000076, 2.105470700000126 ], [ 111.232076900000152, 2.112504100000137 ], [ 111.235853400000167, 2.119880500000249 ], [ 111.249409600000263, 2.133246100000179 ], [ 111.244112200000131, 2.141197200000079 ], [ 111.238085, 2.150243500000215 ], [ 111.226669800000082, 2.147637100000225 ], [ 111.215082400000199, 2.149042700000166 ], [ 111.203409400000169, 2.143553400000201 ], [ 111.180235200000141, 2.137034800000151 ], [ 111.16958084485924, 2.147688798676995 ], [ 111.162442461841749, 2.161965564711977 ], [ 111.166725491652244, 2.18338071376445 ], [ 111.185285287497663, 2.191946773385553 ], [ 111.193851347118766, 2.204795862816923 ], [ 111.203845083343083, 2.214789599041467 ], [ 111.190995993911713, 2.234777071490498 ], [ 111.189568317308101, 2.294739488837479 ], [ 111.196706700325592, 2.294739488837479 ], [ 111.209555789757189, 2.286173429216376 ], [ 111.223832555792171, 2.271896663181394 ], [ 111.236681645223712, 2.246198484318427 ], [ 111.259524470879626, 2.244770807715042 ], [ 111.279511943328657, 2.240487777904377 ], [ 111.282367296535654, 2.259047573750024 ], [ 111.282367296535654, 2.286173429216376 ], [ 111.302354768984571, 2.277607369595444 ], [ 111.323769918037044, 2.2676136333709 ], [ 111.343757390486076, 2.253336867335918 ], [ 111.350895773503566, 2.233349394886886 ], [ 111.350052549771249, 2.21625187441302 ], [ 111.350666510188702, 2.204586626481228 ], [ 111.360889509728054, 2.201940509610097 ], [ 111.362638738329224, 2.21625187441302 ], [ 111.382304658780527, 2.217644952248463 ], [ 111.381364531061848, 2.207656428568542 ], [ 111.398555422750803, 2.203665685855034 ], [ 111.399476363376991, 2.196298160845481 ], [ 111.407457848804015, 2.194149299384362 ], [ 111.406843888386547, 2.18923761604466 ], [ 111.427990310092525, 2.186236066971503 ], [ 111.436620968633491, 2.201823804602646 ], [ 111.450833135748439, 2.207651216023976 ], [ 111.463942207210579, 2.189544596253392 ], [ 111.467965254990418, 2.174814654143518 ], [ 111.479291217647145, 2.182177071243839 ], [ 111.489728544744011, 2.188316675418466 ], [ 111.502621713510734, 2.18923761604466 ], [ 111.509375278102823, 2.201823804602646 ], [ 111.515514882277444, 2.197219101471676 ], [ 111.522882407287, 2.201823804602646 ], [ 111.540776761768768, 2.187663743575115 ], [ 111.546487468182818, 2.176242330746959 ], [ 111.546487468182818, 2.163393241315589 ], [ 111.542989610958841, 2.151018580057604 ], [ 111.527927672337398, 2.154827181694486 ], [ 111.52364464252679, 2.149116475280607 ], [ 111.520789289319907, 2.130556679435188 ], [ 111.512291590085809, 2.129376475342044 ], [ 111.516435822903674, 2.117250757097155 ], [ 111.509989238520319, 2.110190212296334 ], [ 111.503657170077872, 2.11770759000359 ], [ 111.488193643700399, 2.131832317011895 ], [ 111.482821490047613, 2.133520708159918 ], [ 111.479444707751568, 2.131218356594432 ], [ 111.476681885872992, 2.129376475342044 ], [ 111.473612083785667, 2.126767143567827 ], [ 111.472537653055099, 2.1206275393932 ], [ 111.473612083785653, 2.113413504488013 ], [ 111.480519138482109, 2.107887860730849 ], [ 111.465109901783421, 2.093437087744121 ], [ 111.450833135748439, 2.083443351519577 ], [ 111.435086067589893, 2.071664196100546 ], [ 111.440839399523895, 2.050606789639176 ], [ 111.435700028007346, 2.047105779402037 ], [ 111.437541909259735, 2.037896373140096 ], [ 111.432937206128784, 2.030068377817446 ], [ 111.441379161868895, 2.032831199696029 ], [ 111.451202528548308, 2.0217799121817 ], [ 111.446904805626062, 2.011035604876102 ], [ 111.453504880113783, 2.004128550179646 ], [ 111.439411722920454, 1.986361342481757 ], [ 111.434472107172539, 1.976193351185094 ] ] ] ] } },
{ "type": "Feature", "properties": { "Id": 50, "NEGERI": "SARAWAK", "KODPAR": "P.206", "PARLIMEN": "TANJONG MANIS", "KODDUN": "N.50", "NAMADUN": "MUARA LASSA", "KODUNIK": "P.206_N.50", "BILANGAN_P": 16301, "PERATUS_EQ": 79.2 }, "geometry": { "type": "MultiPolygon", "coordinates": [ [ [ [ 111.581976097467646, 2.289773634404182 ], [ 111.584431939137488, 2.291922495865301 ], [ 111.586887780807345, 2.29622021878754 ], [ 111.585045899554956, 2.299290020874854 ], [ 111.581669117258912, 2.306657545884407 ], [ 111.583817978720035, 2.309113387554258 ], [ 111.587194761016079, 2.309113387554258 ], [ 111.600394909991522, 2.302666803170899 ], [ 111.604692632913768, 2.298062100039929 ], [ 111.603464712078832, 2.292536456282764 ], [ 111.598860008947867, 2.287317792734331 ], [ 111.598860008947867, 2.28486195106448 ], [ 111.609604316253467, 2.27810838647239 ], [ 111.629251049612265, 2.264294277079479 ], [ 111.624953326690033, 2.277801406263658 ], [ 111.620962583976521, 2.284554970855749 ], [ 111.626795207942422, 2.28946665419545 ], [ 111.631706891282121, 2.288238733360525 ], [ 111.639074416291677, 2.28486195106448 ], [ 111.648897782971147, 2.285475911481942 ], [ 111.659809298585515, 2.282949259553561 ], [ 111.671614318417269, 2.288545713569255 ], [ 111.672842239252191, 2.270126901045374 ], [ 111.671230711413443, 2.254395727483598 ], [ 111.654116446519581, 2.254777890608806 ], [ 111.646960209153974, 2.244401991259053 ], [ 111.646960209153974, 2.224414518810192 ], [ 111.638460455874295, 2.220703087439624 ], [ 111.632013871490926, 2.218554225978504 ], [ 111.63357574099615, 2.209078892627588 ], [ 111.630325480342961, 2.172967664981898 ], [ 111.636311594413215, 2.160995436841375 ], [ 111.630720387789154, 2.15197182848766 ], [ 111.624185876168326, 2.154548852458016 ], [ 111.62449285637706, 2.168055981642196 ], [ 111.612160591943677, 2.16482091791903 ], [ 111.60008792978293, 2.162376847780666 ], [ 111.589317766287763, 2.169103947729468 ], [ 111.587890089684208, 2.186236066971503 ], [ 111.580751706666717, 2.191946773385553 ], [ 111.563619587424853, 2.187663743575115 ], [ 111.540776761768768, 2.187663743575115 ], [ 111.522882407287, 2.201823804602646 ], [ 111.515514882277444, 2.197219101471676 ], [ 111.509375278102823, 2.201823804602646 ], [ 111.502621713510734, 2.18923761604466 ], [ 111.489728544744011, 2.188316675418466 ], [ 111.479291217647145, 2.182177071243839 ], [ 111.467965254990418, 2.174814654143518 ], [ 111.463942207210579, 2.189544596253392 ], [ 111.450833135748439, 2.207651216023976 ], [ 111.436620968633491, 2.201823804602646 ], [ 111.427990310092525, 2.186236066971503 ], [ 111.406843888386547, 2.18923761604466 ], [ 111.407457848804015, 2.194149299384362 ], [ 111.399476363376991, 2.196298160845481 ], [ 111.398555422750803, 2.203665685855034 ], [ 111.381364531061848, 2.207656428568542 ], [ 111.382304658780527, 2.217644952248463 ], [ 111.362638738329224, 2.21625187441302 ], [ 111.360889509728054, 2.201940509610097 ], [ 111.350666510188702, 2.204586626481228 ], [ 111.350052549771249, 2.21625187441302 ], [ 111.350895773503566, 2.233349394886886 ], [ 111.343757390486076, 2.253336867335918 ], [ 111.323769918037044, 2.2676136333709 ], [ 111.302354768984571, 2.277607369595444 ], [ 111.282367296535654, 2.286173429216376 ], [ 111.282367296535654, 2.259047573750024 ], [ 111.279511943328657, 2.240487777904377 ], [ 111.259524470879626, 2.244770807715042 ], [ 111.236681645223712, 2.246198484318427 ], [ 111.223832555792171, 2.271896663181394 ], [ 111.209555789757189, 2.286173429216376 ], [ 111.196706700325592, 2.294739488837479 ], [ 111.189568317308101, 2.294739488837479 ], [ 111.185859700000094, 2.3325843 ], [ 111.184698300000093, 2.359679600000106 ], [ 111.186635491920242, 2.368771574169784 ], [ 111.186782300000232, 2.369460600000309 ], [ 111.189676500000246, 2.379918299999929 ], [ 111.194163700000274, 2.38969920000028 ], [ 111.195041155930028, 2.390929177872351 ], [ 111.206012209732023, 2.40401223802013 ], [ 111.207124344853241, 2.407186933921139 ], [ 111.230389900000205, 2.428960100000324 ], [ 111.24100330000033, 2.434801500000276 ], [ 111.250848450713477, 2.437633435491705 ], [ 111.252637354868398, 2.434237642884625 ], [ 111.259910000000218, 2.417140900000277 ], [ 111.270038000000341, 2.412853100000405 ], [ 111.292501700000344, 2.402214900000388 ], [ 111.301771400000291, 2.401528800000278 ], [ 111.314326700000322, 2.394844600000397 ], [ 111.327887900000292, 2.391071300000306 ], [ 111.328550600000199, 2.3867788000004 ], [ 111.327863900000239, 2.383691600000418 ], [ 111.324626400000227, 2.379580000000374 ], [ 111.311923400000239, 2.369975200000397 ], [ 111.31085150000041, 2.364867300000185 ], [ 111.309691800000337, 2.359341200000188 ], [ 111.32342470000026, 2.368431500000213 ], [ 111.329947900000377, 2.3686031000002 ], [ 111.354838800000323, 2.339788300000293 ], [ 111.359302000000298, 2.336186399999974 ], [ 111.37183320000031, 2.337558500000171 ], [ 111.376124800000298, 2.340474400000403 ], [ 111.38093130000027, 2.349564799999882 ], [ 111.386081100000354, 2.362428500000192 ], [ 111.389342700000213, 2.364486700000327 ], [ 111.410457000000349, 2.358826699999895 ], [ 111.416636900000299, 2.359855800000332 ], [ 111.428309800000306, 2.367917 ], [ 111.439639500000339, 2.376664200000334 ], [ 111.449080900000297, 2.368260000000419 ], [ 111.454266300000313, 2.364419000000396 ], [ 111.459037200000353, 2.360884900000372 ], [ 111.465874100000121, 2.367346699999985 ], [ 111.471770202533094, 2.340425368844856 ], [ 111.492030896309359, 2.345644032393289 ], [ 111.501547282780038, 2.330908982374184 ], [ 111.507993867163393, 2.32108561569478 ], [ 111.523035897391225, 2.323848437573362 ], [ 111.537770947410337, 2.317708833398735 ], [ 111.543296591167504, 2.301745862544704 ], [ 111.563619587424853, 2.30187787185497 ], [ 111.570627303843679, 2.289773634404182 ], [ 111.581976097467646, 2.289773634404182 ] ] ], [ [ [ 111.393981200000155, 2.717755400000158 ], [ 111.392264600000033, 2.722899500000153 ], [ 111.392264600000033, 2.726328800000204 ], [ 111.391406300000085, 2.729758200000106 ], [ 111.390153100000134, 2.735348000000215 ], [ 111.389294800000187, 2.741692200000216 ], [ 111.388316400000065, 2.746390300000087 ], [ 111.386548300000129, 2.74889370000011 ], [ 111.384883100000195, 2.750334 ], [ 111.383338200000082, 2.752905900000087 ], [ 111.385175000000174, 2.754380500000195 ], [ 111.38694310000011, 2.756335200000137 ], [ 111.390204600000118, 2.757535400000108 ], [ 111.390891300000135, 2.75942149999986 ], [ 111.39277960000004, 2.760278800000094 ], [ 111.395646300000067, 2.762439300000153 ], [ 111.397414400000173, 2.762850800000081 ], [ 111.399474400000088, 2.764736800000207 ], [ 111.401654500000177, 2.764839700000152 ], [ 111.403371100000129, 2.766211399999975 ], [ 111.405482500000176, 2.763879500000144 ], [ 111.404795900000238, 2.762164900000187 ], [ 111.40376590000011, 2.757364000000166 ], [ 111.400676, 2.74776200000025 ], [ 111.398221200000137, 2.738262900000166 ], [ 111.397242800000186, 2.73438780000015 ], [ 111.397242800000186, 2.730787000000134 ], [ 111.397071100000176, 2.727357600000232 ], [ 111.396041100000048, 2.724099800000147 ], [ 111.395697800000107, 2.720327500000167 ], [ 111.393981200000155, 2.717755400000158 ] ] ], [ [ [ 111.419383400000186, 2.372719400000108 ], [ 111.412615000000244, 2.368451900000139 ], [ 111.403075600000193, 2.371004299999925 ], [ 111.395522500000141, 2.374091500000134 ], [ 111.388141100000098, 2.373405500000217 ], [ 111.380588000000103, 2.371690300000182 ], [ 111.373893200000225, 2.365515800000196 ], [ 111.36943, 2.350765400000114 ], [ 111.366168400000163, 2.347849600000075 ], [ 111.362220200000195, 2.347163600000158 ], [ 111.350203900000167, 2.361399400000153 ], [ 111.345569000000182, 2.370146700000021 ], [ 111.344882400000245, 2.372204900000156 ], [ 111.346084000000189, 2.384725300000127 ], [ 111.34419580000008, 2.397417200000064 ], [ 111.339839200000199, 2.404289400000096 ], [ 111.33564210000003, 2.410352299999886 ], [ 111.329776200000197, 2.415425800000094 ], [ 111.318115400000124, 2.422529400000087 ], [ 111.306803, 2.428000499999939 ], [ 111.301438500000131, 2.43510090000018 ], [ 111.299731900000154, 2.453158000000144 ], [ 111.301224000000161, 2.466160300000183 ], [ 111.310785500000065, 2.506034000000113 ], [ 111.310794100000066, 2.513091100000167 ], [ 111.309163300000137, 2.516015099999947 ], [ 111.304539400000181, 2.532157200000086 ], [ 111.305695700000115, 2.534468000000174 ], [ 111.302968100000044, 2.542783000000156 ], [ 111.304279500000177, 2.545177700000238 ], [ 111.306330900000091, 2.545700700000168 ], [ 111.304099300000189, 2.546206600000119 ], [ 111.302511400000071, 2.548178800000187 ], [ 111.295855700000061, 2.566079000000173 ], [ 111.294134400000075, 2.577426300000241 ], [ 111.28356, 2.635585100000185 ], [ 111.282392700000059, 2.642975800000045 ], [ 111.281294100000139, 2.649449099999913 ], [ 111.280890700000157, 2.658031600000186 ], [ 111.28074480000015, 2.662490000000162 ], [ 111.282624500000054, 2.666759700000114 ], [ 111.280950800000141, 2.667968599999938 ], [ 111.279955100000166, 2.670712200000139 ], [ 111.279882000000157, 2.676363700000195 ], [ 111.281294100000139, 2.6931924000001 ], [ 111.282744600000058, 2.695747300000107 ], [ 111.28440970000014, 2.698842300000251 ], [ 111.282684500000073, 2.701585900000225 ], [ 111.281354200000123, 2.705846900000154 ], [ 111.281663200000139, 2.710690900000202 ], [ 111.282976400000052, 2.715809300000217 ], [ 111.283345400000201, 2.723962600000164 ], [ 111.286804400000051, 2.73456780000015 ], [ 111.288589700000159, 2.745841600000176 ], [ 111.291542300000231, 2.753043100000241 ], [ 111.295559100000219, 2.761316199999953 ], [ 111.301387000000148, 2.770317900000123 ], [ 111.306596600000205, 2.780670700000144 ], [ 111.310605300000077, 2.785389200000111 ], [ 111.313205900000128, 2.78850970000002 ], [ 111.314270200000124, 2.791724600000123 ], [ 111.318372900000099, 2.794579300000237 ], [ 111.322896200000059, 2.796936900000105 ], [ 111.326784300000099, 2.799680200000239 ], [ 111.330938600000081, 2.801943400000255 ], [ 111.334500500000104, 2.801806200000101 ], [ 111.338989500000082, 2.80034030000013 ], [ 111.348156200000233, 2.793302 ], [ 111.35027620000011, 2.787695300000166 ], [ 111.353563500000178, 2.779611000000216 ], [ 111.356541800000173, 2.769872100000157 ], [ 111.361296900000184, 2.759910200000149 ], [ 111.364155, 2.753017400000033 ], [ 111.367768500000068, 2.746861800000204 ], [ 111.371982800000069, 2.742661 ], [ 111.37622280000005, 2.738905900000248 ], [ 111.382437000000152, 2.735596600000179 ], [ 111.385063400000206, 2.732450200000244 ], [ 111.387595400000066, 2.723028100000136 ], [ 111.388857100000223, 2.718389899999863 ], [ 111.387792800000057, 2.715123400000152 ], [ 111.385097700000188, 2.712705700000129 ], [ 111.382849000000135, 2.710159400000123 ], [ 111.380497200000036, 2.704672300000141 ], [ 111.379544500000065, 2.69848230000008 ], [ 111.382647900000165, 2.657059500000059 ], [ 111.384694300000035, 2.61583040000005 ], [ 111.38402120000012, 2.604415000000245 ], [ 111.382986300000084, 2.594549299999983 ], [ 111.3783564000002, 2.575090900000077 ], [ 111.377326400000243, 2.545251700000165 ], [ 111.380416300000093, 2.518155600000114 ], [ 111.379112500000247, 2.5059111999999 ], [ 111.37930410000007, 2.500777600000049 ], [ 111.378814900000123, 2.49699610000016 ], [ 111.377841400000023, 2.493974500000093 ], [ 111.378205500000149, 2.48904710000005 ], [ 111.380244600000083, 2.483684600000117 ], [ 111.390544300000158, 2.470821999999885 ], [ 111.393878200000188, 2.466391800000167 ], [ 111.397239100000093, 2.456930300000124 ], [ 111.401702300000238, 2.42039949999986 ], [ 111.406680500000164, 2.401705000000106 ], [ 111.411315400000149, 2.392786400000091 ], [ 111.422645000000216, 2.382324200000255 ], [ 111.422348200000158, 2.379531699999916 ], [ 111.419644600000083, 2.376255800000138 ], [ 111.419383400000186, 2.372719400000108 ] ] ] ] } },
{ "type": "Feature", "properties": { "Id": 51, "NEGERI": "SARAWAK", "KODPAR": "P.207", "PARLIMEN": "BATANG LASSA", "KODDUN": "N.51", "NAMADUN": "DARO", "KODUNIK": "P.207_N.51", "BILANGAN_P": 14070, "PERATUS_EQ": 68.36 }, "geometry": { "type": "MultiPolygon", "coordinates": [ [ [ [ 111.648897782971147, 2.285475911481942 ], [ 111.639074416291677, 2.28486195106448 ], [ 111.631706891282121, 2.288238733360525 ], [ 111.626795207942422, 2.28946665419545 ], [ 111.620962583976521, 2.284554970855749 ], [ 111.624953326690033, 2.277801406263658 ], [ 111.629251049612265, 2.264294277079479 ], [ 111.609604316253467, 2.27810838647239 ], [ 111.598860008947867, 2.28486195106448 ], [ 111.598860008947867, 2.287317792734331 ], [ 111.603464712078832, 2.292536456282764 ], [ 111.604692632913768, 2.298062100039929 ], [ 111.600394909991522, 2.302666803170899 ], [ 111.587194761016079, 2.309113387554258 ], [ 111.583817978720035, 2.309113387554258 ], [ 111.581669117258912, 2.306657545884407 ], [ 111.585045899554956, 2.299290020874854 ], [ 111.586887780807345, 2.29622021878754 ], [ 111.584431939137488, 2.291922495865301 ], [ 111.581976097467646, 2.289773634404182 ], [ 111.570627303843679, 2.289773634404182 ], [ 111.563619587424853, 2.30187787185497 ], [ 111.543296591167504, 2.301745862544704 ], [ 111.537770947410337, 2.317708833398735 ], [ 111.523035897391225, 2.323848437573362 ], [ 111.507993867163393, 2.32108561569478 ], [ 111.501547282780038, 2.330908982374184 ], [ 111.492030896309359, 2.345644032393289 ], [ 111.471770202533094, 2.340425368844856 ], [ 111.465874100000121, 2.367346699999985 ], [ 111.47174020000017, 2.372890900000243 ], [ 111.46332880000017, 2.378893900000094 ], [ 111.441527800000074, 2.3912428000001 ], [ 111.431571400000166, 2.397417200000064 ], [ 111.419040100000188, 2.40993750000024 ], [ 111.413375300000098, 2.418856000000233 ], [ 111.411315400000149, 2.427945900000225 ], [ 111.413032000000101, 2.445268000000112 ], [ 111.411830300000133, 2.457959300000198 ], [ 111.406337200000223, 2.46687750000001 ], [ 111.39412520000019, 2.482479400000216 ], [ 111.392089300000123, 2.486943100000246 ], [ 111.396724100000085, 2.490201600000205 ], [ 111.404253300000107, 2.490196900000171 ], [ 111.417323500000066, 2.488829600000201 ], [ 111.437236200000086, 2.482312600000114 ], [ 111.441030600000147, 2.491248100000121 ], [ 111.444446000000141, 2.499291 ], [ 111.431204100000173, 2.505974700000195 ], [ 111.421958400000051, 2.512667800000088 ], [ 111.405478900000048, 2.524329500000078 ], [ 111.399985700000116, 2.529131300000188 ], [ 111.396895800000095, 2.534104599999921 ], [ 111.396520500000122, 2.544685200000174 ], [ 111.399470700000165, 2.563258200000178 ], [ 111.413286000000141, 2.608634100000074 ], [ 111.419531100000142, 2.629961200000253 ], [ 111.425906600000246, 2.656202200000166 ], [ 111.428972500000043, 2.668372300000158 ], [ 111.461639855644947, 2.664596469265175 ], [ 111.465323618149725, 2.677489638031893 ], [ 111.462253816062415, 2.658149884881817 ], [ 111.477909806707714, 2.657842904673085 ], [ 111.47760282649898, 2.632977507765845 ], [ 111.473305103576749, 2.618856418164202 ], [ 111.462789927302822, 2.602748818737211 ], [ 111.469314360863237, 2.586316516038678 ], [ 111.484205076355295, 2.598465788926603 ], [ 111.512758608425258, 2.598465788926603 ], [ 111.589853145014047, 2.60845952515109 ], [ 111.626488227733688, 2.609953992110992 ], [ 111.644104855947091, 2.631302350807175 ], [ 111.659028129859223, 2.649861419246069 ], [ 111.681744665305345, 2.67503379636204 ], [ 111.673149219460868, 2.682708301580325 ], [ 111.686042388227577, 2.705117856817714 ], [ 111.698356566880022, 2.715535270413454 ], [ 111.714284567430866, 2.721694788089208 ], [ 111.736694122668254, 2.724150629759059 ], [ 111.729019617449978, 2.711564441201073 ], [ 111.731193128760424, 2.705541534188967 ], [ 111.725949815362654, 2.698978252643087 ], [ 111.725949815362654, 2.692838648468459 ], [ 111.735773182042067, 2.691610727633534 ], [ 111.743447687260343, 2.698978252643087 ], [ 111.751180601209455, 2.698403151171476 ], [ 111.762602014037441, 2.695547797964593 ], [ 111.78116180988286, 2.705541534188967 ], [ 111.788300192900351, 2.684126385136494 ], [ 111.772595750261928, 2.688409414947103 ], [ 111.771196410442258, 2.66741931765165 ], [ 111.769740397054932, 2.645579116842157 ], [ 111.765457367244437, 2.605604171944094 ], [ 111.761174337433829, 2.585616699495233 ], [ 111.758318984226946, 2.567056903649757 ], [ 111.772595750261928, 2.561346197235707 ], [ 111.772595750261928, 2.551352461011163 ], [ 111.770454235356624, 2.540644886484927 ], [ 111.76831272045132, 2.52993731195869 ], [ 111.75546363101995, 2.519943575734203 ], [ 111.759746660830388, 2.509949839509829 ], [ 111.762602014037441, 2.495673073474848 ], [ 111.759746660830388, 2.478540954232869 ], [ 111.749752924605843, 2.458553481783781 ], [ 111.738331511777915, 2.422861566696326 ], [ 111.725482422346374, 2.394308034626363 ], [ 111.70835030310451, 2.381458945194993 ], [ 111.691218183862532, 2.387169651608872 ], [ 111.665520004999564, 2.392880358022978 ], [ 111.644818694248841, 2.390738843117788 ], [ 111.62411738349806, 2.388597328212484 ], [ 111.61840667708401, 2.375748238780943 ], [ 111.621262030291007, 2.361471472745961 ], [ 111.636966472929601, 2.358616119538908 ], [ 111.64267717934348, 2.355760766331912 ], [ 111.648387885757586, 2.342911676900542 ], [ 111.648387885757586, 2.330062587468944 ], [ 111.646960209153974, 2.312930468226966 ], [ 111.648897782971147, 2.285475911481942 ] ] ] ] } },
{ "type": "Feature", "properties": { "Id": 53, "NEGERI": "SARAWAK", "KODPAR": "P.207", "PARLIMEN": "BATANG LASSA", "KODDUN": "N.53", "NAMADUN": "IGAN", "KODUNIK": "P.207_N.53", "BILANGAN_P": 10978, "PERATUS_EQ": 53.34 }, "geometry": { "type": "MultiPolygon", "coordinates": [ [ [ [ 111.995324948524086, 2.852161376800035 ], [ 112.012515840213027, 2.814095830917346 ], [ 112.001771532907426, 2.814709791334809 ], [ 111.98668043046348, 2.815301421964348 ], [ 111.98227828965301, 2.806114345490331 ], [ 111.980436408400621, 2.804272464237943 ], [ 111.979822447983153, 2.799667761106972 ], [ 111.976138685478375, 2.79690493922839 ], [ 111.96385947712912, 2.79690493922839 ], [ 111.951887248988598, 2.791993255888688 ], [ 111.945133684396509, 2.795677018393464 ], [ 111.933161456255988, 2.784625730879136 ], [ 111.937766159386953, 2.777565186078314 ], [ 111.938687100013141, 2.771425581903687 ], [ 111.938073139595687, 2.767127858981448 ], [ 111.93561729792583, 2.758839393345701 ], [ 111.911058881227319, 2.759760333971895 ], [ 111.902156455174108, 2.763751076685403 ], [ 111.894481949955832, 2.75853241313697 ], [ 111.876677097849409, 2.78554667150533 ], [ 111.863169968665233, 2.785853651714061 ], [ 111.862556008247765, 2.797825879854584 ], [ 111.82356952173923, 2.797825879854586 ], [ 111.823262541530497, 2.771425581903689 ], [ 111.85254564005794, 2.749799508897695 ], [ 111.853039621777441, 2.720466867254282 ], [ 111.831857987374974, 2.718011025584432 ], [ 111.829095165496398, 2.725685530802715 ], [ 111.824950932678519, 2.742108971969843 ], [ 111.821113680069388, 2.744411323535328 ], [ 111.816662467042775, 2.744411323535328 ], [ 111.810983333181241, 2.73581587769085 ], [ 111.806685610259009, 2.733973996438462 ], [ 111.804536748797887, 2.736122857899582 ], [ 111.779824841995023, 2.799514271002609 ], [ 111.774606178446589, 2.805653875177236 ], [ 111.770615435733077, 2.807802736638355 ], [ 111.763861871140989, 2.804732934551042 ], [ 111.755726895609612, 2.801049172046266 ], [ 111.753885014357223, 2.800128231420072 ], [ 111.749894271643711, 2.79982125121134 ], [ 111.746670979452034, 2.799514271002609 ], [ 111.728062600000271, 2.811146200000337 ], [ 111.697506900000405, 2.824691000000371 ], [ 111.687995600000363, 2.830756400000382 ], [ 111.679286300000228, 2.833621400000311 ], [ 111.677765800000373, 2.835492500000385 ], [ 111.684574100000418, 2.840594200000282 ], [ 111.689267100000393, 2.84132180000023 ], [ 111.711808100000269, 2.848153700000296 ], [ 111.790324000000396, 2.864185000000305 ], [ 111.828234500000235, 2.870756000000426 ], [ 111.840699100000222, 2.872874800000261 ], [ 111.855308700000364, 2.874973199999943 ], [ 111.865300800000227, 2.876137800000379 ], [ 111.872930900000426, 2.876370700000109 ], [ 111.874755600000412, 2.875900399999921 ], [ 111.877874900000222, 2.872769800000242 ], [ 111.87938440000022, 2.871968 ], [ 111.88083040000032, 2.871691000000339 ], [ 111.881877400000292, 2.87178280000029 ], [ 111.883125200000336, 2.873152300000299 ], [ 111.883843900000272, 2.87336280000028 ], [ 111.907199700000263, 2.876339600000392 ], [ 111.923220700000286, 2.878007200000354 ], [ 111.940635700000428, 2.88069150000041 ], [ 111.975230300000362, 2.886634300000424 ], [ 111.987458200000276, 2.889122000000384 ], [ 111.988629069029258, 2.889325030401918 ], [ 112.002078513116174, 2.854003258052423 ], [ 111.995324948524086, 2.852161376800035 ] ] ] ] } },
{ "type": "Feature", "properties": { "Id": 55, "NEGERI": "SARAWAK", "KODPAR": "P.208", "PARLIMEN": "SARIKEI", "KODDUN": "N.55", "NAMADUN": "MERADONG", "KODUNIK": "P.208_N.55", "BILANGAN_P": 29144, "PERATUS_EQ": 141.6 }, "geometry": { "type": "MultiPolygon", "coordinates": [ [ [ [ 111.52364464252679, 2.149116475280607 ], [ 111.527927672337398, 2.154827181694486 ], [ 111.542989610958841, 2.151018580057604 ], [ 111.546487468182818, 2.163393241315589 ], [ 111.546487468182818, 2.176242330746959 ], [ 111.540776761768768, 2.187663743575115 ], [ 111.563619587424853, 2.187663743575115 ], [ 111.580751706666717, 2.191946773385553 ], [ 111.587890089684208, 2.186236066971503 ], [ 111.589317766287763, 2.169103947729468 ], [ 111.60008792978293, 2.162376847780666 ], [ 111.612160591943677, 2.16482091791903 ], [ 111.62449285637706, 2.168055981642196 ], [ 111.624185876168326, 2.154548852458016 ], [ 111.630720387789154, 2.15197182848766 ], [ 111.636311594413215, 2.160995436841375 ], [ 111.630325480342961, 2.172967664981898 ], [ 111.63357574099615, 2.209078892627588 ], [ 111.632013871490926, 2.218554225978504 ], [ 111.638460455874295, 2.220703087439624 ], [ 111.646960209153974, 2.224414518810192 ], [ 111.646960209153974, 2.244401991259053 ], [ 111.654116446519581, 2.254777890608806 ], [ 111.671230711413443, 2.254395727483598 ], [ 111.672842239252191, 2.270126901045374 ], [ 111.681437685096668, 2.271354821880299 ], [ 111.684507487183993, 2.279336307307315 ], [ 111.697801359311882, 2.266638054358509 ], [ 111.706367418932984, 2.243795228702595 ], [ 111.707795095536426, 2.232373815874666 ], [ 111.71778883176097, 2.222380079650122 ], [ 111.713977587221763, 2.210726230655854 ], [ 111.71778883176097, 2.20810331361514 ], [ 111.727782567985457, 2.198109577390653 ], [ 111.737776304209831, 2.192398870976547 ], [ 111.752657093521904, 2.188930635835928 ], [ 111.750625393641371, 2.18240513475223 ], [ 111.751736152895717, 2.171739744146971 ], [ 111.767757512883406, 2.162417662303199 ], [ 111.77261080708945, 2.165600139972344 ], [ 111.789172661935879, 2.160989985699757 ], [ 111.78826679773475, 2.147181327448462 ], [ 111.787652837317282, 2.123236871167416 ], [ 111.783461955521773, 2.119587364198253 ], [ 111.779178925711335, 2.108165951370268 ], [ 111.780606602314776, 2.092461508731674 ], [ 111.784889632125385, 2.073901712886254 ], [ 111.790600338539264, 2.059624946851272 ], [ 111.790600338539264, 2.048203534023344 ], [ 111.779210881577839, 2.038510333557559 ], [ 111.768159594063505, 2.032984689800394 ], [ 111.766317712811116, 2.021626422077333 ], [ 111.756336100055421, 2.018222325349939 ], [ 111.759191453262304, 1.999662529504292 ], [ 111.74348701062388, 1.999662529504292 ], [ 111.734008045842799, 1.998104063585473 ], [ 111.723724208850314, 1.999025004211667 ], [ 111.716356683840758, 1.993652850558872 ], [ 111.713670607013654, 1.988012089221249 ], [ 111.708912413778322, 1.983407386090279 ], [ 111.702005359081866, 1.995533104335168 ], [ 111.687807623087394, 1.993951823090413 ], [ 111.673530857052413, 1.991096469883416 ], [ 111.661023501216221, 1.986784168386324 ], [ 111.662109444224427, 1.975392027244993 ], [ 111.655344367354687, 1.976193351185092 ], [ 111.645214020466554, 1.98586322776013 ], [ 111.638767436083185, 1.992002831934757 ], [ 111.643525629318532, 2.001519218405429 ], [ 111.636411265361517, 2.009656265728836 ], [ 111.629711519925621, 2.004896000701474 ], [ 111.599627459469929, 2.021933402286065 ], [ 111.580731877825031, 2.011083942332448 ], [ 111.573841121936496, 2.012877486128489 ], [ 111.573227161519029, 2.020705481451139 ], [ 111.563599758583166, 2.021077678556765 ], [ 111.564017755257026, 2.037128922618269 ], [ 111.570157359431647, 2.042501076271068 ], [ 111.563599758583166, 2.045348180816291 ], [ 111.552178345755067, 2.049631210626728 ], [ 111.544524512002639, 2.04910115075879 ], [ 111.537617457306183, 2.036207981992073 ], [ 111.535315105740693, 2.051863972637373 ], [ 111.529635971879159, 2.052631423159201 ], [ 111.528133456221525, 2.047804319259333 ], [ 111.527640600522417, 2.048640680445694 ], [ 111.522882407287085, 2.050789541906814 ], [ 111.51904515467794, 2.052017462741739 ], [ 111.515054411964428, 2.052938403367933 ], [ 111.514747431755694, 2.054012834098493 ], [ 111.514900921860061, 2.059845458064389 ], [ 111.513519510920773, 2.061994319525509 ], [ 111.512291590085852, 2.064603651299725 ], [ 111.513212530712039, 2.066599022656479 ], [ 111.517510253634285, 2.067059492969576 ], [ 111.523496367704539, 2.067059492969576 ], [ 111.524570798435107, 2.068287413804502 ], [ 111.524877778643841, 2.071510705996181 ], [ 111.525798719270028, 2.074427017979129 ], [ 111.526412679687496, 2.076575879440248 ], [ 111.522421936973984, 2.080106151840659 ], [ 111.52211495676525, 2.082868973719241 ], [ 111.523956838017639, 2.086552736224018 ], [ 111.527180130209317, 2.087320186745846 ], [ 111.531938323444663, 2.085478305493458 ], [ 111.534087184905772, 2.085171325284727 ], [ 111.534547655218859, 2.100827315930027 ], [ 111.53807792761927, 2.101441276347489 ], [ 111.539766318767292, 2.102055236764952 ], [ 111.539919808871659, 2.103743627912975 ], [ 111.540226789080393, 2.105278528956632 ], [ 111.539329256323697, 2.112448981180762 ], [ 111.53361854990959, 2.123870394008691 ], [ 111.520789289319907, 2.130556679435188 ], [ 111.52364464252679, 2.149116475280607 ] ] ] ] } },
{ "type": "Feature", "properties": { "Id": 56, "NEGERI": "SARAWAK", "KODPAR": "P.209", "PARLIMEN": "JULAU", "KODDUN": "N.56", "NAMADUN": "PAKAN", "KODUNIK": "P.209_N.56", "BILANGAN_P": 17446, "PERATUS_EQ": 84.76 }, "geometry": { "type": "MultiPolygon", "coordinates": [ [ [ [ 111.686195878332228, 1.657547894521938 ], [ 111.688037759584617, 1.648338488259997 ], [ 111.678828353322672, 1.640970963250445 ], [ 111.668391026225805, 1.643733785129027 ], [ 111.660716521007515, 1.636673240328206 ], [ 111.654883897041628, 1.63544531949328 ], [ 111.641376767857452, 1.644040765337758 ], [ 111.627869638673275, 1.640357002832981 ], [ 111.623264935542309, 1.644347745546489 ], [ 111.62633473762962, 1.65570601326955 ], [ 111.624416111325871, 1.662574695442378 ], [ 111.61835710497968, 1.675393549398223 ], [ 111.626923164600782, 1.67967657920866 ], [ 111.632633871014662, 1.695381021847084 ], [ 111.626923164600782, 1.716796170899556 ], [ 111.624723091534548, 1.721821875727482 ], [ 111.629778517807665, 1.73250061353815 ], [ 111.63669531967507, 1.739319747625155 ], [ 111.633241792325862, 1.743348862862355 ], [ 111.627869638673317, 1.754246660272319 ], [ 111.619734663141713, 1.754400150376685 ], [ 111.601469340722403, 1.773893393631127 ], [ 111.582665189892225, 1.779613941453533 ], [ 111.559720032334937, 1.785251661354188 ], [ 111.549828628011824, 1.791035354281519 ], [ 111.545291962524558, 1.8039774540868 ], [ 111.532705773966569, 1.818098543688443 ], [ 111.53393369480149, 1.826693989532921 ], [ 111.517356763530003, 1.83314057391628 ], [ 111.513366020816491, 1.844805821848072 ], [ 111.514900921860146, 1.869057258337849 ], [ 111.502007753093423, 1.870899139590237 ], [ 111.493412307248946, 1.881336466687103 ], [ 111.477017121233473, 1.88954503992295 ], [ 111.475607455142523, 1.906201863594344 ], [ 111.458416563453568, 1.905587903176881 ], [ 111.452746618974004, 1.943796750855824 ], [ 111.431331469921531, 1.952362810476757 ], [ 111.432759146524916, 1.965211899908297 ], [ 111.434472107172539, 1.976193351185094 ], [ 111.439411722920454, 1.986361342481757 ], [ 111.453504880113783, 2.004128550179646 ], [ 111.460807043131297, 2.005373235918398 ], [ 111.469373102752172, 2.022505355160376 ], [ 111.482222192183769, 2.009656265728836 ], [ 111.482974980151994, 2.022547362703528 ], [ 111.475607455142438, 2.030835828339275 ], [ 111.488193643700427, 2.033598650217857 ], [ 111.494333247875048, 2.044649937732186 ], [ 111.503082183823892, 2.042347586166701 ], [ 111.508300847372325, 2.049254640863157 ], [ 111.514286961442579, 2.038510333557559 ], [ 111.5264801668921, 2.042492827609237 ], [ 111.528133456221525, 2.047804319259333 ], [ 111.529635971879159, 2.052631423159201 ], [ 111.535315105740693, 2.051863972637373 ], [ 111.537617457306183, 2.036207981992073 ], [ 111.544524512002639, 2.04910115075879 ], [ 111.552178345755067, 2.049631210626728 ], [ 111.563599758583166, 2.045348180816291 ], [ 111.570157359431647, 2.042501076271068 ], [ 111.564017755257026, 2.037128922618269 ], [ 111.563599758583166, 2.021077678556765 ], [ 111.573227161519029, 2.020705481451139 ], [ 111.573841121936496, 2.012877486128489 ], [ 111.580731877825031, 2.011083942332448 ], [ 111.599627459469929, 2.021933402286065 ], [ 111.629711519925621, 2.004896000701474 ], [ 111.636411265361517, 2.009656265728836 ], [ 111.643525629318532, 2.001519218405429 ], [ 111.638767436083185, 1.992002831934757 ], [ 111.645214020466554, 1.98586322776013 ], [ 111.655344367354687, 1.976193351185092 ], [ 111.662109444224427, 1.975392027244993 ], [ 111.661023501216221, 1.986784168386324 ], [ 111.673530857052413, 1.991096469883416 ], [ 111.687807623087394, 1.993951823090413 ], [ 111.702005359081866, 1.995533104335168 ], [ 111.708912413778322, 1.983407386090279 ], [ 111.713670607013654, 1.988012089221249 ], [ 111.716356683840758, 1.993652850558872 ], [ 111.723724208850314, 1.999025004211667 ], [ 111.734008045842799, 1.998104063585473 ], [ 111.74348701062388, 1.999662529504292 ], [ 111.759191453262304, 1.999662529504292 ], [ 111.756336100055421, 2.018222325349939 ], [ 111.766317712811116, 2.021626422077333 ], [ 111.768159594063505, 2.032984689800394 ], [ 111.779210881577839, 2.038510333557559 ], [ 111.790600338539264, 2.048203534023344 ], [ 111.8250549339038, 2.042619732196385 ], [ 111.832932418105827, 2.041887115853603 ], [ 111.840443027110965, 2.053153029361307 ], [ 111.847513978020402, 2.052170952846107 ], [ 111.851504720733914, 2.050022091384987 ], [ 111.852425661360101, 2.046952289297673 ], [ 111.85426754261249, 2.045724368462748 ], [ 111.858565265534736, 2.044803427836554 ], [ 111.863169968665702, 2.045724368462748 ], [ 111.869616553049056, 2.041426645540509 ], [ 111.871458434301445, 2.03927778407939 ], [ 111.871151454092711, 2.036207981992076 ], [ 111.869002592631603, 2.032217239278568 ], [ 111.869002592631603, 2.021165951764239 ], [ 111.862556008248234, 2.015640308007074 ], [ 111.860407146787125, 2.015947288215806 ], [ 111.857030364491081, 2.021165951764239 ], [ 111.851811700942648, 2.021165951764239 ], [ 111.848127938437869, 2.019938030929314 ], [ 111.848127938437869, 2.017789169468194 ], [ 111.845365116559279, 2.011342585084836 ], [ 111.841988334263235, 2.015640308007074 ], [ 111.837997591549737, 2.015640308007074 ], [ 111.834620809253678, 2.013798426754686 ], [ 111.833085908210023, 2.009500703832447 ], [ 111.829402145705245, 2.004589020492745 ], [ 111.825411402991747, 1.995993574648267 ], [ 111.826332343617935, 1.991695851726028 ], [ 111.828481205079058, 1.987398128803789 ], [ 111.828481205079058, 1.976960801706923 ], [ 111.830630066540181, 1.972663078784684 ], [ 111.837076650923535, 1.968058375653713 ], [ 111.845058136350531, 1.96253273189655 ], [ 111.843216255098142, 1.957621048556848 ], [ 111.839532492593364, 1.956086147513191 ], [ 111.837076650923507, 1.954858226678265 ], [ 111.838304571758442, 1.95148144438222 ], [ 111.838611551967162, 1.949332582921101 ], [ 111.837076650923507, 1.94687674125125 ], [ 111.832778928001275, 1.94687674125125 ], [ 111.828481205079029, 1.943192978746474 ], [ 111.825718383200453, 1.939509216241697 ], [ 111.821727640486941, 1.94012317665916 ], [ 111.816201996729774, 1.941965057911548 ], [ 111.814053135268665, 1.94012317665916 ], [ 111.813746155059931, 1.937053374571846 ], [ 111.813746155059931, 1.934904513110727 ], [ 111.813132194642463, 1.929685849562294 ], [ 111.810676352972621, 1.925081146431323 ], [ 111.809448432137685, 1.921090403717815 ], [ 111.806992590467843, 1.914950799543188 ], [ 111.800239025875754, 1.91986248288289 ], [ 111.796555263370976, 1.917099661004308 ], [ 111.795327342536041, 1.9131089182908 ], [ 111.795941302953509, 1.908811195368561 ], [ 111.795941302953509, 1.903899512028859 ], [ 111.791336599822543, 1.897759907854232 ], [ 111.784890015439174, 1.895304066184381 ], [ 111.769541005002608, 1.894076145349455 ], [ 111.76585724249783, 1.887936541174828 ], [ 111.760202724189753, 1.870172261567063 ], [ 111.748205880495945, 1.856778049988593 ], [ 111.758336227384092, 1.846033742682995 ], [ 111.758775047586312, 1.835908023083164 ], [ 111.750661722165802, 1.824238147863068 ], [ 111.75127568258327, 1.811958939513814 ], [ 111.74449828155133, 1.8073544910132 ], [ 111.730094048180817, 1.803363493669336 ], [ 111.726717265884773, 1.786479582189111 ], [ 111.713824097118049, 1.78402374051926 ], [ 111.701544888768808, 1.760079284238214 ], [ 111.70891241377835, 1.753939680063586 ], [ 111.705535631482306, 1.746572155054034 ], [ 111.707684492943429, 1.741046511296869 ], [ 111.703386770021197, 1.738283689418287 ], [ 111.705228651273572, 1.725697500860301 ], [ 111.699703007516419, 1.720785817520599 ], [ 111.695957277032335, 1.700278745750836 ], [ 111.691721522089395, 1.68272027163791 ], [ 111.696019245011627, 1.663687498696566 ], [ 111.686195878332228, 1.657547894521938 ] ] ] ] } },
{ "type": "Feature", "properties": { "Id": 57, "NEGERI": "SARAWAK", "KODPAR": "P.209", "PARLIMEN": "JULAU", "KODDUN": "N.57", "NAMADUN": "MELUAN", "KODUNIK": "P.209_N.57", "BILANGAN_P": 18896, "PERATUS_EQ": 91.81 }, "geometry": { "type": "MultiPolygon", "coordinates": [ [ [ [ 111.760202724189753, 1.870172261567063 ], [ 111.76585724249783, 1.887936541174828 ], [ 111.769541005002608, 1.894076145349455 ], [ 111.784890015439174, 1.895304066184381 ], [ 111.791336599822543, 1.897759907854232 ], [ 111.795941302953509, 1.903899512028859 ], [ 111.795941302953509, 1.908811195368561 ], [ 111.795327342536041, 1.9131089182908 ], [ 111.796555263370976, 1.917099661004308 ], [ 111.800239025875754, 1.91986248288289 ], [ 111.806992590467843, 1.914950799543188 ], [ 111.809448432137685, 1.921090403717815 ], [ 111.810676352972621, 1.925081146431323 ], [ 111.813132194642463, 1.929685849562294 ], [ 111.813746155059931, 1.934904513110727 ], [ 111.813746155059931, 1.937053374571846 ], [ 111.814053135268665, 1.94012317665916 ], [ 111.816201996729774, 1.941965057911548 ], [ 111.821727640486941, 1.94012317665916 ], [ 111.825718383200453, 1.939509216241697 ], [ 111.828481205079029, 1.943192978746474 ], [ 111.832778928001275, 1.94687674125125 ], [ 111.837076650923507, 1.94687674125125 ], [ 111.838611551967162, 1.949332582921101 ], [ 111.838304571758442, 1.95148144438222 ], [ 111.837076650923507, 1.954858226678265 ], [ 111.839532492593364, 1.956086147513191 ], [ 111.843216255098142, 1.957621048556848 ], [ 111.845058136350531, 1.96253273189655 ], [ 111.837076650923535, 1.968058375653713 ], [ 111.830630066540181, 1.972663078784684 ], [ 111.828481205079058, 1.976960801706923 ], [ 111.828481205079058, 1.987398128803789 ], [ 111.826332343617935, 1.991695851726028 ], [ 111.825411402991747, 1.995993574648267 ], [ 111.829402145705245, 2.004589020492745 ], [ 111.833085908210023, 2.009500703832447 ], [ 111.834620809253678, 2.013798426754686 ], [ 111.837997591549737, 2.015640308007074 ], [ 111.841988334263235, 2.015640308007074 ], [ 111.845365116559279, 2.011342585084836 ], [ 111.848127938437869, 2.017789169468194 ], [ 111.848127938437869, 2.019938030929314 ], [ 111.851811700942648, 2.021165951764239 ], [ 111.857030364491081, 2.021165951764239 ], [ 111.860407146787125, 2.015947288215806 ], [ 111.862556008248234, 2.015640308007074 ], [ 111.869002592631603, 2.021165951764239 ], [ 111.869002592631603, 2.032217239278568 ], [ 111.871151454092711, 2.036207981992076 ], [ 111.871458434301445, 2.03927778407939 ], [ 111.869616553049056, 2.041426645540509 ], [ 111.863169968665702, 2.045724368462748 ], [ 111.858565265534736, 2.044803427836554 ], [ 111.85426754261249, 2.045724368462748 ], [ 111.852425661360101, 2.046952289297673 ], [ 111.851504720733914, 2.050022091384987 ], [ 111.847513978020402, 2.052170952846107 ], [ 111.840443027110965, 2.053153029361307 ], [ 111.845825586872536, 2.061226869003679 ], [ 111.858411775430113, 2.061380359108047 ], [ 111.86884910252698, 2.067826943491406 ], [ 111.880514350458782, 2.06659902265648 ], [ 111.88726791505087, 2.073659567457301 ], [ 111.898933162982658, 2.079185211214466 ], [ 111.910598410914446, 2.068440903908868 ], [ 111.922263658846248, 2.070589765369988 ], [ 111.923564619545061, 2.064034881248858 ], [ 111.939147570326469, 2.070282785161256 ], [ 111.959715244311468, 2.066292042447749 ], [ 111.957873363059079, 2.05524075493342 ], [ 111.962171085981325, 2.044803427836553 ], [ 111.957828858029075, 2.035481349178895 ], [ 111.95603148180669, 2.024849714269015 ], [ 111.962111887839569, 2.019776906540471 ], [ 111.964967241046566, 2.00550014050549 ], [ 111.952118151615025, 1.994078727677334 ], [ 111.950690475011584, 1.981229638245964 ], [ 111.954973504822078, 1.958386812589879 ], [ 111.949262798407972, 1.949820752969003 ], [ 111.962111887839569, 1.932688633726968 ], [ 111.990665419909533, 1.928405603916531 ], [ 112.006369862547899, 1.918411867691987 ], [ 112.029212688203984, 1.889858335622023 ], [ 112.04491713084235, 1.877009246190653 ], [ 112.04491713084235, 1.861304803552059 ], [ 112.022074305186493, 1.864160156759112 ], [ 112.024929658393376, 1.847028037517077 ], [ 112.014935922169002, 1.827040565068216 ], [ 112.027785011600372, 1.818474505447114 ], [ 112.049200160652845, 1.80848076922257 ], [ 112.066332279894823, 1.801342386205079 ], [ 112.076326016119424, 1.787065620170097 ], [ 112.085116659578432, 1.779265547283924 ], [ 112.107734901396384, 1.761367441307186 ], [ 112.127722373845245, 1.758512088100133 ], [ 112.136689334645311, 1.759004853507654 ], [ 112.147740622159645, 1.74918148682825 ], [ 112.160019830508901, 1.747646585784594 ], [ 112.166159434683522, 1.737516238896458 ], [ 112.172606019066876, 1.727385892008324 ], [ 112.168922256562112, 1.716334604493994 ], [ 112.180280524285166, 1.708046138858248 ], [ 112.176596761780388, 1.698529752387576 ], [ 112.183401761381788, 1.688555934528836 ], [ 112.18948993054714, 1.685022623203395 ], [ 112.201001688374745, 1.666450320575147 ], [ 112.187684791192169, 1.665713108872751 ], [ 112.161986612329315, 1.665713108872751 ], [ 112.152805795603925, 1.656319973687012 ], [ 112.146359211220556, 1.647724527842534 ], [ 112.141999139880227, 1.628593517181912 ], [ 112.121800794522059, 1.630840616362309 ], [ 112.103995942415636, 1.628384774692458 ], [ 112.105223863250558, 1.619175368430517 ], [ 112.099168841775281, 1.61431675114693 ], [ 112.077595644464736, 1.620710269474174 ], [ 112.056720990271003, 1.620710269474174 ], [ 112.053651188183693, 1.605054278828874 ], [ 112.059790792358314, 1.598300714236784 ], [ 112.057334950688471, 1.585407545470067 ], [ 112.050581386096383, 1.582951703800217 ], [ 112.037381237120925, 1.591240169435963 ], [ 112.027250890232793, 1.577426060043052 ], [ 111.995478438629291, 1.574509748060107 ], [ 111.983813190697489, 1.573588807433913 ], [ 111.967236259426002, 1.566528262633091 ], [ 111.960789675042633, 1.572667866807719 ], [ 111.943291803144945, 1.569598064720406 ], [ 111.919961307280971, 1.567449203259284 ], [ 111.890184227034453, 1.572360886598987 ], [ 111.884044622859832, 1.580649352234734 ], [ 111.88005388014632, 1.581263312652197 ], [ 111.866853731170877, 1.573895787642644 ], [ 111.861062127574371, 1.579739216963787 ], [ 111.849586094430265, 1.585215682842142 ], [ 111.833392888419141, 1.576658609521226 ], [ 111.822341600904807, 1.585254055365705 ], [ 111.812518234225408, 1.59323554079272 ], [ 111.799672033624006, 1.589732953188332 ], [ 111.781973703457325, 1.579574921504103 ], [ 111.767238653437303, 1.599835615280442 ], [ 111.763980118536551, 1.612575778844246 ], [ 111.751131029105011, 1.621141838465121 ], [ 111.736847612772905, 1.621631210100369 ], [ 111.736854263070029, 1.638273957707156 ], [ 111.737768553399093, 1.65570601326955 ], [ 111.723340483588714, 1.663994478905297 ], [ 111.708298453360882, 1.658161854939401 ], [ 111.703386770021183, 1.661231657026715 ], [ 111.696019245011627, 1.663687498696566 ], [ 111.691721522089395, 1.68272027163791 ], [ 111.695957277032335, 1.700278745750836 ], [ 111.699703007516419, 1.720785817520599 ], [ 111.705228651273572, 1.725697500860301 ], [ 111.703386770021197, 1.738283689418287 ], [ 111.707684492943429, 1.741046511296869 ], [ 111.705535631482306, 1.746572155054034 ], [ 111.70891241377835, 1.753939680063586 ], [ 111.701544888768808, 1.760079284238214 ], [ 111.713824097118049, 1.78402374051926 ], [ 111.726717265884773, 1.786479582189111 ], [ 111.730094048180817, 1.803363493669336 ], [ 111.74449828155133, 1.8073544910132 ], [ 111.75127568258327, 1.811958939513814 ], [ 111.750661722165802, 1.824238147863068 ], [ 111.758775047586312, 1.835908023083164 ], [ 111.758336227384092, 1.846033742682995 ], [ 111.748205880495945, 1.856778049988593 ], [ 111.760202724189753, 1.870172261567063 ] ] ] ] } },
{ "type": "Feature", "properties": { "Id": 59, "NEGERI": "SARAWAK", "KODPAR": "P.210", "PARLIMEN": "KANOWIT", "KODDUN": "N.59", "NAMADUN": "NGEMAH", "KODUNIK": "P.210_N.59", "BILANGAN_P": 15904, "PERATUS_EQ": 77.27 }, "geometry": { "type": "MultiPolygon", "coordinates": [ [ [ [ 112.18948993054714, 1.685022623203395 ], [ 112.183401761381788, 1.688555934528836 ], [ 112.176596761780388, 1.698529752387576 ], [ 112.180280524285166, 1.708046138858248 ], [ 112.168922256562112, 1.716334604493994 ], [ 112.172606019066876, 1.727385892008324 ], [ 112.166159434683522, 1.737516238896458 ], [ 112.160019830508901, 1.747646585784594 ], [ 112.147740622159645, 1.74918148682825 ], [ 112.136689334645311, 1.759004853507654 ], [ 112.127722373845245, 1.758512088100133 ], [ 112.107734901396384, 1.761367441307186 ], [ 112.085116659578432, 1.779265547283924 ], [ 112.111670447633443, 1.801675102521314 ], [ 112.135000943497019, 1.804437924399896 ], [ 112.153112775812176, 1.815489211914225 ], [ 112.152805795603442, 1.804130944191165 ], [ 112.166926885205086, 1.803823963982433 ], [ 112.175522331049564, 1.810270548365792 ], [ 112.193966568247561, 1.808956661423792 ], [ 112.204378470670306, 1.811805449409449 ], [ 112.210518074844941, 1.822856736923778 ], [ 112.217885599854483, 1.830224261933331 ], [ 112.220955401941808, 1.837591786942883 ], [ 112.230778768621207, 1.843117430700048 ], [ 112.227708966533896, 1.848336094248481 ], [ 112.231392729038674, 1.855396639049302 ], [ 112.229857827995019, 1.864606045311243 ], [ 112.238760254048216, 1.867061886981094 ], [ 112.241216095718073, 1.873815451573184 ], [ 112.248583620727629, 1.865526985937437 ], [ 112.257179066572107, 1.866447926563632 ], [ 112.247048719683974, 1.873201491155722 ], [ 112.2525013089911, 1.880340491598702 ], [ 112.252574363441113, 1.888857481801021 ], [ 112.257793026989546, 1.894383125558185 ], [ 112.26116980928559, 1.902364610985201 ], [ 112.264853571790368, 1.909118175577291 ], [ 112.263011690537979, 1.917713621421769 ], [ 112.269151294712614, 1.926002087057515 ], [ 112.283272384314259, 1.937360354780576 ], [ 112.290025948906347, 1.946569761042517 ], [ 112.281737483270589, 1.95178842459095 ], [ 112.270993175964961, 1.965909514192593 ], [ 112.292788770784881, 1.968672336071175 ], [ 112.300463276003171, 1.979109663168041 ], [ 112.296165553080925, 1.987091148595057 ], [ 112.290025948906305, 1.986784168386325 ], [ 112.286342186401527, 1.996300554856998 ], [ 112.280816542644359, 1.991388871517296 ], [ 112.273142037426084, 1.995379614230804 ], [ 112.261783769703015, 1.992923772560953 ], [ 112.256258125945848, 1.99691451527446 ], [ 112.249811541562494, 1.995072634022072 ], [ 112.243057976970405, 1.999370356944311 ], [ 112.235997432169583, 1.992002831934758 ], [ 112.227708966533839, 1.992616792352221 ], [ 112.229243867577495, 2.004896000701476 ], [ 112.226174065490184, 2.019017090303119 ], [ 112.208983173801229, 2.020245011138044 ], [ 112.209597134218683, 2.026384615312671 ], [ 112.215736738393318, 2.042961546584165 ], [ 112.235690451960849, 2.038049863244463 ], [ 112.243978917596607, 2.045417388254016 ], [ 112.246790602576993, 2.051661684018484 ], [ 112.237839313421972, 2.051863972637374 ], [ 112.237532333213238, 2.058617537229464 ], [ 112.224946144655263, 2.059538477855658 ], [ 112.21420183734962, 2.074273527874763 ], [ 112.202843569626566, 2.077343329962077 ], [ 112.200694708165443, 2.085631795597823 ], [ 112.193634163364621, 2.082868973719241 ], [ 112.185959658146331, 2.090850459146257 ], [ 112.155568617481933, 2.101901746660586 ], [ 112.153726736229515, 2.137204470664692 ], [ 112.14605223101124, 2.142116154004394 ], [ 112.132852082035782, 2.137204470664692 ], [ 112.120572873686541, 2.128916005028946 ], [ 112.110135546589675, 2.130450906072602 ], [ 112.098470298657872, 2.144878975882976 ], [ 112.073911881959532, 2.144265015465514 ], [ 112.073604901750798, 2.151018580057605 ], [ 112.091102773648487, 2.162376847780665 ], [ 112.103688962206476, 2.162376847780665 ], [ 112.099698219492964, 2.1725071946688 ], [ 112.106144803876319, 2.175730486860479 ], [ 112.106451784085053, 2.184786403018054 ], [ 112.111363467424752, 2.191232987401413 ], [ 112.111363467424752, 2.199214472828428 ], [ 112.115354210138264, 2.205354077003056 ], [ 112.138098681153735, 2.194417563145958 ], [ 112.138287180711245, 2.194429344368302 ], [ 112.161843844668965, 2.190146314557865 ], [ 112.185400508626685, 2.18586328474737 ], [ 112.20538798107566, 2.183007931540374 ], [ 112.225375453524521, 2.18015257833332 ], [ 112.233081120186483, 2.191386477505777 ], [ 112.248932117482354, 2.185149446445678 ], [ 112.267462903564393, 2.194149299384359 ], [ 112.28066305253985, 2.193228358758165 ], [ 112.293903930492434, 2.188718637954423 ], [ 112.298066191366246, 2.188441153896079 ], [ 112.315351816126523, 2.179414249365254 ], [ 112.341445133868689, 2.181563110826374 ], [ 112.372426143684834, 2.16730348890178 ], [ 112.411743601668149, 2.155776773292939 ], [ 112.419111126677706, 2.142269644108759 ], [ 112.412401088582897, 2.133039250417937 ], [ 112.40683191832845, 2.123236871167415 ], [ 112.398850432901426, 2.1152553857404 ], [ 112.398236472483973, 2.106045979478459 ], [ 112.400979675754797, 2.098775011933867 ], [ 112.413828765186395, 2.081642892692059 ], [ 112.400979675754797, 2.071649156467515 ], [ 112.379564526702325, 2.064510773450024 ], [ 112.382419879909321, 2.048806330811431 ], [ 112.396696645944303, 2.04166794779394 ], [ 112.406690382168904, 2.025963505155573 ], [ 112.424790260539282, 2.011649565293565 ], [ 112.425711201165484, 1.995379614230802 ], [ 112.458865063708458, 1.992002831934757 ], [ 112.468688430387871, 1.984021346507742 ], [ 112.485265361659359, 1.984021346507742 ], [ 112.486640271964689, 1.973139470826084 ], [ 112.47053031164026, 1.959769910017964 ], [ 112.468381450179137, 1.943499958955202 ], [ 112.464390707465625, 1.936132433945649 ], [ 112.468074469970404, 1.931220750605948 ], [ 112.463469766839438, 1.923239265178932 ], [ 112.468080476119212, 1.911749376875719 ], [ 112.461013925169553, 1.900522729732812 ], [ 112.447199815776642, 1.897759907854229 ], [ 112.444436993898066, 1.882717877626393 ], [ 112.427860062626578, 1.8867086203399 ], [ 112.419878577199555, 1.863071144267585 ], [ 112.400231843840757, 1.859387381762809 ], [ 112.382733971943068, 1.867675847398556 ], [ 112.366771001089049, 1.867368867189824 ], [ 112.367691941715236, 1.860922282806466 ], [ 112.388259615700235, 1.847415153622286 ], [ 112.390715457370092, 1.837284806734151 ], [ 112.406690382168904, 1.838937870097368 ], [ 112.419539471600388, 1.834654840286703 ], [ 112.415256441789779, 1.821805750855333 ], [ 112.428105531221377, 1.81323969123423 ], [ 112.448093003670351, 1.804673631613355 ], [ 112.455231386687842, 1.796107571992422 ], [ 112.439526944049248, 1.788969188974932 ], [ 112.398543452693133, 1.78509817124982 ], [ 112.392413616133922, 1.770409393129285 ], [ 112.390254987057389, 1.761460695177505 ], [ 112.394552709979635, 1.754400150376684 ], [ 112.38227350163038, 1.755321091002878 ], [ 112.37528149689183, 1.741855861059321 ], [ 112.353866347839357, 1.746138890869986 ], [ 112.342059094286597, 1.745804704532205 ], [ 112.33653345052943, 1.737209258687726 ], [ 112.319602109355515, 1.744711214266374 ], [ 112.308291271326141, 1.750102427454444 ], [ 112.303072607777708, 1.745497724323473 ], [ 112.297239983811821, 1.723702129503546 ], [ 112.27882117128793, 1.707125198232053 ], [ 112.263922721819199, 1.707591622575478 ], [ 112.253034833754526, 1.702827475309814 ], [ 112.253034833754526, 1.67949697944623 ], [ 112.275751369200648, 1.678883019028768 ], [ 112.276365329618116, 1.669980592975558 ], [ 112.277593250453037, 1.664761929427125 ], [ 112.268690824399826, 1.657701384626304 ], [ 112.259481418137895, 1.644808215859586 ], [ 112.243211467075128, 1.656166483582647 ], [ 112.235843942065571, 1.662613067966005 ], [ 112.222950773298862, 1.660464206504886 ], [ 112.217425129541695, 1.669059652349364 ], [ 112.214969287871838, 1.680724900281156 ], [ 112.201462158687661, 1.689934306543097 ], [ 112.18948993054714, 1.685022623203395 ] ] ] ] } },
{ "type": "Feature", "properties": { "Id": 58, "NEGERI": "SARAWAK", "KODPAR": "P.210", "PARLIMEN": "KANOWIT", "KODDUN": "N.58", "NAMADUN": "MACHAN", "KODUNIK": "P.210_N.58", "BILANGAN_P": 16261, "PERATUS_EQ": 79.0 }, "geometry": { "type": "MultiPolygon", "coordinates": [ [ [ [ 112.085116659578432, 1.779265547283924 ], [ 112.076326016119424, 1.787065620170097 ], [ 112.066332279894823, 1.801342386205079 ], [ 112.049200160652845, 1.80848076922257 ], [ 112.027785011600372, 1.818474505447114 ], [ 112.014935922169002, 1.827040565068216 ], [ 112.024929658393376, 1.847028037517077 ], [ 112.022074305186493, 1.864160156759112 ], [ 112.04491713084235, 1.861304803552059 ], [ 112.04491713084235, 1.877009246190653 ], [ 112.029212688203984, 1.889858335622023 ], [ 112.006369862547899, 1.918411867691987 ], [ 111.990665419909533, 1.928405603916531 ], [ 111.962111887839569, 1.932688633726968 ], [ 111.949262798407972, 1.949820752969003 ], [ 111.954973504822078, 1.958386812589879 ], [ 111.950690475011584, 1.981229638245964 ], [ 111.952118151615025, 1.994078727677334 ], [ 111.964967241046566, 2.00550014050549 ], [ 111.962111887839569, 2.019776906540471 ], [ 111.95603148180669, 2.024849714269015 ], [ 111.957828858029075, 2.035481349178895 ], [ 111.962171085981325, 2.044803427836553 ], [ 111.957873363059079, 2.05524075493342 ], [ 111.959715244311468, 2.066292042447749 ], [ 111.965547868277369, 2.0687478841176 ], [ 111.965854848486089, 2.075501448709689 ], [ 111.974104371308954, 2.087353599105938 ], [ 111.999802550171864, 2.08878127570955 ], [ 112.025500729034775, 2.077359862881394 ], [ 112.053344207974533, 2.088087637267675 ], [ 112.059790792357887, 2.104050608121706 ], [ 112.068693218411099, 2.131371846698797 ], [ 112.073911881959532, 2.144265015465514 ], [ 112.098470298657872, 2.144878975882976 ], [ 112.110135546589675, 2.130450906072602 ], [ 112.120572873686541, 2.128916005028946 ], [ 112.132852082035782, 2.137204470664692 ], [ 112.14605223101124, 2.142116154004394 ], [ 112.153726736229515, 2.137204470664692 ], [ 112.155568617481933, 2.101901746660586 ], [ 112.185959658146331, 2.090850459146257 ], [ 112.193634163364621, 2.082868973719241 ], [ 112.200694708165443, 2.085631795597823 ], [ 112.202843569626566, 2.077343329962077 ], [ 112.21420183734962, 2.074273527874763 ], [ 112.224946144655263, 2.059538477855658 ], [ 112.237532333213238, 2.058617537229464 ], [ 112.237839313421972, 2.051863972637374 ], [ 112.246790602576993, 2.051661684018484 ], [ 112.243978917596607, 2.045417388254016 ], [ 112.235690451960849, 2.038049863244463 ], [ 112.215736738393318, 2.042961546584165 ], [ 112.209597134218683, 2.026384615312671 ], [ 112.208983173801229, 2.020245011138044 ], [ 112.226174065490184, 2.019017090303119 ], [ 112.229243867577495, 2.004896000701476 ], [ 112.227708966533839, 1.992616792352221 ], [ 112.235997432169583, 1.992002831934758 ], [ 112.243057976970405, 1.999370356944311 ], [ 112.249811541562494, 1.995072634022072 ], [ 112.256258125945848, 1.99691451527446 ], [ 112.261783769703015, 1.992923772560953 ], [ 112.273142037426084, 1.995379614230804 ], [ 112.280816542644359, 1.991388871517296 ], [ 112.286342186401527, 1.996300554856998 ], [ 112.290025948906305, 1.986784168386325 ], [ 112.296165553080925, 1.987091148595057 ], [ 112.300463276003171, 1.979109663168041 ], [ 112.292788770784881, 1.968672336071175 ], [ 112.270993175964961, 1.965909514192593 ], [ 112.281737483270589, 1.95178842459095 ], [ 112.290025948906347, 1.946569761042517 ], [ 112.283272384314259, 1.937360354780576 ], [ 112.269151294712614, 1.926002087057515 ], [ 112.263011690537979, 1.917713621421769 ], [ 112.264853571790368, 1.909118175577291 ], [ 112.26116980928559, 1.902364610985201 ], [ 112.257793026989546, 1.894383125558185 ], [ 112.252574363441113, 1.888857481801021 ], [ 112.2525013089911, 1.880340491598702 ], [ 112.247048719683974, 1.873201491155722 ], [ 112.257179066572107, 1.866447926563632 ], [ 112.248583620727629, 1.865526985937437 ], [ 112.241216095718073, 1.873815451573184 ], [ 112.238760254048216, 1.867061886981094 ], [ 112.229857827995019, 1.864606045311243 ], [ 112.231392729038674, 1.855396639049302 ], [ 112.227708966533896, 1.848336094248481 ], [ 112.230778768621207, 1.843117430700048 ], [ 112.220955401941808, 1.837591786942883 ], [ 112.217885599854483, 1.830224261933331 ], [ 112.210518074844941, 1.822856736923778 ], [ 112.204378470670306, 1.811805449409449 ], [ 112.193966568247561, 1.808956661423792 ], [ 112.175522331049564, 1.810270548365792 ], [ 112.166926885205086, 1.803823963982433 ], [ 112.152805795603442, 1.804130944191165 ], [ 112.153112775812176, 1.815489211914225 ], [ 112.135000943497019, 1.804437924399896 ], [ 112.111670447633443, 1.801675102521314 ], [ 112.085116659578432, 1.779265547283924 ] ] ] ] } },
{ "type": "Feature", "properties": { "Id": 68, "NEGERI": "SARAWAK", "KODPAR": "P.213", "PARLIMEN": "MUKAH", "KODDUN": "N.68", "NAMADUN": "DALAT", "KODUNIK": "P.213_N.68", "BILANGAN_P": 12609, "PERATUS_EQ": 61.26 }, "geometry": { "type": "MultiPolygon", "coordinates": [ [ [ [ 112.136794859092575, 2.679312333022813 ], [ 112.14093909191044, 2.67424715957875 ], [ 112.144622854415218, 2.666419164256107 ], [ 112.146464735667607, 2.660893520498947 ], [ 112.152911320050961, 2.658591168933464 ], [ 112.155674141929538, 2.655367876741787 ], [ 112.158436963808114, 2.651223643923917 ], [ 112.160278845060503, 2.649842232984627 ], [ 112.168567310696247, 2.645698000166757 ], [ 112.171330132574823, 2.639251415783404 ], [ 112.167646370070045, 2.635107182965534 ], [ 112.16534401850457, 2.631423420460761 ], [ 112.163502137252181, 2.626818717329794 ], [ 112.167185899756959, 2.623595425138118 ], [ 112.168106840383146, 2.620372132946441 ], [ 112.167646370070045, 2.618530251694055 ], [ 112.167646370070045, 2.613004607936895 ], [ 112.169948721635535, 2.611162726684508 ], [ 112.172711543514112, 2.610702256371412 ], [ 112.172711543514112, 2.605637082927348 ], [ 112.175474365392688, 2.600111439170189 ], [ 112.175934835705789, 2.597348617291609 ], [ 112.173632484140313, 2.594125325099932 ], [ 112.172711543514112, 2.589981092282062 ], [ 112.177776716958178, 2.585376389151095 ], [ 112.183302360715345, 2.577548393828453 ], [ 112.193432707603463, 2.574325101636776 ], [ 112.199879291986818, 2.562813343809359 ], [ 112.204483995117783, 2.556366759426006 ], [ 112.182381420089143, 2.554064407860523 ], [ 112.182841890402244, 2.55038064535575 ], [ 112.188828004472498, 2.541631709406913 ], [ 112.199418821673717, 2.53656653596285 ], [ 112.194708594095061, 2.511259855003858 ], [ 112.18343745329696, 2.514295825892702 ], [ 112.143442899236931, 2.516478518552291 ], [ 112.126252007547976, 2.523846043561844 ], [ 112.11090299711141, 2.518013419595948 ], [ 112.060251262670732, 2.517706439387216 ], [ 112.030781162632522, 2.519241340430872 ], [ 112.003550201256076, 2.51857885570314 ], [ 112.002538983429261, 2.539041563894045 ], [ 111.986269032366494, 2.545795128486135 ], [ 111.981971309444262, 2.539962504520239 ], [ 111.973682843808518, 2.543339286816284 ], [ 111.96999908130374, 2.531674038884492 ], [ 111.961403635459263, 2.524613494083671 ], [ 111.962017595876716, 2.510185424273297 ], [ 111.952501209406051, 2.502203938846281 ], [ 111.938994080221875, 2.495757354462923 ], [ 111.943587783909152, 2.547132387773104 ], [ 111.940732430702099, 2.582824302860558 ], [ 111.936449400891661, 2.657063486242521 ], [ 111.8950467793901, 2.65563580963908 ], [ 111.890763749579662, 2.682761665105431 ], [ 111.88219768995873, 2.682761665105431 ], [ 111.873631630337627, 2.669912575674061 ], [ 111.86363789411331, 2.669912575674061 ], [ 111.852216481285154, 2.689900048122922 ], [ 111.838268874022788, 2.709824563999575 ], [ 111.831857987374974, 2.718011025584432 ], [ 111.853039621777441, 2.720466867254282 ], [ 111.85254564005794, 2.749799508897695 ], [ 111.823262541530497, 2.771425581903689 ], [ 111.82356952173923, 2.797825879854586 ], [ 111.862556008247765, 2.797825879854584 ], [ 111.863169968665233, 2.785853651714061 ], [ 111.876677097849409, 2.78554667150533 ], [ 111.894481949955832, 2.75853241313697 ], [ 111.902156455174108, 2.763751076685403 ], [ 111.911058881227319, 2.759760333971895 ], [ 111.93561729792583, 2.758839393345701 ], [ 111.938073139595687, 2.767127858981448 ], [ 111.938687100013141, 2.771425581903687 ], [ 111.937766159386953, 2.777565186078314 ], [ 111.933161456255988, 2.784625730879136 ], [ 111.945133684396509, 2.795677018393464 ], [ 111.951887248988598, 2.791993255888688 ], [ 111.96385947712912, 2.79690493922839 ], [ 111.976138685478375, 2.79690493922839 ], [ 111.979822447983153, 2.799667761106972 ], [ 111.980436408400621, 2.804272464237943 ], [ 111.98227828965301, 2.806114345490331 ], [ 111.98668043046348, 2.815301421964348 ], [ 112.001771532907426, 2.814709791334809 ], [ 112.012515840213027, 2.814095830917346 ], [ 112.021418266266238, 2.7901513746363 ], [ 112.037995197537725, 2.792607216306151 ], [ 112.036767276702804, 2.736736818317043 ], [ 112.054572128809227, 2.73612285789958 ], [ 112.053958168391759, 2.725071570385251 ], [ 112.073297921541837, 2.724457609967788 ], [ 112.098490695388932, 2.698466107744025 ], [ 112.124870596608702, 2.680252459910472 ], [ 112.136794859092575, 2.679312333022813 ] ] ] ] } },
{ "type": "Feature", "properties": { "Id": 69, "NEGERI": "SARAWAK", "KODPAR": "P.213", "PARLIMEN": "MUKAH", "KODDUN": "N.69", "NAMADUN": "TELLIAN", "KODUNIK": "P.213_N.69", "BILANGAN_P": 14475, "PERATUS_EQ": 70.33 }, "geometry": { "type": "MultiPolygon", "coordinates": [ [ [ [ 112.178438643032308, 2.490692181018856 ], [ 112.194708594095061, 2.511259855003858 ], [ 112.199418821673717, 2.53656653596285 ], [ 112.188828004472498, 2.541631709406913 ], [ 112.182841890402244, 2.55038064535575 ], [ 112.182381420089143, 2.554064407860523 ], [ 112.204483995117783, 2.556366759426006 ], [ 112.199879291986818, 2.562813343809359 ], [ 112.193432707603463, 2.574325101636776 ], [ 112.183302360715345, 2.577548393828453 ], [ 112.177776716958178, 2.585376389151095 ], [ 112.172711543514112, 2.589981092282062 ], [ 112.173632484140313, 2.594125325099932 ], [ 112.175934835705789, 2.597348617291609 ], [ 112.175474365392688, 2.600111439170189 ], [ 112.172711543514112, 2.605637082927348 ], [ 112.172711543514112, 2.610702256371412 ], [ 112.169948721635535, 2.611162726684508 ], [ 112.167646370070045, 2.613004607936895 ], [ 112.167646370070045, 2.618530251694055 ], [ 112.168106840383146, 2.620372132946441 ], [ 112.167185899756959, 2.623595425138118 ], [ 112.163502137252181, 2.626818717329794 ], [ 112.16534401850457, 2.631423420460761 ], [ 112.167646370070045, 2.635107182965534 ], [ 112.171330132574823, 2.639251415783404 ], [ 112.168567310696247, 2.645698000166757 ], [ 112.160278845060503, 2.649842232984627 ], [ 112.158436963808114, 2.651223643923917 ], [ 112.155674141929538, 2.655367876741787 ], [ 112.152911320050961, 2.658591168933464 ], [ 112.146464735667607, 2.660893520498947 ], [ 112.144622854415218, 2.666419164256107 ], [ 112.14093909191044, 2.67424715957875 ], [ 112.136794859092575, 2.679312333022813 ], [ 112.124870596608702, 2.680252459910472 ], [ 112.098490695388932, 2.698466107744025 ], [ 112.073297921541837, 2.724457609967788 ], [ 112.053958168391759, 2.725071570385251 ], [ 112.054572128809227, 2.73612285789958 ], [ 112.036767276702804, 2.736736818317043 ], [ 112.037995197537725, 2.792607216306151 ], [ 112.021418266266238, 2.7901513746363 ], [ 112.012515840213027, 2.814095830917346 ], [ 111.995324948524086, 2.852161376800035 ], [ 112.002078513116174, 2.854003258052423 ], [ 111.988629069029258, 2.889325030401918 ], [ 111.99663690000034, 2.890713600000424 ], [ 111.997829000000422, 2.890707400000281 ], [ 111.998817300000269, 2.890503800000317 ], [ 111.999453500000357, 2.890651900000307 ], [ 112.000355300000479, 2.891133100000332 ], [ 112.006631, 2.892780200000345 ], [ 112.014839900000084, 2.894371799999874 ], [ 112.019182200000273, 2.895179900000301 ], [ 112.020695499999988, 2.895155200000033 ], [ 112.021146400000362, 2.89483440000032 ], [ 112.021374900000069, 2.895327900000325 ], [ 112.022289100000421, 2.895938700000386 ], [ 112.036243300000365, 2.899368800000332 ], [ 112.054439200000047, 2.903310500000146 ], [ 112.056662900000219, 2.903618900000083 ], [ 112.057138500000292, 2.903544900000384 ], [ 112.057595600000354, 2.903236400000424 ], [ 112.057861200000389, 2.903717600000277 ], [ 112.058553, 2.904118600000402 ], [ 112.089592700000253, 2.91159260000029 ], [ 112.091581500000302, 2.911962100000324 ], [ 112.091959700000189, 2.911662200000364 ], [ 112.093797700000209, 2.910336799999925 ], [ 112.094449400000485, 2.909972800000389 ], [ 112.0951417, 2.909842900000285 ], [ 112.09569200000044, 2.909842600000275 ], [ 112.096420100000273, 2.909840600000166 ], [ 112.110625946518553, 2.871214976767305 ], [ 112.126330389157147, 2.872642653370747 ], [ 112.13632412538152, 2.846944474507836 ], [ 112.146317861606008, 2.831240031869413 ], [ 112.146317861606008, 2.812680236023937 ], [ 112.147745538209847, 2.796975793385457 ], [ 112.14774553820962, 2.779843674143365 ], [ 112.170588363865363, 2.775560644332984 ], [ 112.182009776693462, 2.768422261315436 ], [ 112.200569572538939, 2.784126703953916 ], [ 112.21056330876354, 2.779843674143478 ], [ 112.22626775140202, 2.772705291125874 ], [ 112.244827547247496, 2.771277614522546 ], [ 112.280519462334951, 2.758428525091006 ], [ 112.2990792581802, 2.747007112262963 ], [ 112.313356024215182, 2.729874993021042 ], [ 112.327170554163317, 2.725532040699914 ], [ 112.336610195581798, 2.716552869594529 ], [ 112.348352188565755, 2.715401693811788 ], [ 112.344764909492255, 2.685617018312485 ], [ 112.335689254955611, 2.671426778911057 ], [ 112.346740542469931, 2.668663957032477 ], [ 112.34628007215683, 2.650475379665159 ], [ 112.329012435415706, 2.646100911690741 ], [ 112.333617138546671, 2.619163398374587 ], [ 112.340754428399677, 2.610414462425751 ], [ 112.34144513386866, 2.589539808230354 ], [ 112.340831173451193, 2.57050703528901 ], [ 112.331007806771794, 2.572962876958861 ], [ 112.323026321344784, 2.567744213410428 ], [ 112.30890523174314, 2.571120995706473 ], [ 112.299695825481194, 2.568051193619159 ], [ 112.312895974456652, 2.560376688400875 ], [ 112.310133152578061, 2.555158024852442 ], [ 112.298467904646273, 2.554237084226248 ], [ 112.296626023393884, 2.547790499842889 ], [ 112.28833755775814, 2.553316143600054 ], [ 112.276979290035072, 2.55239520297386 ], [ 112.279128151496195, 2.540115994624605 ], [ 112.273602507739028, 2.534283370658709 ], [ 112.273602507739028, 2.524766984188037 ], [ 112.266234982729486, 2.528757726901545 ], [ 112.264393101477097, 2.515557577926097 ], [ 112.255183695215152, 2.510338914377663 ], [ 112.228169436846784, 2.510645894586395 ], [ 112.226327555594395, 2.499594607072066 ], [ 112.226941516011863, 2.490999161227587 ], [ 112.221108892045976, 2.491920101853781 ], [ 112.212820426410218, 2.492227082062513 ], [ 112.207294782653051, 2.473194309121168 ], [ 112.19628654272833, 2.478603910805248 ], [ 112.178438643032308, 2.490692181018856 ] ] ] ] } },
{ "type": "Feature", "properties": { "Id": 70, "NEGERI": "SARAWAK", "KODPAR": "P.213", "PARLIMEN": "MUKAH", "KODDUN": "N.70", "NAMADUN": "BALINGIAN", "KODUNIK": "P.213_N.70", "BILANGAN_P": 13724, "PERATUS_EQ": 66.68 }, "geometry": { "type": "MultiPolygon", "coordinates": [ [ [ [ 112.348352188565755, 2.715401693811788 ], [ 112.336610195581798, 2.716552869594529 ], [ 112.327170554163317, 2.725532040699914 ], [ 112.313356024215182, 2.729874993021042 ], [ 112.2990792581802, 2.747007112262963 ], [ 112.280519462334951, 2.758428525091006 ], [ 112.244827547247496, 2.771277614522546 ], [ 112.22626775140202, 2.772705291125874 ], [ 112.21056330876354, 2.779843674143478 ], [ 112.200569572538939, 2.784126703953916 ], [ 112.182009776693462, 2.768422261315436 ], [ 112.170588363865363, 2.775560644332984 ], [ 112.14774553820962, 2.779843674143365 ], [ 112.147745538209847, 2.796975793385457 ], [ 112.146317861606008, 2.812680236023937 ], [ 112.146317861606008, 2.831240031869413 ], [ 112.13632412538152, 2.846944474507836 ], [ 112.126330389157147, 2.872642653370747 ], [ 112.110625946518553, 2.871214976767305 ], [ 112.096420100000273, 2.909840600000166 ], [ 112.096292800000128, 2.911899500000175 ], [ 112.096405799999957, 2.912614900000221 ], [ 112.096654100000251, 2.912897200000089 ], [ 112.097445000000334, 2.913805500000308 ], [ 112.098280400000363, 2.91436530000027 ], [ 112.098627800000486, 2.914516400000309 ], [ 112.098998400000255, 2.914586300000224 ], [ 112.099988300000177, 2.914556500000288 ], [ 112.100841200000218, 2.91456020000021 ], [ 112.102130100000181, 2.91459510000027 ], [ 112.103945700000054, 2.914826700000219 ], [ 112.10612180000021, 2.915177500000311 ], [ 112.139326000000437, 2.921828 ], [ 112.14996350000024, 2.924597400000266 ], [ 112.161400900000217, 2.927345900000091 ], [ 112.177386600000204, 2.931655499999977 ], [ 112.247157800000195, 2.953074900000161 ], [ 112.281410800000117, 2.962811099999954 ], [ 112.301961800000186, 2.967816400000231 ], [ 112.32002730000022, 2.971927600000015 ], [ 112.377711200000022, 2.9825631 ], [ 112.397591599999942, 2.986971100000233 ], [ 112.403530200000205, 2.988272900000311 ], [ 112.405254800000193, 2.988339200000269 ], [ 112.40630990000011, 2.987928300000192 ], [ 112.406615200000147, 2.986689100000149 ], [ 112.406668300000092, 2.987636700000223 ], [ 112.406648400000222, 2.988166900000238 ], [ 112.407458000000247, 2.988895900000159 ], [ 112.408171300000276, 2.989126000000169 ], [ 112.431952500000193, 2.994503500000292 ], [ 112.444099800000117, 2.996820400000161 ], [ 112.445798500000251, 2.996767400000238 ], [ 112.464077700000189, 3.001529900000264 ], [ 112.469046000000276, 3.002525700000263 ], [ 112.470675800000322, 3.002307900000176 ], [ 112.471611500000222, 3.001764500000149 ], [ 112.47197650000021, 3.001605400000301 ], [ 112.472261800000297, 3.0022814000003 ], [ 112.472892200000388, 3.002374200000304 ], [ 112.47666570000024, 3.003900800000167 ], [ 112.564803800000163, 3.02050150000025 ], [ 112.574171, 3.020290800000225 ], [ 112.577144900000235, 3.018948800000203 ], [ 112.580223000000274, 3.016099900000199 ], [ 112.582625300000245, 3.015125300000193 ], [ 112.583553299999949, 3.014224899999931 ], [ 112.584363199999984, 3.014811000000293 ], [ 112.585093300000267, 3.0149985 ], [ 112.584992600000191, 3.016076700000212 ], [ 112.5872799, 3.017037100000266 ], [ 112.593848900000239, 3.018499 ], [ 112.597490000000221, 3.024196700000061 ], [ 112.607312200000138, 3.030930000000296 ], [ 112.70117960000016, 3.060747000000106 ], [ 112.724095964052594, 3.037270442666348 ], [ 112.725707610148433, 3.020923746551417 ], [ 112.730808663078051, 3.003988900892637 ], [ 112.728240196870459, 2.973265069145913 ], [ 112.730312313279384, 2.961062605848852 ], [ 112.730312313279384, 2.947018261299404 ], [ 112.729621607809761, 2.918469101887411 ], [ 112.71995173123473, 2.91731792610467 ], [ 112.718800555451978, 2.900971229989739 ], [ 112.710742324972799, 2.888768766692677 ], [ 112.693689071387098, 2.89120244921628 ], [ 112.681041989778066, 2.893603704980193 ], [ 112.637527545190423, 2.893603704980193 ], [ 112.629929785024331, 2.898438643267707 ], [ 112.607596974839154, 2.897057232328417 ], [ 112.598157333420673, 2.901201465146287 ], [ 112.586645575593252, 2.899359583893901 ], [ 112.583422283401575, 2.900280524520094 ], [ 112.568456998225926, 2.903273581555222 ], [ 112.562010413842572, 2.901201465146287 ], [ 112.545893952884185, 2.904194522181415 ], [ 112.534842665369865, 2.902813111242125 ], [ 112.499386451261429, 2.902122405772481 ], [ 112.48879563406021, 2.90626663859035 ], [ 112.477053641076239, 2.903964287024867 ], [ 112.471297762162536, 2.906957344059995 ], [ 112.432848491018959, 2.906727108903447 ], [ 112.419575163515447, 2.892630125819721 ], [ 112.410745915990333, 2.872882540890843 ], [ 112.415350619121298, 2.863212664315813 ], [ 112.423178614443941, 2.856075374462816 ], [ 112.406601683172468, 2.854003258053881 ], [ 112.409364505051045, 2.841110089287174 ], [ 112.401996980041488, 2.837656561938949 ], [ 112.396701571440886, 2.831440212712144 ], [ 112.398773687849811, 2.819698219728179 ], [ 112.393248044092658, 2.814172575971019 ], [ 112.388873576118243, 2.799207290795378 ], [ 112.379894405012848, 2.790918825159638 ], [ 112.364929119837214, 2.781479183741157 ], [ 112.352726656540156, 2.785853651715575 ], [ 112.348191333340537, 2.772705291125817 ], [ 112.339625273719435, 2.762711554901443 ], [ 112.348191333340537, 2.742724082452412 ], [ 112.348352188565755, 2.715401693811788 ] ] ] ] } },
{ "type": "Feature", "properties": { "Id": 71, "NEGERI": "SARAWAK", "KODPAR": "P.214", "PARLIMEN": "SELANGAU", "KODDUN": "N.71", "NAMADUN": "TAMIN", "KODUNIK": "P.214_N.71", "BILANGAN_P": 25311, "PERATUS_EQ": 122.97 }, "geometry": { "type": "MultiPolygon", "coordinates": [ [ [ [ 112.411743601668149, 2.155776773292939 ], [ 112.372426143684834, 2.16730348890178 ], [ 112.341445133868689, 2.181563110826374 ], [ 112.315351816126523, 2.179414249365254 ], [ 112.298066191366246, 2.188441153896079 ], [ 112.293903930492434, 2.188718637954423 ], [ 112.28066305253985, 2.193228358758165 ], [ 112.267462903564393, 2.194149299384359 ], [ 112.248932117482354, 2.185149446445678 ], [ 112.233081120186483, 2.191386477505777 ], [ 112.225375453524521, 2.18015257833332 ], [ 112.20538798107566, 2.183007931540374 ], [ 112.185400508626685, 2.18586328474737 ], [ 112.161843844668965, 2.190146314557865 ], [ 112.138287180711245, 2.194429344368302 ], [ 112.138098681153735, 2.194417563145958 ], [ 112.115354210138264, 2.205354077003056 ], [ 112.108600645546161, 2.221317047857086 ], [ 112.124563616400195, 2.225307790570594 ], [ 112.130089260157362, 2.233289275997609 ], [ 112.135614903914515, 2.247410365599252 ], [ 112.136842824749479, 2.258461653113581 ], [ 112.125791537235159, 2.265522197914402 ], [ 112.136535844540745, 2.28302006981209 ], [ 112.146722369976828, 2.277230125881829 ], [ 112.152805795603513, 2.291308535447837 ], [ 112.156489558108291, 2.302052842753434 ], [ 112.144517329967769, 2.307578486510599 ], [ 112.13500094349709, 2.300824921918509 ], [ 112.138991686210602, 2.313104130267763 ], [ 112.126405497652613, 2.319550714651122 ], [ 112.119596514510363, 2.315777394176337 ], [ 112.106758764293815, 2.321085615694779 ], [ 112.093898335647395, 2.310066687762287 ], [ 112.092023714274703, 2.302359822962166 ], [ 112.081049246216025, 2.294362245123864 ], [ 112.061061773766937, 2.301500628141355 ], [ 112.048212684335454, 2.290079215313199 ], [ 112.03821894811108, 2.295789921727305 ], [ 112.039646624714464, 2.311494364365672 ], [ 112.065623416323774, 2.313411110476495 ], [ 112.063781535071385, 2.334899725087691 ], [ 112.025369858679483, 2.33148183681476 ], [ 112.008237739437504, 2.320060423986774 ], [ 111.993960973402523, 2.311494364365672 ], [ 111.978256530764156, 2.314349717572725 ], [ 111.966008338590186, 2.319397224546756 ], [ 111.960482694833019, 2.299750491187949 ], [ 111.955877991702053, 2.311722719328472 ], [ 111.959868734415551, 2.326150789138846 ], [ 111.951273288571073, 2.341192819366683 ], [ 111.963245516711595, 2.339657918323026 ], [ 111.966929279216373, 2.347946383958773 ], [ 111.974296804225929, 2.34733242354131 ], [ 111.97245492297354, 2.336281136026981 ], [ 112.009665416041116, 2.334337190021756 ], [ 112.01113442927371, 2.34518356208019 ], [ 112.005301805307809, 2.348867324584966 ], [ 112.002538983429233, 2.363602374604072 ], [ 112.009665416041116, 2.371456781712652 ], [ 112.002527033023625, 2.382878194540581 ], [ 112.004994825099089, 2.39245851422482 ], [ 112.000543612072477, 2.393686435059745 ], [ 111.995388650006134, 2.392871930765125 ], [ 111.983967237178035, 2.391444254161684 ], [ 111.965407441332559, 2.391444254161684 ], [ 111.975217744852145, 2.407500544452656 ], [ 111.973375863599756, 2.411184306957432 ], [ 111.964473437546559, 2.409188935600678 ], [ 111.944826704187761, 2.428835668959485 ], [ 111.944212743770308, 2.446947501274636 ], [ 111.947896506275072, 2.455542947119114 ], [ 111.941142941682983, 2.473040819016802 ], [ 111.938994080221875, 2.495757354462923 ], [ 111.952501209406051, 2.502203938846281 ], [ 111.962017595876716, 2.510185424273297 ], [ 111.961403635459263, 2.524613494083671 ], [ 111.96999908130374, 2.531674038884492 ], [ 111.973682843808518, 2.543339286816284 ], [ 111.981971309444262, 2.539962504520239 ], [ 111.986269032366494, 2.545795128486135 ], [ 112.002538983429261, 2.539041563894045 ], [ 112.003550201256076, 2.51857885570314 ], [ 112.030781162632522, 2.519241340430872 ], [ 112.060251262670732, 2.517706439387216 ], [ 112.11090299711141, 2.518013419595948 ], [ 112.126252007547976, 2.523846043561844 ], [ 112.143442899236931, 2.516478518552291 ], [ 112.18343745329696, 2.514295825892702 ], [ 112.194708594095061, 2.511259855003858 ], [ 112.178438643032308, 2.490692181018856 ], [ 112.19628654272833, 2.478603910805248 ], [ 112.207294782653051, 2.473194309121168 ], [ 112.212820426410218, 2.492227082062513 ], [ 112.221108892045976, 2.491920101853781 ], [ 112.226941516011863, 2.490999161227587 ], [ 112.226327555594395, 2.499594607072066 ], [ 112.228169436846784, 2.510645894586395 ], [ 112.255183695215152, 2.510338914377663 ], [ 112.264393101477097, 2.515557577926097 ], [ 112.266234982729486, 2.528757726901545 ], [ 112.273602507739028, 2.524766984188037 ], [ 112.273602507739028, 2.534283370658709 ], [ 112.279128151496195, 2.540115994624605 ], [ 112.276979290035072, 2.55239520297386 ], [ 112.28833755775814, 2.553316143600054 ], [ 112.296626023393884, 2.547790499842889 ], [ 112.298467904646273, 2.554237084226248 ], [ 112.310133152578061, 2.555158024852442 ], [ 112.312895974456652, 2.560376688400875 ], [ 112.299695825481194, 2.568051193619159 ], [ 112.30890523174314, 2.571120995706473 ], [ 112.323026321344784, 2.567744213410428 ], [ 112.331007806771794, 2.572962876958861 ], [ 112.340831173451193, 2.57050703528901 ], [ 112.34144513386866, 2.589539808230354 ], [ 112.347620262699252, 2.589962685878049 ], [ 112.361245357332479, 2.600053880381076 ], [ 112.372757115159899, 2.600514350694172 ], [ 112.385189813613508, 2.606960935077525 ], [ 112.39048522221411, 2.596139882719754 ], [ 112.395089925345076, 2.598672469441786 ], [ 112.39255733862305, 2.604658583512042 ], [ 112.393248044092701, 2.611565638208492 ], [ 112.387952635492084, 2.617551752278748 ], [ 112.39255733862305, 2.624458806975198 ], [ 112.405910977702845, 2.624458806975198 ], [ 112.408443564424886, 2.632517037454389 ], [ 112.413508737868952, 2.640575267933581 ], [ 112.427783317574949, 2.642186914029419 ], [ 112.433769431645203, 2.650245144508611 ], [ 112.440676486341658, 2.652087025760997 ], [ 112.445281189472624, 2.662908078118769 ], [ 112.459555769178621, 2.669815132815219 ], [ 112.463666575953539, 2.685545634482253 ], [ 112.476515665384909, 2.691256340896302 ], [ 112.493647784626887, 2.684117957878811 ], [ 112.501458567670412, 2.676031482042023 ], [ 112.504451624705538, 2.682938536738473 ], [ 112.501688802826948, 2.688694415652181 ], [ 112.509286562993054, 2.690536296904567 ], [ 112.514581971593657, 2.685010653147408 ], [ 112.520568085663911, 2.693989824252792 ], [ 112.529086786456205, 2.693068883626599 ], [ 112.543616465749324, 2.6826902812752 ], [ 112.560935983113993, 2.672424464588075 ], [ 112.569314644612291, 2.655564425808848 ], [ 112.58518741960377, 2.650935849976873 ], [ 112.589302117061266, 2.641287659773866 ], [ 112.62499403214872, 2.655564425808848 ], [ 112.647836857804691, 2.658419779015901 ], [ 112.667824330253666, 2.639859983170254 ], [ 112.676207051490579, 2.637121740585354 ], [ 112.68541645775251, 2.648173028099674 ], [ 112.684956449495758, 2.656992102412289 ], [ 112.696377862323629, 2.666985838636833 ], [ 112.703835270276386, 2.66382901874496 ], [ 112.711893500755579, 2.664519724214605 ], [ 112.722254082800248, 2.656231258578866 ], [ 112.733535605471118, 2.658073139831253 ], [ 112.73778048382519, 2.648426042791357 ], [ 112.746659009394364, 2.641726443716322 ], [ 112.738140308602084, 2.634589153863323 ], [ 112.738370543758634, 2.627682099166873 ], [ 112.731463489062179, 2.623307631192455 ], [ 112.72939137265324, 2.612486578834684 ], [ 112.719491260921671, 2.613637754617426 ], [ 112.722254082800248, 2.598902704598333 ], [ 112.73192395937528, 2.594988706937012 ], [ 112.732537919794893, 2.585242085308342 ], [ 112.726628550774677, 2.580714127231015 ], [ 112.731693724218729, 2.576109424100049 ], [ 112.739598464595716, 2.556385945687586 ], [ 112.751570692736252, 2.549632381095494 ], [ 112.750035791692582, 2.537046192537505 ], [ 112.75062957325656, 2.522790501683573 ], [ 112.734925130618194, 2.505658382441538 ], [ 112.7192206879796, 2.489953939802945 ], [ 112.723503717790209, 2.461400407732981 ], [ 112.717793011376102, 2.455689701319102 ], [ 112.709226951755227, 2.43570222887007 ], [ 112.693522509116633, 2.427136169249138 ], [ 112.674962713271157, 2.407148696800107 ], [ 112.687811802702754, 2.401437990386228 ], [ 112.692094832513249, 2.381450517937196 ], [ 112.656402917425794, 2.378595164730143 ], [ 112.659476630116714, 2.359918612099459 ], [ 112.654871926985734, 2.350709205837516 ], [ 112.654257966568281, 2.342113759993035 ], [ 112.673444229614063, 2.335053215192211 ], [ 112.674825640553294, 2.317555343294519 ], [ 112.682101096288648, 2.315777394176337 ], [ 112.693551433285919, 2.31141573911989 ], [ 112.695086334329588, 2.288392223465031 ], [ 112.717342399462666, 2.285936381795179 ], [ 112.723503717790209, 2.29721759833069 ], [ 112.74349119023907, 2.290079215313199 ], [ 112.772044722309033, 2.28436850889932 ], [ 112.792032194758121, 2.287223862106373 ], [ 112.816803987091674, 2.278875836994356 ], [ 112.816343516778502, 2.253703459878377 ], [ 112.804371288637981, 2.242959152572777 ], [ 112.807134110516557, 2.226075241092547 ], [ 112.794854902167302, 2.23743350881561 ], [ 112.781961733400578, 2.22883806297113 ], [ 112.770617045705649, 2.228689121362834 ], [ 112.754912603067055, 2.238682857587378 ], [ 112.73778048382519, 2.237255180983936 ], [ 112.729775097916189, 2.246028954660091 ], [ 112.707212052574548, 2.249712717164868 ], [ 112.696007274955733, 2.239275390067999 ], [ 112.713198166644702, 2.234363706728296 ], [ 112.7171889093582, 2.219628656709186 ], [ 112.703988760382757, 2.213489052534557 ], [ 112.707365542678801, 2.206735487942465 ], [ 112.69278398276208, 2.207042468153081 ], [ 112.683114106189009, 2.203665685855151 ], [ 112.679430343684231, 2.192000437923356 ], [ 112.670834897839754, 2.197833061889253 ], [ 112.663541300443285, 2.194424882878991 ], [ 112.656406828027443, 2.201516824395921 ], [ 112.644981504597808, 2.20013558929287 ], [ 112.633560091769709, 2.195852559482432 ], [ 112.626421708752218, 2.183003470050835 ], [ 112.605006559699746, 2.177292763636956 ], [ 112.583591410647273, 2.185858823257888 ], [ 112.535050406128448, 2.170154380619465 ], [ 112.505372565331214, 2.176651427486672 ], [ 112.480200188215235, 2.172660684773164 ], [ 112.465465138196137, 2.177572368112866 ], [ 112.456562712142926, 2.169590882685851 ], [ 112.440906721497626, 2.166828060807268 ], [ 112.412050581876869, 2.165907120181074 ], [ 112.411743601668149, 2.155776773292939 ] ] ] ] } },
{ "type": "Feature", "properties": { "Id": 72, "NEGERI": "SARAWAK", "KODPAR": "P.214", "PARLIMEN": "SELANGAU", "KODDUN": "N.72", "NAMADUN": "KAKUS", "KODUNIK": "P.214_N.72", "BILANGAN_P": 23955, "PERATUS_EQ": 116.39 }, "geometry": { "type": "MultiPolygon", "coordinates": [ [ [ [ 112.34144513386866, 2.589539808230354 ], [ 112.340754428399677, 2.610414462425751 ], [ 112.333617138546671, 2.619163398374587 ], [ 112.329012435415706, 2.646100911690741 ], [ 112.34628007215683, 2.650475379665159 ], [ 112.346740542469931, 2.668663957032477 ], [ 112.335689254955611, 2.671426778911057 ], [ 112.344764909492255, 2.685617018312485 ], [ 112.348352188565755, 2.715401693811788 ], [ 112.348191333340537, 2.742724082452412 ], [ 112.339625273719435, 2.762711554901443 ], [ 112.348191333340537, 2.772705291125817 ], [ 112.352726656540156, 2.785853651715575 ], [ 112.364929119837214, 2.781479183741157 ], [ 112.379894405012848, 2.790918825159638 ], [ 112.388873576118243, 2.799207290795378 ], [ 112.393248044092658, 2.814172575971019 ], [ 112.398773687849811, 2.819698219728179 ], [ 112.396701571440886, 2.831440212712144 ], [ 112.401996980041488, 2.837656561938949 ], [ 112.409364505051045, 2.841110089287174 ], [ 112.406601683172468, 2.854003258053881 ], [ 112.423178614443941, 2.856075374462816 ], [ 112.415350619121298, 2.863212664315813 ], [ 112.410745915990333, 2.872882540890843 ], [ 112.419575163515447, 2.892630125819721 ], [ 112.432848491018959, 2.906727108903447 ], [ 112.471297762162536, 2.906957344059995 ], [ 112.477053641076239, 2.903964287024867 ], [ 112.48879563406021, 2.90626663859035 ], [ 112.499386451261429, 2.902122405772481 ], [ 112.534842665369865, 2.902813111242125 ], [ 112.545893952884185, 2.904194522181415 ], [ 112.562010413842572, 2.901201465146287 ], [ 112.568456998225926, 2.903273581555222 ], [ 112.583422283401575, 2.900280524520094 ], [ 112.586645575593252, 2.899359583893901 ], [ 112.598157333420673, 2.901201465146287 ], [ 112.607596974839154, 2.897057232328417 ], [ 112.629929785024331, 2.898438643267707 ], [ 112.637527545190423, 2.893603704980193 ], [ 112.681041989778066, 2.893603704980193 ], [ 112.693689071387098, 2.89120244921628 ], [ 112.710742324972799, 2.888768766692677 ], [ 112.718800555451978, 2.900971229989739 ], [ 112.71995173123473, 2.91731792610467 ], [ 112.729621607809761, 2.918469101887411 ], [ 112.730312313279384, 2.947018261299404 ], [ 112.730312313279384, 2.961062605848852 ], [ 112.728240196870459, 2.973265069145913 ], [ 112.730808663078051, 3.003988900892637 ], [ 112.725707610148433, 3.020923746551417 ], [ 112.724095964052594, 3.037270442666348 ], [ 112.754246353985536, 3.03675407894292 ], [ 112.767571335618072, 3.025332666114764 ], [ 112.778992748446058, 2.989164858826314 ], [ 112.784703454860164, 2.970129170779671 ], [ 112.801835574102142, 2.96061132675635 ], [ 112.822176140742229, 2.966818484762558 ], [ 112.83622048529169, 2.98454659181678 ], [ 112.867532466582261, 2.98040235899891 ], [ 112.895160685368054, 2.993755998078713 ], [ 112.91081667601334, 3.011023634819837 ], [ 112.927471115209983, 3.005345193665903 ], [ 112.942128657303911, 3.004346815279936 ], [ 112.947654301061078, 2.996518819957293 ], [ 112.967446060107818, 3.005345193665903 ], [ 112.970908051872456, 2.99974211214897 ], [ 112.966018383504434, 2.988213074423925 ], [ 112.976012119728807, 2.978219338199381 ], [ 112.976012119728807, 2.95823186575052 ], [ 112.986005855953294, 2.949665806129417 ], [ 112.971729089918313, 2.929678333680556 ], [ 112.971729089918313, 2.916829244249016 ], [ 112.986005855953294, 2.915401567645574 ], [ 113.005993328402383, 2.931106010283997 ], [ 113.017414741230255, 2.916829244249016 ], [ 113.037676247271463, 2.921922629235636 ], [ 113.046885653533394, 2.933894857376149 ], [ 113.052871767603648, 2.934355327689245 ], [ 113.064528069145695, 2.926822980473503 ], [ 113.08464421920732, 2.936657679254729 ], [ 113.087867511398997, 2.929520389401731 ], [ 113.085943218198167, 2.915401567645574 ], [ 113.095936954422655, 2.915401567645574 ], [ 113.108588675488335, 2.922843569861829 ], [ 113.120207456682238, 2.913973891041962 ], [ 113.119639963002655, 2.902122405772479 ], [ 113.110660791897274, 2.895445586232578 ], [ 113.127467958325298, 2.897057232328416 ], [ 113.128388898951499, 2.890610647945063 ], [ 113.154175236484917, 2.895675821389126 ], [ 113.170752167756405, 2.892912999510546 ], [ 113.202294384203512, 2.894754880762932 ], [ 113.219101550631535, 2.893143234667094 ], [ 113.230152838145855, 2.886926885440289 ], [ 113.228710878547986, 2.872571269540629 ], [ 113.239822714720887, 2.868277837759875 ], [ 113.241559967979583, 2.848300767281103 ], [ 113.249722826452469, 2.840879854130624 ], [ 113.247420474886979, 2.817856338475791 ], [ 113.271364931167994, 2.817395868162695 ], [ 113.275048693672773, 2.80012823142157 ], [ 113.28725115696983, 2.792530471255475 ], [ 113.299223385110324, 2.772039542322674 ], [ 113.292956325705404, 2.759784817864215 ], [ 113.281495278056113, 2.769276720444094 ], [ 113.255248470209594, 2.761218489964903 ], [ 113.248111180356602, 2.752699789172615 ], [ 113.235678481902994, 2.734511211805297 ], [ 113.242987644582968, 2.71695451975927 ], [ 113.272968853256543, 2.719809872966266 ], [ 113.299914090579975, 2.712408636776658 ], [ 113.307233091740386, 2.715526843155828 ], [ 113.327220564189474, 2.709816136741779 ], [ 113.344352683431453, 2.684117957878811 ], [ 113.364840404726593, 2.69422005940934 ], [ 113.375891692240927, 2.690766532061116 ], [ 113.409506025096974, 2.702738760201628 ], [ 113.421017782924395, 2.70250852504508 ], [ 113.430013279641344, 2.706960783534726 ], [ 113.435062127473842, 2.714480753185593 ], [ 113.458566811711307, 2.714099166552217 ], [ 113.471400909684164, 2.711065598361664 ], [ 113.474556789670487, 2.696967047310181 ], [ 113.485978202498359, 2.678407251464762 ], [ 113.488016213479952, 2.659224315613994 ], [ 113.499067500994272, 2.659915021083639 ], [ 113.501369852559762, 2.653928907013382 ], [ 113.49597193872296, 2.646998366187745 ], [ 113.491239505671643, 2.638963621837741 ], [ 113.495997698907303, 2.63313099787021 ], [ 113.493311622080569, 2.61570987102636 ], [ 113.479267277531122, 2.602816702259654 ], [ 113.488833555705583, 2.58560827223738 ], [ 113.496995384585347, 2.573807072534565 ], [ 113.514531734568322, 2.571331506202398 ], [ 113.528307365875918, 2.559762727985117 ], [ 113.506435026003828, 2.545948618592218 ], [ 113.489627859575805, 2.536739212330284 ], [ 113.473129113066989, 2.527073531494011 ], [ 113.457424670428395, 2.517079795269524 ], [ 113.445192474361974, 2.532134509199318 ], [ 113.427443461755047, 2.529928884701064 ], [ 113.427443461755047, 2.561337769977854 ], [ 113.400317606288468, 2.571331506202398 ], [ 113.378902457235995, 2.565620799788519 ], [ 113.371764074218504, 2.549916357149925 ], [ 113.326078422906562, 2.558482416771028 ], [ 113.323223069699679, 2.535639591114943 ], [ 113.281820448198232, 2.541350297528993 ], [ 113.271049017662207, 2.531925295809973 ], [ 113.268971358766635, 2.511369088855417 ], [ 113.25183923952477, 2.50708605904498 ], [ 113.228996413868686, 2.515652118666083 ], [ 113.210436618023323, 2.515652118666083 ], [ 113.194732175384843, 2.491381616406557 ], [ 113.17331702633237, 2.481387880182069 ], [ 113.144763494262406, 2.477104850371575 ], [ 113.127631375020428, 2.458545054526155 ], [ 113.097650166346853, 2.448551318301611 ], [ 113.070524310880501, 2.448551318301611 ], [ 113.046253808621145, 2.44141293528412 ], [ 113.044826132017533, 2.418570109628035 ], [ 113.046253808621145, 2.392871930765125 ], [ 113.057675221448903, 2.371456781712652 ], [ 113.060530574656127, 2.348613956056738 ], [ 113.046253808621145, 2.335764866625198 ], [ 113.020197886466335, 2.323853587925885 ], [ 112.996285127498709, 2.312922040969283 ], [ 112.99771280410198, 2.281513155692323 ], [ 112.972014625239012, 2.282940832295708 ], [ 112.953454829393763, 2.282940832295708 ], [ 112.940605739962052, 2.294362245123864 ], [ 112.923473620720188, 2.287223862106373 ], [ 112.917762914306309, 2.272947096071391 ], [ 112.900630795064103, 2.262953359846847 ], [ 112.900630795064103, 2.242965887397816 ], [ 112.909196854685206, 2.224406091552396 ], [ 112.896347765253836, 2.197280236085817 ], [ 112.887781705632733, 2.18157579344745 ], [ 112.867794233183872, 2.167299027412469 ], [ 112.842096054320791, 2.164443674205415 ], [ 112.827819288285809, 2.148739231566992 ], [ 112.799265756215846, 2.154449937980871 ], [ 112.759290811317896, 2.155877614584483 ], [ 112.729309602644321, 2.157305291187924 ], [ 112.673630215108005, 2.173009733826518 ], [ 112.672546114791089, 2.173239230869399 ], [ 112.626421708752218, 2.183003470050835 ], [ 112.633560091769709, 2.195852559482432 ], [ 112.644981504597808, 2.20013558929287 ], [ 112.656406828027443, 2.201516824395921 ], [ 112.663541300443285, 2.194424882878991 ], [ 112.670834897839754, 2.197833061889253 ], [ 112.679430343684231, 2.192000437923356 ], [ 112.683114106189009, 2.203665685855151 ], [ 112.69278398276208, 2.207042468153081 ], [ 112.707365542678801, 2.206735487942465 ], [ 112.703988760382757, 2.213489052534557 ], [ 112.7171889093582, 2.219628656709186 ], [ 112.713198166644702, 2.234363706728296 ], [ 112.696007274955733, 2.239275390067999 ], [ 112.707212052574548, 2.249712717164868 ], [ 112.729775097916189, 2.246028954660091 ], [ 112.73778048382519, 2.237255180983936 ], [ 112.754912603067055, 2.238682857587378 ], [ 112.770617045705649, 2.228689121362834 ], [ 112.781961733400578, 2.22883806297113 ], [ 112.794854902167302, 2.23743350881561 ], [ 112.807134110516557, 2.226075241092547 ], [ 112.804371288637981, 2.242959152572777 ], [ 112.816343516778502, 2.253703459878377 ], [ 112.816803987091674, 2.278875836994356 ], [ 112.792032194758121, 2.287223862106373 ], [ 112.772044722309033, 2.28436850889932 ], [ 112.74349119023907, 2.290079215313199 ], [ 112.723503717790209, 2.29721759833069 ], [ 112.717342399462666, 2.285936381795179 ], [ 112.695086334329588, 2.288392223465031 ], [ 112.693551433285919, 2.31141573911989 ], [ 112.682101096288648, 2.315777394176337 ], [ 112.674825640553294, 2.317555343294519 ], [ 112.673444229614063, 2.335053215192211 ], [ 112.654257966568281, 2.342113759993035 ], [ 112.654871926985734, 2.350709205837516 ], [ 112.659476630116714, 2.359918612099459 ], [ 112.656402917425794, 2.378595164730143 ], [ 112.692094832513249, 2.381450517937196 ], [ 112.687811802702754, 2.401437990386228 ], [ 112.674962713271157, 2.407148696800107 ], [ 112.693522509116633, 2.427136169249138 ], [ 112.709226951755227, 2.43570222887007 ], [ 112.717793011376102, 2.455689701319102 ], [ 112.723503717790209, 2.461400407732981 ], [ 112.7192206879796, 2.489953939802945 ], [ 112.734925130618194, 2.505658382441538 ], [ 112.75062957325656, 2.522790501683573 ], [ 112.750035791692582, 2.537046192537505 ], [ 112.751570692736252, 2.549632381095494 ], [ 112.739598464595716, 2.556385945687586 ], [ 112.731693724218729, 2.576109424100049 ], [ 112.726628550774677, 2.580714127231015 ], [ 112.732537919794893, 2.585242085308342 ], [ 112.73192395937528, 2.594988706937012 ], [ 112.722254082800248, 2.598902704598333 ], [ 112.719491260921671, 2.613637754617426 ], [ 112.72939137265324, 2.612486578834684 ], [ 112.731463489062179, 2.623307631192455 ], [ 112.738370543758634, 2.627682099166873 ], [ 112.738140308602084, 2.634589153863323 ], [ 112.746659009394364, 2.641726443716322 ], [ 112.73778048382519, 2.648426042791357 ], [ 112.733535605471118, 2.658073139831253 ], [ 112.722254082800248, 2.656231258578866 ], [ 112.711893500755579, 2.664519724214605 ], [ 112.703835270276386, 2.66382901874496 ], [ 112.696377862323629, 2.666985838636833 ], [ 112.684956449495758, 2.656992102412289 ], [ 112.68541645775251, 2.648173028099674 ], [ 112.676207051490579, 2.637121740585354 ], [ 112.667824330253666, 2.639859983170254 ], [ 112.647836857804691, 2.658419779015901 ], [ 112.62499403214872, 2.655564425808848 ], [ 112.589302117061266, 2.641287659773866 ], [ 112.58518741960377, 2.650935849976873 ], [ 112.569314644612291, 2.655564425808848 ], [ 112.560935983113993, 2.672424464588075 ], [ 112.543616465749324, 2.6826902812752 ], [ 112.529086786456205, 2.693068883626599 ], [ 112.520568085663911, 2.693989824252792 ], [ 112.514581971593657, 2.685010653147408 ], [ 112.509286562993054, 2.690536296904567 ], [ 112.501688802826948, 2.688694415652181 ], [ 112.504451624705538, 2.682938536738473 ], [ 112.501458567670412, 2.676031482042023 ], [ 112.493647784626887, 2.684117957878811 ], [ 112.476515665384909, 2.691256340896302 ], [ 112.463666575953539, 2.685545634482253 ], [ 112.459555769178621, 2.669815132815219 ], [ 112.445281189472624, 2.662908078118769 ], [ 112.440676486341658, 2.652087025760997 ], [ 112.433769431645203, 2.650245144508611 ], [ 112.427783317574949, 2.642186914029419 ], [ 112.413508737868952, 2.640575267933581 ], [ 112.408443564424886, 2.632517037454389 ], [ 112.405910977702845, 2.624458806975198 ], [ 112.39255733862305, 2.624458806975198 ], [ 112.387952635492084, 2.617551752278748 ], [ 112.393248044092701, 2.611565638208492 ], [ 112.39255733862305, 2.604658583512042 ], [ 112.395089925345076, 2.598672469441786 ], [ 112.39048522221411, 2.596139882719754 ], [ 112.385189813613508, 2.606960935077525 ], [ 112.372757115159899, 2.600514350694172 ], [ 112.361245357332479, 2.600053880381076 ], [ 112.347620262699252, 2.589962685878049 ], [ 112.34144513386866, 2.589539808230354 ] ] ] ] } },
{ "type": "Feature", "properties": { "Id": 73, "NEGERI": "SARAWAK", "KODPAR": "P.215", "PARLIMEN": "KAPIT", "KODDUN": "N.73", "NAMADUN": "KATIBAS", "KODUNIK": "P.215_N.73", "BILANGAN_P": 16527, "PERATUS_EQ": 80.3 }, "geometry": { "type": "MultiPolygon", "coordinates": [ [ [ [ 112.026672613580104, 1.4912232675469 ], [ 112.016660073031801, 1.514648607357491 ], [ 112.01052046885718, 1.529383657376596 ], [ 112.010968170941737, 1.544047301876333 ], [ 111.995785418838068, 1.557625836579882 ], [ 111.995478438629291, 1.574509748060107 ], [ 112.027250890232793, 1.577426060043052 ], [ 112.037381237120925, 1.591240169435963 ], [ 112.050581386096383, 1.582951703800217 ], [ 112.057334950688471, 1.585407545470067 ], [ 112.059790792358314, 1.598300714236784 ], [ 112.053651188183693, 1.605054278828874 ], [ 112.056720990271003, 1.620710269474174 ], [ 112.077595644464736, 1.620710269474174 ], [ 112.099168841775281, 1.61431675114693 ], [ 112.105223863250558, 1.619175368430517 ], [ 112.103995942415636, 1.628384774692458 ], [ 112.121800794522059, 1.630840616362309 ], [ 112.141999139880227, 1.628593517181912 ], [ 112.146359211220556, 1.647724527842534 ], [ 112.152805795603925, 1.656319973687012 ], [ 112.161986612329315, 1.665713108872751 ], [ 112.187684791192169, 1.665713108872751 ], [ 112.201001688374745, 1.666450320575147 ], [ 112.18948993054714, 1.685022623203395 ], [ 112.201462158687661, 1.689934306543097 ], [ 112.214969287871838, 1.680724900281156 ], [ 112.217425129541695, 1.669059652349364 ], [ 112.222950773298862, 1.660464206504886 ], [ 112.235843942065571, 1.662613067966005 ], [ 112.243211467075128, 1.656166483582647 ], [ 112.259481418137895, 1.644808215859586 ], [ 112.268690824399826, 1.657701384626304 ], [ 112.277593250453037, 1.664761929427125 ], [ 112.276365329618116, 1.669980592975558 ], [ 112.275751369200648, 1.678883019028768 ], [ 112.253034833754526, 1.67949697944623 ], [ 112.253034833754526, 1.702827475309814 ], [ 112.263922721819199, 1.707591622575478 ], [ 112.27882117128793, 1.707125198232053 ], [ 112.297239983811821, 1.723702129503546 ], [ 112.303072607777708, 1.745497724323473 ], [ 112.308291271326141, 1.750102427454444 ], [ 112.319602109355515, 1.744711214266374 ], [ 112.33653345052943, 1.737209258687726 ], [ 112.342059094286597, 1.745804704532205 ], [ 112.353866347839357, 1.746138890869986 ], [ 112.37528149689183, 1.741855861059321 ], [ 112.38227350163038, 1.755321091002878 ], [ 112.394552709979635, 1.754400150376684 ], [ 112.390254987057389, 1.761460695177505 ], [ 112.392413616133922, 1.770409393129285 ], [ 112.398543452693133, 1.78509817124982 ], [ 112.439526944049248, 1.788969188974932 ], [ 112.455231386687842, 1.796107571992422 ], [ 112.448093003670351, 1.804673631613355 ], [ 112.428105531221377, 1.81323969123423 ], [ 112.415256441789779, 1.821805750855333 ], [ 112.419539471600388, 1.834654840286703 ], [ 112.406690382168904, 1.838937870097368 ], [ 112.390715457370092, 1.837284806734151 ], [ 112.388259615700235, 1.847415153622286 ], [ 112.367691941715236, 1.860922282806466 ], [ 112.366771001089049, 1.867368867189824 ], [ 112.382733971943068, 1.867675847398556 ], [ 112.400231843840757, 1.859387381762809 ], [ 112.419878577199555, 1.863071144267585 ], [ 112.427860062626578, 1.8867086203399 ], [ 112.444436993898066, 1.882717877626393 ], [ 112.447199815776642, 1.897759907854229 ], [ 112.461013925169553, 1.900522729732812 ], [ 112.468080476119212, 1.911749376875719 ], [ 112.463469766839438, 1.923239265178932 ], [ 112.468074469970404, 1.931220750605948 ], [ 112.464390707465625, 1.936132433945649 ], [ 112.468381450179137, 1.943499958955202 ], [ 112.47053031164026, 1.959769910017964 ], [ 112.486640271964689, 1.973139470826084 ], [ 112.485265361659359, 1.984021346507742 ], [ 112.468688430387871, 1.984021346507742 ], [ 112.458865063708458, 1.992002831934757 ], [ 112.425711201165484, 1.995379614230802 ], [ 112.424790260539282, 2.011649565293565 ], [ 112.406690382168904, 2.025963505155573 ], [ 112.396696645944303, 2.04166794779394 ], [ 112.382419879909321, 2.048806330811431 ], [ 112.379564526702325, 2.064510773450024 ], [ 112.400979675754797, 2.071649156467515 ], [ 112.413828765186395, 2.081642892692059 ], [ 112.400979675754797, 2.098775011933867 ], [ 112.398236472483973, 2.106045979478459 ], [ 112.398850432901426, 2.1152553857404 ], [ 112.40683191832845, 2.123236871167415 ], [ 112.412401088582897, 2.133039250417937 ], [ 112.419111126677706, 2.142269644108759 ], [ 112.411743601668149, 2.155776773292939 ], [ 112.412050581876869, 2.165907120181074 ], [ 112.440906721497626, 2.166828060807268 ], [ 112.456562712142926, 2.169590882685851 ], [ 112.465465138196137, 2.177572368112866 ], [ 112.480200188215235, 2.172660684773164 ], [ 112.505372565331214, 2.176651427486672 ], [ 112.535050406128448, 2.170154380619465 ], [ 112.583591410647273, 2.185858823257888 ], [ 112.605006559699746, 2.177292763636956 ], [ 112.607056861933302, 2.125924166289451 ], [ 112.611339891743569, 2.111647400254469 ], [ 112.614043559222111, 2.095301672172863 ], [ 112.618648262353091, 2.083022463823608 ], [ 112.610359796717333, 2.082101523197414 ], [ 112.603606232125244, 2.075347958605324 ], [ 112.608517915464944, 2.070436275265622 ], [ 112.60790395504749, 2.060305928377487 ], [ 112.602378311290323, 2.056008205455248 ], [ 112.60790395504749, 2.052938403367935 ], [ 112.606676034212569, 2.031449788756739 ], [ 112.61281563838719, 2.030528848130545 ], [ 112.622025044649149, 2.013030976232858 ], [ 112.637988015503183, 2.013951916859052 ], [ 112.638465747210148, 2.004571654992105 ], [ 112.647197421765128, 1.992156322039125 ], [ 112.652109105104827, 1.992156322039125 ], [ 112.659476630114369, 1.999216866839947 ], [ 112.672729985693991, 1.997433271974614 ], [ 112.691289781539467, 1.977445799525583 ], [ 112.70767252288519, 1.974658450141437 ], [ 112.735547756248138, 1.981728829336021 ], [ 112.787406169864184, 1.980578623534753 ], [ 112.801915446966419, 1.958350126552602 ], [ 112.79122714378434, 1.946036914248566 ], [ 112.801915446966419, 1.94607091820333 ], [ 112.816211484345558, 1.921052573687348 ], [ 112.8226360290613, 1.898923586333183 ], [ 112.831385547004658, 1.883293465517678 ], [ 112.825491382268297, 1.87750843728071 ], [ 112.83307393815268, 1.870246806646577 ], [ 112.847271772805968, 1.867560729822569 ], [ 112.858327944148755, 1.867514701056166 ], [ 112.85471604286748, 1.842656960386951 ], [ 112.858399805372258, 1.838666217673443 ], [ 112.859934706415913, 1.830991712455159 ], [ 112.879274459565991, 1.823931167654338 ], [ 112.898302889046704, 1.79327551767426 ], [ 112.917646985657413, 1.785865621771649 ], [ 112.92624243150189, 1.778498096762096 ], [ 112.941284461729737, 1.778498096762096 ], [ 112.948345006530545, 1.776656215509708 ], [ 112.95448461070518, 1.767139829039036 ], [ 112.960970642220317, 1.757883637347441 ], [ 112.961032923756861, 1.757759074274347 ], [ 112.961120659600624, 1.757583602586806 ], [ 112.933994804134159, 1.750445219569315 ], [ 112.922573391306173, 1.739023806741329 ], [ 112.93256712753066, 1.721891687499351 ], [ 112.909724301874803, 1.719036334292468 ], [ 112.898302889046704, 1.704759568257487 ], [ 112.891164506029213, 1.683344419205014 ], [ 112.85404491433826, 1.684772095808455 ], [ 112.851189561131264, 1.671923006376915 ], [ 112.895447535839821, 1.664784623359424 ], [ 112.909724301874803, 1.637658767893072 ], [ 112.898302889046704, 1.630520384875581 ], [ 112.909724301874803, 1.607677559219496 ], [ 112.9011582422537, 1.590545439977632 ], [ 112.879743093201228, 1.590545439977632 ], [ 112.858327944148755, 1.569130290925159 ], [ 112.836912795096282, 1.542004435458637 ], [ 112.801220880008827, 1.54485978866569 ], [ 112.785516437370461, 1.551998171683181 ], [ 112.772667347938864, 1.561991907907668 ], [ 112.7441138158689, 1.564847261114551 ], [ 112.715560283798936, 1.564847261114551 ], [ 112.684151398521976, 1.556281201493618 ], [ 112.644461988944727, 1.571985644132042 ], [ 112.601631690839781, 1.574840997339038 ], [ 112.535958567078978, 1.577696350546091 ], [ 112.474568473128556, 1.577696350546091 ], [ 112.460291707093575, 1.5705579675286 ], [ 112.441731911247984, 1.543432112062078 ], [ 112.394618583332544, 1.522016963009605 ], [ 112.361782021452086, 1.512023226785232 ], [ 112.317524046743756, 1.51059555018162 ], [ 112.297536574294668, 1.4920357543362 ], [ 112.287542838070181, 1.467765252076674 ], [ 112.260416982603829, 1.460626869059183 ], [ 112.230435773930253, 1.454916162645304 ], [ 112.210448301481392, 1.447777779627813 ], [ 112.193710776189391, 1.445537616234901 ], [ 112.16193845681417, 1.45382815350523 ], [ 112.141984743246653, 1.466414342063205 ], [ 112.1320846315148, 1.469829496882712 ], [ 112.119882168218012, 1.460888698306045 ], [ 112.11090553318661, 1.464097412080321 ], [ 112.095247006467034, 1.474127219804951 ], [ 112.071916510603444, 1.463075932290622 ], [ 112.059637302254188, 1.463689892708085 ], [ 112.057181460584346, 1.480880784397041 ], [ 112.039990568895391, 1.484564546901817 ], [ 112.026672613580104, 1.4912232675469 ] ] ] ] } },
{ "type": "Feature", "properties": { "Id": 74, "NEGERI": "SARAWAK", "KODPAR": "P.215", "PARLIMEN": "KAPIT", "KODDUN": "N.74", "NAMADUN": "BUKIT GORAM", "KODUNIK": "P.215_N.74", "BILANGAN_P": 12674, "PERATUS_EQ": 61.58 }, "geometry": { "type": "MultiPolygon", "coordinates": [ [ [ [ 112.605006559699746, 2.177292763636956 ], [ 112.626421708752218, 2.183003470050835 ], [ 112.672546114791089, 2.173239230869399 ], [ 112.673630215108005, 2.173009733826518 ], [ 112.729309602644321, 2.157305291187924 ], [ 112.759290811317896, 2.155877614584483 ], [ 112.799265756215846, 2.154449937980871 ], [ 112.827819288285809, 2.148739231566992 ], [ 112.850047419848579, 2.149338062586821 ], [ 112.891450041349913, 2.150765739190206 ], [ 112.922858926626873, 2.156476445604312 ], [ 112.931424986247976, 2.146482709379768 ], [ 112.925714279833869, 2.127922913534348 ], [ 112.925714279833869, 2.100797058067769 ], [ 112.977110637559804, 2.050828376945333 ], [ 112.979196517508171, 2.043690624582041 ], [ 112.972519697968252, 2.041848743329654 ], [ 112.960086999514644, 2.043690624582041 ], [ 112.930616899476462, 2.043460389425492 ], [ 112.93407042682469, 2.037704510511785 ], [ 112.945812419808647, 2.032178866754625 ], [ 112.940286776051494, 2.022508990179595 ], [ 112.937754189329468, 2.020206638614111 ], [ 112.931307604946113, 2.018825227674822 ], [ 112.935912308077064, 2.013299583917661 ], [ 112.928544783067522, 2.009615821412888 ], [ 112.921407493214517, 2.002939001872986 ], [ 112.922558668997269, 1.993729595611053 ], [ 112.923709844780007, 1.98590160028841 ], [ 112.922328433840718, 1.981066662000895 ], [ 112.922328433840718, 1.975080547930639 ], [ 112.916112084613914, 1.969785139330027 ], [ 112.913809733048438, 1.966101376825254 ], [ 112.892628098646, 1.965871141668706 ], [ 112.876972108000714, 1.94883374008413 ], [ 112.876051167374513, 1.932487043969198 ], [ 112.881807046288216, 1.924428813490007 ], [ 112.889865276767409, 1.929724222090618 ], [ 112.896311861150764, 1.921896226767975 ], [ 112.873058110339386, 1.912456585349493 ], [ 112.874669756435225, 1.905319295496495 ], [ 112.856481179067899, 1.900023886895884 ], [ 112.855758126262458, 1.889500920750095 ], [ 112.849113654058357, 1.878381782180341 ], [ 112.847271772805968, 1.867560729822569 ], [ 112.83307393815268, 1.870246806646577 ], [ 112.825491382268297, 1.87750843728071 ], [ 112.831385547004658, 1.883293465517678 ], [ 112.8226360290613, 1.898923586333183 ], [ 112.816211484345558, 1.921052573687348 ], [ 112.801915446966419, 1.94607091820333 ], [ 112.79122714378434, 1.946036914248566 ], [ 112.801915446966419, 1.958350126552602 ], [ 112.787406169864184, 1.980578623534753 ], [ 112.735547756248138, 1.981728829336021 ], [ 112.70767252288519, 1.974658450141437 ], [ 112.691289781539467, 1.977445799525583 ], [ 112.672729985693991, 1.997433271974614 ], [ 112.659476630114369, 1.999216866839947 ], [ 112.652109105104827, 1.992156322039125 ], [ 112.647197421765128, 1.992156322039125 ], [ 112.638465747210148, 2.004571654992105 ], [ 112.637988015503183, 2.013951916859052 ], [ 112.622025044649149, 2.013030976232858 ], [ 112.61281563838719, 2.030528848130545 ], [ 112.606676034212569, 2.031449788756739 ], [ 112.60790395504749, 2.052938403367935 ], [ 112.602378311290323, 2.056008205455248 ], [ 112.60790395504749, 2.060305928377487 ], [ 112.608517915464944, 2.070436275265622 ], [ 112.603606232125244, 2.075347958605324 ], [ 112.610359796717333, 2.082101523197414 ], [ 112.618648262353091, 2.083022463823608 ], [ 112.614043559222111, 2.095301672172863 ], [ 112.611339891743569, 2.111647400254469 ], [ 112.607056861933302, 2.125924166289451 ], [ 112.605006559699746, 2.177292763636956 ] ] ] ] } },
{ "type": "Feature", "properties": { "Id": 75, "NEGERI": "SARAWAK", "KODPAR": "P.215", "PARLIMEN": "KAPIT", "KODDUN": "N.75", "NAMADUN": "MELEKUN", "KODUNIK": "P.215_N.75", "BILANGAN_P": 10999, "PERATUS_EQ": 53.44 }, "geometry": { "type": "MultiPolygon", "coordinates": [ [ [ [ 112.977110637559804, 2.050828376945333 ], [ 113.001381139819273, 2.035123934306966 ], [ 113.013559114622979, 2.016983346422434 ], [ 113.019257434747558, 2.02020663861411 ], [ 113.0266249597571, 2.022739225336142 ], [ 113.028236605852939, 2.021357814396853 ], [ 113.030769192574965, 2.018594992518273 ], [ 113.035373895705931, 2.019976403457563 ], [ 113.040208833993447, 2.022739225336143 ], [ 113.044583301967862, 2.02596251752782 ], [ 113.048036829316089, 2.026883458154013 ], [ 113.05931835198696, 2.026883458154013 ], [ 113.062081173865536, 2.028264869093303 ], [ 113.062081173865536, 2.03286957222427 ], [ 113.066916112153052, 2.037244040198688 ], [ 113.071290580127467, 2.039085921451075 ], [ 113.074974342632245, 2.039546391764171 ], [ 113.07911857545011, 2.038855686294526 ], [ 113.080499986389412, 2.036553334729043 ], [ 113.080269751232862, 2.032409101911173 ], [ 113.079579045763211, 2.028264869093303 ], [ 113.082802337954888, 2.023660165962336 ], [ 113.080269751232862, 2.020667108927208 ], [ 113.07934881060666, 2.01767405189208 ], [ 113.07934881060666, 2.014220524543855 ], [ 113.078658105137023, 2.008234410473599 ], [ 113.081190691859049, 2.007543705003954 ], [ 113.084183748894176, 2.00800417531705 ], [ 113.084874454363828, 2.006392529221212 ], [ 113.085565159833465, 2.002018061246794 ], [ 113.087637276242404, 1.999715709681311 ], [ 113.088788452025142, 1.997183122959279 ], [ 113.085104689520378, 1.994190065924151 ], [ 113.080039516076312, 1.995111006550344 ], [ 113.07267199106677, 1.997873828428924 ], [ 113.070139404344729, 2.0010971206206 ], [ 113.068988228561992, 2.007083234690857 ], [ 113.066685876996502, 2.008925115943244 ], [ 113.060699762926248, 2.008464645630147 ], [ 113.053792708229807, 2.009846056569437 ], [ 113.045274007437513, 2.010997232352179 ], [ 113.038597187897608, 2.007083234690857 ], [ 113.03721577695832, 1.983829483879476 ], [ 113.039287893367259, 1.978764310435413 ], [ 113.042741420715487, 1.975310783087188 ], [ 113.049188005098827, 1.971166550269318 ], [ 113.051490356664317, 1.970706079956221 ], [ 113.053792708229807, 1.973238666678253 ], [ 113.056555530108383, 1.974850312774091 ], [ 113.05931835198696, 1.977382899496123 ], [ 113.063002114491738, 1.980375956531251 ], [ 113.065995171526865, 1.981296897157444 ], [ 113.06806728793579, 1.978073604965768 ], [ 113.069448698875092, 1.976692194026478 ], [ 113.072441755910219, 1.976692194026478 ], [ 113.076816223884634, 1.975541018243736 ], [ 113.078658105137023, 1.973929372147898 ], [ 113.080730221545949, 1.971166550269318 ], [ 113.08165116217215, 1.967943258077641 ], [ 113.083032573111439, 1.965640906512158 ], [ 113.089018687181692, 1.966561847138351 ], [ 113.093623390312658, 1.967482787764545 ], [ 113.095235036408496, 1.968864198703835 ], [ 113.093853625469208, 1.973008431521704 ], [ 113.093393155156107, 1.975310783087188 ], [ 113.094314095782309, 1.978073604965768 ], [ 113.098458328600174, 1.978994545591961 ], [ 113.102142091104952, 1.978994545591961 ], [ 113.103983972357341, 1.978534075278864 ], [ 113.106286323922816, 1.978994545591961 ], [ 113.108588675488306, 1.980375956531251 ], [ 113.113193378619272, 1.979685251061606 ], [ 113.117337611437137, 1.979915486218154 ], [ 113.119179492689526, 1.981066662000896 ], [ 113.121021373941915, 1.980606191687799 ], [ 113.124244666133592, 1.981066662000896 ], [ 113.126086547385981, 1.983369013566379 ], [ 113.128388898951457, 1.982217837783638 ], [ 113.132993602082422, 1.981757367470541 ], [ 113.134605248178261, 1.986362070601507 ], [ 113.137137834900301, 1.982908543253283 ], [ 113.139900656778877, 1.983369013566379 ], [ 113.1484318299797, 1.988010606391356 ], [ 113.166991625825176, 1.983727576580918 ], [ 113.168419302428788, 1.965167780735442 ], [ 113.165073033894899, 1.950407013651659 ], [ 113.176985362049663, 1.948035661493464 ], [ 113.188406774877649, 1.933758895458482 ], [ 113.189324470384676, 1.91694617089994 ], [ 113.19554515789514, 1.905205363388518 ], [ 113.212677277137118, 1.893783950560533 ], [ 113.212677277137118, 1.875224154715113 ], [ 113.224098689965103, 1.848098299248591 ], [ 113.179840715256773, 1.845242946041537 ], [ 113.145576476772703, 1.836676886420605 ], [ 113.125589004323842, 1.837390724722354 ], [ 113.097844368182734, 1.838052257255981 ], [ 113.094180119046882, 1.829538503403114 ], [ 113.082495357746168, 1.833140573916279 ], [ 113.084030258789824, 1.82208928640195 ], [ 113.05701600042147, 1.821475325984487 ], [ 113.055174119169081, 1.815028741601128 ], [ 113.044122831654747, 1.808889137426501 ], [ 113.042894910819825, 1.7883214634415 ], [ 113.021368612268361, 1.790991235108663 ], [ 112.995670433405394, 1.798129618126154 ], [ 112.971399931145925, 1.77528679247024 ], [ 112.95448461070518, 1.767139829039036 ], [ 112.948345006530545, 1.776656215509708 ], [ 112.941284461729737, 1.778498096762096 ], [ 112.92624243150189, 1.778498096762096 ], [ 112.917646985657413, 1.785865621771649 ], [ 112.898302889046704, 1.79327551767426 ], [ 112.879274459565991, 1.823931167654338 ], [ 112.859934706415913, 1.830991712455159 ], [ 112.858399805372258, 1.838666217673443 ], [ 112.85471604286748, 1.842656960386951 ], [ 112.858327944148755, 1.867514701056166 ], [ 112.847271772805968, 1.867560729822569 ], [ 112.849113654058357, 1.878381782180341 ], [ 112.855758126262458, 1.889500920750095 ], [ 112.856481179067899, 1.900023886895884 ], [ 112.874669756435225, 1.905319295496495 ], [ 112.873058110339386, 1.912456585349493 ], [ 112.896311861150764, 1.921896226767975 ], [ 112.889865276767409, 1.929724222090618 ], [ 112.881807046288216, 1.924428813490007 ], [ 112.876051167374513, 1.932487043969198 ], [ 112.876972108000714, 1.94883374008413 ], [ 112.892628098646, 1.965871141668706 ], [ 112.913809733048438, 1.966101376825254 ], [ 112.916112084613914, 1.969785139330027 ], [ 112.922328433840718, 1.975080547930639 ], [ 112.922328433840718, 1.981066662000895 ], [ 112.923709844780007, 1.98590160028841 ], [ 112.922558668997269, 1.993729595611053 ], [ 112.921407493214517, 2.002939001872986 ], [ 112.928544783067522, 2.009615821412888 ], [ 112.935912308077064, 2.013299583917661 ], [ 112.931307604946113, 2.018825227674822 ], [ 112.937754189329468, 2.020206638614111 ], [ 112.940286776051494, 2.022508990179595 ], [ 112.945812419808647, 2.032178866754625 ], [ 112.93407042682469, 2.037704510511785 ], [ 112.930616899476462, 2.043460389425492 ], [ 112.960086999514644, 2.043690624582041 ], [ 112.972519697968252, 2.041848743329654 ], [ 112.979196517508171, 2.043690624582041 ], [ 112.977110637559804, 2.050828376945333 ] ] ] ] } },
{ "type": "Feature", "properties": { "Id": 77, "NEGERI": "SARAWAK", "KODPAR": "P.216", "PARLIMEN": "HULU RAJANG", "KODDUN": "N.77", "NAMADUN": "BALEH", "KODUNIK": "P.216_N.77", "BILANGAN_P": 16300, "PERATUS_EQ": 79.19 }, "geometry": { "type": "MultiPolygon", "coordinates": [ [ [ [ 112.9011582422537, 1.590545439977632 ], [ 112.909724301874803, 1.607677559219496 ], [ 112.898302889046704, 1.630520384875581 ], [ 112.909724301874803, 1.637658767893072 ], [ 112.895447535839821, 1.664784623359424 ], [ 112.851189561131264, 1.671923006376915 ], [ 112.85404491433826, 1.684772095808455 ], [ 112.891164506029213, 1.683344419205014 ], [ 112.898302889046704, 1.704759568257487 ], [ 112.909724301874803, 1.719036334292468 ], [ 112.93256712753066, 1.721891687499351 ], [ 112.922573391306173, 1.739023806741329 ], [ 112.933994804134159, 1.750445219569315 ], [ 112.961120659600624, 1.757583602586806 ], [ 112.961032923756861, 1.757759074274347 ], [ 112.960970642220317, 1.757883637347441 ], [ 112.95448461070518, 1.767139829039036 ], [ 112.971399931145925, 1.77528679247024 ], [ 112.995670433405394, 1.798129618126154 ], [ 113.021368612268361, 1.790991235108663 ], [ 113.042894910819825, 1.7883214634415 ], [ 113.044122831654747, 1.808889137426501 ], [ 113.055174119169081, 1.815028741601128 ], [ 113.05701600042147, 1.821475325984487 ], [ 113.084030258789824, 1.82208928640195 ], [ 113.082495357746168, 1.833140573916279 ], [ 113.094180119046882, 1.829538503403114 ], [ 113.097844368182734, 1.838052257255981 ], [ 113.125589004323842, 1.837390724722354 ], [ 113.145576476772703, 1.836676886420605 ], [ 113.179840715256773, 1.845242946041537 ], [ 113.224098689965103, 1.848098299248591 ], [ 113.212677277137118, 1.875224154715113 ], [ 113.212677277137118, 1.893783950560533 ], [ 113.19554515789514, 1.905205363388518 ], [ 113.189324470384676, 1.91694617089994 ], [ 113.188406774877649, 1.933758895458482 ], [ 113.176985362049663, 1.948035661493464 ], [ 113.165073033894899, 1.950407013651659 ], [ 113.168419302428788, 1.965167780735442 ], [ 113.166991625825176, 1.983727576580918 ], [ 113.1484318299797, 1.988010606391356 ], [ 113.152486845336909, 2.004742510597111 ], [ 113.156170607841688, 2.025924144999574 ], [ 113.1709056578608, 2.023161323120992 ], [ 113.173054519321923, 2.031756768965471 ], [ 113.166607934938554, 2.040045234601217 ], [ 113.181342984957666, 2.050482561698083 ], [ 113.175203380783032, 2.063682710673532 ], [ 113.155570212997191, 2.08223726222235 ], [ 113.144505359909886, 2.093152810711743 ], [ 113.143584419283698, 2.101134296138758 ], [ 113.138438093755212, 2.150765739190206 ], [ 113.134068032813019, 2.156083753501672 ], [ 113.175557685446279, 2.152193415793647 ], [ 113.189324470384662, 2.141655683691298 ], [ 113.204111217516243, 2.146482709379768 ], [ 113.219815660154609, 2.165042505225188 ], [ 113.251224545431683, 2.14219967956933 ], [ 113.264073634863053, 2.166470181828629 ], [ 113.300758286154149, 2.165600139972344 ], [ 113.301372246571617, 2.183711972287495 ], [ 113.293390761144593, 2.192614398340704 ], [ 113.302907147615272, 2.201209844185182 ], [ 113.298337873347009, 2.205017450123137 ], [ 113.316992847632719, 2.212590084774206 ], [ 113.322703554046825, 2.227818635211577 ], [ 113.340819203394744, 2.232982295788766 ], [ 113.36422644430921, 2.23248345295167 ], [ 113.382952237041806, 2.217748402932576 ], [ 113.401371049565668, 2.224501967524661 ], [ 113.409966495410146, 2.212836719592879 ], [ 113.416029354533961, 2.221470537961339 ], [ 113.427399838303359, 2.225915066406969 ], [ 113.441585456909451, 2.226343848777047 ], [ 113.446190160040416, 2.251516225892998 ], [ 113.461539170476968, 2.254279047771578 ], [ 113.463995012146825, 2.266558256120822 ], [ 113.478346336906398, 2.26444776718373 ], [ 113.491930211141351, 2.273618800921637 ], [ 113.511193219240653, 2.282866579707612 ], [ 113.513111845543818, 2.289581771775655 ], [ 113.535828380989926, 2.300633059289976 ], [ 113.547800609130434, 2.297563257202664 ], [ 113.560003072428941, 2.300978412022762 ], [ 113.572052045620197, 2.30462380200348 ], [ 113.581261451882128, 2.302474940542362 ], [ 113.59110675550437, 2.294443543374825 ], [ 113.602528168332356, 2.303961387398147 ], [ 113.61464554958313, 2.304355194318807 ], [ 113.623624720687019, 2.300326079081244 ], [ 113.630071305070373, 2.306465683255866 ], [ 113.638359770706117, 2.308307564508253 ], [ 113.646878471499932, 2.31172271932836 ], [ 113.653924526058404, 2.31157566261686 ], [ 113.667139165276197, 2.311415739119629 ], [ 113.675811356171309, 2.314140188474144 ], [ 113.69522785437394, 2.311722719328472 ], [ 113.699679067401618, 2.300824921917826 ], [ 113.702748869488943, 2.270126901044681 ], [ 113.710116394498499, 2.267057098957367 ], [ 113.714838727807546, 2.258275736086205 ], [ 113.720553721595365, 2.248945266642211 ], [ 113.722088622638992, 2.216712344725408 ], [ 113.732832929944593, 2.21487046347302 ], [ 113.738972534119227, 2.206888978046002 ], [ 113.732602694786536, 2.202706372704754 ], [ 113.741812101048467, 2.193803946651552 ], [ 113.744191197667661, 2.189084125939578 ], [ 113.749102966291616, 2.178325846290363 ], [ 113.751021507310412, 2.168938549744333 ], [ 113.760844873989797, 2.162491965360979 ], [ 113.769363574783654, 2.154702342561656 ], [ 113.771945791947473, 2.140254470197078 ], [ 113.783254429227185, 2.138240528871224 ], [ 113.787552152149431, 2.133942805948988 ], [ 113.798526694613116, 2.13229278732426 ], [ 113.796377833151993, 2.127688084193288 ], [ 113.797068538620096, 2.118286815303702 ], [ 113.805663984464559, 2.117979835094971 ], [ 113.808964021709983, 2.109883232086864 ], [ 113.811920736845423, 2.09456881888508 ], [ 113.830956424892065, 2.086954543666423 ], [ 113.834520124085287, 2.082677111090894 ], [ 113.827459579284479, 2.077458447542465 ], [ 113.832985223041632, 2.068249041280532 ], [ 113.835441064711489, 2.060574536062254 ], [ 113.843422550138499, 2.054434931887632 ], [ 113.855087798070272, 2.052900030843976 ], [ 113.856622699113927, 2.04276968395585 ], [ 113.882352782618113, 2.041268892354424 ], [ 113.879339234560035, 2.032639337067724 ], [ 113.887320719987045, 2.025885772475639 ], [ 113.883022997064799, 2.017904287048631 ], [ 113.882716016856079, 2.001941316194613 ], [ 113.894688244996601, 2.003476217238268 ], [ 113.903897651258532, 1.992117949515218 ], [ 113.909423295015685, 1.991197008889024 ], [ 113.917711760651429, 1.98168062241836 ], [ 113.924772305452251, 1.981066662000898 ], [ 113.928149087748281, 1.977689879704856 ], [ 113.947074121976584, 1.978451121800617 ], [ 113.952400524238044, 1.974006117200083 ], [ 113.954688397195241, 1.967029708972461 ], [ 113.965600673213487, 1.960192007807183 ], [ 113.975807765155523, 1.960844340747745 ], [ 113.971433297179374, 1.951596561962712 ], [ 113.990856204483862, 1.932765470488619 ], [ 113.989238149285782, 1.922126461924527 ], [ 113.98217760448496, 1.914144976497518 ], [ 113.998140575338979, 1.911075174410207 ], [ 114.001517357635024, 1.902479728565736 ], [ 114.015945427445388, 1.896954084808576 ], [ 114.032522358716875, 1.903093688983198 ], [ 114.044494586857397, 1.898488985852232 ], [ 114.056773795206638, 1.895419183764921 ], [ 114.065062260842382, 1.884367896250601 ], [ 114.075499587939234, 1.883139975415677 ], [ 114.085629934827367, 1.884367896250601 ], [ 114.086857855662288, 1.87024680664897 ], [ 114.096374242132953, 1.864107202474348 ], [ 114.108653450482194, 1.865335123309273 ], [ 114.112684607982487, 1.856622718302049 ], [ 114.111723252569504, 1.839241805567129 ], [ 114.106811569229805, 1.826348636800422 ], [ 114.107118549438539, 1.817446210747221 ], [ 114.09745605754506, 1.810937066990107 ], [ 114.105583648394884, 1.796571556553506 ], [ 114.116491745591702, 1.788094241334193 ], [ 114.122467559875076, 1.774162001316135 ], [ 114.133211867180663, 1.772627100272479 ], [ 114.1452608403753, 1.765604927994543 ], [ 114.153779541165648, 1.758506010670848 ], [ 114.156235382835504, 1.766487496097857 ], [ 114.165137808888701, 1.769864278393899 ], [ 114.172812314106977, 1.763417694010546 ], [ 114.182635680786376, 1.769557298185168 ], [ 114.191845087048307, 1.769557298185168 ], [ 114.205966176649937, 1.749910564826377 ], [ 114.215175582911868, 1.757892050253386 ], [ 114.230705873871557, 1.761444278068836 ], [ 114.240347960027819, 1.774468981524866 ], [ 114.251399247542139, 1.787976110709034 ], [ 114.267976178813612, 1.796878536762236 ], [ 114.278720486119212, 1.79503665550985 ], [ 114.289771773633532, 1.796878536762236 ], [ 114.288850833007331, 1.783371407578068 ], [ 114.301744001774054, 1.77569690235979 ], [ 114.305120784070098, 1.768329377350243 ], [ 114.322618655967773, 1.757892050253386 ], [ 114.31248830907964, 1.74806868357399 ], [ 114.310032467409798, 1.724431207501695 ], [ 114.297139298643089, 1.720440464788191 ], [ 114.298674199686744, 1.707547296021485 ], [ 114.27902746632796, 1.688207542871425 ], [ 114.278413505910493, 1.680840017861879 ], [ 114.283325189250192, 1.670709670973752 ], [ 114.275957664240622, 1.655053680328467 ], [ 114.290385734050986, 1.644616353231609 ], [ 114.306655685113739, 1.655053680328467 ], [ 114.321697715341557, 1.652597838658618 ], [ 114.337046725778109, 1.625583580290281 ], [ 114.35393063725833, 1.62803942196013 ], [ 114.361298162267872, 1.624355659455356 ], [ 114.391996183140989, 1.629881303212516 ], [ 114.397521826898142, 1.639090709474449 ], [ 114.404275391490231, 1.637248828222063 ], [ 114.414405738378363, 1.645230313649071 ], [ 114.427605887353806, 1.638783729265718 ], [ 114.444796779042775, 1.644309373022877 ], [ 114.450629403008662, 1.6366348678046 ], [ 114.459838809270593, 1.632030164673633 ], [ 114.469355195741258, 1.616988134445809 ], [ 114.494527572857208, 1.6228207584117 ], [ 114.501588117658031, 1.628653382377591 ], [ 114.52583955414778, 1.626197540707742 ], [ 114.539346683331956, 1.615453233402154 ], [ 114.559607377108208, 1.602867044844179 ], [ 114.591226338607513, 1.589052935451279 ], [ 114.603805359585749, 1.572990966407076 ], [ 114.595905549046506, 1.561236429038161 ], [ 114.591622519235898, 1.545531986399737 ], [ 114.60589928527088, 1.521261484140268 ], [ 114.595905549046506, 1.496990981880742 ], [ 114.575918076597418, 1.454160683775797 ], [ 114.548792221130952, 1.445594624154865 ], [ 114.520238689060989, 1.449877653965359 ], [ 114.458848595110567, 1.484141892449372 ], [ 114.40887991398813, 1.516978454329774 ], [ 114.383181735125163, 1.52268916074388 ], [ 114.36176658607269, 1.491280275466863 ], [ 114.281816696276906, 1.464154420000341 ], [ 114.23927193349266, 1.464154420000341 ], [ 114.2078630482157, 1.425607151705833 ], [ 114.182164869352732, 1.422751798499007 ], [ 114.146472954265278, 1.459871390189846 ], [ 114.109353362574211, 1.468437449810779 ], [ 114.052246298434284, 1.4627267433969 ], [ 113.946598229775532, 1.445594624154865 ], [ 113.915189344498572, 1.424179475102392 ], [ 113.86664833997952, 1.399908972842923 ], [ 113.850943897341153, 1.392770589825432 ], [ 113.810968952443204, 1.375638470583397 ], [ 113.818107335460695, 1.358506351341589 ], [ 113.820962688667578, 1.345657261909992 ], [ 113.800975216218717, 1.315676053236643 ], [ 113.747009040606372, 1.278556461545577 ], [ 113.699895712690932, 1.265707372114207 ], [ 113.671342180620968, 1.238581516647628 ], [ 113.64136097194762, 1.222877074009261 ], [ 113.618518146291535, 1.241436869854681 ], [ 113.57568784818659, 1.309965346822537 ], [ 113.548561992720238, 1.327097466064572 ], [ 113.530002196874761, 1.327097466064572 ], [ 113.461473719906735, 1.305682317012099 ], [ 113.417215745198291, 1.295688580787555 ], [ 113.367247064075855, 1.345657261909992 ], [ 113.320133736160528, 1.377066147187008 ], [ 113.288724850883455, 1.384204530204499 ], [ 113.233045463347025, 1.39134291322199 ], [ 113.207347284484058, 1.381349176997446 ], [ 113.183076782224589, 1.388487560014937 ], [ 113.134535777705764, 1.392770589825432 ], [ 113.11169295204968, 1.432745534723324 ], [ 113.0959885094112, 1.447022300758306 ], [ 113.058868917720361, 1.432745534723324 ], [ 113.0274600324434, 1.412758062274463 ], [ 112.996051147166327, 1.408475032464025 ], [ 112.977491351320964, 1.40990270906741 ], [ 112.966069938492979, 1.428462504912886 ], [ 112.966069938492751, 1.44916381566361 ], [ 112.991768117355718, 1.463440581698592 ], [ 113.03317073885728, 1.489138760561559 ], [ 113.03745376866766, 1.509126233010591 ], [ 113.038881445271159, 1.530541382063063 ], [ 113.058868917720361, 1.543390471494433 ], [ 113.044592151685379, 1.563377943943465 ], [ 113.020321649425682, 1.563377943943465 ], [ 112.997478823769825, 1.579082386581888 ], [ 112.986057410941839, 1.576227033375062 ], [ 112.963214585285755, 1.571944003564397 ], [ 112.940371759629897, 1.573371680168009 ], [ 112.926094993594916, 1.57479935677145 ], [ 112.9011582422537, 1.590545439977632 ] ] ] ] } },
{ "type": "Feature", "properties": { "Id": 78, "NEGERI": "SARAWAK", "KODPAR": "P.216", "PARLIMEN": "HULU RAJANG", "KODDUN": "N.78", "NAMADUN": "BELAGA", "KODUNIK": "P.216_N.78", "BILANGAN_P": 11571, "PERATUS_EQ": 56.22 }, "geometry": { "type": "MultiPolygon", "coordinates": [ [ [ [ 114.078137699107998, 2.7430874713867 ], [ 114.082281931925863, 2.742627001073604 ], [ 114.086426164743727, 2.74170606044741 ], [ 114.090340162405056, 2.737101357316444 ], [ 114.090800632718157, 2.732266419028929 ], [ 114.093102984283632, 2.729964067463446 ], [ 114.098168157727699, 2.728812891680705 ], [ 114.101391449919376, 2.72397795339319 ], [ 114.103233331171765, 2.723517483080093 ], [ 114.108758974928918, 2.72121513151461 ], [ 114.110600856181307, 2.719373250262223 ], [ 114.113363678059883, 2.718682544792578 ], [ 114.123494024948016, 2.715229017444353 ], [ 114.127408022609345, 2.715229017444353 ], [ 114.139610485906402, 2.714077841661612 ], [ 114.150431538264186, 2.712235960409225 ], [ 114.154575771082051, 2.709473138530645 ], [ 114.161252590621956, 2.713387136191967 ], [ 114.164475882813633, 2.713387136191967 ], [ 114.170231761727337, 2.709473138530645 ], [ 114.174145759388665, 2.708321962747904 ], [ 114.182434225024409, 2.70740102212171 ], [ 114.182894695337495, 2.703947494773486 ], [ 114.179901638302368, 2.697270675233584 ], [ 114.182894695337495, 2.694968323668101 ], [ 114.192104101599426, 2.691284561163327 ], [ 114.229402196960265, 2.686219387719264 ], [ 114.257490886059173, 2.679772803335911 ], [ 114.277751579835424, 2.674247159578751 ], [ 114.287421456410456, 2.672865748639461 ], [ 114.29363780563726, 2.66480751816027 ], [ 114.297321568142038, 2.663886577534076 ], [ 114.306530974403969, 2.662735401751334 ], [ 114.310905442378385, 2.663886577534076 ], [ 114.314128734570062, 2.668030810351946 ], [ 114.318733437701027, 2.663656342377527 ], [ 114.323338140831993, 2.660893520498947 ], [ 114.329784725215347, 2.659051639246561 ], [ 114.341066247886218, 2.651223643923918 ], [ 114.345210480704083, 2.648921292358434 ], [ 114.356492003374953, 2.646158470479854 ], [ 114.362938587758308, 2.644546824384016 ], [ 114.366161879949985, 2.650302703297724 ], [ 114.367082820576172, 2.654907406428691 ], [ 114.364550233854146, 2.660202815029302 ], [ 114.365701409636884, 2.660433050185851 ], [ 114.369845642454763, 2.660433050185851 ], [ 114.382969046378022, 2.649381762671532 ], [ 114.385041162786962, 2.649381762671532 ], [ 114.385962103413149, 2.652374819706661 ], [ 114.38642257372625, 2.654446936115595 ], [ 114.389185395604827, 2.652144584550112 ], [ 114.396092450301282, 2.646158470479856 ], [ 114.39954597764951, 2.644086354070921 ], [ 114.405071621406663, 2.637409534531019 ], [ 114.40852514875489, 2.635107182965536 ], [ 114.410367030007279, 2.642474707975083 ], [ 114.413590322198957, 2.641784002505438 ], [ 114.413820557355493, 2.641323532192341 ], [ 114.41727408470372, 2.635567653278633 ], [ 114.419115965956109, 2.635337418122084 ], [ 114.423720669087075, 2.638560710313761 ], [ 114.426253255809115, 2.640172356409599 ], [ 114.428555607374591, 2.636028123591729 ], [ 114.426253255809115, 2.631423420460763 ], [ 114.425792785496014, 2.626818717329796 ], [ 114.425792785496014, 2.622674484511927 ], [ 114.428555607374591, 2.619911662633347 ], [ 114.427404431591853, 2.614846489189283 ], [ 114.432009134722819, 2.613004607936896 ], [ 114.431318429253167, 2.603334731361866 ], [ 114.430857958940081, 2.60149285010948 ], [ 114.429937018313879, 2.59734861729161 ], [ 114.430857958940081, 2.595046265726127 ], [ 114.431318429253167, 2.592513679004095 ], [ 114.43039748862698, 2.588829916499322 ], [ 114.429476548000778, 2.587218270403484 ], [ 114.427634666748403, 2.582613567272517 ], [ 114.427634666748403, 2.578469334454647 ], [ 114.431778899566268, 2.575476277419519 ], [ 114.431778899566268, 2.572022750071294 ], [ 114.431088194096617, 2.566727341470683 ], [ 114.438685954262723, 2.558899346148039 ], [ 114.445132538646064, 2.557287700052201 ], [ 114.451809358185969, 2.553143467234331 ], [ 114.455723355847297, 2.551531821138493 ], [ 114.462630410543738, 2.547617823477171 ], [ 114.473451462901508, 2.547387588320623 ], [ 114.481279458224165, 2.543243355502753 ], [ 114.48542369104203, 2.541171239093818 ], [ 114.489107453546808, 2.542092179720012 ], [ 114.49440286214741, 2.541631709406915 ], [ 114.507986736383771, 2.539789828154528 ], [ 114.515814731706413, 2.535645595336658 ], [ 114.519728729367728, 2.535185125023562 ], [ 114.527786959846921, 2.530580421892595 ], [ 114.532391662977886, 2.528278070327112 ], [ 114.534924249699927, 2.526896659387822 ], [ 114.542061539552918, 2.526896659387822 ], [ 114.545975537214233, 2.52988971642295 ], [ 114.552422121597587, 2.530810657049144 ], [ 114.557026824728553, 2.532192067988434 ], [ 114.562552468485706, 2.534264184397369 ], [ 114.567847877086322, 2.534724654710465 ], [ 114.574754931782778, 2.534724654710465 ], [ 114.579359634913743, 2.531501362518789 ], [ 114.585575984140547, 2.52988971642295 ], [ 114.592483038836988, 2.529199010953306 ], [ 114.601001739629282, 2.526666424231274 ], [ 114.607218088856087, 2.523903602352694 ], [ 114.615736789648381, 2.521140780474114 ], [ 114.622874079501372, 2.521601250787211 ], [ 114.629781134197827, 2.521140780474114 ], [ 114.63576724826811, 2.516766312499695 ], [ 114.641523127181813, 2.51607560703005 ], [ 114.652344179539583, 2.515154666403857 ], [ 114.659711704549139, 2.51469419609076 ], [ 114.673525813942035, 2.51469419609076 ], [ 114.680432868638476, 2.51469419609076 ], [ 114.689642274900422, 2.512391844525277 ], [ 114.694246978031387, 2.512391844525277 ], [ 114.703456384293318, 2.511240668742535 ], [ 114.710133203833223, 2.508247611707407 ], [ 114.717961199155866, 2.50778714139431 ], [ 114.724638018695757, 2.514003490621115 ], [ 114.72417754838267, 2.518377958595533 ], [ 114.721644961660644, 2.527357129700917 ], [ 114.723026372599932, 2.532882773458077 ], [ 114.72671013510471, 2.537717711745592 ], [ 114.730393897609474, 2.539789828154527 ], [ 114.733156719488051, 2.54209217972001 ], [ 114.743287066376183, 2.541171239093817 ], [ 114.744898712472022, 2.546006177381332 ], [ 114.745589417941673, 2.548538764103363 ], [ 114.747431299194048, 2.550841115668847 ], [ 114.750654591385725, 2.554064407860523 ], [ 114.756640705455993, 2.558438875834942 ], [ 114.757561646082181, 2.563273814122456 ], [ 114.757561646082181, 2.572252985227841 ], [ 114.756870940612529, 2.578699569611195 ], [ 114.758022116395281, 2.583994978211806 ], [ 114.762857054682783, 2.59182297353445 ], [ 114.766540817187561, 2.595046265726126 ], [ 114.77667116407568, 2.594125325099933 ], [ 114.783578218772135, 2.597578852448158 ], [ 114.785420100024524, 2.600802144639835 ], [ 114.789103862529288, 2.602183555579125 ], [ 114.798083033634683, 2.604716142301156 ], [ 114.799924914887072, 2.605637082927349 ], [ 114.80153656098291, 2.607248729023188 ], [ 114.80153656098291, 2.608399904805929 ], [ 114.800615620356709, 2.611162726684509 ], [ 114.800615620356709, 2.614155783719637 ], [ 114.803378442235285, 2.615997664972024 ], [ 114.804299382861487, 2.618760486850604 ], [ 114.803838912548386, 2.620372132946442 ], [ 114.800155150043608, 2.623134954825022 ], [ 114.798313268791233, 2.626128011860151 ], [ 114.798543503947769, 2.626818717329795 ], [ 114.80107609066981, 2.630502479834569 ], [ 114.801766796139447, 2.633495536869697 ], [ 114.80153656098291, 2.635107182965535 ], [ 114.80153656098291, 2.63717929937447 ], [ 114.802687736765648, 2.638330475157212 ], [ 114.803838912548386, 2.641093297035792 ], [ 114.803838912548386, 2.642935178288178 ], [ 114.801997031295997, 2.646158470479855 ], [ 114.799924914887072, 2.649151527514983 ], [ 114.798313268791233, 2.654446936115595 ], [ 114.797852798478132, 2.661353990812044 ], [ 114.793794903843775, 2.665901135153896 ], [ 114.80899042417596, 2.674189600789636 ], [ 114.818660300750992, 2.67096630859796 ], [ 114.826488296073634, 2.676031482042023 ], [ 114.841683816405819, 2.679254774233699 ], [ 114.860563099242782, 2.683399007051569 ], [ 114.855497925798716, 2.693989824252792 ], [ 114.86424686174756, 2.691687472687309 ], [ 114.877600500827356, 2.689845591434922 ], [ 114.887270377402388, 2.684780417990859 ], [ 114.896940253977419, 2.677412892981312 ], [ 114.905228719613163, 2.675110541415829 ], [ 114.910754363370316, 2.667743016406283 ], [ 114.938382582156123, 2.665440664840799 ], [ 114.949433869670443, 2.663598783588413 ], [ 114.971075974385982, 2.674189600789636 ], [ 114.992718079101522, 2.693068883626598 ], [ 115.006532188494418, 2.710106285211174 ], [ 115.017583476008738, 2.717473810220721 ], [ 115.036923229158802, 2.74095779618865 ], [ 115.060867685439831, 2.762599900904193 ], [ 115.0599405985879, 2.775096153715822 ], [ 115.056723452621966, 2.791609530629282 ], [ 115.058512921984288, 2.802935847483923 ], [ 115.074566677254467, 2.80427246423944 ], [ 115.098194912690161, 2.81914950136562 ], [ 115.141318164987183, 2.801508170880481 ], [ 115.144173518194179, 2.76867160900008 ], [ 115.134179781969692, 2.751539489758045 ], [ 115.114192309520831, 2.725841310895134 ], [ 115.091349483864747, 2.712992221463537 ], [ 115.104198573296344, 2.694432425618118 ], [ 115.104198573296344, 2.651602127513172 ], [ 115.089921807261362, 2.614482535822106 ], [ 115.097060190278853, 2.598778093183682 ], [ 115.117047662727828, 2.588784356959195 ], [ 115.142745841590795, 2.607344152804615 ], [ 115.177010080074638, 2.615910212425717 ], [ 115.192714522713231, 2.587356680355754 ], [ 115.215557348369316, 2.55309244187174 ], [ 115.24125552723217, 2.54024335244037 ], [ 115.228406437800686, 2.5059791139563 ], [ 115.212701995162206, 2.490274671317934 ], [ 115.188431492902737, 2.490274671317934 ], [ 115.15131190121167, 2.490274671317934 ], [ 115.122758369141707, 2.468859522265461 ], [ 115.099344472844336, 2.437450636988444 ], [ 115.073646293981483, 2.408897104918481 ], [ 115.039382055497413, 2.400331045297378 ], [ 115.029388319272925, 2.387481955866008 ], [ 115.00511781701357, 2.360356100399486 ], [ 114.98655802116798, 2.344651657761062 ], [ 114.958004489098016, 2.373205189831026 ], [ 114.946583076270031, 2.3489346875715 ], [ 114.940872369856152, 2.314670449087487 ], [ 114.955149135891133, 2.294682976638626 ], [ 114.932306310235049, 2.280406210603644 ], [ 114.90803580797558, 2.261846414758054 ], [ 114.873771569491737, 2.267557121172104 ], [ 114.840935007611279, 2.263274091361609 ], [ 114.815236828748198, 2.260418738154613 ], [ 114.796677032902721, 2.263274091361609 ], [ 114.78953864988523, 2.240431265705581 ], [ 114.782400266867739, 2.214733086842614 ], [ 114.766695824229373, 2.204739350618127 ], [ 114.739569968762794, 2.197600967600636 ], [ 114.728148555934808, 2.166192082323789 ], [ 114.732431585745303, 2.144776933271316 ], [ 114.753846734797776, 2.144776933271316 ], [ 114.782400266867739, 2.151915316288807 ], [ 114.812381475541315, 2.136210873650214 ], [ 114.812912392778117, 2.105181214971083 ], [ 114.805774009760626, 2.088049095729048 ], [ 114.79435259693264, 2.053784857245034 ], [ 114.795780273536252, 2.032369708192562 ], [ 114.805774009760626, 2.020948295364633 ], [ 114.837182895037586, 2.046646474227543 ], [ 114.855742690883062, 2.045218797624102 ], [ 114.877157839935535, 2.028086678382124 ], [ 114.87287481012504, 2.00524385272621 ], [ 114.852887337676179, 1.985256380277178 ], [ 114.84146592484808, 1.959558201414211 ], [ 114.851459661072568, 1.94670911198267 ], [ 114.87287481012504, 1.938143052361738 ], [ 114.865736427107549, 1.906734167084778 ], [ 114.814340069381728, 1.895312754256793 ], [ 114.790069567122146, 1.865331545583444 ], [ 114.770082094673171, 1.849627102944851 ], [ 114.734390179585716, 1.866759222186829 ], [ 114.698698264498262, 1.805369128236464 ], [ 114.70298129430887, 1.736840651268608 ], [ 114.707264324119365, 1.68544429354256 ], [ 114.68442149846328, 1.629764906006244 ], [ 114.643018876961946, 1.598356020729227 ], [ 114.603805359585749, 1.572990966407076 ], [ 114.591226338607513, 1.589052935451279 ], [ 114.559607377108208, 1.602867044844179 ], [ 114.539346683331956, 1.615453233402154 ], [ 114.52583955414778, 1.626197540707742 ], [ 114.501588117658031, 1.628653382377591 ], [ 114.494527572857208, 1.6228207584117 ], [ 114.469355195741258, 1.616988134445809 ], [ 114.459838809270593, 1.632030164673633 ], [ 114.450629403008662, 1.6366348678046 ], [ 114.444796779042775, 1.644309373022877 ], [ 114.427605887353806, 1.638783729265718 ], [ 114.414405738378363, 1.645230313649071 ], [ 114.404275391490231, 1.637248828222063 ], [ 114.397521826898142, 1.639090709474449 ], [ 114.391996183140989, 1.629881303212516 ], [ 114.361298162267872, 1.624355659455356 ], [ 114.35393063725833, 1.62803942196013 ], [ 114.337046725778109, 1.625583580290281 ], [ 114.321697715341557, 1.652597838658618 ], [ 114.306655685113739, 1.655053680328467 ], [ 114.290385734050986, 1.644616353231609 ], [ 114.275957664240622, 1.655053680328467 ], [ 114.283325189250192, 1.670709670973752 ], [ 114.278413505910493, 1.680840017861879 ], [ 114.27902746632796, 1.688207542871425 ], [ 114.298674199686744, 1.707547296021485 ], [ 114.297139298643089, 1.720440464788191 ], [ 114.310032467409798, 1.724431207501695 ], [ 114.31248830907964, 1.74806868357399 ], [ 114.322618655967773, 1.757892050253386 ], [ 114.305120784070098, 1.768329377350243 ], [ 114.301744001774054, 1.77569690235979 ], [ 114.288850833007331, 1.783371407578068 ], [ 114.289771773633532, 1.796878536762236 ], [ 114.278720486119212, 1.79503665550985 ], [ 114.267976178813612, 1.796878536762236 ], [ 114.251399247542139, 1.787976110709034 ], [ 114.240347960027819, 1.774468981524866 ], [ 114.230705873871557, 1.761444278068836 ], [ 114.215175582911868, 1.757892050253386 ], [ 114.205966176649937, 1.749910564826377 ], [ 114.191845087048307, 1.769557298185168 ], [ 114.182635680786376, 1.769557298185168 ], [ 114.172812314106977, 1.763417694010546 ], [ 114.165137808888701, 1.769864278393899 ], [ 114.156235382835504, 1.766487496097857 ], [ 114.153779541165648, 1.758506010670848 ], [ 114.1452608403753, 1.765604927994543 ], [ 114.133211867180663, 1.772627100272479 ], [ 114.122467559875076, 1.774162001316135 ], [ 114.116491745591702, 1.788094241334193 ], [ 114.105583648394884, 1.796571556553506 ], [ 114.09745605754506, 1.810937066990107 ], [ 114.107118549438539, 1.817446210747221 ], [ 114.106811569229805, 1.826348636800422 ], [ 114.111723252569504, 1.839241805567129 ], [ 114.112684607982487, 1.856622718302049 ], [ 114.108653450482194, 1.865335123309273 ], [ 114.096374242132953, 1.864107202474348 ], [ 114.086857855662288, 1.87024680664897 ], [ 114.085629934827367, 1.884367896250601 ], [ 114.075499587939234, 1.883139975415677 ], [ 114.065062260842382, 1.884367896250601 ], [ 114.056773795206638, 1.895419183764921 ], [ 114.044494586857397, 1.898488985852232 ], [ 114.032522358716875, 1.903093688983198 ], [ 114.015945427445388, 1.896954084808576 ], [ 114.001517357635024, 1.902479728565736 ], [ 113.998140575338979, 1.911075174410207 ], [ 113.98217760448496, 1.914144976497518 ], [ 113.989238149285782, 1.922126461924527 ], [ 113.990856204483862, 1.932765470488619 ], [ 113.971433297179374, 1.951596561962712 ], [ 113.975807765155523, 1.960844340747745 ], [ 113.965600673213487, 1.960192007807183 ], [ 113.954688397195241, 1.967029708972461 ], [ 113.952400524238044, 1.974006117200083 ], [ 113.947074121976584, 1.978451121800617 ], [ 113.928149087748281, 1.977689879704856 ], [ 113.924772305452251, 1.981066662000898 ], [ 113.917711760651429, 1.98168062241836 ], [ 113.909423295015685, 1.991197008889024 ], [ 113.903897651258532, 1.992117949515218 ], [ 113.894688244996601, 2.003476217238268 ], [ 113.882716016856079, 2.001941316194613 ], [ 113.883022997064799, 2.017904287048631 ], [ 113.887320719987045, 2.025885772475639 ], [ 113.879339234560035, 2.032639337067724 ], [ 113.882352782618113, 2.041268892354424 ], [ 113.856622699113927, 2.04276968395585 ], [ 113.855087798070272, 2.052900030843976 ], [ 113.843422550138499, 2.054434931887632 ], [ 113.835441064711489, 2.060574536062254 ], [ 113.832985223041632, 2.068249041280532 ], [ 113.827459579284479, 2.077458447542465 ], [ 113.834520124085287, 2.082677111090894 ], [ 113.830956424892065, 2.086954543666423 ], [ 113.811920736845423, 2.09456881888508 ], [ 113.808964021709983, 2.109883232086864 ], [ 113.805663984464559, 2.117979835094971 ], [ 113.797068538620096, 2.118286815303702 ], [ 113.796377833151993, 2.127688084193288 ], [ 113.798526694613116, 2.13229278732426 ], [ 113.787552152149431, 2.133942805948988 ], [ 113.783254429227185, 2.138240528871224 ], [ 113.771945791947473, 2.140254470197078 ], [ 113.769363574783654, 2.154702342561656 ], [ 113.760844873989797, 2.162491965360979 ], [ 113.751021507310412, 2.168938549744333 ], [ 113.749102966291616, 2.178325846290363 ], [ 113.744191197667661, 2.189084125939578 ], [ 113.741812101048467, 2.193803946651552 ], [ 113.732602694786536, 2.202706372704754 ], [ 113.738972534119227, 2.206888978046002 ], [ 113.732832929944593, 2.21487046347302 ], [ 113.722088622638992, 2.216712344725408 ], [ 113.720553721595365, 2.248945266642211 ], [ 113.714838727807546, 2.258275736086205 ], [ 113.710116394498499, 2.267057098957367 ], [ 113.702748869488943, 2.270126901044681 ], [ 113.699679067401618, 2.300824921917826 ], [ 113.69522785437394, 2.311722719328472 ], [ 113.700062792661029, 2.321200733274958 ], [ 113.687476604103054, 2.32181469369242 ], [ 113.682564920763355, 2.323963555153537 ], [ 113.673662494710157, 2.330410139536891 ], [ 113.672741554083956, 2.335628803085319 ], [ 113.67611833638, 2.342075387468673 ], [ 113.673969474918891, 2.345145189555984 ], [ 113.669978732205379, 2.348521971852026 ], [ 113.666294969700616, 2.351898754148068 ], [ 113.665987989491882, 2.359266279157614 ], [ 113.664146108239493, 2.361108160410001 ], [ 113.657699523856138, 2.366633804167161 ], [ 113.654936701977562, 2.370931527089396 ], [ 113.653094820725173, 2.377685091681481 ], [ 113.653401800933906, 2.384131676064834 ], [ 113.672434573875208, 2.396717864622809 ], [ 113.670899672831553, 2.402550488588699 ], [ 113.667215910326789, 2.404392369841086 ], [ 113.659848385317233, 2.404392369841086 ], [ 113.656778583229922, 2.401936528171237 ], [ 113.650638979055302, 2.400708607336313 ], [ 113.645113335298149, 2.400708607336313 ], [ 113.640201651958449, 2.395489943787884 ], [ 113.637131849871139, 2.397945785457733 ], [ 113.636210909244951, 2.403164449006162 ], [ 113.631299225905252, 2.408690092763321 ], [ 113.631299225905252, 2.414522716729213 ], [ 113.635903929036218, 2.417899499025255 ], [ 113.643578434254493, 2.420969301112566 ], [ 113.64941105822038, 2.423732122991145 ], [ 113.659848385317233, 2.435704351131659 ], [ 113.661690266569622, 2.440309054262625 ], [ 113.657085563438656, 2.444913757393592 ], [ 113.650025018637848, 2.447676579272172 ], [ 113.650025018637848, 2.456272025116643 ], [ 113.650945959264035, 2.462104649082534 ], [ 113.644806355089415, 2.462104649082534 ], [ 113.614722294633765, 2.438467173010239 ], [ 113.603977987328179, 2.429871727165768 ], [ 113.599680264405947, 2.428950786539574 ], [ 113.590470858144016, 2.42496004382607 ], [ 113.587401056056706, 2.421583261530028 ], [ 113.579112590420962, 2.421583261530028 ], [ 113.575735808124918, 2.421583261530028 ], [ 113.573893926872529, 2.416978558399062 ], [ 113.570824124785219, 2.411759894850633 ], [ 113.563763579984411, 2.407462171928397 ], [ 113.547186648712923, 2.399787666710119 ], [ 113.535828380989869, 2.39426202295296 ], [ 113.524777093475549, 2.400094646918851 ], [ 113.521707291388239, 2.403471429214893 ], [ 113.531530658067638, 2.408383112554591 ], [ 113.533372539320013, 2.414829696937944 ], [ 113.52784689556286, 2.418820439651448 ], [ 113.519251449718382, 2.418513459442717 ], [ 113.494079072602432, 2.402550488588699 ], [ 113.486097587175436, 2.396717864622809 ], [ 113.483641745505579, 2.402243508379969 ], [ 113.478116101748427, 2.404699350049817 ], [ 113.47074857673887, 2.401629547962506 ], [ 113.457855407972161, 2.401322567753775 ], [ 113.44864600171023, 2.401322567753775 ], [ 113.44557619962292, 2.395796923996615 ], [ 113.441278476700688, 2.39149920107438 ], [ 113.433296991273679, 2.387201478152145 ], [ 113.422552683968092, 2.382903755229909 ], [ 113.417334020419659, 2.378913012516405 ], [ 113.411194416245038, 2.37768509168148 ], [ 113.403826891235497, 2.376150190637825 ], [ 113.399529168313265, 2.372159447924321 ], [ 113.389705801633866, 2.369089645837009 ], [ 113.37896149432828, 2.364177962497312 ], [ 113.371286989110004, 2.361108160410001 ], [ 113.368831147440147, 2.362643061453656 ], [ 113.36791020681396, 2.365405883332236 ], [ 113.369138127648881, 2.376150190637825 ], [ 113.367603226605226, 2.381061873977523 ], [ 113.362998523474261, 2.382596775021178 ], [ 113.359007780760763, 2.382903755229909 ], [ 113.353175156794862, 2.38321073543864 ], [ 113.348263473455162, 2.382289794812447 ], [ 113.345500651576586, 2.38321073543864 ], [ 113.346114611994054, 2.389350339613262 ], [ 113.34580763178532, 2.396103904205347 ], [ 113.341509908863088, 2.39702484483154 ], [ 113.336598225523389, 2.398559745875195 ], [ 113.336598225523389, 2.408383112554591 ], [ 113.336598225523389, 2.414522716729213 ], [ 113.337212185940842, 2.422504202156222 ], [ 113.333528423436078, 2.427415885495919 ], [ 113.325546938009069, 2.428029845913381 ], [ 113.32278411613045, 2.43294152925308 ], [ 113.31480263070344, 2.441229994888819 ], [ 113.312960749451051, 2.444913757393592 ], [ 113.315723571329627, 2.449518460524559 ], [ 113.31787243279075, 2.452281282403139 ], [ 113.312653769242317, 2.456885985534106 ], [ 113.309583967155007, 2.466709352213501 ], [ 113.312039808824863, 2.470393114718274 ], [ 113.314495650494706, 2.471007075135736 ], [ 113.328309759887603, 2.467937273048425 ], [ 113.342123869280499, 2.467016332422232 ], [ 113.354096097421021, 2.474690837640509 ], [ 113.357779859925785, 2.478681580354014 ], [ 113.368831147440105, 2.486970045989754 ], [ 113.377733573493316, 2.492188709538183 ], [ 113.37804055370205, 2.495565491834224 ], [ 113.376198672449661, 2.500170194965191 ], [ 113.371286989109961, 2.502933016843771 ], [ 113.36729624639645, 2.503546977261233 ], [ 113.367603226605183, 2.509072621018393 ], [ 113.374049810988538, 2.516133165819209 ], [ 113.376812632867114, 2.521044849158906 ], [ 113.381724316206814, 2.521044849158906 ], [ 113.385408078711592, 2.515212225193015 ], [ 113.390933722468745, 2.508765640809662 ], [ 113.396459366225912, 2.513370343940629 ], [ 113.401371049565611, 2.517668066862864 ], [ 113.40658971311403, 2.519202967906519 ], [ 113.409966495410075, 2.516440146027939 ], [ 113.413036297497385, 2.509686581435855 ], [ 113.418561941254552, 2.510607522062049 ], [ 113.416720060002163, 2.515826185610477 ], [ 113.417947980837084, 2.520123908532713 ], [ 113.421938723550596, 2.52503559187241 ], [ 113.427443461755047, 2.529928884701064 ], [ 113.445192474361974, 2.532134509199318 ], [ 113.457424670428395, 2.517079795269524 ], [ 113.473129113066989, 2.527073531494011 ], [ 113.489627859575805, 2.536739212330284 ], [ 113.506435026003828, 2.545948618592218 ], [ 113.528307365875918, 2.559762727985117 ], [ 113.514531734568322, 2.571331506202398 ], [ 113.496995384585347, 2.573807072534565 ], [ 113.488833555705583, 2.58560827223738 ], [ 113.479267277531122, 2.602816702259654 ], [ 113.493311622080569, 2.61570987102636 ], [ 113.495997698907303, 2.63313099787021 ], [ 113.491239505671643, 2.638963621837741 ], [ 113.49597193872296, 2.646998366187745 ], [ 113.501369852559762, 2.653928907013382 ], [ 113.499067500994272, 2.659915021083639 ], [ 113.488016213479952, 2.659224315613994 ], [ 113.485978202498359, 2.678407251464762 ], [ 113.474556789670487, 2.696967047310181 ], [ 113.471400909684164, 2.711065598361664 ], [ 113.458566811711307, 2.714099166552217 ], [ 113.476607091903816, 2.728933123039553 ], [ 113.493739211146021, 2.736071506057044 ], [ 113.518009713405377, 2.727505446435941 ], [ 113.539424862457849, 2.714656357004571 ], [ 113.52800344962975, 2.701807267573031 ], [ 113.542280215664732, 2.69466888455554 ], [ 113.575116777545304, 2.706090297383469 ], [ 113.602242633011883, 2.719653225116758 ], [ 113.629368488478235, 2.733216152849991 ], [ 113.653638990737704, 2.750348272092026 ], [ 113.657922020548199, 2.774618774351381 ], [ 113.673626463186565, 2.781757157368872 ], [ 113.690758582428543, 2.811738366042391 ], [ 113.689330905825159, 2.8388642215088 ], [ 113.703607671860141, 2.853140987543782 ], [ 113.723892131363812, 2.846347939098632 ], [ 113.732871302469206, 2.833454770331926 ], [ 113.735403889191232, 2.848420055507567 ], [ 113.745764471235915, 2.861313224274273 ], [ 113.752441290775806, 2.880192507111237 ], [ 113.752148676378965, 2.900254315459335 ], [ 113.763570089206951, 2.901681992062777 ], [ 113.780702208448929, 2.92309714111525 ], [ 113.787206799414605, 2.932455887647708 ], [ 113.788127740040792, 2.941665293909641 ], [ 113.793551297880526, 2.95450602639221 ], [ 113.814835018200398, 2.95824222518112 ], [ 113.813914077574211, 2.96653069081686 ], [ 113.821051367427216, 2.971826099417472 ], [ 113.820821132270652, 2.981726211149049 ], [ 113.822663013523041, 2.993237968976466 ], [ 113.834174771350462, 2.995079850228853 ], [ 113.839236949192468, 3.004474707514646 ], [ 113.870645834469315, 2.994480971290159 ], [ 113.873199630385415, 2.989554206471693 ], [ 113.876538040155367, 2.987251854906209 ], [ 113.885056740947647, 2.978272683800825 ], [ 113.909193102763766, 2.970210469030633 ], [ 113.92995259647455, 2.972056334574019 ], [ 113.934096829292429, 2.985409973653822 ], [ 113.929180575212854, 2.991625618083106 ], [ 113.94488501785122, 2.991625618083106 ], [ 113.944227176180547, 2.998763612733625 ], [ 113.957580815260357, 3.002447375238398 ], [ 113.953451077472323, 3.011613090532137 ], [ 113.973697276218743, 3.004289256490785 ], [ 113.975539157471118, 3.013038192439621 ], [ 113.988432326237827, 3.006591608056268 ], [ 113.989353266864029, 3.020866187762265 ], [ 113.981985741854473, 3.025010420580134 ], [ 113.982004609542287, 3.041594299205542 ], [ 114.002706905943825, 3.036982648720647 ], [ 114.000404554378349, 3.048033936234967 ], [ 114.013413494819133, 3.051588035430086 ], [ 114.019744307528413, 3.042508292477808 ], [ 114.039084060678462, 3.046192054982581 ], [ 114.049674877879696, 3.041587351851614 ], [ 114.056243792924079, 3.031600562981225 ], [ 114.078684507604777, 3.036982648720648 ], [ 114.102007218409469, 3.039307257905775 ], [ 114.124271068601345, 3.030075594024198 ], [ 114.140847999872832, 3.028694183084908 ], [ 114.154201638952628, 3.015801014318202 ], [ 114.159036508375948, 2.997764627478148 ], [ 114.164331985840761, 2.984489033027629 ], [ 114.175383273355081, 2.976200567391889 ], [ 114.167555278032438, 2.967451631443053 ], [ 114.156181155168952, 2.969211095408184 ], [ 114.156181155168952, 2.953506652769818 ], [ 114.182750798364623, 2.939362942344157 ], [ 114.19702537807062, 2.942125764222737 ], [ 114.203932432767076, 2.942586234535833 ], [ 114.203471962453975, 2.925548832951257 ], [ 114.214062779655194, 2.913116134497647 ], [ 114.207577512895, 2.903537971647381 ], [ 114.223281955533366, 2.887833529008788 ], [ 114.207616195271825, 2.881804153207074 ], [ 114.187590040445912, 2.884978175801734 ], [ 114.16801574834551, 2.880883212580881 ], [ 114.17331327441093, 2.874984439577418 ], [ 114.162029634275257, 2.864766751622498 ], [ 114.158806342083579, 2.852334053168888 ], [ 114.14591317331687, 2.853715464108178 ], [ 114.12619994649549, 2.863563026749262 ], [ 114.090196265432169, 2.861543459430822 ], [ 114.079086618580163, 2.84928626071428 ], [ 114.072698393534495, 2.838519943775989 ], [ 114.07730309666546, 2.822403482817606 ], [ 114.054740051323733, 2.81918019062593 ], [ 114.050710936085935, 2.825300608535506 ], [ 114.049674877879667, 2.804445140606837 ], [ 114.057042402889209, 2.80122184841516 ], [ 114.054701678799447, 2.795216548079825 ], [ 114.057963343515411, 2.784184446830584 ], [ 114.065752966313781, 2.788769963696464 ], [ 114.073427471532071, 2.778946597017057 ], [ 114.064809852545181, 2.767908694315054 ], [ 114.073375912166057, 2.746493545262581 ], [ 114.078137699107998, 2.7430874713867 ] ] ] ] } },
{ "type": "Feature", "properties": { "Id": 76, "NEGERI": "SARAWAK", "KODPAR": "P.215", "PARLIMEN": "KAPIT", "KODDUN": "N.76", "NAMADUN": "PELAGUS", "KODUNIK": "P.215_N.76", "BILANGAN_P": 10372, "PERATUS_EQ": 50.39 }, "geometry": { "type": "MultiPolygon", "coordinates": [ [ [ [ 113.139900656778877, 1.983369013566379 ], [ 113.137137834900301, 1.982908543253283 ], [ 113.134605248178261, 1.986362070601507 ], [ 113.132993602082422, 1.981757367470541 ], [ 113.128388898951457, 1.982217837783638 ], [ 113.126086547385981, 1.983369013566379 ], [ 113.124244666133592, 1.981066662000896 ], [ 113.121021373941915, 1.980606191687799 ], [ 113.119179492689526, 1.981066662000896 ], [ 113.117337611437137, 1.979915486218154 ], [ 113.113193378619272, 1.979685251061606 ], [ 113.108588675488306, 1.980375956531251 ], [ 113.106286323922816, 1.978994545591961 ], [ 113.103983972357341, 1.978534075278864 ], [ 113.102142091104952, 1.978994545591961 ], [ 113.098458328600174, 1.978994545591961 ], [ 113.094314095782309, 1.978073604965768 ], [ 113.093393155156107, 1.975310783087188 ], [ 113.093853625469208, 1.973008431521704 ], [ 113.095235036408496, 1.968864198703835 ], [ 113.093623390312658, 1.967482787764545 ], [ 113.089018687181692, 1.966561847138351 ], [ 113.083032573111439, 1.965640906512158 ], [ 113.08165116217215, 1.967943258077641 ], [ 113.080730221545949, 1.971166550269318 ], [ 113.078658105137023, 1.973929372147898 ], [ 113.076816223884634, 1.975541018243736 ], [ 113.072441755910219, 1.976692194026478 ], [ 113.069448698875092, 1.976692194026478 ], [ 113.06806728793579, 1.978073604965768 ], [ 113.065995171526865, 1.981296897157444 ], [ 113.063002114491738, 1.980375956531251 ], [ 113.05931835198696, 1.977382899496123 ], [ 113.056555530108383, 1.974850312774091 ], [ 113.053792708229807, 1.973238666678253 ], [ 113.051490356664317, 1.970706079956221 ], [ 113.049188005098827, 1.971166550269318 ], [ 113.042741420715487, 1.975310783087188 ], [ 113.039287893367259, 1.978764310435413 ], [ 113.03721577695832, 1.983829483879476 ], [ 113.038597187897608, 2.007083234690857 ], [ 113.045274007437513, 2.010997232352179 ], [ 113.053792708229807, 2.009846056569437 ], [ 113.060699762926248, 2.008464645630147 ], [ 113.066685876996502, 2.008925115943244 ], [ 113.068988228561992, 2.007083234690857 ], [ 113.070139404344729, 2.0010971206206 ], [ 113.07267199106677, 1.997873828428924 ], [ 113.080039516076312, 1.995111006550344 ], [ 113.085104689520378, 1.994190065924151 ], [ 113.088788452025142, 1.997183122959279 ], [ 113.087637276242404, 1.999715709681311 ], [ 113.085565159833465, 2.002018061246794 ], [ 113.084874454363828, 2.006392529221212 ], [ 113.084183748894176, 2.00800417531705 ], [ 113.081190691859049, 2.007543705003954 ], [ 113.078658105137023, 2.008234410473599 ], [ 113.07934881060666, 2.014220524543855 ], [ 113.07934881060666, 2.01767405189208 ], [ 113.080269751232862, 2.020667108927208 ], [ 113.082802337954888, 2.023660165962336 ], [ 113.079579045763211, 2.028264869093303 ], [ 113.080269751232862, 2.032409101911173 ], [ 113.080499986389412, 2.036553334729043 ], [ 113.07911857545011, 2.038855686294526 ], [ 113.074974342632245, 2.039546391764171 ], [ 113.071290580127467, 2.039085921451075 ], [ 113.066916112153052, 2.037244040198688 ], [ 113.062081173865536, 2.03286957222427 ], [ 113.062081173865536, 2.028264869093303 ], [ 113.05931835198696, 2.026883458154013 ], [ 113.048036829316089, 2.026883458154013 ], [ 113.044583301967862, 2.02596251752782 ], [ 113.040208833993447, 2.022739225336143 ], [ 113.035373895705931, 2.019976403457563 ], [ 113.030769192574965, 2.018594992518273 ], [ 113.028236605852939, 2.021357814396853 ], [ 113.0266249597571, 2.022739225336142 ], [ 113.019257434747558, 2.02020663861411 ], [ 113.013559114622979, 2.016983346422434 ], [ 113.001381139819273, 2.035123934306966 ], [ 112.977110637559804, 2.050828376945333 ], [ 112.925714279833869, 2.100797058067769 ], [ 112.925714279833869, 2.127922913534348 ], [ 112.931424986247976, 2.146482709379768 ], [ 112.922858926626873, 2.156476445604312 ], [ 112.891450041349913, 2.150765739190206 ], [ 112.850047419848579, 2.149338062586821 ], [ 112.827819288285809, 2.148739231566992 ], [ 112.842096054320791, 2.164443674205415 ], [ 112.867794233183872, 2.167299027412469 ], [ 112.887781705632733, 2.18157579344745 ], [ 112.896347765253836, 2.197280236085817 ], [ 112.909196854685206, 2.224406091552396 ], [ 112.900630795064103, 2.242965887397816 ], [ 112.900630795064103, 2.262953359846847 ], [ 112.917762914306309, 2.272947096071391 ], [ 112.923473620720188, 2.287223862106373 ], [ 112.940605739962052, 2.294362245123864 ], [ 112.953454829393763, 2.282940832295708 ], [ 112.972014625239012, 2.282940832295708 ], [ 112.99771280410198, 2.281513155692323 ], [ 112.996285127498709, 2.312922040969283 ], [ 113.020197886466335, 2.323853587925885 ], [ 113.046253808621145, 2.335764866625198 ], [ 113.060530574656127, 2.348613956056738 ], [ 113.057675221448903, 2.371456781712652 ], [ 113.046253808621145, 2.392871930765125 ], [ 113.044826132017533, 2.418570109628035 ], [ 113.046253808621145, 2.44141293528412 ], [ 113.070524310880501, 2.448551318301611 ], [ 113.097650166346853, 2.448551318301611 ], [ 113.127631375020428, 2.458545054526155 ], [ 113.144763494262406, 2.477104850371575 ], [ 113.17331702633237, 2.481387880182069 ], [ 113.194732175384843, 2.491381616406557 ], [ 113.210436618023323, 2.515652118666083 ], [ 113.228996413868686, 2.515652118666083 ], [ 113.25183923952477, 2.50708605904498 ], [ 113.268971358766635, 2.511369088855417 ], [ 113.271049017662207, 2.531925295809973 ], [ 113.281820448198232, 2.541350297528993 ], [ 113.323223069699679, 2.535639591114943 ], [ 113.326078422906562, 2.558482416771028 ], [ 113.371764074218504, 2.549916357149925 ], [ 113.378902457235995, 2.565620799788519 ], [ 113.400317606288468, 2.571331506202398 ], [ 113.427443461755047, 2.561337769977854 ], [ 113.427443461755047, 2.529928884701064 ], [ 113.421938723550596, 2.52503559187241 ], [ 113.417947980837084, 2.520123908532713 ], [ 113.416720060002163, 2.515826185610477 ], [ 113.418561941254552, 2.510607522062049 ], [ 113.413036297497385, 2.509686581435855 ], [ 113.409966495410075, 2.516440146027939 ], [ 113.40658971311403, 2.519202967906519 ], [ 113.401371049565611, 2.517668066862864 ], [ 113.396459366225912, 2.513370343940629 ], [ 113.390933722468745, 2.508765640809662 ], [ 113.385408078711592, 2.515212225193015 ], [ 113.381724316206814, 2.521044849158906 ], [ 113.376812632867114, 2.521044849158906 ], [ 113.374049810988538, 2.516133165819209 ], [ 113.367603226605183, 2.509072621018393 ], [ 113.36729624639645, 2.503546977261233 ], [ 113.371286989109961, 2.502933016843771 ], [ 113.376198672449661, 2.500170194965191 ], [ 113.37804055370205, 2.495565491834224 ], [ 113.377733573493316, 2.492188709538183 ], [ 113.368831147440105, 2.486970045989754 ], [ 113.357779859925785, 2.478681580354014 ], [ 113.354096097421021, 2.474690837640509 ], [ 113.342123869280499, 2.467016332422232 ], [ 113.328309759887603, 2.467937273048425 ], [ 113.314495650494706, 2.471007075135736 ], [ 113.312039808824863, 2.470393114718274 ], [ 113.309583967155007, 2.466709352213501 ], [ 113.312653769242317, 2.456885985534106 ], [ 113.31787243279075, 2.452281282403139 ], [ 113.315723571329627, 2.449518460524559 ], [ 113.312960749451051, 2.444913757393592 ], [ 113.31480263070344, 2.441229994888819 ], [ 113.32278411613045, 2.43294152925308 ], [ 113.325546938009069, 2.428029845913381 ], [ 113.333528423436078, 2.427415885495919 ], [ 113.337212185940842, 2.422504202156222 ], [ 113.336598225523389, 2.414522716729213 ], [ 113.336598225523389, 2.408383112554591 ], [ 113.336598225523389, 2.398559745875195 ], [ 113.341509908863088, 2.39702484483154 ], [ 113.34580763178532, 2.396103904205347 ], [ 113.346114611994054, 2.389350339613262 ], [ 113.345500651576586, 2.38321073543864 ], [ 113.348263473455162, 2.382289794812447 ], [ 113.353175156794862, 2.38321073543864 ], [ 113.359007780760763, 2.382903755229909 ], [ 113.362998523474261, 2.382596775021178 ], [ 113.367603226605226, 2.381061873977523 ], [ 113.369138127648881, 2.376150190637825 ], [ 113.36791020681396, 2.365405883332236 ], [ 113.368831147440147, 2.362643061453656 ], [ 113.371286989110004, 2.361108160410001 ], [ 113.37896149432828, 2.364177962497312 ], [ 113.389705801633866, 2.369089645837009 ], [ 113.399529168313265, 2.372159447924321 ], [ 113.403826891235497, 2.376150190637825 ], [ 113.411194416245038, 2.37768509168148 ], [ 113.417334020419659, 2.378913012516405 ], [ 113.422552683968092, 2.382903755229909 ], [ 113.433296991273679, 2.387201478152145 ], [ 113.441278476700688, 2.39149920107438 ], [ 113.44557619962292, 2.395796923996615 ], [ 113.44864600171023, 2.401322567753775 ], [ 113.457855407972161, 2.401322567753775 ], [ 113.47074857673887, 2.401629547962506 ], [ 113.478116101748427, 2.404699350049817 ], [ 113.483641745505579, 2.402243508379969 ], [ 113.486097587175436, 2.396717864622809 ], [ 113.494079072602432, 2.402550488588699 ], [ 113.519251449718382, 2.418513459442717 ], [ 113.52784689556286, 2.418820439651448 ], [ 113.533372539320013, 2.414829696937944 ], [ 113.531530658067638, 2.408383112554591 ], [ 113.521707291388239, 2.403471429214893 ], [ 113.524777093475549, 2.400094646918851 ], [ 113.535828380989869, 2.39426202295296 ], [ 113.547186648712923, 2.399787666710119 ], [ 113.563763579984411, 2.407462171928397 ], [ 113.570824124785219, 2.411759894850633 ], [ 113.573893926872529, 2.416978558399062 ], [ 113.575735808124918, 2.421583261530028 ], [ 113.579112590420962, 2.421583261530028 ], [ 113.587401056056706, 2.421583261530028 ], [ 113.590470858144016, 2.42496004382607 ], [ 113.599680264405947, 2.428950786539574 ], [ 113.603977987328179, 2.429871727165768 ], [ 113.614722294633765, 2.438467173010239 ], [ 113.644806355089415, 2.462104649082534 ], [ 113.650945959264035, 2.462104649082534 ], [ 113.650025018637848, 2.456272025116643 ], [ 113.650025018637848, 2.447676579272172 ], [ 113.657085563438656, 2.444913757393592 ], [ 113.661690266569622, 2.440309054262625 ], [ 113.659848385317233, 2.435704351131659 ], [ 113.64941105822038, 2.423732122991145 ], [ 113.643578434254493, 2.420969301112566 ], [ 113.635903929036218, 2.417899499025255 ], [ 113.631299225905252, 2.414522716729213 ], [ 113.631299225905252, 2.408690092763321 ], [ 113.636210909244951, 2.403164449006162 ], [ 113.637131849871139, 2.397945785457733 ], [ 113.640201651958449, 2.395489943787884 ], [ 113.645113335298149, 2.400708607336313 ], [ 113.650638979055302, 2.400708607336313 ], [ 113.656778583229922, 2.401936528171237 ], [ 113.659848385317233, 2.404392369841086 ], [ 113.667215910326789, 2.404392369841086 ], [ 113.670899672831553, 2.402550488588699 ], [ 113.672434573875208, 2.396717864622809 ], [ 113.653401800933906, 2.384131676064834 ], [ 113.653094820725173, 2.377685091681481 ], [ 113.654936701977562, 2.370931527089396 ], [ 113.657699523856138, 2.366633804167161 ], [ 113.664146108239493, 2.361108160410001 ], [ 113.665987989491882, 2.359266279157614 ], [ 113.666294969700616, 2.351898754148068 ], [ 113.669978732205379, 2.348521971852026 ], [ 113.673969474918891, 2.345145189555984 ], [ 113.67611833638, 2.342075387468673 ], [ 113.672741554083956, 2.335628803085319 ], [ 113.673662494710157, 2.330410139536891 ], [ 113.682564920763355, 2.323963555153537 ], [ 113.687476604103054, 2.32181469369242 ], [ 113.700062792661029, 2.321200733274958 ], [ 113.69522785437394, 2.311722719328472 ], [ 113.675811356171309, 2.314140188474144 ], [ 113.667139165276197, 2.311415739119629 ], [ 113.653924526058404, 2.31157566261686 ], [ 113.646878471499932, 2.31172271932836 ], [ 113.638359770706117, 2.308307564508253 ], [ 113.630071305070373, 2.306465683255866 ], [ 113.623624720687019, 2.300326079081244 ], [ 113.61464554958313, 2.304355194318807 ], [ 113.602528168332356, 2.303961387398147 ], [ 113.59110675550437, 2.294443543374825 ], [ 113.581261451882128, 2.302474940542362 ], [ 113.572052045620197, 2.30462380200348 ], [ 113.560003072428941, 2.300978412022762 ], [ 113.547800609130434, 2.297563257202664 ], [ 113.535828380989926, 2.300633059289976 ], [ 113.513111845543818, 2.289581771775655 ], [ 113.511193219240653, 2.282866579707612 ], [ 113.491930211141351, 2.273618800921637 ], [ 113.478346336906398, 2.26444776718373 ], [ 113.463995012146825, 2.266558256120822 ], [ 113.461539170476968, 2.254279047771578 ], [ 113.446190160040416, 2.251516225892998 ], [ 113.441585456909451, 2.226343848777047 ], [ 113.427399838303359, 2.225915066406969 ], [ 113.416029354533961, 2.221470537961339 ], [ 113.409966495410146, 2.212836719592879 ], [ 113.401371049565668, 2.224501967524661 ], [ 113.382952237041806, 2.217748402932576 ], [ 113.36422644430921, 2.23248345295167 ], [ 113.340819203394744, 2.232982295788766 ], [ 113.322703554046825, 2.227818635211577 ], [ 113.316992847632719, 2.212590084774206 ], [ 113.298337873347009, 2.205017450123137 ], [ 113.302907147615272, 2.201209844185182 ], [ 113.293390761144593, 2.192614398340704 ], [ 113.301372246571617, 2.183711972287495 ], [ 113.300758286154149, 2.165600139972344 ], [ 113.264073634863053, 2.166470181828629 ], [ 113.251224545431683, 2.14219967956933 ], [ 113.219815660154609, 2.165042505225188 ], [ 113.204111217516243, 2.146482709379768 ], [ 113.189324470384662, 2.141655683691298 ], [ 113.175557685446279, 2.152193415793647 ], [ 113.134068032813019, 2.156083753501672 ], [ 113.138438093755212, 2.150765739190206 ], [ 113.143584419283698, 2.101134296138758 ], [ 113.144505359909886, 2.093152810711743 ], [ 113.155570212997191, 2.08223726222235 ], [ 113.175203380783032, 2.063682710673532 ], [ 113.181342984957666, 2.050482561698083 ], [ 113.166607934938554, 2.040045234601217 ], [ 113.173054519321923, 2.031756768965471 ], [ 113.1709056578608, 2.023161323120992 ], [ 113.156170607841688, 2.025924144999574 ], [ 113.152486845336909, 2.004742510597111 ], [ 113.1484318299797, 1.988010606391356 ], [ 113.139900656778877, 1.983369013566379 ] ] ] ] } },
{ "type": "Feature", "properties": { "Id": 80, "NEGERI": "SARAWAK", "KODPAR": "P.217", "PARLIMEN": "BINTULU", "KODDUN": "N.80", "NAMADUN": "JEPAK JAYA", "KODUNIK": "P.217_N.80", "BILANGAN_P": 23815, "PERATUS_EQ": 115.71 }, "geometry": { "type": "MultiPolygon", "coordinates": [ [ [ [ 112.724095964052594, 3.037270442666348 ], [ 112.70117960000016, 3.060747000000106 ], [ 112.779326400000286, 3.081098400000201 ], [ 112.784167300000263, 3.085623699999985 ], [ 112.793148, 3.084648200000117 ], [ 112.800337800000079, 3.080541300000107 ], [ 112.810654600000134, 3.073933300000135 ], [ 112.815916100000095, 3.070547900000179 ], [ 112.820662500000253, 3.064454100000091 ], [ 112.819812800000136, 3.059234400000207 ], [ 112.822490700000344, 3.061822799999959 ], [ 112.822310400000106, 3.066142500000183 ], [ 112.816654200000244, 3.072707699999967 ], [ 112.809247000000369, 3.078407200000129 ], [ 112.805453300000181, 3.081287000000202 ], [ 112.801632800000107, 3.083726500000239 ], [ 112.841218900000172, 3.089909000000205 ], [ 112.8813791, 3.099319499999865 ], [ 112.923667900000169, 3.112997900000096 ], [ 112.956067100000041, 3.129020300000093 ], [ 112.97843910000006, 3.142329700000175 ], [ 112.998214700000176, 3.154094300000111 ], [ 113.004713700000366, 3.158818500000223 ], [ 113.007691200000181, 3.160823300000175 ], [ 113.008042100000239, 3.160801100000128 ], [ 113.007886500000154, 3.160596799999894 ], [ 113.008045800000218, 3.160418400000253 ], [ 113.008154200000035, 3.160647100000176 ], [ 113.008114200000136, 3.161068900000089 ], [ 113.00823650000018, 3.161212500000033 ], [ 113.008271900000068, 3.161544000000106 ], [ 113.009273500000177, 3.16253230000018 ], [ 113.010529000000133, 3.163517000000127 ], [ 113.015756700000111, 3.167714900000192 ], [ 113.01844420000009, 3.169886100000042 ], [ 113.019121500000324, 3.170417200000145 ], [ 113.020814200000018, 3.17183330000023 ], [ 113.021137400000157, 3.172019500000204 ], [ 113.021267500000249, 3.172307400000193 ], [ 113.023123900000201, 3.174028799999974 ], [ 113.032380838670804, 3.179786004569762 ], [ 113.037906482427971, 3.169885892838184 ], [ 113.04884265236403, 3.164935836972394 ], [ 113.052986885181895, 3.169310304946812 ], [ 113.054483413699458, 3.171958009247118 ], [ 113.054483413699458, 3.180822062774229 ], [ 113.060584645347987, 3.174260360812601 ], [ 113.064038172696215, 3.177483653004278 ], [ 113.068067287935804, 3.177944123317374 ], [ 113.071866168018857, 3.179786004569761 ], [ 113.074168519584347, 3.178519711208745 ], [ 113.074053402006072, 3.171267303777473 ], [ 113.068182405514065, 3.159870663528331 ], [ 113.060469527769698, 3.158604370167315 ], [ 113.060584645347973, 3.151006610001221 ], [ 113.05528923674737, 3.147322847496448 ], [ 113.058052058625947, 3.139840204908627 ], [ 113.071866168018857, 3.146862377183351 ], [ 113.084369303887115, 3.14549891695674 ], [ 113.10150142312898, 3.14549891695674 ], [ 113.112502673149621, 3.134429678729742 ], [ 113.127237723168705, 3.125680742780905 ], [ 113.147187074440922, 3.112662355076338 ], [ 113.139670421622327, 3.101736286499879 ], [ 113.152103120075935, 3.103578167752266 ], [ 113.155326412267613, 3.095750172429622 ], [ 113.167759110721221, 3.087461706793883 ], [ 113.168219581034307, 3.083547709132561 ], [ 113.155753134062024, 3.06697670376434 ], [ 113.161312526337881, 3.054998549720568 ], [ 113.13291030840594, 3.034140141883938 ], [ 113.125165606759793, 3.033586680161573 ], [ 113.124014430977041, 3.029212212187155 ], [ 113.117337611437151, 3.021384216864512 ], [ 113.108128205175205, 3.023226098116898 ], [ 113.101911855948401, 3.02023304108177 ], [ 113.095695506721597, 3.011714340289482 ], [ 113.081881397328701, 3.007109637158515 ], [ 113.068664861248521, 2.98274378415789 ], [ 113.054560158754143, 2.96835338580519 ], [ 113.042966682385554, 2.949907222277488 ], [ 113.046885653533394, 2.933894857376149 ], [ 113.037676247271463, 2.921922629235636 ], [ 113.017414741230255, 2.916829244249016 ], [ 113.005993328402383, 2.931106010283997 ], [ 112.986005855953294, 2.915401567645574 ], [ 112.971729089918313, 2.916829244249016 ], [ 112.971729089918313, 2.929678333680556 ], [ 112.986005855953294, 2.949665806129417 ], [ 112.976012119728807, 2.95823186575052 ], [ 112.976012119728807, 2.978219338199381 ], [ 112.966018383504434, 2.988213074423925 ], [ 112.970908051872456, 2.99974211214897 ], [ 112.967446060107818, 3.005345193665903 ], [ 112.947654301061078, 2.996518819957293 ], [ 112.942128657303911, 3.004346815279936 ], [ 112.927471115209983, 3.005345193665903 ], [ 112.91081667601334, 3.011023634819837 ], [ 112.895160685368054, 2.993755998078713 ], [ 112.867532466582261, 2.98040235899891 ], [ 112.83622048529169, 2.98454659181678 ], [ 112.822176140742229, 2.966818484762558 ], [ 112.801835574102142, 2.96061132675635 ], [ 112.784703454860164, 2.970129170779671 ], [ 112.778992748446058, 2.989164858826314 ], [ 112.767571335618072, 3.025332666114764 ], [ 112.754246353985536, 3.03675407894292 ], [ 112.724095964052594, 3.037270442666348 ] ] ] ] } },
{ "type": "Feature", "properties": { "Id": 81, "NEGERI": "SARAWAK", "KODPAR": "P.217", "PARLIMEN": "BINTULU", "KODDUN": "N.81", "NAMADUN": "TANJONG BATU", "KODUNIK": "P.217_N.81", "BILANGAN_P": 32057, "PERATUS_EQ": 155.75 }, "geometry": { "type": "MultiPolygon", "coordinates": [ [ [ [ 113.074168519584347, 3.178519711208745 ], [ 113.071866168018857, 3.179786004569761 ], [ 113.068067287935804, 3.177944123317374 ], [ 113.064038172696215, 3.177483653004278 ], [ 113.060584645347987, 3.174260360812601 ], [ 113.054483413699458, 3.180822062774229 ], [ 113.054483413699458, 3.171958009247118 ], [ 113.052986885181895, 3.169310304946812 ], [ 113.04884265236403, 3.164935836972394 ], [ 113.037906482427971, 3.169885892838184 ], [ 113.032380838670804, 3.179786004569762 ], [ 113.031229662888066, 3.186117471374841 ], [ 113.033259367893606, 3.187772247621183 ], [ 113.035837299197055, 3.190682768025397 ], [ 113.045125212684752, 3.19849674713646 ], [ 113.045849447043338, 3.202000752514948 ], [ 113.060130527774277, 3.19905860131388 ], [ 113.068412640670616, 3.198204817093627 ], [ 113.067491700044442, 3.188074470205501 ], [ 113.071635932862307, 3.188995410831694 ], [ 113.072441755910219, 3.198435052250176 ], [ 113.090284980542719, 3.197283876467434 ], [ 113.091781509060297, 3.190722174505806 ], [ 113.095695506721611, 3.182894179183164 ], [ 113.09304780242131, 3.181743003400422 ], [ 113.086601218037956, 3.180937180352502 ], [ 113.080039516076326, 3.178980181521842 ], [ 113.074168519584347, 3.178519711208745 ] ] ] ] } },
{ "type": "Feature", "properties": { "Id": 84, "NEGERI": "SARAWAK", "KODPAR": "P.217", "PARLIMEN": "BINTULU", "KODDUN": "N.84", "NAMADUN": "BATU NIAH", "KODUNIK": "P.217_N.84", "BILANGAN_P": 18183, "PERATUS_EQ": 88.34 }, "geometry": { "type": "MultiPolygon", "coordinates": [ [ [ [ 113.846031881912538, 3.392062818907322 ], [ 113.838664356902996, 3.381932472019196 ], [ 113.833368948302379, 3.377327768888229 ], [ 113.829915420954165, 3.371802125131069 ], [ 113.826692128762488, 3.368118362626296 ], [ 113.824620012353549, 3.36213224855604 ], [ 113.821857190474972, 3.356146134485783 ], [ 113.817252487344007, 3.352922842294106 ], [ 113.809424492021364, 3.347857668850043 ], [ 113.803438377951096, 3.345325082128012 ], [ 113.797912734193943, 3.341871554779787 ], [ 113.794689442002266, 3.334043559457143 ], [ 113.79215685528024, 3.329438856326176 ], [ 113.793768501376078, 3.318848039124953 ], [ 113.793308031062978, 3.3124014547416 ], [ 113.785019565427234, 3.303192048479667 ], [ 113.773277572443277, 3.298126875035604 ], [ 113.765219341964084, 3.292140760965347 ], [ 113.754628524762865, 3.292140760965347 ], [ 113.741274885683055, 3.292831466434992 ], [ 113.735288771612801, 3.297896639879055 ], [ 113.728611952072896, 3.308026986767182 ], [ 113.730223598168735, 3.319768979751146 ], [ 113.736769922465783, 3.334031543985247 ], [ 113.726770070820507, 3.342332025092883 ], [ 113.719402545810965, 3.334964500083336 ], [ 113.709732669235933, 3.328978386013079 ], [ 113.702365144226391, 3.327136504760693 ], [ 113.697069735625774, 3.325524858664854 ], [ 113.697299970782325, 3.305954870358247 ], [ 113.688551034833495, 3.303422283636216 ], [ 113.687860329363843, 3.29743616956596 ], [ 113.685097507485267, 3.302961813323119 ], [ 113.681643980137039, 3.311480514115408 ], [ 113.679341628571564, 3.315164276620181 ], [ 113.675657866066786, 3.323913212569017 ], [ 113.67335551450131, 3.334734264926789 ], [ 113.670362457466169, 3.338418027431562 ], [ 113.662994932456627, 3.350620490728623 ], [ 113.660462345734601, 3.355685664172686 ], [ 113.6600018754215, 3.365585775904265 ], [ 113.661843756673889, 3.370190479035231 ], [ 113.674506690284062, 3.385616234523969 ], [ 113.674967160597149, 3.391141878281129 ], [ 113.67335551450131, 3.398509403290675 ], [ 113.676348571536437, 3.402193165795449 ], [ 113.675197395753699, 3.409330455648447 ], [ 113.670132222309633, 3.414856099405607 ], [ 113.641352827741102, 3.427749268172313 ], [ 113.625696837095816, 3.434195852555666 ], [ 113.61188272770292, 3.432814441616376 ], [ 113.608198965198142, 3.432353971303279 ], [ 113.598068618310023, 3.435577263494956 ], [ 113.590701093300481, 3.437879615060439 ], [ 113.582047453445625, 3.440077180920639 ], [ 113.580570746412363, 3.433274911929472 ], [ 113.55294252762657, 3.437879615060439 ], [ 113.53107018775448, 3.41715845097109 ], [ 113.519097959613958, 3.418079391597283 ], [ 113.517831666252931, 3.43074232520744 ], [ 113.51288161038714, 3.441448259986938 ], [ 113.508967612725826, 3.443865729130695 ], [ 113.504823379907961, 3.444095964287243 ], [ 113.496880267007043, 3.444441317022066 ], [ 113.493196504502265, 3.443980846708969 ], [ 113.490663917780239, 3.442944788504501 ], [ 113.488361566214749, 3.443635493974146 ], [ 113.487440625588562, 3.453190252970902 ], [ 113.488361566214749, 3.455262369379837 ], [ 113.485598744336173, 3.457794956101869 ], [ 113.476849808387328, 3.457794956101869 ], [ 113.459812406802754, 3.458485661571514 ], [ 113.454977468515239, 3.456183310006031 ], [ 113.447379708349146, 3.457334485788772 ], [ 113.445307591940207, 3.458715896728062 ], [ 113.440933123965792, 3.459176367041159 ], [ 113.437709831774114, 3.459176367041159 ], [ 113.434947009895538, 3.459176367041159 ], [ 113.431723717703861, 3.457794956101869 ], [ 113.425737603633607, 3.459636837354255 ], [ 113.42251431144193, 3.458255426414965 ], [ 113.42021195987644, 3.457794956101869 ], [ 113.417449137997863, 3.458255426414965 ], [ 113.412844434866898, 3.459867072510804 ], [ 113.40916067236212, 3.461248483450094 ], [ 113.406167615326993, 3.461939188919739 ], [ 113.399030325474001, 3.460097307667352 ], [ 113.395576798125774, 3.459406602197707 ], [ 113.390741859838258, 3.459406602197707 ], [ 113.386597627020393, 3.4603275428239 ], [ 113.386827862176929, 3.463781070172125 ], [ 113.385216216081091, 3.46999741939893 ], [ 113.377388220758448, 3.478055649878121 ], [ 113.375776574662609, 3.481969647539443 ], [ 113.352062353538145, 3.482199882695991 ], [ 113.351832118381594, 3.491409288957924 ], [ 113.346766944937528, 3.496474462401987 ], [ 113.34308318243275, 3.499007049124019 ], [ 113.338938949614885, 3.501309400689502 ], [ 113.336406362892845, 3.501769871002599 ], [ 113.335255187110107, 3.505914103820469 ], [ 113.333413305857718, 3.509367631168695 ], [ 113.332262130074966, 3.512590923360372 ], [ 113.333758658592544, 3.514547922191032 ], [ 113.33203189491843, 3.516735156178241 ], [ 113.328808602726752, 3.519958448369918 ], [ 113.326506251161277, 3.523527093296417 ], [ 113.322822488656499, 3.520418918683014 ], [ 113.32121084256066, 3.518461919852354 ], [ 113.318332903103808, 3.516504921021693 ], [ 113.318102667947258, 3.515814215552048 ], [ 113.318332903103808, 3.51420256945621 ], [ 113.318332903103808, 3.511900217890727 ], [ 113.317872432790708, 3.511209512421082 ], [ 113.315915433960043, 3.51143974757763 ], [ 113.313497964816293, 3.513051393673468 ], [ 113.311310730829078, 3.513857216721387 ], [ 113.30992931988979, 3.51339674640829 ], [ 113.307972321059125, 3.513281628830017 ], [ 113.306936262854663, 3.513511863986565 ], [ 113.305324616758824, 3.514663039769306 ], [ 113.301847749952159, 3.517624815197206 ], [ 113.30266231059727, 3.518854153948837 ], [ 113.295876787284101, 3.533543859522752 ], [ 113.298290622436298, 3.548034367311629 ], [ 113.313422190034885, 3.562281240576226 ], [ 113.335245645951545, 3.582943037187476 ], [ 113.354604646649932, 3.600302858027874 ], [ 113.373453643218795, 3.622993517910459 ], [ 113.372320957476973, 3.631043044287253 ], [ 113.388010229746783, 3.649279643494197 ], [ 113.414925481322712, 3.695299300524709 ], [ 113.426703195994719, 3.726473193259665 ], [ 113.420961138647613, 3.735372963442501 ], [ 113.439428999804136, 3.761945962909692 ], [ 113.463954836928792, 3.778909594994502 ], [ 113.492952033888628, 3.79658164671622 ], [ 113.505855697836296, 3.804633418034314 ], [ 113.545906084953799, 3.830135066578464 ], [ 113.575096399038443, 3.852888934900818 ], [ 113.605213228320622, 3.878778958651424 ], [ 113.616960213423454, 3.888107764298013 ], [ 113.638014417971164, 3.908250039888672 ], [ 113.649526175798584, 3.895817341435062 ], [ 113.657354171121227, 3.903415101601157 ], [ 113.671858985983775, 3.893745225026127 ], [ 113.675203351824166, 3.88077715381047 ], [ 113.681298627402256, 3.872793825780229 ], [ 113.67623345395819, 3.858058775761136 ], [ 113.679486381634433, 3.843657562119574 ], [ 113.693270855542764, 3.84240278511585 ], [ 113.690508033664187, 3.836646906202142 ], [ 113.677384629740928, 3.829509616349144 ], [ 113.692580150073127, 3.822142091339597 ], [ 113.686594036002859, 3.811551274138374 ], [ 113.678058705031049, 3.806537970428508 ], [ 113.674391572705801, 3.79704645927583 ], [ 113.683140508654631, 3.794053402240702 ], [ 113.693501090699314, 3.805104689755021 ], [ 113.699256969613018, 3.800039516310958 ], [ 113.712610608692827, 3.804183749128828 ], [ 113.715178296721888, 3.800827264014629 ], [ 113.713301314162464, 3.790830110049025 ], [ 113.716064136041055, 3.779778822534705 ], [ 113.733562007938716, 3.791290580362122 ], [ 113.729648010277401, 3.797967399902023 ], [ 113.730799186060153, 3.803262808502634 ], [ 113.732871302469079, 3.804644219441924 ], [ 113.732871302469079, 3.807407041320504 ], [ 113.729417775120851, 3.815465271799696 ], [ 113.730108480590502, 3.818458328834824 ], [ 113.731720126686341, 3.818688563991373 ], [ 113.733101537625629, 3.818458328834824 ], [ 113.736324829817306, 3.811551274138374 ], [ 113.743231884513762, 3.803262808502634 ], [ 113.745534236079237, 3.802341867876441 ], [ 113.747836587644727, 3.804874454598473 ], [ 113.747145882175076, 3.809248922572891 ], [ 113.747145882175076, 3.812932685077664 ], [ 113.748297057957814, 3.816155977269341 ], [ 113.749217998584015, 3.818918799147921 ], [ 113.748527293114364, 3.821221150713404 ], [ 113.745534236079237, 3.823983972591984 ], [ 113.740469062635171, 3.826516559314015 ], [ 113.735864359504205, 3.829049146036047 ], [ 113.73125965637324, 3.830891027288434 ], [ 113.730799186060153, 3.833653849167014 ], [ 113.73125965637324, 3.835956200732497 ], [ 113.73148989152979, 3.83825855229798 ], [ 113.731950361842891, 3.840560903863464 ], [ 113.73125965637324, 3.844014431211688 ], [ 113.73125965637324, 3.846777253090268 ], [ 113.733101537625629, 3.848849369499203 ], [ 113.737245770443494, 3.847007488246817 ], [ 113.746224941548888, 3.838488787454529 ], [ 113.752901761088779, 3.834574789793207 ], [ 113.754283172028082, 3.837337611671787 ], [ 113.75566458296737, 3.841942314802754 ], [ 113.757506464219759, 3.846086547620623 ], [ 113.759118110315598, 3.848849369499203 ], [ 113.761420461881073, 3.85207266169088 ], [ 113.762571637663811, 3.854375013256363 ], [ 113.762341402507261, 3.856907599978395 ], [ 113.760269286098335, 3.859670421856975 ], [ 113.762111167350724, 3.860591362483168 ], [ 113.769478692360266, 3.86036112732662 ], [ 113.775004336117419, 3.860821597639716 ], [ 113.779148568935298, 3.862433243735555 ], [ 113.783983507222814, 3.864275124987941 ], [ 113.786055623631739, 3.864044889831393 ], [ 113.787437034571042, 3.854375013256363 ], [ 113.79756738145916, 3.852993602317073 ], [ 113.798948792398448, 3.840100433550367 ], [ 113.818058310391962, 3.84102137417656 ], [ 113.817828075235411, 3.838488787454529 ], [ 113.817828075235411, 3.83687714135869 ], [ 113.81736760492231, 3.833653849167014 ], [ 113.816216429139573, 3.831811967914627 ], [ 113.814144312730647, 3.831811967914627 ], [ 113.81069078538242, 3.829509616349144 ], [ 113.807697728347293, 3.830200321818789 ], [ 113.804474436155616, 3.830430556975337 ], [ 113.801941849433575, 3.830430556975337 ], [ 113.7996394978681, 3.82858867572295 ], [ 113.798718557241898, 3.826286324157467 ], [ 113.798258086928811, 3.823983972591984 ], [ 113.798488322085348, 3.821681621026501 ], [ 113.798488322085348, 3.817076917895534 ], [ 113.803783730685964, 3.812702449921116 ], [ 113.805855847094904, 3.808788452259794 ], [ 113.805625611938353, 3.804644219441924 ], [ 113.805625611938353, 3.7873765827008 ], [ 113.808158198660379, 3.786916112387703 ], [ 113.81736760492231, 3.791751050675218 ], [ 113.836173888868302, 3.795568655191573 ], [ 113.84407488308193, 3.800039516310958 ], [ 113.85238897901769, 3.795532327405666 ], [ 113.853054054187339, 3.796355753806186 ], [ 113.857658757318305, 3.801881397563346 ], [ 113.858119227631391, 3.823753737435437 ], [ 113.853284289343875, 3.827897970253307 ], [ 113.850751702621849, 3.839409728080723 ], [ 113.856507581535553, 3.848158664029559 ], [ 113.861112284666518, 3.852302896847429 ], [ 113.867098398736786, 3.853914542943267 ], [ 113.872624042493939, 3.861051832796266 ], [ 113.877228745624905, 3.863814654674846 ], [ 113.880682272973132, 3.865656535927232 ], [ 113.88413580032136, 3.860361127326619 ], [ 113.886207916730299, 3.857137835134942 ], [ 113.889891679235063, 3.847928428873009 ], [ 113.889891679235063, 3.843323725742043 ], [ 113.896338263618418, 3.84378419605514 ], [ 113.90646861050655, 3.84102137417656 ], [ 113.913605900359542, 3.837798081984883 ], [ 113.917980368333957, 3.839870198393818 ], [ 113.922585071464923, 3.841942314802753 ], [ 113.9258083636566, 3.841942314802753 ], [ 113.927189774595902, 3.84378419605514 ], [ 113.926959539439352, 3.847467958559913 ], [ 113.92811071522209, 3.853454072630169 ], [ 113.931334007413767, 3.854835483569459 ], [ 113.933866594135793, 3.855065718726007 ], [ 113.935017769918545, 3.858519246074232 ], [ 113.937320121484021, 3.864044889831392 ], [ 113.938471297266759, 3.869110063275456 ], [ 113.93685965117092, 3.874175236719519 ], [ 113.935017769918545, 3.874635707032615 ], [ 113.928571185535191, 3.875556647658808 ], [ 113.925347893343513, 3.874635707032615 ], [ 113.924196717560761, 3.870031003901649 ], [ 113.923045541778023, 3.867728652336166 ], [ 113.919592014429796, 3.875556647658808 ], [ 113.914066370672643, 3.876477588285002 ], [ 113.901633672219035, 3.875556647658808 ], [ 113.896108028461867, 3.875096177345712 ], [ 113.893114971426741, 3.875096177345712 ], [ 113.900482496436283, 3.896738282061255 ], [ 113.905547669880349, 3.906177923479736 ], [ 113.912915194889905, 3.913084978176186 ], [ 113.920052484742897, 3.921603678968474 ], [ 113.922585071464923, 3.926668852412537 ], [ 113.925117658186963, 3.934957318048277 ], [ 113.927650244908989, 3.936568964144115 ], [ 113.931794477726868, 3.936108493831019 ], [ 113.935017769918545, 3.935648023517922 ], [ 113.942385294928087, 3.935187553204825 ], [ 113.949522584781079, 3.931043320386955 ], [ 113.952055171503119, 3.927820028195279 ], [ 113.950673760563831, 3.921833914125022 ], [ 113.948831879311442, 3.91930132740299 ], [ 113.95021329025073, 3.917459446150604 ], [ 113.94814117384179, 3.915387329741669 ], [ 113.95021329025073, 3.910091921141058 ], [ 113.955048228538246, 3.905256982853543 ], [ 113.957252762150119, 3.907320041330365 ], [ 113.967250691835289, 3.913545448489283 ], [ 113.97724023459898, 3.904464688123539 ], [ 113.983136917637111, 3.903415101601156 ], [ 113.984518328576399, 3.89328475471303 ], [ 113.986820680141889, 3.885226524233838 ], [ 113.991978564111548, 3.882220036608627 ], [ 114.013988428614581, 3.882003232042162 ], [ 114.01767219111936, 3.869800768745101 ], [ 114.033328181764645, 3.862203008579006 ], [ 114.038163120052161, 3.868879828118907 ], [ 114.041485681756626, 3.859492875113233 ], [ 114.056581932576037, 3.87256359062368 ], [ 114.059229636876367, 3.867095505655656 ], [ 114.050250465770972, 3.857195393924078 ], [ 114.053243522806113, 3.855123277515143 ], [ 114.049329525144785, 3.842230108748436 ], [ 114.05647628609313, 3.840219240966121 ], [ 114.052552817336462, 3.833941643112697 ], [ 114.05393422827575, 3.824962472007312 ], [ 114.051479417980886, 3.820231768517033 ], [ 114.048869054831684, 3.809076246205477 ], [ 114.043573646231081, 3.801018015726286 ], [ 114.048408584518597, 3.791117903994707 ], [ 114.04288294076143, 3.775001443036325 ], [ 114.038968943100116, 3.762338509426167 ], [ 114.042422470448329, 3.748754635189815 ], [ 114.038903966565044, 3.745599974069137 ], [ 114.030104889572996, 3.739027199825648 ], [ 114.02503971612893, 3.732580615442295 ], [ 114.024809480972394, 3.709787334944011 ], [ 114.026190891911682, 3.706333807595786 ], [ 114.025960656755146, 3.701959339621368 ], [ 114.027572302850984, 3.698505812273143 ], [ 114.038163120052204, 3.690447581793951 ], [ 114.044149234122457, 3.685612643506437 ], [ 114.039084060678476, 3.668805477078383 ], [ 114.027111832537969, 3.672489239583157 ], [ 114.016981485649836, 3.660056541129546 ], [ 114.000634789534914, 3.661668187225386 ], [ 113.989123031707493, 3.654530897372387 ], [ 114.016981485649822, 3.650616899711066 ], [ 114.033459633307459, 3.629959262350309 ], [ 114.048984172410044, 3.614930450446075 ], [ 114.023428070033177, 3.622988680925266 ], [ 113.99833243796941, 3.622067740299073 ], [ 114.004318552039663, 3.605721044184142 ], [ 114.001555730161087, 3.596741873078757 ], [ 114.004779022352764, 3.584539409781696 ], [ 113.991425383272954, 3.591216229321597 ], [ 113.975308922314568, 3.583157998842406 ], [ 113.975999627784219, 3.567271773040571 ], [ 113.975308922314582, 3.550464606612543 ], [ 113.965198179025492, 3.553893740924082 ], [ 113.953206347285942, 3.538492378472031 ], [ 113.933866594135878, 3.512245570625522 ], [ 113.929261891004913, 3.494287228414751 ], [ 113.914077228955904, 3.490247561072302 ], [ 113.904396494097654, 3.486919703405206 ], [ 113.908080256602418, 3.475638180734338 ], [ 113.912684959733383, 3.465968304159309 ], [ 113.904396494097654, 3.466659009628954 ], [ 113.897949909714299, 3.457219368210472 ], [ 113.888510268295818, 3.455377486958084 ], [ 113.884826505791054, 3.447779726791988 ], [ 113.880221802660088, 3.427519033015735 ], [ 113.883905565164866, 3.418770097066898 ], [ 113.880221802660088, 3.410021161118062 ], [ 113.878379921407699, 3.3911418782811 ], [ 113.869170515145683, 3.384695293897772 ], [ 113.864911164749515, 3.379169650140616 ], [ 113.857313404583408, 3.388148821246001 ], [ 113.850866820200054, 3.394365170472806 ], [ 113.846031881912538, 3.392062818907322 ] ] ] ] } },
{ "type": "Feature", "properties": { "Id": 90, "NEGERI": "SARAWAK", "KODPAR": "P.219", "PARLIMEN": "MIRI", "KODDUN": "N.90", "NAMADUN": "TUDAN", "KODUNIK": "P.219_N.90", "BILANGAN_P": 32078, "PERATUS_EQ": 155.85 }, "geometry": { "type": "MultiPolygon", "coordinates": [ [ [ [ 114.164265869657356, 4.477668912891261 ], [ 114.133135122128436, 4.476412847460791 ], [ 114.122314069770667, 4.465822030259567 ], [ 114.108960430690857, 4.481247785748305 ], [ 114.095606791611061, 4.465822030259567 ], [ 114.072353040799683, 4.445791571639862 ], [ 114.05347375796272, 4.446482277109508 ], [ 114.053703993119271, 4.459605681032762 ], [ 114.04219223529185, 4.459145210719666 ], [ 114.04219223529185, 4.471232556438453 ], [ 114.035515415751945, 4.471232556438453 ], [ 114.03540029817367, 4.465937147837845 ], [ 114.026536244646564, 4.466397618150942 ], [ 114.026536244646564, 4.478254728713181 ], [ 114.020308478804623, 4.480048373897091 ], [ 114.013483153627035, 4.478331536726681 ], [ 114.012722135253654, 4.47963613965247 ], [ 114.013182605566755, 4.488039722866484 ], [ 114.010880254001279, 4.488154840444758 ], [ 114.010880254001265, 4.495522365454304 ], [ 114.005584845400648, 4.495752600610852 ], [ 114.005584845400648, 4.501508479524561 ], [ 114.007196491496487, 4.501393361946286 ], [ 114.007541844231312, 4.511293473677864 ], [ 114.0458759977966, 4.512099296725781 ], [ 114.05922963687641, 4.542950807703257 ], [ 114.05945987203296, 4.547785745990772 ], [ 114.069820454077629, 4.546174099894933 ], [ 114.072813511112756, 4.547325275677675 ], [ 114.073964686895494, 4.563671971792607 ], [ 114.093304440045571, 4.560218444444382 ], [ 114.123235010396854, 4.547095040521127 ], [ 114.134977003380826, 4.549167156930062 ], [ 114.142804998703468, 4.555153271000318 ], [ 114.146718996364797, 4.556764917096157 ], [ 114.161454046383881, 4.54249033739016 ], [ 114.163641280371081, 4.540418220981235 ], [ 114.160696678148611, 4.515740288984546 ], [ 114.164265869657356, 4.477668912891261 ] ] ] ] } },
{ "type": "Feature", "properties": { "Id": 92, "NEGERI": "SARAWAK", "KODPAR": "P.220", "PARLIMEN": "BARAM", "KODDUN": "N.92", "NAMADUN": "MARUDI", "KODUNIK": "P.220_N.92", "BILANGAN_P": 23363, "PERATUS_EQ": 113.51 }, "geometry": { "type": "MultiPolygon", "coordinates": [ [ [ [ 113.984288093419863, 3.9112430969238 ], [ 113.986590444985353, 3.914926859428573 ], [ 113.986590444985353, 3.920452503185733 ], [ 113.985669504359166, 3.9250572063167 ], [ 113.988432326237742, 3.92782002819528 ], [ 113.991655618429419, 3.931503790700053 ], [ 113.992116088742506, 3.935187553204826 ], [ 113.98935326686393, 3.944396959466759 ], [ 113.992116088742506, 3.949462132910822 ], [ 113.999023143438961, 3.956369187607272 ], [ 114.005469727822316, 3.958211068859658 ], [ 114.012376782518771, 3.960052950112045 ], [ 114.020665248154501, 3.956829657920368 ], [ 114.021586188780702, 3.963736712616818 ], [ 114.01652101533665, 3.97507579407682 ], [ 114.015139604397348, 3.983997406393071 ], [ 114.015287952167938, 3.984491898961684 ], [ 114.008577902435732, 3.989350373782817 ], [ 113.998792908282439, 3.991998078083122 ], [ 113.997181262186601, 3.998674897623023 ], [ 113.99902314343899, 4.003509835910538 ], [ 113.997987085234527, 4.037354403923142 ], [ 113.995799851247313, 4.04195910705411 ], [ 114.002937141100304, 4.049787102376753 ], [ 113.996260321560413, 4.067515209430974 ], [ 114.012722135253696, 4.064579711184956 ], [ 113.989123031707422, 4.072810618031586 ], [ 113.988892796550871, 4.083171200076261 ], [ 113.986590444985396, 4.089157314146518 ], [ 113.98164038911959, 4.089157314146519 ], [ 113.976344980518988, 4.091805018446824 ], [ 113.974157746531773, 4.094337605168856 ], [ 113.96840186761807, 4.096064368842969 ], [ 113.965293693004668, 4.096524839156065 ], [ 113.968286750039795, 4.101820247756677 ], [ 113.968056514883244, 4.107576126670384 ], [ 113.985899739515759, 4.126570527085621 ], [ 113.99303702936875, 4.137161344286844 ], [ 113.999713848908655, 4.139924166165424 ], [ 114.013067487988465, 4.154659216184518 ], [ 114.016290780180128, 4.162947681820257 ], [ 114.018823366902154, 4.169854736516707 ], [ 114.022046659093832, 4.179985083404834 ], [ 114.029183948946823, 4.182747905283414 ], [ 114.031486300512313, 4.187007255679558 ], [ 114.040005001304607, 4.19149684123225 ], [ 114.043343411074545, 4.196446897098039 ], [ 114.048753937253437, 4.199670189289716 ], [ 114.053358640384403, 4.201281835385554 ], [ 114.055430756793371, 4.217973884235308 ], [ 114.057042402889209, 4.222808822522822 ], [ 114.056927285310948, 4.231212405736836 ], [ 114.061416870863638, 4.233975227615416 ], [ 114.063028516959477, 4.240306694420495 ], [ 114.064870398211838, 4.249631218260699 ], [ 114.065791338838025, 4.254466156548214 ], [ 114.070626277125541, 4.253314980765473 ], [ 114.073849569317218, 4.262524387027406 ], [ 114.078914742761299, 4.274266380011369 ], [ 114.090886970901806, 4.278180377672691 ], [ 114.097563790441711, 4.291073546439397 ], [ 114.102859199042328, 4.325378584765098 ], [ 114.117594249061412, 4.325839055078195 ], [ 114.153280698326412, 4.320313411321035 ], [ 114.1542016389526, 4.33343681524429 ], [ 114.17883680070328, 4.333897285557386 ], [ 114.180448446799119, 4.34448810275861 ], [ 114.199097494479531, 4.3458695136979 ], [ 114.212451133559327, 4.357611506681864 ], [ 114.206465019489073, 4.381786198119438 ], [ 114.216365131220655, 4.374879143422989 ], [ 114.225804772639137, 4.383167609058728 ], [ 114.217803742288538, 4.390818586178455 ], [ 114.206925489802174, 4.399284070017111 ], [ 114.211855089773962, 4.418182387745503 ], [ 114.205544078862886, 4.425300642707071 ], [ 114.208767371054563, 4.433358873186262 ], [ 114.195874202287854, 4.434510048969004 ], [ 114.188060479715659, 4.446735919815467 ], [ 114.188060479715659, 4.464581877359194 ], [ 114.174001862415764, 4.475952377147704 ], [ 114.164265869657356, 4.477668912891261 ], [ 114.160696678148611, 4.515740288984546 ], [ 114.163641280371081, 4.540418220981235 ], [ 114.181599622581857, 4.551469508495555 ], [ 114.183892551150166, 4.547237224680259 ], [ 114.19930839017843, 4.543626580530713 ], [ 114.213585156213412, 4.526494461288848 ], [ 114.229289598852006, 4.530777491099343 ], [ 114.252132424507863, 4.522211431478411 ], [ 114.272119896956951, 4.503651635632764 ], [ 114.293535046009424, 4.466532043941925 ], [ 114.30495645883741, 4.43655083526852 ], [ 114.316377871665281, 4.419418716026485 ], [ 114.322088578079388, 4.392292860559962 ], [ 114.312094841854901, 4.360883975282945 ], [ 114.330654637700263, 4.35231791566207 ], [ 114.334937667510758, 4.346607209247964 ], [ 114.330654637700263, 4.320909030385053 ], [ 114.322088578079388, 4.29949388133258 ], [ 114.314950195061897, 4.262374289641684 ], [ 114.330654637700263, 4.253808230020582 ], [ 114.342073526696026, 4.254696391704751 ], [ 114.336547882938859, 4.248710277634495 ], [ 114.33700835325196, 4.235817108867789 ], [ 114.334706001686484, 4.225686761979662 ], [ 114.337699058721611, 4.210030771334377 ], [ 114.344375878261502, 4.206807479142699 ], [ 114.3390804696609, 4.20128183538554 ], [ 114.335626942312686, 4.195065486158734 ], [ 114.340231645443652, 4.185395609583705 ], [ 114.3429944673222, 4.16628609159019 ], [ 114.334936236843021, 4.156385979858612 ], [ 114.316977894632245, 4.155925509545516 ], [ 114.308459193839965, 4.164674445494352 ], [ 114.299940493047671, 4.166976797059836 ], [ 114.296256730542908, 4.16375350486816 ], [ 114.30495645883741, 4.158153897586374 ], [ 114.303163785239349, 4.152011511884194 ], [ 114.284054267245835, 4.141650929839519 ], [ 114.27921932895832, 4.146255632970486 ], [ 114.287047324280962, 4.149939395475259 ], [ 114.291652027411928, 4.149478925162163 ], [ 114.284968986388321, 4.158153897586374 ], [ 114.276456507079743, 4.164444210337805 ], [ 114.268168041444, 4.168127972842577 ], [ 114.262181927373746, 4.166976797059836 ], [ 114.266786630504697, 4.157997625954456 ], [ 114.267707571130899, 4.150399865788361 ], [ 114.271621568792227, 4.142111400152617 ], [ 114.281521680523795, 4.134974110299623 ], [ 114.284744972715487, 4.128527525916265 ], [ 114.280830975054158, 4.119778589967429 ], [ 114.287507794594063, 4.10849706729656 ], [ 114.28198215083691, 4.101129542287014 ], [ 114.289810146159553, 4.0962946039995 ], [ 114.299364905156352, 4.09151722450111 ], [ 114.303624255552435, 4.09261084149473 ], [ 114.307423135635545, 4.085070640117756 ], [ 114.308113841105182, 4.079544996360596 ], [ 114.321007009871892, 4.082077583082628 ], [ 114.330216416133823, 4.078624055734403 ], [ 114.320546539558791, 4.070565825255212 ], [ 114.320316304402255, 4.066882062750438 ], [ 114.322088578079388, 4.059644211944942 ], [ 114.32008606924569, 4.05421912914028 ], [ 114.324460537220105, 4.050995836948603 ], [ 114.317093012210563, 4.038102668181898 ], [ 114.33113735676001, 4.031195613485448 ], [ 114.333900178638586, 4.038793373651542 ], [ 114.348865463814235, 4.035570081459865 ], [ 114.356002753667227, 4.031425848641995 ], [ 114.350246874753523, 4.017381504092548 ], [ 114.354160872414852, 4.012316330648485 ], [ 114.352779461475549, 3.994818458750812 ], [ 114.373961095878002, 3.979392703262075 ], [ 114.379486739635155, 3.983076465766848 ], [ 114.400207903724507, 3.984227641549589 ], [ 114.406424252951325, 3.97064376731324 ], [ 114.41517318890017, 3.963046007147145 ], [ 114.424382595162101, 3.953145895415567 ], [ 114.422416465558712, 3.945904033432139 ], [ 114.405042842012037, 3.914005918802351 ], [ 114.391228732619126, 3.90871051020174 ], [ 114.383170502139933, 3.900882514879096 ], [ 114.371428509155962, 3.90456627738387 ], [ 114.370047098216673, 3.894205695339195 ], [ 114.37511227166074, 3.890061462521325 ], [ 114.371428509155962, 3.882233467198681 ], [ 114.377875093539316, 3.877858999224264 ], [ 114.384782148235772, 3.882003232042134 ], [ 114.398135787315567, 3.887759110955841 ], [ 114.400898609194158, 3.879470645320102 ], [ 114.403200960759634, 3.873945001562942 ], [ 114.400668374037608, 3.867728652336138 ], [ 114.407575428734091, 3.858519246074203 ], [ 114.407575428734091, 3.844244666368207 ], [ 114.410453368190943, 3.83768296440658 ], [ 114.407575428734063, 3.831811967914597 ], [ 114.408956839673351, 3.827782852675001 ], [ 114.409187074829902, 3.823753737435406 ], [ 114.410683603347493, 3.821336268291649 ], [ 114.409302192408191, 3.814544331173473 ], [ 114.40458237169895, 3.812702449921086 ], [ 114.401128844350723, 3.801651162406766 ], [ 114.398826492785247, 3.796355753806155 ], [ 114.396524141219757, 3.792441756144833 ], [ 114.389156616210215, 3.789218463953157 ], [ 114.384091442766149, 3.788067288170415 ], [ 114.377414623226244, 3.793132461614478 ], [ 114.371658744312541, 3.791290580362091 ], [ 114.366363335711924, 3.794513872553768 ], [ 114.363830748989898, 3.789909169422801 ], [ 114.358305105232745, 3.784843995978738 ], [ 114.345872406779122, 3.783002114726352 ], [ 114.34057699817852, 3.767115888924517 ], [ 114.345943782525538, 3.766799471607126 ], [ 114.356463223980342, 3.759978599071518 ], [ 114.356002753667241, 3.749848252183391 ], [ 114.36659357086846, 3.739948140451813 ], [ 114.3691261575905, 3.733271320911912 ], [ 114.376954152913143, 3.729127088094041 ], [ 114.378796034165518, 3.715773449014238 ], [ 114.376033212286941, 3.707484983378498 ], [ 114.381635697612992, 3.67114513917269 ], [ 114.382594914248585, 3.659135600503353 ], [ 114.376608800178332, 3.655912308311677 ], [ 114.367859864229501, 3.647393607519388 ], [ 114.357038811871732, 3.638414436414004 ], [ 114.368090099386052, 3.633579498126488 ], [ 114.368780804855717, 3.623449151238361 ], [ 114.36578774782059, 3.616081626228815 ], [ 114.366938923603328, 3.607562925436527 ], [ 114.369701745481919, 3.60295822230556 ], [ 114.363715631411651, 3.596972108235304 ], [ 114.350822462644956, 3.588683642599564 ], [ 114.337238588408596, 3.588223172286468 ], [ 114.337468823565146, 3.583157998842404 ], [ 114.332173414964544, 3.579474236337631 ], [ 114.335396707156207, 3.570725300388795 ], [ 114.334015296216904, 3.563357775379248 ], [ 114.319740716510921, 3.556911190995895 ], [ 114.316056954006143, 3.544248257385737 ], [ 114.310991780562077, 3.534578380810708 ], [ 114.308689428996601, 3.519152625321969 ], [ 114.292803203194751, 3.525829444861871 ], [ 114.281982150836981, 3.524908504235678 ], [ 114.275075096140441, 3.53682317358707 ], [ 114.275765801610177, 3.550464606612542 ], [ 114.270700628166111, 3.572567181641181 ], [ 114.262872632843468, 3.585920820720984 ], [ 114.260340046121442, 3.595130226982918 ], [ 114.256886518773115, 3.599447136168215 ], [ 114.248598053137371, 3.609577483056342 ], [ 114.248367817980821, 3.615563597126598 ], [ 114.242151468754017, 3.621089240883758 ], [ 114.239733999610323, 3.633176586602543 ], [ 114.23720141288824, 3.638702230359702 ], [ 114.23720141288824, 3.642616228021024 ], [ 114.236510707418603, 3.6458395202127 ], [ 114.23743164804479, 3.647911636621635 ], [ 114.238813058984078, 3.650444223343667 ], [ 114.241345645706119, 3.654588456161537 ], [ 114.242266586332306, 3.658502453822858 ], [ 114.242266586332306, 3.661495510857987 ], [ 114.242036351175756, 3.663107156953825 ], [ 114.238122353514441, 3.66656068430205 ], [ 114.235129296479315, 3.669553741337178 ], [ 114.235359531635851, 3.673237503841951 ], [ 114.233978120696563, 3.684749261669368 ], [ 114.232596709757274, 3.690735375739624 ], [ 114.231215298817986, 3.696721489809881 ], [ 114.22891294725251, 3.700405252314654 ], [ 114.22615012537392, 3.704779720289072 ], [ 114.207961548006608, 3.71329842108136 ], [ 114.203817315188729, 3.714219361707554 ], [ 114.201514963623254, 3.713528656237909 ], [ 114.197140495648824, 3.711456539828974 ], [ 114.19322649798751, 3.708463482793846 ], [ 114.191154381578571, 3.708463482793846 ], [ 114.188391559699994, 3.710305364046232 ], [ 114.185858972977968, 3.71329842108136 ], [ 114.186089208134504, 3.714449596864102 ], [ 114.188621794856545, 3.716521713273037 ], [ 114.190003205795833, 3.71882406483852 ], [ 114.191384616735121, 3.724579943752229 ], [ 114.191154381578571, 3.728954411726647 ], [ 114.188852030013095, 3.733098644544517 ], [ 114.187240383917256, 3.736552171892741 ], [ 114.184477562038666, 3.743919696902288 ], [ 114.183556621412478, 3.748754635189803 ], [ 114.187470619073807, 3.7492151055029 ], [ 114.192535792517859, 3.7492151055029 ], [ 114.194147438613697, 3.749905810972545 ], [ 114.198752141744663, 3.75059651644219 ], [ 114.199673082370865, 3.75197792738148 ], [ 114.181024034690452, 3.772468856314281 ], [ 114.179412388594614, 3.775001443036312 ], [ 114.175268155776735, 3.776152618819054 ], [ 114.170663452645769, 3.776152618819054 ], [ 114.171584393271971, 3.770626975061894 ], [ 114.17089368780232, 3.768785093809508 ], [ 114.165828514358253, 3.767633918026766 ], [ 114.164677338575515, 3.765561801617831 ], [ 114.163295927636227, 3.759805922704123 ], [ 114.160533105757651, 3.758654746921381 ], [ 114.156388872939772, 3.758654746921381 ], [ 114.153395815904645, 3.764871096148186 ], [ 114.14902134793023, 3.767173447713669 ], [ 114.14694923152129, 3.766252507087476 ], [ 114.143956174486163, 3.763950155521993 ], [ 114.142114293233774, 3.760496628173768 ], [ 114.140042176824849, 3.758424511764832 ], [ 114.134286297911132, 3.756122160199349 ], [ 114.133020004550133, 3.762453627004428 ], [ 114.128185066262617, 3.770972327796716 ], [ 114.124271068601288, 3.774656090301489 ], [ 114.122429187348899, 3.770281622327071 ], [ 114.122429187348899, 3.765676919196104 ], [ 114.118745424844136, 3.761072216065138 ], [ 114.11391048655662, 3.76084198090859 ], [ 114.109536018582205, 3.763144332474073 ], [ 114.105391785764326, 3.763144332474073 ], [ 114.098484731067884, 3.762453627004428 ], [ 114.097563790441683, 3.759921040282396 ], [ 114.09180791152798, 3.758769864499655 ], [ 114.08950555996249, 3.753013985585946 ], [ 114.08996603027559, 3.743344109010917 ], [ 114.092728852154167, 3.739199876193046 ], [ 114.08996603027559, 3.734595173062079 ], [ 114.081907799796397, 3.729990469931113 ], [ 114.080526388857109, 3.726767177739436 ], [ 114.077763566978518, 3.726076472269791 ], [ 114.071547217751714, 3.726306707426339 ], [ 114.072007688064815, 3.717097301164407 ], [ 114.06786345524695, 3.713183303503085 ], [ 114.06510063336836, 3.706276248806635 ], [ 114.060035459924308, 3.702132015988765 ], [ 114.054970286480241, 3.696606372231605 ], [ 114.053358640384403, 3.693152844883381 ], [ 114.052898170071302, 3.688317906595866 ], [ 114.052207464601665, 3.685785319873834 ], [ 114.050826053662377, 3.684864379247641 ], [ 114.044149234122457, 3.685612643506437 ], [ 114.038163120052204, 3.690447581793951 ], [ 114.027572302850984, 3.698505812273143 ], [ 114.025960656755146, 3.701959339621368 ], [ 114.026190891911682, 3.706333807595786 ], [ 114.024809480972394, 3.709787334944011 ], [ 114.02503971612893, 3.732580615442295 ], [ 114.030104889572996, 3.739027199825648 ], [ 114.038903966565044, 3.745599974069137 ], [ 114.042422470448329, 3.748754635189815 ], [ 114.038968943100116, 3.762338509426167 ], [ 114.04288294076143, 3.775001443036325 ], [ 114.048408584518597, 3.791117903994707 ], [ 114.043573646231081, 3.801018015726286 ], [ 114.048869054831684, 3.809076246205477 ], [ 114.051479417980886, 3.820231768517033 ], [ 114.05393422827575, 3.824962472007312 ], [ 114.052552817336462, 3.833941643112697 ], [ 114.05647628609313, 3.840219240966121 ], [ 114.049329525144785, 3.842230108748436 ], [ 114.053243522806113, 3.855123277515143 ], [ 114.050250465770972, 3.857195393924078 ], [ 114.059229636876367, 3.867095505655656 ], [ 114.056581932576037, 3.87256359062368 ], [ 114.041485681756626, 3.859492875113233 ], [ 114.038163120052161, 3.868879828118907 ], [ 114.033328181764645, 3.862203008579006 ], [ 114.01767219111936, 3.869800768745101 ], [ 114.013988428614581, 3.882003232042162 ], [ 113.991978564111548, 3.882220036608627 ], [ 113.986820680141889, 3.885226524233838 ], [ 113.984518328576399, 3.89328475471303 ], [ 113.983136917637111, 3.903415101601156 ], [ 113.97724023459898, 3.904464688123539 ], [ 113.984288093419863, 3.9112430969238 ] ] ] ] } },
{ "type": "Feature", "properties": { "Id": 97, "NEGERI": "SARAWAK", "KODPAR": "P.221", "PARLIMEN": "LIMBANG", "KODDUN": "N.97", "NAMADUN": "BATU DANAU", "KODUNIK": "P.221_N.97", "BILANGAN_P": 20796, "PERATUS_EQ": 101.04 }, "geometry": { "type": "MultiPolygon", "coordinates": [ [ [ [ 115.043170355707161, 4.618752113137418 ], [ 115.04296900580789, 4.618294499730155 ], [ 115.042695702671722, 4.617673356238868 ], [ 115.051987304920317, 4.60441958131895 ], [ 115.062226471412259, 4.590347768597155 ], [ 115.069977512975925, 4.574456620442106 ], [ 115.071865636955749, 4.559114129081365 ], [ 115.074519888227428, 4.564658064561115 ], [ 115.0703081379163, 4.554839278821987 ], [ 115.075933137595484, 4.543830874249522 ], [ 115.083116887667302, 4.53599142248089 ], [ 115.085098554116144, 4.52660972829068 ], [ 115.081512513637904, 4.515982183714755 ], [ 115.083432512539275, 4.507330667511212 ], [ 115.088319388109085, 4.500499737648738 ], [ 115.09501751342998, 4.491000806969907 ], [ 115.091638346876834, 4.479896748182455 ], [ 115.097236887577537, 4.468302947761742 ], [ 115.096843832419836, 4.45696698401116 ], [ 115.094032409211195, 4.4443821472953 ], [ 115.091446888041901, 4.435255374908024 ], [ 115.099548554637636, 4.423692983727904 ], [ 115.104836888206364, 4.41656497639309 ], [ 115.102556887658352, 4.405197869302128 ], [ 115.096751331996757, 4.398061813863308 ], [ 115.094225846136283, 4.393853188704895 ], [ 115.101361738461492, 4.382628964872538 ], [ 115.110393568313157, 4.370780167361374 ], [ 115.126555790105385, 4.371254315799263 ], [ 115.141291932790637, 4.374098239880198 ], [ 115.145094808612157, 4.383577379649125 ], [ 115.154601997267719, 4.38405144138386 ], [ 115.158880232791489, 4.376942186466863 ], [ 115.173616375476968, 4.368411101616402 ], [ 115.184549643239166, 4.371728951498369 ], [ 115.198810427120634, 4.361301939862528 ], [ 115.209743694882832, 4.358458267021149 ], [ 115.223053759359914, 4.35940635713763 ], [ 115.237789902045392, 4.36888581216283 ], [ 115.248247810105454, 4.360354584824734 ], [ 115.246346372194466, 4.342817591528274 ], [ 115.253952123837621, 4.336655944245933 ], [ 115.265836110106079, 4.338552007854787 ], [ 115.27344186174912, 4.346135744843593 ], [ 115.283899769809068, 4.335708329745444 ], [ 115.292931598762152, 4.33950028399579 ], [ 115.2967344745839, 4.332864580765886 ], [ 115.30243878831584, 4.315327029120795 ], [ 115.314798134286661, 4.30442520363971 ], [ 115.324698819172454, 4.293768948159993 ], [ 115.334617286575892, 4.283936256586385 ], [ 115.32724976156635, 4.283015315960192 ], [ 115.328631172505638, 4.277489672203032 ], [ 115.317119414678217, 4.273345439385162 ], [ 115.319421766243693, 4.245256750286266 ], [ 115.304226245911508, 4.247559101851749 ], [ 115.300082013093629, 4.232824051832656 ], [ 115.307910008416272, 4.223154175257627 ], [ 115.314619267252283, 4.221572482044223 ], [ 115.328170702192537, 4.204735362733761 ], [ 115.340317446115364, 4.201585009595192 ], [ 115.340603400646145, 4.186316550209894 ], [ 115.35579892097833, 4.190921253340861 ], [ 115.364087386614074, 4.190000312714668 ], [ 115.374678203815293, 4.185856079896798 ], [ 115.377441025693869, 4.178488554887251 ], [ 115.394938897591544, 4.180330436139638 ], [ 115.395859838217746, 4.171581500190801 ], [ 115.415199591367795, 4.166976797059835 ], [ 115.420725235124962, 4.171581500190801 ], [ 115.429013700760692, 4.177567614261058 ], [ 115.444669691405991, 4.168818678312221 ], [ 115.453418627354822, 4.163293034555061 ], [ 115.468808340430201, 4.145429729857653 ], [ 115.477374400050962, 4.136863670236551 ], [ 115.481181537660405, 4.123538688604015 ], [ 115.487844028476843, 4.114972628983082 ], [ 115.487493430523955, 4.102971423539401 ], [ 115.502120794511825, 4.094985156534051 ], [ 115.507754124300206, 4.086854962581018 ], [ 115.514661178996661, 4.070738501622635 ], [ 115.509596005552595, 4.054161570351156 ], [ 115.501768010229952, 4.036203228140386 ], [ 115.50314942116924, 4.025612410939163 ], [ 115.49209813365492, 4.01778441561652 ], [ 115.485651549271566, 3.992458548396204 ], [ 115.496410088097605, 3.988385303472853 ], [ 115.509596005552595, 3.981867731194981 ], [ 115.506833183674019, 3.975421146811628 ], [ 115.50783150092559, 3.959831771402946 ], [ 115.509735069730368, 3.94841035857479 ], [ 115.516733295405643, 3.942037049112121 ], [ 115.520042101653985, 3.932785231303285 ], [ 115.512589062587779, 3.926841528779931 ], [ 115.51949611728422, 3.916711181891805 ], [ 115.515812354779456, 3.906120364690581 ], [ 115.498314482881781, 3.891385314671489 ], [ 115.513510003213966, 3.878952616217879 ], [ 115.516733295405643, 3.869282739642849 ], [ 115.505682007891323, 3.855929100563046 ], [ 115.494170250063902, 3.83889169897847 ], [ 115.495091190690104, 3.826919470837957 ], [ 115.460095446894755, 3.787779494224741 ], [ 115.448123218754247, 3.789160905164031 ], [ 115.443518515623282, 3.807119247374802 ], [ 115.431085817169674, 3.805737836435512 ], [ 115.403457598383866, 3.80182383877419 ], [ 115.382506199137964, 3.787088788755097 ], [ 115.373527028032584, 3.788930670007484 ], [ 115.370994441310557, 3.782944555937227 ], [ 115.358561742856949, 3.785937612972355 ], [ 115.348661631125367, 3.783174791093776 ], [ 115.337380108454482, 3.787779494224742 ], [ 115.318500825617519, 3.785477142659258 ], [ 115.320342706869909, 3.797909841112868 ], [ 115.331624229540779, 3.807349482531349 ], [ 115.331393994384229, 3.819551945828411 ], [ 115.322875293591935, 3.827840411464151 ], [ 115.318040355304419, 3.825077589585571 ], [ 115.308830949042488, 3.827840411464151 ], [ 115.297779661528168, 3.826919470837957 ], [ 115.286498138857297, 3.83198464428202 ], [ 115.279130613847755, 3.829682292716537 ], [ 115.273835205247138, 3.839812639604664 ], [ 115.266237445081046, 3.835207936473697 ], [ 115.263244388045919, 3.845338283361824 ], [ 115.267388620863798, 3.85132439743208 ], [ 115.259790860697706, 3.871124620895236 ], [ 115.260711801323893, 3.881715438096458 ], [ 115.258179214601867, 3.886320141227425 ], [ 115.244825575522057, 3.899904015463776 ], [ 115.236306874729763, 3.89944354515068 ], [ 115.2330835825381, 3.910494832665 ], [ 115.224334646589256, 3.912797184230483 ], [ 115.20167021907389, 3.934212907906669 ], [ 115.177596909809907, 3.96137680226218 ], [ 115.17483408793133, 3.983018906977723 ], [ 115.167466562921788, 3.988084080421785 ], [ 115.177596909809907, 3.996833016370622 ], [ 115.184503964506362, 4.012489007015908 ], [ 115.161019978538434, 4.017093710146875 ], [ 115.162401389477722, 4.035512522670741 ], [ 115.142601166014558, 4.05070804300293 ], [ 115.13293128943954, 4.049787102376738 ], [ 115.126945175369272, 4.06590356333512 ], [ 115.12602423474307, 4.079257202414922 ], [ 115.114512476915664, 4.082480494606599 ], [ 115.086423787816756, 4.111490124331688 ], [ 115.061097920596438, 4.123001882159104 ], [ 115.048204751829743, 4.116094827462654 ], [ 115.020576533043936, 4.128067055603168 ], [ 115.008604304903429, 4.118397179028138 ], [ 114.997512464773536, 4.119810866361433 ], [ 114.991566903318841, 4.102741188382852 ], [ 114.971766679855691, 4.119318119654332 ], [ 114.956110689210405, 4.121160000906719 ], [ 114.951045515766339, 4.125304233724589 ], [ 114.944138461069883, 4.125304233724589 ], [ 114.937550047426498, 4.132659955793031 ], [ 114.926640589172194, 4.145564927500841 ], [ 114.920194004788854, 4.140039283743681 ], [ 114.905458954769756, 4.141881164996067 ], [ 114.895328607881623, 4.148788219692517 ], [ 114.882435439114928, 4.142341635309164 ], [ 114.872765562539897, 4.144643986874647 ], [ 114.833165115613582, 4.152932452510387 ], [ 114.829020882795717, 4.162602329085416 ], [ 114.819052889336263, 4.164068841069991 ], [ 114.816127714029008, 4.157076685328256 ], [ 114.805076426514688, 4.159839507206836 ], [ 114.793031712377115, 4.156113075985786 ], [ 114.794457790585511, 4.170335784754002 ], [ 114.805866417151833, 4.189536139267034 ], [ 114.818701122824677, 4.203758367826367 ], [ 114.830109749390999, 4.220824648248652 ], [ 114.840092297748697, 4.237179465941836 ], [ 114.846509650585176, 4.251400601888179 ], [ 114.859344355808958, 4.279131446718907 ], [ 114.847222689689374, 4.273443068650067 ], [ 114.83581406312328, 4.26135528811443 ], [ 114.813709848645999, 4.249978243541875 ], [ 114.812996809092397, 4.260643976810911 ], [ 114.832248867152998, 4.284108303254015 ], [ 114.839379259093562, 4.295484572478415 ], [ 114.846509651034239, 4.306860841702871 ], [ 114.871466021928541, 4.334589653985972 ], [ 114.876813816333197, 4.370137505818775 ], [ 114.879309453422707, 4.381512582802372 ], [ 114.878596413869218, 4.39857468667293 ], [ 114.885073186219529, 4.421015574845342 ], [ 114.874615278159467, 4.425754713261313 ], [ 114.859403775771739, 4.421015275134152 ], [ 114.837537241145583, 4.421962874176984 ], [ 114.825177895174761, 4.439023899725385 ], [ 114.820424300847208, 4.455136804710378 ], [ 114.820424300847208, 4.472196995218155 ], [ 114.819948941144844, 4.502525658246441 ], [ 114.81947358144248, 4.515794130767119 ], [ 114.821395888115603, 4.54047893853317 ], [ 114.819039887399981, 4.562557040304512 ], [ 114.820256887217397, 4.578888403594647 ], [ 114.813729887364957, 4.595764648060708 ], [ 114.810299886946495, 4.620885589476131 ], [ 114.80368396106735, 4.633230864317284 ], [ 114.801609887620316, 4.652539187521029 ], [ 114.801209886688753, 4.663748717478256 ], [ 114.804135887316875, 4.672603381687964 ], [ 114.802250887677587, 4.679038091082418 ], [ 114.793848887332956, 4.676978078278353 ], [ 114.78832888813406, 4.683597737151501 ], [ 114.780302388069913, 4.693998205775756 ], [ 114.7835778872427, 4.701510926610354 ], [ 114.7860118868781, 4.70515280001905 ], [ 114.781813887977023, 4.719762128640582 ], [ 114.781707558125049, 4.722879582545771 ], [ 114.788844847978041, 4.721152818871658 ], [ 114.788499495243215, 4.710101531357338 ], [ 114.797939136661697, 4.711713177453177 ], [ 114.808184601128104, 4.712519000501096 ], [ 114.811523010898057, 4.716432998162418 ], [ 114.825106885134403, 4.717123703632063 ], [ 114.829136000373992, 4.719310937619272 ], [ 114.837769818744562, 4.720231878245465 ], [ 114.840532640623138, 4.717699291523433 ], [ 114.839611699996951, 4.711482942296628 ], [ 114.844247415619634, 4.711075200163577 ], [ 114.841223346092789, 4.727369168098464 ], [ 114.845712931645465, 4.732894811855622 ], [ 114.849958122033627, 4.733918025819662 ], [ 114.854692102750846, 4.736693691938669 ], [ 114.856073513690149, 4.738880925925878 ], [ 114.860793334399389, 4.738996043504152 ], [ 114.866138456873273, 4.735821594624326 ], [ 114.87375273209193, 4.728207319405612 ], [ 114.877945853562252, 4.727023815363638 ], [ 114.878866794188454, 4.727138932941911 ], [ 114.880017969971192, 4.727714520833283 ], [ 114.881744733645306, 4.728865696616024 ], [ 114.884047085210781, 4.728980814194299 ], [ 114.886579671932822, 4.729095931772572 ], [ 114.889227376233123, 4.730477342711862 ], [ 114.89222043326825, 4.733009929433894 ], [ 114.893256491472712, 4.734506457951458 ], [ 114.894522784833725, 4.73703904467349 ], [ 114.89647978366439, 4.740837924756537 ], [ 114.89647978366439, 4.745097275152681 ], [ 114.897400724290577, 4.749241507970551 ], [ 114.89889725280814, 4.749701978283648 ], [ 114.900624016482254, 4.749701978283648 ], [ 114.903041485626005, 4.749241507970551 ], [ 114.906034542661146, 4.747629861874713 ], [ 114.907991541491796, 4.746939156405068 ], [ 114.910063657900736, 4.747629861874713 ], [ 114.912941597357587, 4.748320567344358 ], [ 114.914783478609976, 4.748090332187809 ], [ 114.918352123536479, 4.747399626718164 ], [ 114.92560453096776, 4.748896155235729 ], [ 114.928827823159423, 4.751658977114309 ], [ 114.935044172386242, 4.754767151727711 ], [ 114.937922111843093, 4.754882269305986 ], [ 114.943102402865421, 4.753731093523244 ], [ 114.949088516935689, 4.753731093523244 ], [ 114.95173622123599, 4.754997386884259 ], [ 114.953808337644929, 4.756724150558372 ], [ 114.956686277101781, 4.756839268136646 ], [ 114.961636332967572, 4.75776020876284 ], [ 114.963938684533062, 4.755112504462534 ], [ 114.969234093133679, 4.747975214609536 ], [ 114.974644619312556, 4.742910041165473 ], [ 114.977983029082509, 4.740607689599989 ], [ 114.979364440021797, 4.739686748973796 ], [ 114.983048202526575, 4.739686748973796 ], [ 114.98742267050099, 4.740147219286893 ], [ 114.993293666992969, 4.741528630226183 ], [ 114.995250665823633, 4.738535573191054 ], [ 114.996171606449821, 4.735197163421104 ], [ 114.997322782232573, 4.732549459120798 ], [ 114.999164663484962, 4.733700634903539 ], [ 115.002157720520088, 4.735772751312474 ], [ 115.003999601772463, 4.739686748973796 ], [ 115.006877541229329, 4.743370511478569 ], [ 115.008834540059979, 4.743600746635118 ], [ 115.011136891625469, 4.743370511478569 ], [ 115.014014831082321, 4.74118327749136 ], [ 115.003193778724551, 4.724376111063332 ], [ 115.003769366615927, 4.702043300878144 ], [ 115.002848425989725, 4.699510714156113 ], [ 114.995480900980183, 4.698820008686468 ], [ 114.99375413730607, 4.696747892277533 ], [ 114.992833196679868, 4.684084958667376 ], [ 114.993178549414694, 4.681322136788796 ], [ 114.993523902149505, 4.679710490692957 ], [ 114.995480900980169, 4.676602316079555 ], [ 114.998013487702195, 4.675681375453362 ], [ 115.001697250206973, 4.673609259044427 ], [ 115.003424013881087, 4.672918553574782 ], [ 115.006301953337939, 4.671422025057217 ], [ 115.009985715842717, 4.668659203178638 ], [ 115.015626477178145, 4.667392909817622 ], [ 115.017123005695709, 4.667738262552445 ], [ 115.021497473670138, 4.66566614614351 ], [ 115.020461415465661, 4.662327736373559 ], [ 115.017468358430534, 4.660485855121173 ], [ 115.016777652960897, 4.657607915664318 ], [ 115.018043946321896, 4.653924153159545 ], [ 115.019885827574285, 4.651736919172336 ], [ 115.02172770882666, 4.651161331280965 ], [ 115.025411471331438, 4.651391566437513 ], [ 115.029440586571027, 4.651276448859239 ], [ 115.030706879932055, 4.648398509402385 ], [ 115.030706879932055, 4.646556628149998 ], [ 115.030476644775504, 4.643793806271418 ], [ 115.031167350245141, 4.641951925019032 ], [ 115.031167350245141, 4.640685631658016 ], [ 115.029210351414491, 4.639304220718726 ], [ 115.022418414296311, 4.637577457044614 ], [ 115.024951001018337, 4.636886751574969 ], [ 115.027023117427277, 4.635735575792227 ], [ 115.029325468992766, 4.635159987900856 ], [ 115.031167350245141, 4.635044870322582 ], [ 115.032663878762705, 4.63527510547913 ], [ 115.036808111580584, 4.632742518757099 ], [ 115.039916286193986, 4.629058756252325 ], [ 115.043139578385663, 4.623993582808263 ], [ 115.04493828104988, 4.622908651042547 ], [ 115.043164910252386, 4.618753517713221 ], [ 115.043170355707161, 4.618752113137418 ] ] ] ] } },
{ "type": "Feature", "properties": { "Id": 94, "NEGERI": "SARAWAK", "KODPAR": "P.220", "PARLIMEN": "BARAM", "KODDUN": "N.94", "NAMADUN": "TELANG USAN", "KODUNIK": "P.220_N.94", "BILANGAN_P": 13802, "PERATUS_EQ": 67.06 }, "geometry": { "type": "MultiPolygon", "coordinates": [ [ [ [ 115.108641480423685, 3.400869313645266 ], [ 115.105418188232022, 3.382220265964852 ], [ 115.094366900717702, 3.371629448763628 ], [ 115.095287841343904, 3.346303581543312 ], [ 115.086078435081959, 3.338936056533766 ], [ 115.092985489778414, 3.327884769019446 ], [ 115.083315613203382, 3.315912540878933 ], [ 115.082394672577195, 3.305782193990807 ], [ 115.075320839664187, 3.290473527389338 ], [ 115.079862085855169, 3.283391825016484 ], [ 115.080783026481356, 3.280629003137904 ], [ 115.083315613203396, 3.276945240633131 ], [ 115.084236553829584, 3.272340537502164 ], [ 115.084006318673033, 3.268887010153939 ], [ 115.084927259299221, 3.264052071866424 ], [ 115.085617964768872, 3.258756663265812 ], [ 115.087690081177797, 3.252540314039008 ], [ 115.084927259299221, 3.246323964812203 ], [ 115.077559734289679, 3.23573314761098 ], [ 115.076523676085202, 3.226178388614226 ], [ 115.075602735459015, 3.222264390952903 ], [ 115.073991089363176, 3.218120158135033 ], [ 115.072839913580424, 3.214206160473712 ], [ 115.070767797171499, 3.211673573751681 ], [ 115.067774740136372, 3.20637816515107 ], [ 115.067544504979821, 3.201082756550457 ], [ 115.06662356435362, 3.2022339323332 ], [ 115.062479331535755, 3.20361534327249 ], [ 115.059716509657179, 3.204536283898682 ], [ 115.056262982308951, 3.206838635464166 ], [ 115.052118749491086, 3.213975925317165 ], [ 115.045902400264282, 3.219041098761227 ], [ 115.040606991663665, 3.220882980013613 ], [ 115.034160407280311, 3.220652744857066 ], [ 115.028634763523158, 3.218810863604678 ], [ 115.018849769369837, 3.215702688991276 ], [ 115.017698593587113, 3.213630572582341 ], [ 115.0186195342133, 3.209140987029648 ], [ 115.014935771708537, 3.209140987029648 ], [ 115.012863655299597, 3.210752633125487 ], [ 115.007107776385894, 3.213400337425793 ], [ 115.005726365446606, 3.217314335087114 ], [ 115.003884484194216, 3.220307392122242 ], [ 114.998934428328425, 3.218695746026404 ], [ 114.996747194341211, 3.220192274543968 ], [ 114.996286724028124, 3.222839978844274 ], [ 114.990876197849232, 3.224912095253209 ], [ 114.985350554092079, 3.229286563227627 ], [ 114.980400498226288, 3.232740090575852 ], [ 114.979019087287, 3.235502912454432 ], [ 114.980170263069724, 3.238093057965615 ], [ 114.978788852130435, 3.239474468904905 ], [ 114.970730621651256, 3.235272677297884 ], [ 114.970960856807807, 3.238035499176464 ], [ 114.973838796264658, 3.241834379259512 ], [ 114.97441438415602, 3.245115230240339 ], [ 114.975565559938744, 3.245690818131697 ], [ 114.976831853299743, 3.24741758180581 ], [ 114.985350554092022, 3.24741758180581 ], [ 114.986847082609586, 3.248223404853729 ], [ 114.988343611127149, 3.252367637671599 ], [ 114.987998258392338, 3.256857223224291 ], [ 114.98880408144025, 3.258699104476678 ], [ 114.994675077932229, 3.258929339633226 ], [ 114.991451785740551, 3.262497984559725 ], [ 114.987422670500962, 3.269750391990998 ], [ 114.984544731044096, 3.27895979825293 ], [ 114.985235436513747, 3.28034120919222 ], [ 114.985235436513747, 3.283334266227348 ], [ 114.985005201357197, 3.286212205684202 ], [ 114.983738907996184, 3.288629674827959 ], [ 114.983163320104808, 3.293119260380652 ], [ 114.983163320104808, 3.297839081089893 ], [ 114.981091203695868, 3.301177490859843 ], [ 114.974644619312528, 3.308199663134567 ], [ 114.973032973216689, 3.311538072904518 ], [ 114.977867911504205, 3.313034601422082 ], [ 114.97947955760003, 3.314761365096194 ], [ 114.97947955760003, 3.317524186974774 ], [ 114.972342267747038, 3.318099774866145 ], [ 114.967967799772623, 3.321438184636096 ], [ 114.965665448207133, 3.321438184636096 ], [ 114.962096803280645, 3.325352182297418 ], [ 114.959333981402054, 3.327884769019449 ], [ 114.957952570462766, 3.332719707306964 ], [ 114.956916512258303, 3.334101118246254 ], [ 114.952426926705613, 3.334676706137625 ], [ 114.950124575140137, 3.331453413945949 ], [ 114.945059401696071, 3.322474242840564 ], [ 114.940454698565105, 3.321092831901274 ], [ 114.93608023059069, 3.324776594406047 ], [ 114.929173175894235, 3.331913884259045 ], [ 114.926640589172209, 3.320632361588177 ], [ 114.922035886041243, 3.319941656118532 ], [ 114.916740477440626, 3.316948599083404 ], [ 114.916049771970989, 3.313495071735179 ], [ 114.909372952431085, 3.304515900629794 ], [ 114.903617073517367, 3.304746135786343 ], [ 114.897861194603664, 3.303134489690504 ], [ 114.893486726629249, 3.299450727185731 ], [ 114.887040142245894, 3.297608845933344 ], [ 114.881514498488727, 3.300601902968473 ], [ 114.872535327383346, 3.307278722508374 ], [ 114.868160859408931, 3.309120603760761 ], [ 114.859872393773188, 3.316373011192033 ], [ 114.856764219159786, 3.318445127600968 ], [ 114.849396694150244, 3.32017189127508 ], [ 114.848590871102317, 3.32569753503224 ], [ 114.848245518367506, 3.328690592067369 ], [ 114.844101285549627, 3.32984176785011 ], [ 114.843986167971352, 3.330762708476303 ], [ 114.843065227345164, 3.333525530354883 ], [ 114.840417523044863, 3.334446470981077 ], [ 114.836158172648709, 3.335942999498641 ], [ 114.834776761709421, 3.337899998329301 ], [ 114.829941823421919, 3.337554645594479 ], [ 114.828675530060906, 3.335597646763819 ], [ 114.826603413651981, 3.333640647933158 ], [ 114.824991767556142, 3.332949942463513 ], [ 114.822689415990652, 3.333410412776609 ], [ 114.818775418329338, 3.335482529185544 ], [ 114.814285832776633, 3.336288352233464 ], [ 114.809566012067393, 3.336058117076915 ], [ 114.808184601128104, 3.334676706137625 ], [ 114.808184601128104, 3.326042887767063 ], [ 114.807033425345367, 3.32512194714087 ], [ 114.803004310105777, 3.325812652610515 ], [ 114.800817076118562, 3.32512194714087 ], [ 114.799435665179274, 3.323049830731935 ], [ 114.799205430022724, 3.319826538540258 ], [ 114.795521667517946, 3.316948599083404 ], [ 114.789765788604242, 3.315912540878937 ], [ 114.790801846808705, 3.312804366265534 ], [ 114.789880906182518, 3.310041544386954 ], [ 114.786772731569116, 3.300947255703296 ], [ 114.784585497581901, 3.300371667811924 ], [ 114.781247087811948, 3.300717020546747 ], [ 114.773419092489306, 3.298184433824714 ], [ 114.769044624514891, 3.295191376789586 ], [ 114.765591097166663, 3.294500671319941 ], [ 114.763058510444637, 3.294500671319941 ], [ 114.76029568856606, 3.293119260380651 ], [ 114.756381690904732, 3.293119260380651 ], [ 114.753158398713055, 3.292889025224103 ], [ 114.74901416589519, 3.291277379128265 ], [ 114.745100168233861, 3.288054086936588 ], [ 114.740725700259446, 3.286212205684201 ], [ 114.737272172911219, 3.285291265058008 ], [ 114.733127940093354, 3.282528443179428 ], [ 114.727372061179651, 3.280456326770493 ], [ 114.7071113674034, 3.269405039256174 ], [ 114.704578780681359, 3.270095744725819 ], [ 114.698822901767656, 3.271016685352012 ], [ 114.694678668949791, 3.270325979882367 ], [ 114.686850673627134, 3.263879395499014 ], [ 114.676720326739016, 3.267793393160335 ], [ 114.67050397751224, 3.267102687690691 ], [ 114.65922245484137, 3.263418925185918 ], [ 114.653927046240767, 3.263879395499015 ], [ 114.646559521231211, 3.265721276751401 ], [ 114.632054706368663, 3.265030571281756 ], [ 114.627910473550799, 3.263418925185918 ], [ 114.622154594637095, 3.259504927524597 ], [ 114.615017304784089, 3.259965397837693 ], [ 114.608340485244184, 3.265260806438304 ], [ 114.602584606330481, 3.270325979882368 ], [ 114.59544731647749, 3.273779507230593 ], [ 114.589921672720322, 3.273319036917496 ], [ 114.584165793806619, 3.269865509569271 ], [ 114.578870385206002, 3.268714333786529 ], [ 114.574035446918487, 3.268023628316884 ], [ 114.573805211761936, 3.266642217377594 ], [ 114.570121449257186, 3.265721276751401 ], [ 114.577028503953628, 3.261116573620435 ], [ 114.579791325832218, 3.254439754080533 ], [ 114.578409914892916, 3.243388466566214 ], [ 114.577028503953628, 3.239474468904892 ], [ 114.5735749766054, 3.237172117339409 ], [ 114.567588862535146, 3.238783763435247 ], [ 114.563905100030382, 3.242697761096569 ], [ 114.561372513308342, 3.247532699384083 ], [ 114.551932871889861, 3.248683875166825 ], [ 114.551242166420224, 3.250525756419212 ], [ 114.547328168758895, 3.25213740251505 ], [ 114.542032760158293, 3.255821165019823 ], [ 114.537197821870777, 3.259274692368048 ], [ 114.533053589052898, 3.256511870489468 ], [ 114.529369826548134, 3.256511870489468 ], [ 114.526146534356457, 3.25628163533292 ], [ 114.5187790093469, 3.25628163533292 ], [ 114.516246422624874, 3.260195632994242 ], [ 114.510951014024258, 3.26318869002937 ], [ 114.505425370267105, 3.263649160342467 ], [ 114.501281137449226, 3.259965397837693 ], [ 114.497367139787912, 3.25766304627221 ], [ 114.495295023378972, 3.253749048610888 ], [ 114.496906669474811, 3.2452303478186 ], [ 114.49667643431826, 3.240625644687634 ], [ 114.48999961477837, 3.238553528278699 ], [ 114.480905326094714, 3.231358679636561 ], [ 114.476070387807198, 3.230092386275546 ], [ 114.469854038580394, 3.229516798384175 ], [ 114.462831866305663, 3.231473797214836 ], [ 114.458342280752973, 3.231704032371383 ], [ 114.455118988561296, 3.230437739010369 ], [ 114.452125931526169, 3.232164502684481 ], [ 114.45051428543033, 3.235157559719608 ], [ 114.447866581130015, 3.234524413039103 ], [ 114.445218876829742, 3.240798321055043 ], [ 114.441535114324978, 3.241604144102962 ], [ 114.440614173698776, 3.246439082390477 ], [ 114.438772292446401, 3.250007727316976 ], [ 114.425073300631766, 3.252770549195556 ], [ 114.420123244765975, 3.252540314039007 ], [ 114.414137130695721, 3.254151960134845 ], [ 114.403316078337951, 3.263591601553326 ], [ 114.398941610363536, 3.266584658588454 ], [ 114.394797377545657, 3.265893953118809 ], [ 114.39387643691947, 3.25898689842236 ], [ 114.391804320510531, 3.256684546856876 ], [ 114.383976325187888, 3.258065957796166 ], [ 114.380983268152761, 3.256914782013425 ], [ 114.374997154082507, 3.251849608569362 ], [ 114.369011040012253, 3.253231019508652 ], [ 114.365787747820576, 3.255072900761038 ], [ 114.360492339219959, 3.261979955457488 ], [ 114.356578341558631, 3.269577715623583 ], [ 114.350592227488377, 3.279708062511709 ], [ 114.347829405609801, 3.282701119546837 ], [ 114.345987524357412, 3.285233706268869 ], [ 114.344606113418124, 3.288226763303997 ], [ 114.345987524357412, 3.291450055495674 ], [ 114.348059640766351, 3.29329193674806 ], [ 114.348980581392539, 3.295824523470092 ], [ 114.349210816549089, 3.296745464096285 ], [ 114.348980581392539, 3.298126875035575 ], [ 114.346678229827063, 3.299968756287962 ], [ 114.346217759513962, 3.302731578166542 ], [ 114.343915407948487, 3.305494400045122 ], [ 114.342533997009184, 3.307566516454056 ], [ 114.340922350913345, 3.30848745708025 ], [ 114.336087412625844, 3.313782865680862 ], [ 114.338619999347856, 3.327596975073761 ], [ 114.340231645443694, 3.331280737578534 ], [ 114.339771175130593, 3.332662148517824 ], [ 114.338850234504406, 3.334504029770211 ], [ 114.329065240351056, 3.349066403421907 ], [ 114.326762888785581, 3.352519930770132 ], [ 114.324921007533192, 3.356664163588002 ], [ 114.323079126280803, 3.359196750310034 ], [ 114.320776774715327, 3.36103863156242 ], [ 114.318934893462938, 3.363340983127903 ], [ 114.318244187993287, 3.36656427531958 ], [ 114.316632541897448, 3.367485215945773 ], [ 114.314560425488523, 3.368866626885063 ], [ 114.313869720018872, 3.370478272980901 ], [ 114.311106898140295, 3.373931800329126 ], [ 114.308344076261719, 3.376694622207706 ], [ 114.305581254383128, 3.37899697377319 ], [ 114.303739373130753, 3.382220265964866 ], [ 114.29545090749501, 3.389587790974412 ], [ 114.283478679354488, 3.401790254271474 ], [ 114.277953035597335, 3.408467073811375 ], [ 114.278643741066986, 3.416295069134018 ], [ 114.256195813303549, 3.436037733808024 ], [ 114.250209699233295, 3.438109850216959 ], [ 114.247216642198168, 3.438109850216959 ], [ 114.24583523125888, 3.435807498651476 ], [ 114.24330264453684, 3.432584206459799 ], [ 114.239388646875526, 3.437419144747314 ], [ 114.235244414057647, 3.438109850216959 ], [ 114.234323473431459, 3.436728439277669 ], [ 114.231560651552883, 3.433044676772896 ], [ 114.229258299987393, 3.435347028338379 ], [ 114.227876889048105, 3.438570320530056 ], [ 114.224883832012978, 3.440872672095539 ], [ 114.223041950760589, 3.441793612721732 ], [ 114.219818658568911, 3.441793612721732 ], [ 114.216365131220684, 3.444095964287216 ], [ 114.213372074185557, 3.445477375226506 ], [ 114.211990663246269, 3.444556434600312 ], [ 114.208997606211142, 3.442484318191377 ], [ 114.205544078862914, 3.44754949163544 ], [ 114.202090551514701, 3.452154194766407 ], [ 114.203011492140888, 3.45721936821047 ], [ 114.209458076524243, 3.459291484619405 ], [ 114.207155724958753, 3.462975247124178 ], [ 114.206695254645652, 3.471263712759919 ], [ 114.202781256984338, 3.473566064325402 ], [ 114.202781256984338, 3.474947475264692 ], [ 114.202090551514686, 3.476328886203982 ], [ 114.200709140575398, 3.477249826830175 ], [ 114.198867259323009, 3.480242883865303 ], [ 114.19932772963611, 3.482315000274239 ], [ 114.19955796479266, 3.485077822152819 ], [ 114.198406789009908, 3.487380173718302 ], [ 114.198406789009908, 3.491063936223075 ], [ 114.19955796479266, 3.494747698727848 ], [ 114.205774314019465, 3.496819815136783 ], [ 114.205774314019465, 3.498431461232621 ], [ 114.202781256984338, 3.503036164363588 ], [ 114.203932432767076, 3.509252513590393 ], [ 114.205083608549813, 3.512015335468973 ], [ 114.223041950760589, 3.531815558932128 ], [ 114.220279128881998, 3.539183083941674 ], [ 114.213256956607253, 3.542924405235599 ], [ 114.21014878199388, 3.551155312082187 ], [ 114.206446773195921, 3.553532856004779 ], [ 114.202666139406034, 3.554896633376111 ], [ 114.204277785501887, 3.562264158385657 ], [ 114.204623138236727, 3.560134483187572 ], [ 114.202781256984338, 3.575099768363213 ], [ 114.204162667923626, 3.581776587903114 ], [ 114.199788199949211, 3.590985994165048 ], [ 114.203932432767061, 3.600425635583529 ], [ 114.204392903080162, 3.605721044184141 ], [ 114.200709140575384, 3.61539092075917 ], [ 114.207385960115289, 3.616081626228815 ], [ 114.211299957776603, 3.619304918420492 ], [ 114.222121010134373, 3.617693272324654 ], [ 114.22741641873499, 3.622758445768717 ], [ 114.235014178901082, 3.620916564516331 ], [ 114.236856060153471, 3.622988680925266 ], [ 114.239733999610323, 3.633176586602543 ], [ 114.242151468754017, 3.621089240883758 ], [ 114.248367817980821, 3.615563597126598 ], [ 114.248598053137371, 3.609577483056342 ], [ 114.256886518773115, 3.599447136168215 ], [ 114.260340046121442, 3.595130226982918 ], [ 114.262872632843468, 3.585920820720984 ], [ 114.270700628166111, 3.572567181641181 ], [ 114.275765801610177, 3.550464606612542 ], [ 114.275075096140441, 3.53682317358707 ], [ 114.281982150836981, 3.524908504235678 ], [ 114.292803203194751, 3.525829444861871 ], [ 114.308689428996601, 3.519152625321969 ], [ 114.310991780562077, 3.534578380810708 ], [ 114.316056954006143, 3.544248257385737 ], [ 114.319740716510921, 3.556911190995895 ], [ 114.334015296216904, 3.563357775379248 ], [ 114.335396707156207, 3.570725300388795 ], [ 114.332173414964544, 3.579474236337631 ], [ 114.337468823565146, 3.583157998842404 ], [ 114.337238588408596, 3.588223172286468 ], [ 114.350822462644956, 3.588683642599564 ], [ 114.363715631411651, 3.596972108235304 ], [ 114.369701745481919, 3.60295822230556 ], [ 114.366938923603328, 3.607562925436527 ], [ 114.36578774782059, 3.616081626228815 ], [ 114.368780804855717, 3.623449151238361 ], [ 114.368090099386052, 3.633579498126488 ], [ 114.357038811871732, 3.638414436414004 ], [ 114.367859864229501, 3.647393607519388 ], [ 114.376608800178332, 3.655912308311677 ], [ 114.382594914248585, 3.659135600503353 ], [ 114.381635697612992, 3.67114513917269 ], [ 114.376033212286941, 3.707484983378498 ], [ 114.378796034165518, 3.715773449014238 ], [ 114.376954152913143, 3.729127088094041 ], [ 114.3691261575905, 3.733271320911912 ], [ 114.36659357086846, 3.739948140451813 ], [ 114.356002753667241, 3.749848252183391 ], [ 114.356463223980342, 3.759978599071518 ], [ 114.345943782525538, 3.766799471607126 ], [ 114.34057699817852, 3.767115888924517 ], [ 114.345872406779122, 3.783002114726352 ], [ 114.358305105232745, 3.784843995978738 ], [ 114.363830748989898, 3.789909169422801 ], [ 114.366363335711924, 3.794513872553768 ], [ 114.371658744312541, 3.791290580362091 ], [ 114.377414623226244, 3.793132461614478 ], [ 114.384091442766149, 3.788067288170415 ], [ 114.389156616210215, 3.789218463953157 ], [ 114.396524141219757, 3.792441756144833 ], [ 114.398826492785247, 3.796355753806155 ], [ 114.401128844350723, 3.801651162406766 ], [ 114.40458237169895, 3.812702449921086 ], [ 114.409302192408191, 3.814544331173473 ], [ 114.410683603347493, 3.821336268291649 ], [ 114.409187074829902, 3.823753737435406 ], [ 114.408956839673351, 3.827782852675001 ], [ 114.407575428734063, 3.831811967914597 ], [ 114.410453368190943, 3.83768296440658 ], [ 114.407575428734091, 3.844244666368207 ], [ 114.407575428734091, 3.858519246074203 ], [ 114.400668374037608, 3.867728652336138 ], [ 114.403200960759634, 3.873945001562942 ], [ 114.400898609194158, 3.879470645320102 ], [ 114.398135787315567, 3.887759110955841 ], [ 114.384782148235772, 3.882003232042134 ], [ 114.377875093539316, 3.877858999224264 ], [ 114.371428509155962, 3.882233467198681 ], [ 114.37511227166074, 3.890061462521325 ], [ 114.370047098216673, 3.894205695339195 ], [ 114.371428509155962, 3.90456627738387 ], [ 114.383170502139933, 3.900882514879096 ], [ 114.391228732619126, 3.90871051020174 ], [ 114.405042842012037, 3.914005918802351 ], [ 114.422416465558712, 3.945904033432139 ], [ 114.424382595162101, 3.953145895415567 ], [ 114.41517318890017, 3.963046007147145 ], [ 114.406424252951325, 3.97064376731324 ], [ 114.400207903724507, 3.984227641549589 ], [ 114.414252248273954, 3.997351045472844 ], [ 114.417705775622181, 4.005869746265132 ], [ 114.422770949066248, 3.993667282968071 ], [ 114.433131531110917, 3.996890575159747 ], [ 114.45224104910443, 3.988371874367459 ], [ 114.466745863966977, 3.990674225932942 ], [ 114.480550766646843, 3.967906075749283 ], [ 114.496255209285437, 3.957912339524739 ], [ 114.516242681734298, 3.960767692731793 ], [ 114.5248087413554, 3.937924867075878 ], [ 114.539883898699642, 3.936108493830439 ], [ 114.550935186213962, 3.943169038631261 ], [ 114.55646082997113, 3.940099236543947 ], [ 114.55922365184972, 3.930275869864543 ], [ 114.573651721660084, 3.929047949029618 ], [ 114.584703009174419, 3.910015176088273 ], [ 114.619698752969796, 3.922908344854991 ], [ 114.619035397186053, 3.900805275384812 ], [ 114.646161252652632, 3.904374466893557 ], [ 114.673287108119098, 3.907943658402303 ], [ 114.69613682494392, 3.894973145860434 ], [ 114.712548214715298, 3.890097700858576 ], [ 114.729904647904362, 3.887605620850881 ], [ 114.737272172913919, 3.883307897928642 ], [ 114.74752629150089, 3.890811539160495 ], [ 114.758760787525119, 3.891289383355657 ], [ 114.777507500174465, 3.885100832746389 ], [ 114.795598412572886, 3.890061462520732 ], [ 114.814627091865304, 3.903660628591865 ], [ 114.838897594125001, 3.905088305195477 ], [ 114.866510840789786, 3.890061462520735 ], [ 114.859757276197698, 3.880238095841331 ], [ 114.84809202826591, 3.87778225417148 ], [ 114.850319006952759, 3.853691947469429 ], [ 114.853617672023077, 3.847391213507076 ], [ 114.868878802798235, 3.853691947469429 ], [ 114.884008712687475, 3.85291685726424 ], [ 114.887438598643826, 3.840842858038059 ], [ 114.920232377317774, 3.841251609332448 ], [ 114.927413543541775, 3.833704475020568 ], [ 114.918847483920672, 3.800867913139939 ], [ 114.919925397109054, 3.796432498857668 ], [ 114.932818565875763, 3.805027944702147 ], [ 114.938958170050398, 3.801958142614833 ], [ 114.94325589297263, 3.805334924910878 ], [ 114.950009457564718, 3.805027944702147 ], [ 114.965960811836226, 3.809433972761042 ], [ 114.976563245620014, 3.798888340527519 ], [ 114.99394327326479, 3.800867913139939 ], [ 115.011075392506768, 3.805150942950604 ], [ 115.016470672755077, 3.806562845745803 ], [ 115.017084633172544, 3.815772252007744 ], [ 115.025680079017022, 3.817000172842669 ], [ 115.023924481938138, 3.803723266346992 ], [ 115.036117406113888, 3.790599874891772 ], [ 115.042257010288523, 3.766655418610725 ], [ 115.050852456133001, 3.762357695688486 ], [ 115.064973545734645, 3.747008685251918 ], [ 115.0870761207633, 3.723678189388334 ], [ 115.087690081180767, 3.705873337281915 ], [ 115.096735988716659, 3.676660048635767 ], [ 115.091987804103027, 3.66412402889445 ], [ 115.076748516267571, 3.659527929393732 ], [ 115.082459222681678, 3.645251163358751 ], [ 115.071037809853578, 3.632402073927381 ], [ 115.059616397025593, 3.61955298449584 ], [ 115.044098891540926, 3.609788531948999 ], [ 115.048194984197607, 3.589571775822264 ], [ 115.068964288448171, 3.584923135041759 ], [ 115.065280525943393, 3.567732243352802 ], [ 115.071113149909294, 3.564048480848026 ], [ 115.065327103439699, 3.55387986073481 ], [ 115.058188720422208, 3.532464711682337 ], [ 115.058188720422208, 3.509621886026423 ], [ 115.062471750232589, 3.472502294335357 ], [ 115.07246548645719, 3.459653204903987 ], [ 115.074106206941451, 3.45405363480793 ], [ 115.06961013325008, 3.442521085661951 ], [ 115.093062234834306, 3.44190873029907 ], [ 115.102578621304986, 3.438224967794293 ], [ 115.091834313995676, 3.422281183204261 ], [ 115.106569364018497, 3.423489917775183 ], [ 115.11669971090663, 3.41857823443548 ], [ 115.113706653867752, 3.412381071472683 ], [ 115.108641480423685, 3.400869313645266 ] ] ] ] } },
{ "type": "Feature", "properties": { "Id": 89, "NEGERI": "SARAWAK", "KODPAR": "P.219", "PARLIMEN": "MIRI", "KODDUN": "N.89", "NAMADUN": "PERMAISURI", "KODUNIK": "P.219_N.89", "BILANGAN_P": 31283, "PERATUS_EQ": 151.99 }, "geometry": { "type": "MultiPolygon", "coordinates": [ [ [ [ 113.991885853586012, 4.403888773148073 ], [ 113.992921911790475, 4.402737597365332 ], [ 113.990619560224999, 4.395485189934059 ], [ 113.982543803355284, 4.397279802571773 ], [ 113.983563591764209, 4.400220618887829 ], [ 113.99604177766048, 4.435646998005552 ], [ 113.999109798341919, 4.456377570026518 ], [ 113.996860642347656, 4.474150322720391 ], [ 113.994497857554734, 4.499002050827642 ], [ 113.985228348750297, 4.524353890822567 ], [ 113.974532760839338, 4.558707772597415 ], [ 113.966689329345172, 4.587848051195579 ], [ 113.969303806809194, 4.601114842319873 ], [ 114.004005047108421, 4.596614053427572 ], [ 114.065088736510461, 4.588796833193044 ], [ 114.084103114719483, 4.586664877638043 ], [ 114.092897264719909, 4.581926781405173 ], [ 114.133540498602656, 4.576715201779336 ], [ 114.164438863080136, 4.572451126365706 ], [ 114.174717178151923, 4.56377687502146 ], [ 114.181599622581857, 4.551469508495555 ], [ 114.163641280371081, 4.540418220981235 ], [ 114.161454046383881, 4.54249033739016 ], [ 114.146718996364797, 4.556764917096157 ], [ 114.142804998703468, 4.555153271000318 ], [ 114.134977003380826, 4.549167156930062 ], [ 114.123235010396854, 4.547095040521127 ], [ 114.093304440045571, 4.560218444444382 ], [ 114.073964686895494, 4.563671971792607 ], [ 114.072813511112756, 4.547325275677675 ], [ 114.069820454077629, 4.546174099894933 ], [ 114.05945987203296, 4.547785745990772 ], [ 114.05922963687641, 4.542950807703257 ], [ 114.0458759977966, 4.512099296725781 ], [ 114.007541844231312, 4.511293473677864 ], [ 114.007196491496487, 4.501393361946286 ], [ 114.005584845400648, 4.501508479524561 ], [ 114.005584845400648, 4.495752600610852 ], [ 114.010880254001265, 4.495522365454304 ], [ 114.010880254001279, 4.488154840444758 ], [ 114.013182605566755, 4.488039722866484 ], [ 114.012722135253654, 4.47963613965247 ], [ 114.013483153627035, 4.478331536726681 ], [ 114.020308478804623, 4.480048373897091 ], [ 114.026536244646564, 4.478254728713181 ], [ 114.026536244646564, 4.466397618150942 ], [ 114.03540029817367, 4.465937147837845 ], [ 114.035515415751945, 4.427372759116001 ], [ 114.033097946608194, 4.427372759116001 ], [ 114.020204777841485, 4.409529534483507 ], [ 114.017201403939836, 4.411245748141591 ], [ 114.019629189950095, 4.414249355192749 ], [ 114.024924598550712, 4.426106465754987 ], [ 114.025845539176899, 4.432783285294889 ], [ 114.021240836045948, 4.455346330636627 ], [ 114.01778730869772, 4.456152153684545 ], [ 114.017326838384619, 4.460756856815513 ], [ 114.011455841892641, 4.468584852138155 ], [ 114.012722135253654, 4.449245098988096 ], [ 114.007426726653037, 4.448324158361904 ], [ 114.003512728991723, 4.427948347007376 ], [ 114.000059201643495, 4.427027406381184 ], [ 113.998677790704207, 4.423804114189507 ], [ 113.996583019841907, 4.413033839704061 ], [ 113.994648675464589, 4.408838829013862 ], [ 113.991885853586012, 4.403888773148073 ] ] ] ] } },
{ "type": "Feature", "properties": { "Id": 96, "NEGERI": "SARAWAK", "KODPAR": "P.221", "PARLIMEN": "LIMBANG", "KODDUN": "N.96", "NAMADUN": "BUKIT KOTA", "KODUNIK": "P.221_N.96", "BILANGAN_P": 22988, "PERATUS_EQ": 111.69 }, "geometry": { "type": "MultiPolygon", "coordinates": [ [ [ [ 115.04493828104988, 4.622908651042547 ], [ 115.043139578385663, 4.623993582808263 ], [ 115.039916286193986, 4.629058756252325 ], [ 115.036808111580584, 4.632742518757099 ], [ 115.032663878762705, 4.63527510547913 ], [ 115.031167350245141, 4.635044870322582 ], [ 115.029325468992766, 4.635159987900856 ], [ 115.027023117427277, 4.635735575792227 ], [ 115.024951001018337, 4.636886751574969 ], [ 115.022418414296311, 4.637577457044614 ], [ 115.029210351414491, 4.639304220718726 ], [ 115.031167350245141, 4.640685631658016 ], [ 115.031167350245141, 4.641951925019032 ], [ 115.030476644775504, 4.643793806271418 ], [ 115.030706879932055, 4.646556628149998 ], [ 115.030706879932055, 4.648398509402385 ], [ 115.029440586571027, 4.651276448859239 ], [ 115.025411471331438, 4.651391566437513 ], [ 115.02172770882666, 4.651161331280965 ], [ 115.019885827574285, 4.651736919172336 ], [ 115.018043946321896, 4.653924153159545 ], [ 115.016777652960897, 4.657607915664318 ], [ 115.017468358430534, 4.660485855121173 ], [ 115.020461415465661, 4.662327736373559 ], [ 115.021497473670138, 4.66566614614351 ], [ 115.017123005695709, 4.667738262552445 ], [ 115.015626477178145, 4.667392909817622 ], [ 115.009985715842717, 4.668659203178638 ], [ 115.006301953337939, 4.671422025057217 ], [ 115.003424013881087, 4.672918553574782 ], [ 115.001697250206973, 4.673609259044427 ], [ 114.998013487702195, 4.675681375453362 ], [ 114.995480900980169, 4.676602316079555 ], [ 114.993523902149505, 4.679710490692957 ], [ 114.993178549414694, 4.681322136788796 ], [ 114.992833196679868, 4.684084958667376 ], [ 114.99375413730607, 4.696747892277533 ], [ 114.995480900980183, 4.698820008686468 ], [ 115.002848425989725, 4.699510714156113 ], [ 115.003769366615927, 4.702043300878144 ], [ 115.003193778724551, 4.724376111063332 ], [ 115.014014831082321, 4.74118327749136 ], [ 115.011136891625469, 4.743370511478569 ], [ 115.008834540059979, 4.743600746635118 ], [ 115.006877541229329, 4.743370511478569 ], [ 115.003999601772463, 4.739686748973796 ], [ 115.002157720520088, 4.735772751312474 ], [ 114.999164663484962, 4.733700634903539 ], [ 114.997322782232573, 4.732549459120798 ], [ 114.996171606449821, 4.735197163421104 ], [ 114.995250665823633, 4.738535573191054 ], [ 114.993293666992969, 4.741528630226183 ], [ 114.98742267050099, 4.740147219286893 ], [ 114.983048202526575, 4.739686748973796 ], [ 114.979364440021797, 4.739686748973796 ], [ 114.977983029082509, 4.740607689599989 ], [ 114.974644619312556, 4.742910041165473 ], [ 114.969234093133679, 4.747975214609536 ], [ 114.963938684533062, 4.755112504462534 ], [ 114.961636332967572, 4.75776020876284 ], [ 114.956686277101781, 4.756839268136646 ], [ 114.953808337644929, 4.756724150558372 ], [ 114.95173622123599, 4.754997386884259 ], [ 114.949088516935689, 4.753731093523244 ], [ 114.943102402865421, 4.753731093523244 ], [ 114.937922111843093, 4.754882269305986 ], [ 114.935044172386242, 4.754767151727711 ], [ 114.928827823159423, 4.751658977114309 ], [ 114.92560453096776, 4.748896155235729 ], [ 114.918352123536479, 4.747399626718164 ], [ 114.914783478609976, 4.748090332187809 ], [ 114.912941597357587, 4.748320567344358 ], [ 114.910063657900736, 4.747629861874713 ], [ 114.907991541491796, 4.746939156405068 ], [ 114.906034542661146, 4.747629861874713 ], [ 114.903041485626005, 4.749241507970551 ], [ 114.900624016482254, 4.749701978283648 ], [ 114.89889725280814, 4.749701978283648 ], [ 114.897400724290577, 4.749241507970551 ], [ 114.89647978366439, 4.745097275152681 ], [ 114.89647978366439, 4.740837924756537 ], [ 114.894522784833725, 4.73703904467349 ], [ 114.893256491472712, 4.734506457951458 ], [ 114.89222043326825, 4.733009929433894 ], [ 114.889227376233123, 4.730477342711862 ], [ 114.886579671932822, 4.729095931772572 ], [ 114.884047085210781, 4.728980814194299 ], [ 114.881744733645306, 4.728865696616024 ], [ 114.880017969971192, 4.727714520833283 ], [ 114.878866794188454, 4.727138932941911 ], [ 114.877945853562252, 4.727023815363638 ], [ 114.87375273209193, 4.728207319405612 ], [ 114.866138456873273, 4.735821594624326 ], [ 114.860793334399389, 4.738996043504152 ], [ 114.856073513690149, 4.738880925925878 ], [ 114.854692102750846, 4.736693691938669 ], [ 114.849958122033627, 4.733918025819662 ], [ 114.845712931645465, 4.732894811855622 ], [ 114.841223346092789, 4.727369168098464 ], [ 114.844247415619634, 4.711075200163577 ], [ 114.839611699996951, 4.711482942296628 ], [ 114.840532640623138, 4.717699291523433 ], [ 114.837769818744562, 4.720231878245465 ], [ 114.829136000373992, 4.719310937619272 ], [ 114.825106885134403, 4.717123703632063 ], [ 114.811523010898057, 4.716432998162418 ], [ 114.808184601128104, 4.712519000501096 ], [ 114.797939136661697, 4.711713177453177 ], [ 114.788499495243215, 4.710101531357338 ], [ 114.788844847978041, 4.721152818871658 ], [ 114.781707558125049, 4.722879582545771 ], [ 114.781233887120607, 4.728626742299014 ], [ 114.794933887804632, 4.736666557805847 ], [ 114.802486676574972, 4.738540963705304 ], [ 114.812672265746414, 4.743528618106268 ], [ 114.82586349029782, 4.746726313248189 ], [ 114.843689470149684, 4.782253742415492 ], [ 114.850819862090589, 4.794687912954203 ], [ 114.875063194329755, 4.806766803857158 ], [ 114.897167408807036, 4.818490207903267 ], [ 114.91784554507592, 4.812806524611631 ], [ 114.934245445821034, 4.818845884786413 ], [ 114.944227995076858, 4.813517325760415 ], [ 114.949932307910899, 4.817069847605296 ], [ 114.971382903695826, 4.811919032380445 ], [ 114.975126359554565, 4.819379226023898 ], [ 114.98035531358471, 4.834536164529766 ], [ 114.990408817171669, 4.855787600726728 ], [ 114.985952322657795, 4.870588381441905 ], [ 115.004966700867158, 4.890125197564259 ], [ 115.025019300000167, 4.896608200000117 ], [ 115.025347600000146, 4.88954 ], [ 115.025400500000273, 4.888574000000119 ], [ 115.022409700000253, 4.883391900000163 ], [ 115.0226394, 4.883127799999954 ], [ 115.020836800000097, 4.8793596000001 ], [ 115.019847200000072, 4.878514400000142 ], [ 115.019337300000075, 4.878238800000076 ], [ 115.018659300000081, 4.877417800000217 ], [ 115.017732300000148, 4.876254800000254 ], [ 115.016942700000186, 4.875023300000123 ], [ 115.016659400000322, 4.873107600000083 ], [ 115.016462000000161, 4.871405800000161 ], [ 115.016822500000103, 4.869909100000143 ], [ 115.017028500000151, 4.871097900000052 ], [ 115.017337500000167, 4.872500400000149 ], [ 115.017775200000301, 4.873355600000195 ], [ 115.01828160000025, 4.873860200000195 ], [ 115.0230881, 4.873295800000221 ], [ 115.024487200000181, 4.873518100000126 ], [ 115.025731700000279, 4.873543799999936 ], [ 115.027053500000079, 4.873757599999863 ], [ 115.028049200000055, 4.873629300000118 ], [ 115.028701500000352, 4.873483900000167 ], [ 115.029104900000334, 4.873158900000249 ], [ 115.024671900000158, 4.8537758 ], [ 115.02344, 4.852000800000212 ], [ 115.022135400000252, 4.849580500000172 ], [ 115.021920800000089, 4.847485200000165 ], [ 115.022650400000089, 4.845723400000225 ], [ 115.023036600000069, 4.843029400000091 ], [ 115.023676500000079, 4.841504100000179 ], [ 115.023852000000147, 4.840643300000181 ], [ 115.023774800000183, 4.840113000000201 ], [ 115.024856300000351, 4.839180800000179 ], [ 115.025439900000151, 4.838197300000161 ], [ 115.025611600000161, 4.837111099999959 ], [ 115.025199600000178, 4.835426300000165 ], [ 115.025800400000094, 4.8338526 ], [ 115.026186600000074, 4.833425000000148 ], [ 115.02611800000011, 4.831765800000198 ], [ 115.02560300000016, 4.829986800000256 ], [ 115.024787600000195, 4.829345400000136 ], [ 115.024104, 4.829031000000214 ], [ 115.023783400000184, 4.828883600000097 ], [ 115.022950800000217, 4.828875 ], [ 115.022195499999953, 4.827104600000155 ], [ 115.022023800000284, 4.825000700000146 ], [ 115.021339100000091, 4.823740499999985 ], [ 115.021452800000134, 4.822987100000205 ], [ 115.021780700000249, 4.822653600000137 ], [ 115.022251100000062, 4.822679599999958 ], [ 115.023686400000202, 4.82223990000017 ], [ 115.022335400000316, 4.821534700000086 ], [ 115.022466000000122, 4.821082700000204 ], [ 115.022547000000259, 4.820710800000143 ], [ 115.022732800000085, 4.819524400000205 ], [ 115.02232790000005, 4.818593600000099 ], [ 115.021450500000128, 4.817621900000177 ], [ 115.020762100000184, 4.817055200000198 ], [ 115.021198300000378, 4.816349600000251 ], [ 115.021176300000093, 4.81513770000015 ], [ 115.020783600000186, 4.814140000000236 ], [ 115.020766800000047, 4.812479600000131 ], [ 115.0213973, 4.812470900000108 ], [ 115.021577500000149, 4.811401800000112 ], [ 115.021567400000208, 4.810156400000096 ], [ 115.021940200000131, 4.809841100000142 ], [ 115.022169699999949, 4.809888000000115 ], [ 115.022927600000116, 4.810162400000252 ], [ 115.023412800000074, 4.809495500000139 ], [ 115.02316940000037, 4.809246300000154 ], [ 115.02295330000004, 4.807881000000123 ], [ 115.023283700000093, 4.807234099999903 ], [ 115.023613600000203, 4.806876700000203 ], [ 115.024464000000194, 4.8068588000001 ], [ 115.025465600000075, 4.807219500000144 ], [ 115.02649710000037, 4.806786100000124 ], [ 115.026916200000073, 4.807099700000151 ], [ 115.028401100000337, 4.807364900000096 ], [ 115.028751500000226, 4.807058500000153 ], [ 115.028438100000244, 4.806731300000251 ], [ 115.028065, 4.806493400000079 ], [ 115.027811300000053, 4.80572010000003 ], [ 115.027363600000172, 4.805155000000184 ], [ 115.025125000000344, 4.803861100000063 ], [ 115.024080300000264, 4.803162200000145 ], [ 115.023438600000077, 4.801987300000121 ], [ 115.022856500000103, 4.801199100000076 ], [ 115.021801600000344, 4.801009099999987 ], [ 115.021320300000184, 4.801206600000171 ], [ 115.020598299999961, 4.801728600000217 ], [ 115.020017800000232, 4.802165900000148 ], [ 115.019593100000066, 4.802292900000168 ], [ 115.018573800000127, 4.802264600000115 ], [ 115.018064200000254, 4.801813200000083 ], [ 115.018205800000374, 4.80106550000022 ], [ 115.018927800000029, 4.800966800000253 ], [ 115.01895610000031, 4.801361800000223 ], [ 115.0192839, 4.801486800000077 ], [ 115.019593100000066, 4.801404100000184 ], [ 115.019975400000021, 4.801093800000103 ], [ 115.020782300000064, 4.800585900000158 ], [ 115.021688300000392, 4.800402500000246 ], [ 115.022212100000388, 4.800388400000145 ], [ 115.023020700000188, 4.800767800000131 ], [ 115.023737, 4.801585800000112 ], [ 115.024722000000224, 4.802835 ], [ 115.025169800000185, 4.80280520000008 ], [ 115.02602040000022, 4.802180599999929 ], [ 115.027557600000364, 4.801556000000119 ], [ 115.028781400000184, 4.801184199999909 ], [ 115.03021410000008, 4.80133300000017 ], [ 115.030930400000216, 4.801927800000158 ], [ 115.031437800000276, 4.801675000000216 ], [ 115.031691500000306, 4.8007530000001 ], [ 115.032213900000329, 4.799057600000197 ], [ 115.032736200000386, 4.797659700000168 ], [ 115.032542200000194, 4.797228400000165 ], [ 115.031005000000164, 4.79639560000021 ], [ 115.0303782000002, 4.795235600000126 ], [ 115.031363199999987, 4.795860199999936 ], [ 115.03243770000006, 4.796202200000153 ], [ 115.034004800000389, 4.795696600000099 ], [ 115.036437400000068, 4.793793000000164 ], [ 115.038780400000292, 4.792677600000218 ], [ 115.040914600000065, 4.791710900000169 ], [ 115.04227270000024, 4.791264800000192 ], [ 115.044720200000256, 4.791235000000256 ], [ 115.046212600000104, 4.791651500000228 ], [ 115.047809500000199, 4.792038100000241 ], [ 115.049018300000057, 4.792870900000253 ], [ 115.050391300000115, 4.793971500000168 ], [ 115.050988300000313, 4.794060700000102 ], [ 115.051943400000141, 4.793584799999962 ], [ 115.053827400000387, 4.790608300000088 ], [ 115.032707885973196, 4.771353931315048 ], [ 115.034419180182795, 4.761311616941725 ], [ 115.023390841019136, 4.751647970346596 ], [ 115.033278317076793, 4.747100499232999 ], [ 115.026623284838251, 4.739710530690445 ], [ 115.036510761794716, 4.725499090883091 ], [ 115.047539100958375, 4.730425926479995 ], [ 115.036891049197038, 4.717351004482111 ], [ 115.028144435346576, 4.701622917949919 ], [ 115.043355937734418, 4.693474720473887 ], [ 115.034419180182795, 4.693474616169453 ], [ 115.039933349315334, 4.684947208434323 ], [ 115.044496800840079, 4.673766638402356 ], [ 115.041264356122269, 4.669028993713368 ], [ 115.04601795045005, 4.654437016277768 ], [ 115.052102551584994, 4.650646899835749 ], [ 115.041272279263239, 4.63509888787604 ], [ 115.046501233293156, 4.626570758802188 ], [ 115.04493828104988, 4.622908651042547 ] ] ] ] } },
{ "type": "Feature", "properties": { "Id": 98, "NEGERI": "SARAWAK", "KODPAR": "P.222", "PARLIMEN": "LAWAS", "KODDUN": "N.98", "NAMADUN": "GUNONG MURUD", "KODUNIK": "P.222_N.98", "BILANGAN_P": 14584, "PERATUS_EQ": 70.86 }, "geometry": { "type": "MultiPolygon", "coordinates": [ [ [ [ 115.542864985673859, 4.957028736755414 ], [ 115.547469688804824, 4.952884503937544 ], [ 115.551613921622689, 4.955417090659576 ], [ 115.556448859910205, 4.954496150033383 ], [ 115.558290741162594, 4.955417090659576 ], [ 115.560823327884634, 4.960942734416736 ], [ 115.565888501328686, 4.962093910199478 ], [ 115.569111793520364, 4.963014850825671 ], [ 115.573025791181692, 4.964626496921509 ], [ 115.574867672434081, 4.965547437547702 ], [ 115.571874615398954, 4.967159083643541 ], [ 115.570262969303116, 4.969691670365572 ], [ 115.569572263833464, 4.972224257087604 ], [ 115.571183909929303, 4.973375432870346 ], [ 115.577630494312658, 4.973835903183442 ], [ 115.580623551347784, 4.974756843809636 ], [ 115.582235197443623, 4.977749900844763 ], [ 115.58315613806981, 4.978440606314408 ], [ 115.584307313852563, 4.982584839132278 ], [ 115.586296749530149, 4.99009344046898 ], [ 115.592684391936075, 4.993201081435487 ], [ 115.596249587906456, 4.991721331825913 ], [ 115.602043031582895, 4.986838063346494 ], [ 115.605608227553262, 4.982546657174349 ], [ 115.60976762315147, 4.979439088834981 ], [ 115.612590069587071, 4.976479473127664 ], [ 115.620611760071228, 4.972336034305458 ], [ 115.621057409792144, 4.969080388989416 ], [ 115.623731306320749, 4.961681153294099 ], [ 115.626405203747666, 4.952801955084443 ], [ 115.625365355297291, 4.94407058181305 ], [ 115.623879856227688, 4.938150930632014 ], [ 115.624771155669436, 4.934155158016841 ], [ 115.625469352359403, 4.928242736351504 ], [ 115.631835105516842, 4.930455106012432 ], [ 115.641817653874583, 4.918023672027686 ], [ 115.652513241785684, 4.897067223056134 ], [ 115.650374124023799, 4.885345433552862 ], [ 115.648591526038615, 4.866874333352709 ], [ 115.650730643800458, 4.857993848904196 ], [ 115.662139270366708, 4.834548865551771 ], [ 115.663208828798503, 4.826023178043676 ], [ 115.667487064322287, 4.802576992597251 ], [ 115.665347946560374, 4.791564059555715 ], [ 115.661426230813333, 4.774156148136309 ], [ 115.657147996187859, 4.770248147815638 ], [ 115.649661084470424, 4.766340087805205 ], [ 115.640748094544492, 4.763853079405628 ], [ 115.634330742157147, 4.756747517421931 ], [ 115.630409026410078, 4.738272853961562 ], [ 115.622922115590953, 4.727969396648215 ], [ 115.616504762305269, 4.721574049397971 ], [ 115.613652605888305, 4.714823385206123 ], [ 115.613296086111646, 4.695637015456999 ], [ 115.606878733724301, 4.67751599342755 ], [ 115.597609224021681, 4.660105115648337 ], [ 115.587983195440628, 4.651221788917348 ], [ 115.574078931335848, 4.639495609828261 ], [ 115.561600745439577, 4.621373049662772 ], [ 115.558392069245883, 4.619596279411051 ], [ 115.558196403600604, 4.613659141530619 ], [ 115.553977588937926, 4.600143817616323 ], [ 115.558255823563371, 4.586877087995641 ], [ 115.56918909132564, 4.573136359015163 ], [ 115.577270201772578, 4.567450502724516 ], [ 115.577745561474899, 4.555130793427698 ], [ 115.574893404159596, 4.542810831569826 ], [ 115.591055625951839, 4.516748931075376 ], [ 115.586302031624115, 4.500163413953168 ], [ 115.57489340415961, 4.492581228517449 ], [ 115.564910855801912, 4.484525093139889 ], [ 115.57061516953415, 4.475521267862727 ], [ 115.576319483266417, 4.464621736465239 ], [ 115.588678828338828, 4.448509130621192 ], [ 115.597235298488044, 4.426235135697833 ], [ 115.599612096101097, 4.412491233728602 ], [ 115.598661377594865, 4.397325208087969 ], [ 115.592481704160321, 4.381684855419544 ], [ 115.59200634535641, 4.371257812001453 ], [ 115.614823598488812, 4.355380260112412 ], [ 115.61529895819109, 4.344952858075623 ], [ 115.623855428340349, 4.349218733935048 ], [ 115.631461179983319, 4.35443251550419 ], [ 115.639542290430313, 4.351114809480884 ], [ 115.664260982371744, 4.333103925054179 ], [ 115.668539216997218, 4.317936334053929 ], [ 115.669014576699468, 4.303716397279724 ], [ 115.667588498491043, 4.280489896957755 ], [ 115.645721962966519, 4.243989439785524 ], [ 115.64524660416258, 4.232612389066733 ], [ 115.646197322668797, 4.199428387144438 ], [ 115.638116212221831, 4.180939435215351 ], [ 115.639066930728077, 4.16766512258453 ], [ 115.654278433115792, 4.151072077187174 ], [ 115.649524838788068, 4.133530228094622 ], [ 115.651049676004291, 4.129906491255044 ], [ 115.654001140255559, 4.123692481801443 ], [ 115.67111408055402, 4.124403851120646 ], [ 115.679129790448314, 4.110553979949026 ], [ 115.679670550703236, 4.108758054418818 ], [ 115.682522708018539, 4.08102141609322 ], [ 115.653290430817492, 4.038463538945848 ], [ 115.647579724403386, 3.995633240840903 ], [ 115.634730634972016, 3.961369002356889 ], [ 115.620453868937034, 3.941381529907858 ], [ 115.589044983660074, 3.949947589528904 ], [ 115.577623570832088, 3.939953853304416 ], [ 115.565727752965927, 3.912797758854197 ], [ 115.54390104387835, 3.920855414709674 ], [ 115.51949611728422, 3.916711181891805 ], [ 115.512589062587779, 3.926841528779931 ], [ 115.520042101653985, 3.932785231303285 ], [ 115.516733295405643, 3.942037049112121 ], [ 115.509735069730368, 3.94841035857479 ], [ 115.50783150092559, 3.959831771402946 ], [ 115.506833183674019, 3.975421146811628 ], [ 115.509596005552595, 3.981867731194981 ], [ 115.496410088097605, 3.988385303472853 ], [ 115.485651549271566, 3.992458548396204 ], [ 115.49209813365492, 4.01778441561652 ], [ 115.50314942116924, 4.025612410939163 ], [ 115.501768010229952, 4.036203228140386 ], [ 115.509596005552595, 4.054161570351156 ], [ 115.514661178996661, 4.070738501622635 ], [ 115.507754124300206, 4.086854962581018 ], [ 115.502120794511825, 4.094985156534051 ], [ 115.487493430523955, 4.102971423539401 ], [ 115.487844028476843, 4.114972628983082 ], [ 115.481181537660405, 4.123538688604015 ], [ 115.477374400050962, 4.136863670236551 ], [ 115.468808340430201, 4.145429729857653 ], [ 115.453418627354822, 4.163293034555061 ], [ 115.444669691405991, 4.168818678312221 ], [ 115.429013700760692, 4.177567614261058 ], [ 115.420725235124962, 4.171581500190801 ], [ 115.415199591367795, 4.166976797059835 ], [ 115.395859838217746, 4.171581500190801 ], [ 115.394938897591544, 4.180330436139638 ], [ 115.377441025693869, 4.178488554887251 ], [ 115.374678203815293, 4.185856079896798 ], [ 115.364087386614074, 4.190000312714668 ], [ 115.35579892097833, 4.190921253340861 ], [ 115.340603400646145, 4.186316550209894 ], [ 115.340317446115364, 4.201585009595192 ], [ 115.328170702192537, 4.204735362733761 ], [ 115.314619267252283, 4.221572482044223 ], [ 115.307910008416272, 4.223154175257627 ], [ 115.300082013093629, 4.232824051832656 ], [ 115.304226245911508, 4.247559101851749 ], [ 115.319421766243693, 4.245256750286266 ], [ 115.317119414678217, 4.273345439385162 ], [ 115.328631172505638, 4.277489672203032 ], [ 115.32724976156635, 4.283015315960192 ], [ 115.334617286575892, 4.283936256586385 ], [ 115.324698819172454, 4.293768948159993 ], [ 115.340541193112927, 4.311770562606512 ], [ 115.355277335798405, 4.330730393555712 ], [ 115.33911511490453, 4.355851011038055 ], [ 115.332460082665989, 4.367700074863819 ], [ 115.32556737057655, 4.384122591761297 ], [ 115.31487178266525, 4.38732163232919 ], [ 115.299184920575385, 4.395141570012356 ], [ 115.290628450426084, 4.40864875786059 ], [ 115.284211098038668, 4.419667601685489 ], [ 115.270663352812335, 4.43424059714016 ], [ 115.268167716172115, 4.44881342975475 ], [ 115.270663352812335, 4.464096878081023 ], [ 115.269237274603938, 4.492530272166448 ], [ 115.268167716172115, 4.507101946309149 ], [ 115.262106882663034, 4.533756635097745 ], [ 115.263532961769897, 4.546550581709369 ], [ 115.267098156841939, 4.55756743535369 ], [ 115.281002420946834, 4.578534605062544 ], [ 115.281715460500095, 4.588840201685912 ], [ 115.284567616917229, 4.607674196950427 ], [ 115.284211098038668, 4.620111437910225 ], [ 115.276367666544502, 4.632548370644031 ], [ 115.264959039978294, 4.640365681794947 ], [ 115.24855913833494, 4.644984847147612 ], [ 115.2514112956502, 4.654578834461688 ], [ 115.257472128260929, 4.662040776068523 ], [ 115.262106882663034, 4.675543061163353 ], [ 115.252115880260249, 4.687568398435587 ], [ 115.241420293247415, 4.693963862988937 ], [ 115.237855097277134, 4.701306832572243 ], [ 115.253066599664749, 4.717413985298322 ], [ 115.254017318171009, 4.725704203618477 ], [ 115.24118261339629, 4.736362744437145 ], [ 115.227397189217072, 4.754363549386198 ], [ 115.234814379091972, 4.769861186972207 ], [ 115.237836539199407, 4.790563573668692 ], [ 115.232125832785528, 4.807695692910727 ], [ 115.232405687082633, 4.807863605488876 ], [ 115.239264215802905, 4.811978722721108 ], [ 115.254380334521954, 4.817141692889507 ], [ 115.268040953810512, 4.813304440280364 ], [ 115.26543162203312, 4.810714294768953 ], [ 115.266122327502771, 4.808296825625196 ], [ 115.262899035311094, 4.804382827963875 ], [ 115.262323447419718, 4.800353712724279 ], [ 115.266582797815872, 4.799202536941537 ], [ 115.267388620863784, 4.795173421701941 ], [ 115.262899035311094, 4.790568718570975 ], [ 115.264395563828657, 4.787575661535846 ], [ 115.270266560320636, 4.788381484583765 ], [ 115.270266560320636, 4.782050017778687 ], [ 115.273720087672032, 4.782299439198487 ], [ 115.280857377521869, 4.794252481075748 ], [ 115.289721431048974, 4.800238595146005 ], [ 115.296052897854054, 4.819808583452613 ], [ 115.311824006077615, 4.82199581743982 ], [ 115.332063195030287, 4.837676901584018 ], [ 115.343711575259562, 4.841105335433332 ], [ 115.346934867451239, 4.845594920986025 ], [ 115.353381451834593, 4.846746096768766 ], [ 115.354993097930432, 4.847551919816685 ], [ 115.363051328409625, 4.844213510046735 ], [ 115.363281563566161, 4.849278683490798 ], [ 115.372038139928122, 4.850525991015672 ], [ 115.371339794045355, 4.838918101446122 ], [ 115.37346581653162, 4.830538518566527 ], [ 115.367886266697127, 4.825794697522867 ], [ 115.378477083898346, 4.813592234225806 ], [ 115.383459552756108, 4.816261752531545 ], [ 115.388607430786479, 4.817736467043676 ], [ 115.403342480805577, 4.813361999069258 ], [ 115.403447025205196, 4.817689429134987 ], [ 115.404493656588315, 4.821189994391901 ], [ 115.416465884728822, 4.819808583452611 ], [ 115.420579144447288, 4.816261752531659 ], [ 115.426596231616955, 4.808066590468646 ], [ 115.436266108191987, 4.811750352973418 ], [ 115.44179175194914, 4.816355056104385 ], [ 115.448698806645595, 4.820269053765706 ], [ 115.45284303946346, 4.824873756896674 ], [ 115.453303509776561, 4.828787754557995 ], [ 115.464585032447431, 4.829708695184188 ], [ 115.462973386351578, 4.842832099107444 ], [ 115.459519859003365, 4.84605539129912 ], [ 115.460671034786102, 4.852732210839021 ], [ 115.454224450402748, 4.859409030378923 ], [ 115.459059388690264, 4.8626323225706 ], [ 115.459289623846814, 4.872302199145629 ], [ 115.46159197541229, 4.877367372589693 ], [ 115.463664091821229, 4.894865244487366 ], [ 115.477247966057575, 4.91213288122849 ], [ 115.499120305929665, 4.914665467950523 ], [ 115.504645949686832, 4.916967819516006 ], [ 115.507178536408858, 4.912823586698136 ], [ 115.517078648140441, 4.916967819516006 ], [ 115.533195109098827, 4.917428289829103 ], [ 115.532043933316089, 4.925716755464842 ], [ 115.538030047386343, 4.927098166404132 ], [ 115.546778983335173, 4.929170282813067 ], [ 115.541483574734571, 4.940451805483935 ], [ 115.538030047386343, 4.946207684397644 ], [ 115.539871928638732, 4.949891446902416 ], [ 115.537799812229792, 4.956107796129221 ], [ 115.542864985673859, 4.957028736755414 ] ] ] ] } },
{ "type": "Feature", "properties": { "Id": 99, "NEGERI": "SARAWAK", "KODPAR": "P.222", "PARLIMEN": "LAWAS", "KODDUN": "N.99", "NAMADUN": "BUKIT SARI", "KODUNIK": "P.222_N.99", "BILANGAN_P": 20704, "PERATUS_EQ": 100.59 }, "geometry": { "type": "MultiPolygon", "coordinates": [ [ [ [ 115.584307313852563, 4.982584839132278 ], [ 115.58315613806981, 4.978440606314408 ], [ 115.582235197443623, 4.977749900844763 ], [ 115.580623551347784, 4.974756843809636 ], [ 115.577630494312658, 4.973835903183442 ], [ 115.571183909929303, 4.973375432870346 ], [ 115.569572263833464, 4.972224257087604 ], [ 115.570262969303116, 4.969691670365572 ], [ 115.571874615398954, 4.967159083643541 ], [ 115.574867672434081, 4.965547437547702 ], [ 115.573025791181692, 4.964626496921509 ], [ 115.569111793520364, 4.963014850825671 ], [ 115.565888501328686, 4.962093910199478 ], [ 115.560823327884634, 4.960942734416736 ], [ 115.558290741162594, 4.955417090659576 ], [ 115.556448859910205, 4.954496150033383 ], [ 115.551613921622689, 4.955417090659576 ], [ 115.547469688804824, 4.952884503937544 ], [ 115.542864985673859, 4.957028736755414 ], [ 115.537799812229792, 4.956107796129221 ], [ 115.539871928638732, 4.949891446902416 ], [ 115.538030047386343, 4.946207684397644 ], [ 115.541483574734571, 4.940451805483935 ], [ 115.546778983335173, 4.929170282813067 ], [ 115.538030047386343, 4.927098166404132 ], [ 115.532043933316089, 4.925716755464842 ], [ 115.533195109098827, 4.917428289829103 ], [ 115.517078648140441, 4.916967819516006 ], [ 115.507178536408858, 4.912823586698136 ], [ 115.504645949686832, 4.916967819516006 ], [ 115.499120305929665, 4.914665467950523 ], [ 115.477247966057575, 4.91213288122849 ], [ 115.463664091821229, 4.894865244487366 ], [ 115.46159197541229, 4.877367372589693 ], [ 115.459289623846814, 4.872302199145629 ], [ 115.459059388690264, 4.8626323225706 ], [ 115.454224450402748, 4.859409030378923 ], [ 115.460671034786102, 4.852732210839021 ], [ 115.459519859003365, 4.84605539129912 ], [ 115.462973386351578, 4.842832099107444 ], [ 115.464585032447431, 4.829708695184188 ], [ 115.453303509776561, 4.828787754557995 ], [ 115.45284303946346, 4.824873756896674 ], [ 115.448698806645595, 4.820269053765706 ], [ 115.44179175194914, 4.816355056104385 ], [ 115.436266108191987, 4.811750352973418 ], [ 115.426596231616955, 4.808066590468646 ], [ 115.420579144447288, 4.816261752531659 ], [ 115.416465884728822, 4.819808583452611 ], [ 115.404493656588315, 4.821189994391901 ], [ 115.403447025205196, 4.817689429134987 ], [ 115.403342480805577, 4.813361999069258 ], [ 115.388607430786479, 4.817736467043676 ], [ 115.383459552756108, 4.816261752531545 ], [ 115.378477083898346, 4.813592234225806 ], [ 115.367886266697127, 4.825794697522867 ], [ 115.37346581653162, 4.830538518566527 ], [ 115.371339794045355, 4.838918101446122 ], [ 115.372038139928122, 4.850525991015672 ], [ 115.363281563566161, 4.849278683490798 ], [ 115.363051328409625, 4.844213510046735 ], [ 115.354993097930432, 4.847551919816685 ], [ 115.353381451834593, 4.846746096768766 ], [ 115.346934867451239, 4.845594920986025 ], [ 115.343711575259562, 4.841105335433332 ], [ 115.332063195030287, 4.837676901584018 ], [ 115.311824006077615, 4.82199581743982 ], [ 115.296052897854054, 4.819808583452613 ], [ 115.289721431048974, 4.800238595146005 ], [ 115.280857377521869, 4.794252481075748 ], [ 115.273720087672032, 4.782299439198487 ], [ 115.270266560320636, 4.782050017778687 ], [ 115.270266560320636, 4.788381484583765 ], [ 115.264395563828657, 4.787575661535846 ], [ 115.262899035311094, 4.790568718570975 ], [ 115.267388620863784, 4.795173421701941 ], [ 115.266582797815872, 4.799202536941537 ], [ 115.262323447419718, 4.800353712724279 ], [ 115.262899035311094, 4.804382827963875 ], [ 115.266122327502771, 4.808296825625196 ], [ 115.26543162203312, 4.810714294768953 ], [ 115.268040953810512, 4.813304440280364 ], [ 115.254380334521954, 4.817141692889507 ], [ 115.239264215802905, 4.811978722721108 ], [ 115.232405687082633, 4.807863605488876 ], [ 115.207332660677707, 4.827441658242094 ], [ 115.196637072766521, 4.83425024736357 ], [ 115.183416137335485, 4.850235495497998 ], [ 115.184795003685963, 4.86632524881702 ], [ 115.170296539953142, 4.869877254036055 ], [ 115.152945919803756, 4.869166617492851 ], [ 115.151044481892995, 4.879112590887189 ], [ 115.156035756071674, 4.89687298412133 ], [ 115.153896639208142, 4.908712916714819 ], [ 115.162690789208682, 4.914869713954317 ], [ 115.182655885923964, 4.926946371180748 ], [ 115.198342748013943, 4.925052227464164 ], [ 115.194064512490058, 4.945179115029646 ], [ 115.18717180040062, 4.956307781586474 ], [ 115.195490591596808, 4.96601577917346 ], [ 115.220684642342349, 4.966016073104925 ], [ 115.236656720433416, 4.953609063696263 ], [ 115.245399302644842, 4.926172891853923 ], [ 115.250218306901616, 4.921071888596089 ], [ 115.274313327287473, 4.914920837209081 ], [ 115.295396469900538, 4.910270039261263 ], [ 115.310606451440322, 4.898867514831693 ], [ 115.323949885635102, 4.892325217416442 ], [ 115.365647657219597, 4.901617974807778 ], [ 115.382664764345236, 4.910920353007214 ], [ 115.391399209617134, 4.925173538827266 ], [ 115.387634362176414, 4.945727396429845 ], [ 115.404199688579297, 4.949328206738073 ], [ 115.407060972777842, 4.954279057775331 ], [ 115.40931988088289, 4.961330180789064 ], [ 115.408717504789308, 4.966280898788335 ], [ 115.409169286410332, 4.970781530676927 ], [ 115.412632945804134, 4.975132147203928 ], [ 115.418807294923965, 4.979782803194007 ], [ 115.424379267950229, 4.977832626542667 ], [ 115.431306586737847, 4.978732818997035 ], [ 115.437330341385163, 4.980683128259771 ], [ 115.440492812732202, 4.980683165154562 ], [ 115.445763598610014, 4.983833597880883 ], [ 115.451937947729846, 4.986533976472881 ], [ 115.45404626136235, 4.984583780334066 ], [ 115.451335571636307, 4.978883071595487 ], [ 115.45073319644105, 4.976107716810382 ], [ 115.452066696073004, 4.973245694514471 ], [ 115.457390721504453, 4.969078526662249 ], [ 115.464806329446219, 4.967184409672662 ], [ 115.47735581911823, 4.963585552032145 ], [ 115.48990530789186, 4.96320685537802 ], [ 115.504736522877067, 4.961312807152153 ], [ 115.513210233035835, 4.963159725313071 ], [ 115.52093482460441, 4.966119524806692 ], [ 115.530590563166797, 4.970263208080212 ], [ 115.536086907029343, 4.973222950567989 ], [ 115.544702797141355, 4.975738766212912 ], [ 115.551536089268168, 4.979290427229889 ], [ 115.561191828728909, 4.983138064859039 ], [ 115.569362069120018, 4.987133643144917 ], [ 115.572927265090385, 4.992312976445809 ], [ 115.57723520969725, 4.993792817459155 ], [ 115.579711006876252, 4.99109324437284 ], [ 115.580503305853696, 4.990093372881073 ], [ 115.586296749530149, 4.99009344046898 ], [ 115.584307313852563, 4.982584839132278 ] ] ] ] } },
{ "type": "Feature", "properties": { "Id": 23, "NEGERI": "SARAWAK", "KODPAR": "P.197", "PARLIMEN": "KOTA SAMARAHAN", "KODDUN": "N.23", "NAMADUN": "SAMARINDAH", "KODUNIK": "P.197_N.23", "BILANGAN_P": 21537, "PERATUS_EQ": 104.64 }, "geometry": { "type": "MultiPolygon", "coordinates": [ [ [ [ 110.40347907614867, 1.440205906740142 ], [ 110.403172095939937, 1.445731550497307 ], [ 110.398260412600237, 1.445731550497307 ], [ 110.395190610512927, 1.448801352584621 ], [ 110.394269669886725, 1.451871154671934 ], [ 110.398260412600237, 1.455247936967979 ], [ 110.401944175105015, 1.45770377863783 ], [ 110.399488333435158, 1.462922442186263 ], [ 110.396418531347848, 1.462922442186263 ], [ 110.391199867799415, 1.462308481768801 ], [ 110.387209125085917, 1.465378283856114 ], [ 110.386902144877183, 1.469062046360891 ], [ 110.388437045920838, 1.472131848448204 ], [ 110.390278927173227, 1.475508630744249 ], [ 110.389357986547026, 1.477043531787906 ], [ 110.385712596569618, 1.477657492207952 ], [ 110.386173066882719, 1.486406428156789 ], [ 110.392159180952973, 1.491932071913949 ], [ 110.396994119240489, 1.498839126610398 ], [ 110.411498934103037, 1.512883471159846 ], [ 110.419326929425679, 1.520941701639038 ], [ 110.425376432824294, 1.527665109427687 ], [ 110.424737455604983, 1.539936102054301 ], [ 110.423663024874429, 1.551294369777352 ], [ 110.424276985291883, 1.560810756248016 ], [ 110.429495648840316, 1.562499147396037 ], [ 110.434867802493116, 1.558354914578167 ], [ 110.434894276847615, 1.54670079747433 ], [ 110.439779485832815, 1.538094220801914 ], [ 110.452826144703877, 1.540243082263032 ], [ 110.466640254096774, 1.540243082263032 ], [ 110.471858917645207, 1.537940730697549 ], [ 110.473554744189173, 1.530646474924254 ], [ 110.47751758563976, 1.528742906119589 ], [ 110.486363732506149, 1.525546404767462 ], [ 110.491889376263302, 1.533527890194477 ], [ 110.494649704881795, 1.546826809763843 ], [ 110.502263980100508, 1.547778594166232 ], [ 110.508159327326069, 1.544272197500075 ], [ 110.502326703360168, 1.530765068315895 ], [ 110.49810572549174, 1.520596348904241 ], [ 110.512226815093371, 1.52028936869551 ], [ 110.52225145254954, 1.517321493291661 ], [ 110.5222804169277, 1.516336998505521 ], [ 110.516831518224336, 1.506475259302611 ], [ 110.496877804656819, 1.508931100972459 ], [ 110.496553273686402, 1.499237589647237 ], [ 110.506071117709723, 1.492575098830969 ], [ 110.498028980437937, 1.490857641180818 ], [ 110.494959178350626, 1.488708779719698 ], [ 110.494652198141893, 1.485331997423653 ], [ 110.500791802316513, 1.470289967195817 ], [ 110.501712742942715, 1.464457343229921 ], [ 110.50017784189906, 1.46200150156007 ], [ 110.494959178350626, 1.459238679681488 ], [ 110.490354475219647, 1.463536402603727 ], [ 110.48452185125376, 1.461387541142607 ], [ 110.477461306452938, 1.465071303647383 ], [ 110.470093781443381, 1.469062046360891 ], [ 110.468251900190992, 1.468141105734697 ], [ 110.466103038729869, 1.46660620469104 ], [ 110.45812155330286, 1.465992244273578 ], [ 110.454744771006816, 1.464764323438652 ], [ 110.455051751215549, 1.460773580725145 ], [ 110.462726256433825, 1.454020016133055 ], [ 110.463647197060027, 1.451871154671935 ], [ 110.463340216851293, 1.44849437237589 ], [ 110.46119135539017, 1.444503629662382 ], [ 110.458428533511594, 1.442661748409994 ], [ 110.457507592885392, 1.438977985905218 ], [ 110.45812155330286, 1.438364025487755 ], [ 110.460270414763983, 1.433452342148053 ], [ 110.458735513720328, 1.432224421313128 ], [ 110.454437790798082, 1.429461599434545 ], [ 110.454130810589348, 1.425470856721038 ], [ 110.455665711633003, 1.423015015051187 ], [ 110.457507592885392, 1.420866153590067 ], [ 110.458735513720328, 1.417182391085291 ], [ 110.458735513720328, 1.413191648371783 ], [ 110.457507592885392, 1.40797298482335 ], [ 110.455665711633003, 1.402447341066186 ], [ 110.45044704808457, 1.397535657726484 ], [ 110.452288929336959, 1.392010013969319 ], [ 110.451367988710771, 1.385870409794692 ], [ 110.448298186623461, 1.384028528542304 ], [ 110.445842344953604, 1.388326251464543 ], [ 110.441544622031373, 1.391396053551857 ], [ 110.437860859526594, 1.388633231673274 ], [ 110.434177097021816, 1.387098330629617 ], [ 110.424046750133655, 1.387865781151445 ], [ 110.419135066793956, 1.384795979064132 ], [ 110.39580457093038, 1.404442712422939 ], [ 110.405181971062632, 1.413196279676413 ], [ 110.41606526470666, 1.437136104652829 ], [ 110.40808377927965, 1.437750065070292 ], [ 110.40347907614867, 1.440205906740142 ] ] ] ] } },
{ "type": "Feature", "properties": { "Id": 34, "NEGERI": "SARAWAK", "KODPAR": "P.200", "PARLIMEN": "BATANG SADONG", "KODDUN": "N.34", "NAMADUN": "ASAJAYA", "KODUNIK": "P.200_N.34", "BILANGAN_P": 19330, "PERATUS_EQ": 93.92 }, "geometry": { "type": "MultiPolygon", "coordinates": [ [ [ [ 110.471858917645207, 1.537940730697549 ], [ 110.478919462446029, 1.546996646855116 ], [ 110.488282358812341, 1.556206053117049 ], [ 110.495342903613164, 1.569099221883755 ], [ 110.502710428622706, 1.573703925014722 ], [ 110.499615616206256, 1.578109682751347 ], [ 110.500254586952849, 1.587518034407621 ], [ 110.503631369248893, 1.595806500043361 ], [ 110.509463993214794, 1.604708926096563 ], [ 110.519287359894179, 1.612690411523572 ], [ 110.520996659835021, 1.609036764162909 ], [ 110.530747976448765, 1.585590268003727 ], [ 110.542640103250278, 1.585817640124674 ], [ 110.565833188141482, 1.59533775427218 ], [ 110.584015686871567, 1.592467912948337 ], [ 110.597563431199717, 1.602019065324896 ], [ 110.605121646692851, 1.598597907042176 ], [ 110.617290848962398, 1.595452398919406 ], [ 110.633714232697145, 1.590779699122873 ], [ 110.636477054575735, 1.584333114739514 ], [ 110.643230619167824, 1.589858758496679 ], [ 110.645379480628947, 1.580649352234738 ], [ 110.652747005638489, 1.58233774338276 ], [ 110.670244877536177, 1.574049277747013 ], [ 110.654895867099597, 1.542276826143317 ], [ 110.652133045221007, 1.5293836573766 ], [ 110.651212104594819, 1.513420686522569 ], [ 110.646991126726306, 1.49481001137083 ], [ 110.636860779838187, 1.495423971788292 ], [ 110.635939839211986, 1.456130505070711 ], [ 110.623046670445277, 1.456130505070711 ], [ 110.587436966232474, 1.45582352486198 ], [ 110.555818004733183, 1.458279366531828 ], [ 110.541389934922805, 1.464418970706451 ], [ 110.53272108097508, 1.468304596571443 ], [ 110.520822260937834, 1.454288623818323 ], [ 110.525119983860051, 1.4757772384295 ], [ 110.516217557806854, 1.477005159264425 ], [ 110.510308188787192, 1.485331997423653 ], [ 110.506071117709723, 1.492575098830969 ], [ 110.496553273686402, 1.499237589647237 ], [ 110.496877804656819, 1.508931100972459 ], [ 110.516831518224336, 1.506475259302611 ], [ 110.5222804169277, 1.516336998505521 ], [ 110.52225145254954, 1.517321493291661 ], [ 110.512226815093371, 1.52028936869551 ], [ 110.49810572549174, 1.520596348904241 ], [ 110.502326703360168, 1.530765068315895 ], [ 110.508159327326069, 1.544272197500075 ], [ 110.502263980100508, 1.547778594166232 ], [ 110.494649704881795, 1.546826809763843 ], [ 110.491889376263302, 1.533527890194477 ], [ 110.486363732506149, 1.525546404767462 ], [ 110.47751758563976, 1.528742906119589 ], [ 110.473554744189173, 1.530646474924254 ], [ 110.471858917645207, 1.537940730697549 ] ] ] ] } },
{ "type": "Feature", "properties": { "Id": 22, "NEGERI": "SARAWAK", "KODPAR": "P.197", "PARLIMEN": "KOTA SAMARAHAN", "KODDUN": "N.22", "NAMADUN": "MUARA TUANG", "KODUNIK": "P.197_N.22", "BILANGAN_P": 22543, "PERATUS_EQ": 109.53 }, "geometry": { "type": "MultiPolygon", "coordinates": [ [ [ [ 110.424046750133655, 1.387865781151445 ], [ 110.434177097021816, 1.387098330629617 ], [ 110.437860859526594, 1.388633231673274 ], [ 110.441544622031373, 1.391396053551857 ], [ 110.445842344953604, 1.388326251464543 ], [ 110.448298186623461, 1.384028528542304 ], [ 110.451367988710771, 1.385870409794692 ], [ 110.452288929336959, 1.392010013969319 ], [ 110.45044704808457, 1.397535657726484 ], [ 110.455665711633003, 1.402447341066186 ], [ 110.457507592885392, 1.40797298482335 ], [ 110.458735513720328, 1.413191648371783 ], [ 110.458735513720328, 1.417182391085291 ], [ 110.457507592885392, 1.420866153590067 ], [ 110.455665711633003, 1.423015015051187 ], [ 110.454130810589348, 1.425470856721038 ], [ 110.454437790798082, 1.429461599434545 ], [ 110.458735513720328, 1.432224421313128 ], [ 110.460270414763983, 1.433452342148053 ], [ 110.45812155330286, 1.438364025487755 ], [ 110.457507592885392, 1.438977985905218 ], [ 110.458428533511594, 1.442661748409994 ], [ 110.46119135539017, 1.444503629662382 ], [ 110.463340216851293, 1.44849437237589 ], [ 110.463647197060027, 1.451871154671935 ], [ 110.462726256433825, 1.454020016133055 ], [ 110.455051751215549, 1.460773580725145 ], [ 110.454744771006816, 1.464764323438652 ], [ 110.45812155330286, 1.465992244273578 ], [ 110.466103038729869, 1.46660620469104 ], [ 110.468251900190992, 1.468141105734697 ], [ 110.470093781443381, 1.469062046360891 ], [ 110.477461306452938, 1.465071303647383 ], [ 110.48452185125376, 1.461387541142607 ], [ 110.490354475219647, 1.463536402603727 ], [ 110.494959178350626, 1.459238679681488 ], [ 110.50017784189906, 1.46200150156007 ], [ 110.501712742942715, 1.464457343229921 ], [ 110.500791802316513, 1.470289967195817 ], [ 110.494652198141893, 1.485331997423653 ], [ 110.494959178350626, 1.488708779719698 ], [ 110.498028980437937, 1.490857641180818 ], [ 110.506071117709723, 1.492575098830969 ], [ 110.510308188787192, 1.485331997423653 ], [ 110.516217557806854, 1.477005159264425 ], [ 110.525119983860051, 1.4757772384295 ], [ 110.520822260937834, 1.454288623818323 ], [ 110.53272108097508, 1.468304596571443 ], [ 110.541389934922805, 1.464418970706451 ], [ 110.555818004733183, 1.458279366531828 ], [ 110.587436966232474, 1.45582352486198 ], [ 110.623046670445277, 1.456130505070711 ], [ 110.623121761796881, 1.451301860521596 ], [ 110.620266408590055, 1.441308124297052 ], [ 110.621694085193496, 1.42703135826207 ], [ 110.622125729819075, 1.411925355013434 ], [ 110.621204789192888, 1.406706691465003 ], [ 110.610272672365511, 1.404188532606213 ], [ 110.607390679799991, 1.394427483115759 ], [ 110.594804491242016, 1.399032186246725 ], [ 110.574236817257031, 1.406399711256272 ], [ 110.56195760890779, 1.403636889377692 ], [ 110.553165608225584, 1.397050149588722 ], [ 110.553165608225584, 1.389911766571231 ], [ 110.551520281810923, 1.377543571635548 ], [ 110.541389934922805, 1.37232490808712 ], [ 110.54906444014108, 1.356975897650564 ], [ 110.536033488983605, 1.354219851483776 ], [ 110.554593284829025, 1.3356600556383 ], [ 110.560303991243075, 1.318527936396322 ], [ 110.572439242372923, 1.318527936396322 ], [ 110.5845744935026, 1.318527936396322 ], [ 110.589125357380595, 1.295733346008707 ], [ 110.592855017802776, 1.285976909836393 ], [ 110.581433604974848, 1.276459065813071 ], [ 110.578620878362528, 1.26969758705568 ], [ 110.585527933058984, 1.263251002672327 ], [ 110.565267239282718, 1.258876534697908 ], [ 110.561813711934505, 1.254732301880038 ], [ 110.535797139244536, 1.256574183132425 ], [ 110.527181894041973, 1.248857318145554 ], [ 110.518299267346862, 1.249667128435975 ], [ 110.504945628267066, 1.227334318250787 ], [ 110.497676577569564, 1.229821630098911 ], [ 110.475785536315925, 1.248857318145554 ], [ 110.459605201476279, 1.258375162168875 ], [ 110.457701632671672, 1.273603712606246 ], [ 110.442473082234301, 1.286928694238838 ], [ 110.443933311781763, 1.293642043336706 ], [ 110.446280219843743, 1.304060813480817 ], [ 110.456711362970182, 1.314132972269507 ], [ 110.455798063867064, 1.32214471712507 ], [ 110.461776536414249, 1.32748661134931 ], [ 110.471216177832744, 1.333933195732663 ], [ 110.460395125474946, 1.335314606671953 ], [ 110.463647197060013, 1.340130358693717 ], [ 110.46426115747748, 1.347804863912001 ], [ 110.467944919982259, 1.35885615142633 ], [ 110.460855595788061, 1.365245177023235 ], [ 110.450264778586828, 1.371231291093492 ], [ 110.444646101203318, 1.379047940772239 ], [ 110.434652364978774, 1.371909557754748 ], [ 110.426086305357899, 1.370481881151136 ], [ 110.435405017856723, 1.38203315718555 ], [ 110.424046750133655, 1.387865781151445 ] ] ] ] } },
{ "type": "Feature", "properties": { "Id": 17, "NEGERI": "SARAWAK", "KODPAR": "P.196", "PARLIMEN": "STAMPIN", "KODDUN": "N.17", "NAMADUN": "BATU KITANG", "KODUNIK": "P.196_N.17", "BILANGAN_P": 29445, "PERATUS_EQ": 143.06 }, "geometry": { "type": "MultiPolygon", "coordinates": [ [ [ [ 110.294395577603666, 1.493313482853242 ], [ 110.300727044408674, 1.494464658635984 ], [ 110.309360862779229, 1.494004188322888 ], [ 110.311548096766444, 1.494119305901162 ], [ 110.314195801066745, 1.494810011370807 ], [ 110.317188858101872, 1.495961187153549 ], [ 110.319951679980463, 1.495961187153549 ], [ 110.324901735846325, 1.49411930590116 ], [ 110.32783427885829, 1.482521241558402 ], [ 110.330887849916508, 1.482377312917197 ], [ 110.330657614759957, 1.47639119884694 ], [ 110.328355263194467, 1.472822553920442 ], [ 110.328815733507568, 1.468102733211201 ], [ 110.337910022191224, 1.462922442188863 ], [ 110.34274496047874, 1.465800381645718 ], [ 110.343896136261478, 1.469599261728765 ], [ 110.346658958140054, 1.470059732041862 ], [ 110.351148543692759, 1.47028996719841 ], [ 110.355407894088899, 1.467987615632927 ], [ 110.355983481980275, 1.470405084776684 ], [ 110.359091656593677, 1.469023673837395 ], [ 110.360933537846051, 1.471210907824604 ], [ 110.36484753550738, 1.469484144150491 ], [ 110.369014163774011, 1.469351559414065 ], [ 110.357592750946026, 1.464592637402404 ], [ 110.348270604235907, 1.44956880310906 ], [ 110.335701709692387, 1.455074793379083 ], [ 110.327135650071455, 1.459833715390744 ], [ 110.319521374852741, 1.464592637402404 ], [ 110.308099962024812, 1.459833715390744 ], [ 110.315714237243299, 1.449364086965033 ], [ 110.329039218876062, 1.448412302562815 ], [ 110.337605278496994, 1.428424830113784 ], [ 110.343315984911044, 1.421762339297459 ], [ 110.343315984911044, 1.406533788860088 ], [ 110.332846356485334, 1.40558200445787 ], [ 110.322376728059794, 1.421762339297459 ], [ 110.312858884036473, 1.417003417285798 ], [ 110.31476245284108, 1.40558200445787 ], [ 110.321424943657405, 1.396064160434548 ], [ 110.31472753028504, 1.387614000393171 ], [ 110.299023087646447, 1.384758647186118 ], [ 110.278691621299458, 1.392316994178051 ], [ 110.267614202369487, 1.403889513672993 ], [ 110.271938056707356, 1.411656747328127 ], [ 110.267640333785124, 1.419638232755142 ], [ 110.275314839003414, 1.42148011400753 ], [ 110.272858997333557, 1.42577783692977 ], [ 110.277770680673257, 1.429461599434546 ], [ 110.282068403595503, 1.442047787992532 ], [ 110.275314839003414, 1.447573431749696 ], [ 110.267026373367656, 1.454020016133055 ], [ 110.255485836146988, 1.469369026572216 ], [ 110.260435892012779, 1.471671378137699 ], [ 110.26319871389137, 1.476276081268666 ], [ 110.262508008421733, 1.499184479345224 ], [ 110.270220886166101, 1.50517059341548 ], [ 110.281387291258696, 1.491586719179129 ], [ 110.281617526415232, 1.479959843773438 ], [ 110.284495465872098, 1.479844726195164 ], [ 110.286452464702748, 1.482607548073744 ], [ 110.290481579942352, 1.482147077760648 ], [ 110.2893304041596, 1.474088847281456 ], [ 110.292783931507827, 1.474664435172827 ], [ 110.292860365528938, 1.4815522728309 ], [ 110.29635257643433, 1.483068018386841 ], [ 110.293570040374448, 1.487280163570063 ], [ 110.294395577603666, 1.493313482853242 ] ] ] ] } },
{ "type": "Feature", "properties": { "Id": 20, "NEGERI": "SARAWAK", "KODPAR": "P.196", "PARLIMEN": "STAMPIN", "KODDUN": "N.20", "NAMADUN": "KOTA SENTOSA", "KODUNIK": "P.196_N.20", "BILANGAN_P": 30235, "PERATUS_EQ": 146.9 }, "geometry": { "type": "MultiPolygon", "coordinates": [ [ [ [ 110.392309762773763, 1.505136445303813 ], [ 110.396994119240489, 1.498839126610398 ], [ 110.392159180952973, 1.491932071913949 ], [ 110.386173066882719, 1.486406428156789 ], [ 110.385712596569618, 1.477657492207952 ], [ 110.369014163774011, 1.469351559414065 ], [ 110.36484753550738, 1.469484144150491 ], [ 110.360933537846051, 1.471210907824604 ], [ 110.359091656593677, 1.469023673837395 ], [ 110.355983481980275, 1.470405084776684 ], [ 110.355407894088899, 1.467987615632927 ], [ 110.351148543692759, 1.47028996719841 ], [ 110.346658958140054, 1.470059732041862 ], [ 110.343896136261478, 1.469599261728765 ], [ 110.34274496047874, 1.465800381645718 ], [ 110.337910022191224, 1.462922442188863 ], [ 110.328815733507568, 1.468102733211201 ], [ 110.328355263194467, 1.472822553920442 ], [ 110.330657614759957, 1.47639119884694 ], [ 110.330887849916508, 1.482377312917197 ], [ 110.32783427885829, 1.482521241558402 ], [ 110.324901735846325, 1.49411930590116 ], [ 110.331118085073129, 1.49826353871903 ], [ 110.335492553047558, 1.49826353871903 ], [ 110.339176315552322, 1.499184479345223 ], [ 110.342169372587449, 1.500796125441061 ], [ 110.347925251501167, 1.50378918247619 ], [ 110.354141600727971, 1.504134535211012 ], [ 110.358631186280661, 1.511156707485736 ], [ 110.360238208479842, 1.511183491189055 ], [ 110.365538240977116, 1.51127182506401 ], [ 110.366344064025029, 1.506782239511318 ], [ 110.373941824191121, 1.504479887945835 ], [ 110.384187288657515, 1.504825240680658 ], [ 110.382345407405111, 1.510350884437818 ], [ 110.386950110536077, 1.513804411786043 ], [ 110.389712932414668, 1.509084591076802 ], [ 110.392309762773763, 1.505136445303813 ] ] ] ] } },
{ "type": "Feature", "properties": { "Id": 18, "NEGERI": "SARAWAK", "KODPAR": "P.196", "PARLIMEN": "STAMPIN", "KODDUN": "N.18", "NAMADUN": "BATU KAWAH", "KODUNIK": "P.196_N.18", "BILANGAN_P": 31315, "PERATUS_EQ": 152.15 }, "geometry": { "type": "MultiPolygon", "coordinates": [ [ [ [ 110.228346867067515, 1.486866898467311 ], [ 110.211506511851951, 1.500856515428779 ], [ 110.218293265233498, 1.510772982224845 ], [ 110.221900282684146, 1.532913929777014 ], [ 110.227643223239909, 1.541347010211211 ], [ 110.2347816062574, 1.547057716625318 ], [ 110.242633827576583, 1.549913069832314 ], [ 110.250486048895766, 1.556337614548113 ], [ 110.267618168137801, 1.551340746435756 ], [ 110.2740427128536, 1.549913069832314 ], [ 110.277611904362345, 1.543488525116572 ], [ 110.28689180228514, 1.538491657004386 ], [ 110.279635321859018, 1.526778224824795 ], [ 110.283799378619221, 1.519639841807304 ], [ 110.295101818396915, 1.530347416333541 ], [ 110.304619662420237, 1.526183359573338 ], [ 110.308188853928982, 1.530347416333541 ], [ 110.314732371695015, 1.535106338345201 ], [ 110.323060485215422, 1.533321742590829 ], [ 110.333420436638619, 1.522323112578331 ], [ 110.326628499520439, 1.517948644603912 ], [ 110.327549440146626, 1.512423000846753 ], [ 110.320872620606721, 1.508163650450609 ], [ 110.316728387788842, 1.51484046999051 ], [ 110.30061192683047, 1.508509003185431 ], [ 110.298539810421531, 1.503328712163094 ], [ 110.293014166664378, 1.498954244188675 ], [ 110.294395577603666, 1.493313482853242 ], [ 110.293570040374448, 1.487280163570063 ], [ 110.29635257643433, 1.483068018386841 ], [ 110.292860365528938, 1.4815522728309 ], [ 110.292783931507827, 1.474664435172827 ], [ 110.2893304041596, 1.474088847281456 ], [ 110.290481579942352, 1.482147077760648 ], [ 110.286452464702748, 1.482607548073744 ], [ 110.284495465872098, 1.479844726195164 ], [ 110.281617526415232, 1.479959843773438 ], [ 110.281387291258696, 1.491586719179129 ], [ 110.270220886166101, 1.50517059341548 ], [ 110.262508008421733, 1.499184479345224 ], [ 110.26319871389137, 1.476276081268666 ], [ 110.260435892012779, 1.471671378137699 ], [ 110.255485836146988, 1.469369026572216 ], [ 110.253337436334505, 1.472417990640906 ], [ 110.241916023506519, 1.480984050262009 ], [ 110.233349963885644, 1.4881224332795 ], [ 110.228346867067515, 1.486866898467311 ] ] ] ] } },
{ "type": "Feature", "properties": { "Id": 11, "NEGERI": "SARAWAK", "KODPAR": "P.194", "PARLIMEN": "PETRA JAYA", "KODDUN": "N.11", "NAMADUN": "TUPONG", "KODUNIK": "P.194_N.11", "BILANGAN_P": 23248, "PERATUS_EQ": 112.95 }, "geometry": { "type": "MultiPolygon", "coordinates": [ [ [ [ 110.331377099624248, 1.577637108939067 ], [ 110.34553656175197, 1.578903402300083 ], [ 110.35100464672, 1.579824342926276 ], [ 110.351695352189637, 1.584198810900694 ], [ 110.353882586176852, 1.588458161296838 ], [ 110.354227938911677, 1.591911688645063 ], [ 110.356990760790254, 1.595825686306385 ], [ 110.359293112355729, 1.598703625763239 ], [ 110.357566348681615, 1.603653681629028 ], [ 110.367270813620138, 1.608599226261165 ], [ 110.369601866847916, 1.60190429280965 ], [ 110.377216142066459, 1.600000724005042 ], [ 110.386029169909875, 1.597725126347908 ], [ 110.382769835780095, 1.591036596420963 ], [ 110.38295448195413, 1.589458791691072 ], [ 110.386604757801251, 1.584256369689831 ], [ 110.387755933583989, 1.581148195076429 ], [ 110.371294119890777, 1.580802842341606 ], [ 110.369106885903562, 1.577119079836833 ], [ 110.36381147730296, 1.573550434910334 ], [ 110.357480010497881, 1.567679438418352 ], [ 110.353911365571378, 1.562959617709111 ], [ 110.354256718306203, 1.55962120793916 ], [ 110.348846192127311, 1.55904562004779 ], [ 110.345968252670488, 1.56100261887845 ], [ 110.343176651397343, 1.562326471028603 ], [ 110.339492888892565, 1.560945060089313 ], [ 110.337449551878194, 1.560311913408805 ], [ 110.333198273751265, 1.568430861391179 ], [ 110.329247424426129, 1.569809113616421 ], [ 110.328268925010789, 1.564686381383221 ], [ 110.328216926468514, 1.563361396591716 ], [ 110.324700280084343, 1.563189852865659 ], [ 110.324249340076506, 1.568234919577264 ], [ 110.321372043800636, 1.569476391693684 ], [ 110.327796588516378, 1.573902189164585 ], [ 110.329795335761276, 1.57475879512657 ], [ 110.329367032780283, 1.576186471730182 ], [ 110.331377099624248, 1.577637108939067 ] ] ] ] } },
{ "type": "Feature", "properties": { "Id": 12, "NEGERI": "SARAWAK", "KODPAR": "P.194", "PARLIMEN": "PETRA JAYA", "KODDUN": "N.12", "NAMADUN": "SATOK", "KODUNIK": "P.194_N.12", "BILANGAN_P": 20284, "PERATUS_EQ": 98.55 }, "geometry": { "type": "MultiPolygon", "coordinates": [ [ [ [ 110.28689180228514, 1.538491657004386 ], [ 110.290855712071689, 1.541202395415292 ], [ 110.298223237081231, 1.543504746980775 ], [ 110.293388298793715, 1.550411801677225 ], [ 110.296726708563668, 1.551562977459966 ], [ 110.30662682029525, 1.543965217293872 ], [ 110.31318852225688, 1.549490861051031 ], [ 110.321546566003633, 1.552814688703519 ], [ 110.327971110719204, 1.557097718513957 ], [ 110.328216926468514, 1.563361396591716 ], [ 110.328268925010789, 1.564686381383221 ], [ 110.329247424426129, 1.569809113616421 ], [ 110.333198273751265, 1.568430861391179 ], [ 110.337449551878194, 1.560311913408805 ], [ 110.338341713109827, 1.55864270852383 ], [ 110.344336832375916, 1.557915454969987 ], [ 110.344693751526677, 1.553275506008561 ], [ 110.338269206810935, 1.550063233650803 ], [ 110.326490874832189, 1.549706314499815 ], [ 110.317210976909394, 1.549706314499815 ], [ 110.314541153801628, 1.546958274329002 ], [ 110.311500270495344, 1.544352527236697 ], [ 110.310072593891903, 1.539355659124567 ], [ 110.314732371695015, 1.535106338345201 ], [ 110.308188853928982, 1.530347416333541 ], [ 110.304619662420237, 1.526183359573338 ], [ 110.295101818396915, 1.530347416333541 ], [ 110.283799378619221, 1.519639841807304 ], [ 110.279635321859018, 1.526778224824795 ], [ 110.28689180228514, 1.538491657004386 ] ] ] ] } },
{ "type": "Feature", "properties": { "Id": 14, "NEGERI": "SARAWAK", "KODPAR": "P.195", "PARLIMEN": "BANDAR KUCHING", "KODDUN": "N.14", "NAMADUN": "PENDING", "KODUNIK": "P.195_N.14", "BILANGAN_P": 28812, "PERATUS_EQ": 139.98 }, "geometry": { "type": "MultiPolygon", "coordinates": [ [ [ [ 110.368876650747055, 1.55605256301266 ], [ 110.375668587865221, 1.555246739964742 ], [ 110.380618643731012, 1.558470032156419 ], [ 110.380848878887548, 1.563304970443934 ], [ 110.378316292165522, 1.566873615370433 ], [ 110.371409237469067, 1.569521319670739 ], [ 110.371409237469067, 1.572399259127593 ], [ 110.374632529660744, 1.575046963427898 ], [ 110.389367579679842, 1.577464432571656 ], [ 110.393396694919417, 1.579709225348002 ], [ 110.399613044146221, 1.577406873782518 ], [ 110.403066571494449, 1.575564992530132 ], [ 110.405829393373025, 1.573953346434293 ], [ 110.406340744777879, 1.571447191935079 ], [ 110.405388960375433, 1.566688269923418 ], [ 110.40145492539861, 1.564916616539771 ], [ 110.395008341015256, 1.563650323178756 ], [ 110.395238576171806, 1.559275855204337 ], [ 110.403642159385825, 1.552483918086162 ], [ 110.396504869532819, 1.546497804015905 ], [ 110.388791991788452, 1.543504746980777 ], [ 110.386604757801251, 1.540857042680471 ], [ 110.38142446677891, 1.54166286572839 ], [ 110.37739535153932, 1.540166337210826 ], [ 110.379467467948245, 1.535906986814682 ], [ 110.375323235130381, 1.530841813370619 ], [ 110.37129411989082, 1.531072048527167 ], [ 110.368301062855693, 1.532223224309909 ], [ 110.367610357386056, 1.536022104392956 ], [ 110.364617300350929, 1.53751863291052 ], [ 110.361624243315788, 1.533259282514376 ], [ 110.364732417929204, 1.531532518840264 ], [ 110.360313808924104, 1.527309637782537 ], [ 110.356904422606547, 1.535561634079859 ], [ 110.362314948785439, 1.538554691114988 ], [ 110.364041712459553, 1.543044276667679 ], [ 110.367610357386042, 1.545346628233162 ], [ 110.368876650747055, 1.549375743472758 ], [ 110.361854478472338, 1.551102507146872 ], [ 110.368876650747055, 1.55605256301266 ] ] ] ] } },
{ "type": "Feature", "properties": { "Id": 16, "NEGERI": "SARAWAK", "KODPAR": "P.195", "PARLIMEN": "BANDAR KUCHING", "KODDUN": "N.16", "NAMADUN": "TABUAN JAYA", "KODUNIK": "P.195_N.16", "BILANGAN_P": 29611, "PERATUS_EQ": 143.87 }, "geometry": { "type": "MultiPolygon", "coordinates": [ [ [ [ 110.360238208479842, 1.511183491189055 ], [ 110.3602428323765, 1.511386942642285 ], [ 110.361048655424412, 1.5162218809298 ], [ 110.361624243315788, 1.517718409447364 ], [ 110.364847535507465, 1.517718409447364 ], [ 110.364387065194364, 1.520826584060766 ], [ 110.364156830037814, 1.523128935626249 ], [ 110.363466124568177, 1.524049876252443 ], [ 110.360313808924104, 1.527309637782537 ], [ 110.364732417929204, 1.531532518840264 ], [ 110.361624243315788, 1.533259282514376 ], [ 110.364617300350929, 1.53751863291052 ], [ 110.367610357386056, 1.536022104392956 ], [ 110.368301062855693, 1.532223224309909 ], [ 110.37129411989082, 1.531072048527167 ], [ 110.375323235130381, 1.530841813370619 ], [ 110.379467467948245, 1.535906986814682 ], [ 110.38142446677891, 1.532683694623006 ], [ 110.391554813667014, 1.529690637587877 ], [ 110.387065228114324, 1.524625464143814 ], [ 110.399152573833149, 1.510235766859544 ], [ 110.392309762773763, 1.505136445303813 ], [ 110.389712932414668, 1.509084591076802 ], [ 110.386950110536077, 1.513804411786043 ], [ 110.382345407405111, 1.510350884437818 ], [ 110.384187288657515, 1.504825240680658 ], [ 110.373941824191121, 1.504479887945835 ], [ 110.366344064025029, 1.506782239511318 ], [ 110.365538240977116, 1.51127182506401 ], [ 110.360238208479842, 1.511183491189055 ] ] ] ] } },
{ "type": "Feature", "properties": { "Id": 13, "NEGERI": "SARAWAK", "KODPAR": "P.195", "PARLIMEN": "BANDAR KUCHING", "KODDUN": "N.13", "NAMADUN": "PADUNGAN", "KODUNIK": "P.195_N.13", "BILANGAN_P": 29459, "PERATUS_EQ": 143.13 }, "geometry": { "type": "MultiPolygon", "coordinates": [ [ [ [ 110.354256718306203, 1.55962120793916 ], [ 110.359091656593733, 1.559736325517435 ], [ 110.368876650747055, 1.55605256301266 ], [ 110.361854478472338, 1.551102507146872 ], [ 110.368876650747055, 1.549375743472758 ], [ 110.367610357386042, 1.545346628233162 ], [ 110.364041712459553, 1.543044276667679 ], [ 110.362314948785439, 1.538554691114988 ], [ 110.356904422606547, 1.535561634079859 ], [ 110.347810133922891, 1.532913929779553 ], [ 110.340588229471223, 1.533812533390289 ], [ 110.336662118811546, 1.538452482351715 ], [ 110.333996024529952, 1.540511689945649 ], [ 110.331463437807926, 1.546037333702808 ], [ 110.323865677641834, 1.54580709854626 ], [ 110.314541153801628, 1.546958274329002 ], [ 110.317210976909394, 1.549706314499815 ], [ 110.326490874832189, 1.549706314499815 ], [ 110.338269206810935, 1.550063233650803 ], [ 110.344693751526677, 1.553275506008561 ], [ 110.344336832375916, 1.557915454969987 ], [ 110.338341713109827, 1.55864270852383 ], [ 110.337449551878194, 1.560311913408805 ], [ 110.339492888892565, 1.560945060089313 ], [ 110.343176651397343, 1.562326471028603 ], [ 110.345968252670488, 1.56100261887845 ], [ 110.348846192127311, 1.55904562004779 ], [ 110.354256718306203, 1.55962120793916 ] ] ] ] } },
{ "type": "Feature", "properties": { "Id": 61, "NEGERI": "SARAWAK", "KODPAR": "P.211", "PARLIMEN": "LANANG", "KODDUN": "N.61", "NAMADUN": "TANAH MAS", "KODUNIK": "P.211_N.61", "BILANGAN_P": 29371, "PERATUS_EQ": 142.7 }, "geometry": { "type": "MultiPolygon", "coordinates": [ [ [ [ 111.879478292255158, 2.224770575207278 ], [ 111.890069109456391, 2.213028582223313 ], [ 111.895399434510864, 2.22057256889309 ], [ 111.91729047576456, 2.201536880846447 ], [ 111.944366233874888, 2.178032838425964 ], [ 111.947743016170932, 2.172814174877531 ], [ 111.949277917214587, 2.166367590494172 ], [ 111.957566382850331, 2.149790659222679 ], [ 111.959715244311454, 2.146720857135366 ], [ 111.967082769320996, 2.14549293630044 ], [ 111.972608413078163, 2.14549293630044 ], [ 111.983966680801231, 2.149176698805216 ], [ 111.996552869359206, 2.15900006548462 ], [ 112.011594899587053, 2.160841946737008 ], [ 112.029092771484741, 2.160227986319545 ], [ 112.059176831940405, 2.143651055048052 ], [ 112.073911881959532, 2.144265015465514 ], [ 112.068693218411099, 2.131371846698797 ], [ 112.059790792357887, 2.104050608121706 ], [ 112.053344207974533, 2.088087637267675 ], [ 112.025500729034775, 2.077359862881394 ], [ 111.999802550171864, 2.08878127570955 ], [ 111.974104371308954, 2.087353599105938 ], [ 111.965854848486089, 2.075501448709689 ], [ 111.965547868277369, 2.0687478841176 ], [ 111.959715244311468, 2.066292042447749 ], [ 111.939147570326469, 2.070282785161256 ], [ 111.923564619545061, 2.064034881248858 ], [ 111.922263658846248, 2.070589765369988 ], [ 111.910598410914446, 2.068440903908868 ], [ 111.898933162982658, 2.079185211214466 ], [ 111.88726791505087, 2.073659567457301 ], [ 111.880514350458782, 2.06659902265648 ], [ 111.86884910252698, 2.067826943491406 ], [ 111.858411775430113, 2.061380359108047 ], [ 111.845825586872536, 2.061226869003679 ], [ 111.840443027110965, 2.053153029361307 ], [ 111.832932418105827, 2.041887115853603 ], [ 111.8250549339038, 2.042619732196385 ], [ 111.790600338539264, 2.048203534023344 ], [ 111.790600338539264, 2.059624946851272 ], [ 111.784889632125385, 2.073901712886254 ], [ 111.780606602314776, 2.092461508731674 ], [ 111.779178925711335, 2.108165951370268 ], [ 111.783461955521773, 2.119587364198253 ], [ 111.787652837317282, 2.123236871167416 ], [ 111.78826679773475, 2.147181327448462 ], [ 111.789172661935879, 2.160989985699757 ], [ 111.787652837317282, 2.177265387904136 ], [ 111.797169223787961, 2.174195585816822 ], [ 111.816201996729305, 2.190465536879584 ], [ 111.816508976938039, 2.211647171282048 ], [ 111.827442028184407, 2.216384717522658 ], [ 111.834104519000732, 2.223998992741372 ], [ 111.821727640486444, 2.237740489024215 ], [ 111.822683106172747, 2.246841818397456 ], [ 111.823569521738833, 2.259536083844141 ], [ 111.813746155059434, 2.254317420295708 ], [ 111.803647418126104, 2.274443566064974 ], [ 111.811261693344818, 2.281106056881299 ], [ 111.827822741945397, 2.284342123849285 ], [ 111.839244154773326, 2.286245692653893 ], [ 111.847810214394258, 2.283390339446896 ], [ 111.852569136405918, 2.275776064228353 ], [ 111.860183411624632, 2.282438555044678 ], [ 111.869701255647954, 2.278631417435236 ], [ 111.858279842819968, 2.271017142216692 ], [ 111.855764071130679, 2.273350193238975 ], [ 111.851850073469365, 2.270817606516943 ], [ 111.852080308625915, 2.266443138542525 ], [ 111.844252313303272, 2.266212903385977 ], [ 111.846324429712197, 2.25331973461927 ], [ 111.860368774261659, 2.250787147897239 ], [ 111.860599009418209, 2.241577741635306 ], [ 111.847015135181849, 2.240656801009112 ], [ 111.847810214394258, 2.233897550525626 ], [ 111.863038764831629, 2.230090412916411 ], [ 111.879478292255158, 2.224770575207278 ] ] ] ] } },
{ "type": "Feature", "properties": { "Id": 66, "NEGERI": "SARAWAK", "KODPAR": "P.212", "PARLIMEN": "SIBU", "KODDUN": "N.66", "NAMADUN": "BUKIT KEMUYANG", "KODUNIK": "P.212_N.66", "BILANGAN_P": 24880, "PERATUS_EQ": 120.88 }, "geometry": { "type": "MultiPolygon", "coordinates": [ [ [ [ 111.978256530764156, 2.314349717572725 ], [ 111.978623306543881, 2.307712790353813 ], [ 111.979774482326619, 2.303108087222846 ], [ 111.982307069048659, 2.298963854404977 ], [ 111.990365299527852, 2.289754448143043 ], [ 111.98944435890165, 2.285610215325173 ], [ 111.979774482326619, 2.289754448143043 ], [ 111.972867427630177, 2.287912566890657 ], [ 111.979727532557547, 2.272920711021357 ], [ 111.968306119729618, 2.278631417435236 ], [ 111.953077569292248, 2.279583201837625 ], [ 111.947366862878198, 2.26721000460725 ], [ 111.942607940866537, 2.252933238572268 ], [ 111.934422595006538, 2.245318963353611 ], [ 111.921097613373774, 2.25198145417005 ], [ 111.907772631741238, 2.263402866998035 ], [ 111.891592296901592, 2.276727848630571 ], [ 111.882074452878271, 2.284342123849285 ], [ 111.874460177659614, 2.29671532107966 ], [ 111.88062946803791, 2.302820293277159 ], [ 111.880168997724823, 2.313871580791478 ], [ 111.881550408664111, 2.322850751896863 ], [ 111.880399232881359, 2.335053215193924 ], [ 111.880399232881359, 2.341269564420729 ], [ 111.874873589124206, 2.348867324586824 ], [ 111.872571237558716, 2.351169676152308 ], [ 111.867966534427751, 2.351169676152308 ], [ 111.863592066453336, 2.348637089430276 ], [ 111.862210655514048, 2.347485913647534 ], [ 111.860368774261659, 2.346564973021341 ], [ 111.853687483078772, 2.348111678805481 ], [ 111.85023842737354, 2.353011557404694 ], [ 111.848396546121151, 2.356234849596371 ], [ 111.846324429712212, 2.362220963666627 ], [ 111.846554664868762, 2.363602374605917 ], [ 111.838082184648783, 2.362606562099302 ], [ 111.838266199233018, 2.371660605085108 ], [ 111.85354868118668, 2.382237115397402 ], [ 111.86105947973131, 2.387777066043491 ], [ 111.866635716718747, 2.386996037409062 ], [ 111.872840778293593, 2.386552818725145 ], [ 111.883291943759559, 2.385806306906147 ], [ 111.895189248788711, 2.392944689923638 ], [ 111.914224936835353, 2.378073058637199 ], [ 111.932070894379081, 2.366175753608047 ], [ 111.942778468905317, 2.359632235842014 ], [ 111.965383348460705, 2.359632235842014 ], [ 111.966929279216373, 2.347946383958773 ], [ 111.963245516711595, 2.339657918323026 ], [ 111.951273288571073, 2.341192819366683 ], [ 111.959868734415551, 2.326150789138846 ], [ 111.955877991702053, 2.311722719328472 ], [ 111.960482694833019, 2.299750491187949 ], [ 111.966008338590186, 2.319397224546756 ], [ 111.978256530764156, 2.314349717572725 ] ] ] ] } },
{ "type": "Feature", "properties": { "Id": 63, "NEGERI": "SARAWAK", "KODPAR": "P.212", "PARLIMEN": "SIBU", "KODDUN": "N.63", "NAMADUN": "PELAWAN", "KODUNIK": "P.212_N.63", "BILANGAN_P": 27215, "PERATUS_EQ": 132.23 }, "geometry": { "type": "MultiPolygon", "coordinates": [ [ [ [ 111.829977733597275, 2.312490169852188 ], [ 111.832740555475866, 2.312720405008737 ], [ 111.834582436728255, 2.315943697200413 ], [ 111.837805728919918, 2.317094872983155 ], [ 111.840338315641958, 2.317555343296251 ], [ 111.842870902363984, 2.315943697200413 ], [ 111.844712783616373, 2.31502275657422 ], [ 111.847475605494949, 2.315943697200413 ], [ 111.851783914274165, 2.31670279352852 ], [ 111.856214848131856, 2.315656399538909 ], [ 111.8528421705075, 2.311394773948285 ], [ 111.855073365661042, 2.311338994069447 ], [ 111.860829244574759, 2.312490169852188 ], [ 111.86128971488786, 2.317325108139703 ], [ 111.863361831296785, 2.326764749558185 ], [ 111.869117710210503, 2.323541457366508 ], [ 111.87003865083669, 2.320778635487928 ], [ 111.870499121149791, 2.315252991730768 ], [ 111.872801472715267, 2.312950640165285 ], [ 111.880168997724823, 2.313871580791478 ], [ 111.88062946803791, 2.302820293277159 ], [ 111.874460177659614, 2.29671532107966 ], [ 111.857880470835994, 2.300903741302704 ], [ 111.853520920808307, 2.302426027493539 ], [ 111.843936829341715, 2.30049923293177 ], [ 111.83194434587233, 2.306781009987105 ], [ 111.829334736287763, 2.301056724709269 ], [ 111.820077621865693, 2.303510998746804 ], [ 111.821326813399367, 2.310992087114641 ], [ 111.824077957710855, 2.315368109309045 ], [ 111.829977733597275, 2.312490169852188 ] ] ] ] } },
{ "type": "Feature", "properties": { "Id": 60, "NEGERI": "SARAWAK", "KODPAR": "P.211", "PARLIMEN": "LANANG", "KODDUN": "N.60", "NAMADUN": "DUDONG", "KODUNIK": "P.211_N.60", "BILANGAN_P": 28584, "PERATUS_EQ": 138.88 }, "geometry": { "type": "MultiPolygon", "coordinates": [ [ [ [ 112.029092771484741, 2.160227986319545 ], [ 112.011594899587053, 2.160841946737008 ], [ 111.996552869359206, 2.15900006548462 ], [ 111.983966680801231, 2.149176698805216 ], [ 111.972608413078163, 2.14549293630044 ], [ 111.967082769320996, 2.14549293630044 ], [ 111.959715244311454, 2.146720857135366 ], [ 111.957566382850331, 2.149790659222679 ], [ 111.949277917214587, 2.166367590494172 ], [ 111.947743016170932, 2.172814174877531 ], [ 111.944366233874888, 2.178032838425964 ], [ 111.91729047576456, 2.201536880846447 ], [ 111.895399434510864, 2.22057256889309 ], [ 111.890069109456391, 2.213028582223313 ], [ 111.879478292255158, 2.224770575207278 ], [ 111.863038764831629, 2.230090412916411 ], [ 111.847810214394258, 2.233897550525626 ], [ 111.847015135181849, 2.240656801009112 ], [ 111.860599009418209, 2.241577741635306 ], [ 111.860368774261659, 2.250787147897239 ], [ 111.846324429712197, 2.25331973461927 ], [ 111.844252313303272, 2.266212903385977 ], [ 111.852080308625915, 2.266443138542525 ], [ 111.851850073469365, 2.270817606516943 ], [ 111.855764071130679, 2.273350193238975 ], [ 111.858279842819968, 2.271017142216692 ], [ 111.869701255647954, 2.278631417435236 ], [ 111.860183411624632, 2.282438555044678 ], [ 111.874460177659614, 2.29671532107966 ], [ 111.882074452878271, 2.284342123849285 ], [ 111.891592296901592, 2.276727848630571 ], [ 111.907772631741238, 2.263402866998035 ], [ 111.921097613373774, 2.25198145417005 ], [ 111.934422595006538, 2.245318963353611 ], [ 111.942607940866537, 2.252933238572268 ], [ 111.947366862878198, 2.26721000460725 ], [ 111.953077569292248, 2.279583201837625 ], [ 111.968306119729618, 2.278631417435236 ], [ 111.979727532557547, 2.272920711021357 ], [ 111.972867427630177, 2.287912566890657 ], [ 111.979774482326619, 2.289754448143043 ], [ 111.98944435890165, 2.285610215325173 ], [ 111.990365299527852, 2.289754448143043 ], [ 111.982307069048659, 2.298963854404977 ], [ 111.979774482326619, 2.303108087222846 ], [ 111.978623306543881, 2.307712790353813 ], [ 111.978256530764156, 2.314349717572725 ], [ 111.993960973402523, 2.311494364365672 ], [ 112.008237739437504, 2.320060423986774 ], [ 112.025369858679483, 2.33148183681476 ], [ 112.063781535071385, 2.334899725087691 ], [ 112.065623416323774, 2.313411110476495 ], [ 112.039646624714464, 2.311494364365672 ], [ 112.03821894811108, 2.295789921727305 ], [ 112.048212684335454, 2.290079215313199 ], [ 112.061061773766937, 2.301500628141355 ], [ 112.081049246216025, 2.294362245123864 ], [ 112.092023714274703, 2.302359822962166 ], [ 112.093898335647395, 2.310066687762287 ], [ 112.106758764293815, 2.321085615694779 ], [ 112.119596514510363, 2.315777394176337 ], [ 112.126405497652613, 2.319550714651122 ], [ 112.138991686210602, 2.313104130267763 ], [ 112.13500094349709, 2.300824921918509 ], [ 112.144517329967769, 2.307578486510599 ], [ 112.156489558108291, 2.302052842753434 ], [ 112.152805795603513, 2.291308535447837 ], [ 112.146722369976828, 2.277230125881829 ], [ 112.136535844540745, 2.28302006981209 ], [ 112.125791537235159, 2.265522197914402 ], [ 112.136842824749479, 2.258461653113581 ], [ 112.135614903914515, 2.247410365599252 ], [ 112.130089260157362, 2.233289275997609 ], [ 112.124563616400195, 2.225307790570594 ], [ 112.108600645546161, 2.221317047857086 ], [ 112.115354210138264, 2.205354077003056 ], [ 112.111363467424752, 2.199214472828428 ], [ 112.111363467424752, 2.191232987401413 ], [ 112.106451784085053, 2.184786403018054 ], [ 112.106144803876319, 2.175730486860479 ], [ 112.099698219492964, 2.1725071946688 ], [ 112.103688962206476, 2.162376847780665 ], [ 112.091102773648487, 2.162376847780665 ], [ 112.073604901750798, 2.151018580057605 ], [ 112.073911881959532, 2.144265015465514 ], [ 112.059176831940405, 2.143651055048052 ], [ 112.029092771484741, 2.160227986319545 ] ] ] ] } },
{ "type": "Feature", "properties": { "Id": 65, "NEGERI": "SARAWAK", "KODPAR": "P.212", "PARLIMEN": "SIBU", "KODDUN": "N.65", "NAMADUN": "NANGKA", "KODUNIK": "P.212_N.65", "BILANGAN_P": 17493, "PERATUS_EQ": 84.99 }, "geometry": { "type": "MultiPolygon", "coordinates": [ [ [ [ 111.823991619527035, 2.359918612101143 ], [ 111.815472918734741, 2.361760493353529 ], [ 111.810407745290675, 2.361760493353529 ], [ 111.807414688255548, 2.359458141788046 ], [ 111.802349514811482, 2.357155790222563 ], [ 111.797744811680516, 2.354623203500531 ], [ 111.791528462453712, 2.351399911308855 ], [ 111.789456346044773, 2.35070920583921 ], [ 111.78416093744417, 2.352320851935048 ], [ 111.780246939782842, 2.362220963666626 ], [ 111.783700467131069, 2.382021187129782 ], [ 111.786463289009646, 2.385704949634555 ], [ 111.795902930428142, 2.389618947295878 ], [ 111.798435517150168, 2.394914355896489 ], [ 111.801198339028758, 2.399519059027456 ], [ 111.83066843906694, 2.423463515308482 ], [ 111.80603327731626, 2.457538318477634 ], [ 111.815242683578191, 2.464445373174084 ], [ 111.820077621865707, 2.458229023947279 ], [ 111.824221854683572, 2.460531375512763 ], [ 111.820998562491894, 2.467898900522309 ], [ 111.831128909380027, 2.475266425531855 ], [ 111.837575493763381, 2.464675608330632 ], [ 111.842640667207448, 2.456847613007989 ], [ 111.855533835974157, 2.448328912215701 ], [ 111.860829244574759, 2.443954444241283 ], [ 111.861519950044411, 2.440500916893058 ], [ 111.861519950044411, 2.435896213762092 ], [ 111.855303600817606, 2.432442686413867 ], [ 111.864973477392638, 2.42369375046503 ], [ 111.873492178184918, 2.42645657234361 ], [ 111.879248057098621, 2.427377512969803 ], [ 111.884543465699238, 2.425535631717417 ], [ 111.887536522734365, 2.42093092858645 ], [ 111.888227228204016, 2.418858812177515 ], [ 111.873722413341468, 2.403893527001874 ], [ 111.877406175846247, 2.391460828548264 ], [ 111.873031707871817, 2.391230593391716 ], [ 111.872840778293593, 2.386552818725145 ], [ 111.866635716718747, 2.386996037409062 ], [ 111.86105947973131, 2.387777066043491 ], [ 111.85354868118668, 2.382237115397402 ], [ 111.838266199233018, 2.371660605085108 ], [ 111.838082184648783, 2.362606562099302 ], [ 111.846554664868762, 2.363602374605917 ], [ 111.846324429712212, 2.362220963666627 ], [ 111.848396546121151, 2.356234849596371 ], [ 111.85023842737354, 2.353011557404694 ], [ 111.853687483078772, 2.348111678805481 ], [ 111.842870902363984, 2.347025443334438 ], [ 111.841489491424696, 2.343341680829664 ], [ 111.833201025788952, 2.342650975360019 ], [ 111.831359144536577, 2.337816037072504 ], [ 111.826085735411027, 2.338593834782159 ], [ 111.827819279004757, 2.333038657574129 ], [ 111.832970790632402, 2.328606630810571 ], [ 111.827037519813473, 2.319558146735517 ], [ 111.824077957710855, 2.315368109309045 ], [ 111.821326813399367, 2.310992087114641 ], [ 111.820077621865693, 2.303510998746804 ], [ 111.829334736287763, 2.301056724709269 ], [ 111.825443280939567, 2.290528722464558 ], [ 111.817142927797534, 2.293007327678765 ], [ 111.816667035596311, 2.307046147613221 ], [ 111.817084564830566, 2.31364134563493 ], [ 111.824912560153209, 2.324922868305798 ], [ 111.811670167484124, 2.319419344843595 ], [ 111.813335790188262, 2.332030488174439 ], [ 111.808338922075905, 2.34464163150534 ], [ 111.810480436981209, 2.349638499617697 ], [ 111.816904981697007, 2.348210823014085 ], [ 111.819760334903833, 2.338217086789541 ], [ 111.822139795909663, 2.340596547795371 ], [ 111.823091580312109, 2.34702109251117 ], [ 111.829566784659988, 2.355458479994779 ], [ 111.823991619527035, 2.359918612101143 ] ] ] ] } },
{ "type": "Feature", "properties": { "Id": 87, "NEGERI": "SARAWAK", "KODPAR": "P.219", "PARLIMEN": "MIRI", "KODDUN": "N.87", "NAMADUN": "PIASAU", "KODUNIK": "P.219_N.87", "BILANGAN_P": 34546, "PERATUS_EQ": 167.84 }, "geometry": { "type": "MultiPolygon", "coordinates": [ [ [ [ 113.982543803355284, 4.397279802571773 ], [ 113.990619560224999, 4.395485189934059 ], [ 113.992921911790475, 4.402737597365332 ], [ 113.991885853586012, 4.403888773148073 ], [ 113.994648675464589, 4.408838829013862 ], [ 113.996583019841907, 4.413033839704061 ], [ 114.007772079387848, 4.409069064170412 ], [ 114.016751250493243, 4.416897059493055 ], [ 114.019629189950095, 4.414249355192749 ], [ 114.017201403939836, 4.411245748141591 ], [ 114.001670847739319, 4.392031662585839 ], [ 113.994418440308053, 4.383282726637002 ], [ 113.99741149734318, 4.380519904758422 ], [ 113.994418440308053, 4.376836142253649 ], [ 113.989353266863986, 4.377526847723294 ], [ 113.984403210998195, 4.380289669601874 ], [ 113.983597387950283, 4.375454731314359 ], [ 113.979453155132404, 4.370274440292023 ], [ 113.980374095758606, 4.361525504343187 ], [ 113.991425383272926, 4.348402100419933 ], [ 113.991425383272926, 4.341495045723483 ], [ 113.994418440308053, 4.338041518375258 ], [ 113.999023143439018, 4.337120577749064 ], [ 113.995799851247355, 4.330673993365711 ], [ 113.987741620768162, 4.312024945685295 ], [ 113.978301979349681, 4.291764251909043 ], [ 113.9693228082443, 4.29498754410072 ], [ 113.975539157471104, 4.312485415998393 ], [ 113.970069322575611, 4.315452106111199 ], [ 113.943306235554317, 4.268510501097662 ], [ 113.941924824615029, 4.273805909698274 ], [ 113.939566577332357, 4.276426184456796 ], [ 113.946327072171243, 4.286949553222826 ], [ 113.952982104409784, 4.305435916831982 ], [ 113.957710682715415, 4.31580905459837 ], [ 113.961955283234744, 4.319852941007939 ], [ 113.965494203504591, 4.324017522827717 ], [ 113.96921983319487, 4.341002005269843 ], [ 113.968744473492507, 4.347163700327542 ], [ 113.963277839611465, 4.354273227897579 ], [ 113.965848339152444, 4.368948163131108 ], [ 113.971552652884725, 4.380417999136341 ], [ 113.979063332227952, 4.387242988866888 ], [ 113.982543803355284, 4.397279802571773 ] ] ] ] } },
{ "type": "Feature", "properties": { "Id": 88, "NEGERI": "SARAWAK", "KODPAR": "P.219", "PARLIMEN": "MIRI", "KODDUN": "N.88", "NAMADUN": "PUJUT", "KODUNIK": "P.219_N.88", "BILANGAN_P": 31520, "PERATUS_EQ": 153.14 }, "geometry": { "type": "MultiPolygon", "coordinates": [ [ [ [ 114.011455841892641, 4.468584852138155 ], [ 114.017326838384619, 4.460756856815513 ], [ 114.01778730869772, 4.456152153684545 ], [ 114.021240836045948, 4.455346330636627 ], [ 114.025845539176899, 4.432783285294889 ], [ 114.024924598550712, 4.426106465754987 ], [ 114.019629189950095, 4.414249355192749 ], [ 114.016751250493243, 4.416897059493055 ], [ 114.007772079387848, 4.409069064170412 ], [ 113.996583019841907, 4.413033839704061 ], [ 113.998677790704207, 4.423804114189507 ], [ 114.000059201643495, 4.427027406381184 ], [ 114.003512728991723, 4.427948347007376 ], [ 114.007426726653037, 4.448324158361904 ], [ 114.012722135253654, 4.449245098988096 ], [ 114.011455841892641, 4.468584852138155 ] ] ] ] } },
{ "type": "Feature", "properties": { "Id": 2, "NEGERI": "SARAWAK", "KODPAR": "P.192", "PARLIMEN": "MAS GADING", "KODDUN": "N.02", "NAMADUN": "JAGOI", "KODUNIK": "P.192_N.02", "BILANGAN_P": 17144, "PERATUS_EQ": 83.29 }, "geometry": { "type": "MultiPolygon", "coordinates": [ [ [ [ 110.107089684618586, 1.487173878676042 ], [ 110.111003682281961, 1.47992147124737 ], [ 110.115852179417743, 1.471018074415667 ], [ 110.120059598439525, 1.461042188410407 ], [ 110.126813163031613, 1.447535059226238 ], [ 110.12957598491019, 1.442316395677809 ], [ 110.131724846371313, 1.433413969624607 ], [ 110.136866764865545, 1.433452342148053 ], [ 110.139936566952855, 1.432531401521859 ], [ 110.142085428413978, 1.429768579643277 ], [ 110.148532012797332, 1.427926698390889 ], [ 110.151908795093377, 1.426084817138501 ], [ 110.154364636763233, 1.425777836929769 ], [ 110.153750676345766, 1.423321995259918 ], [ 110.157741419059278, 1.42148011400753 ], [ 110.163574043025164, 1.420559173381336 ], [ 110.166643845112489, 1.420559173381336 ], [ 110.166643845112489, 1.414419569206709 ], [ 110.170020627408533, 1.412270707745589 ], [ 110.172169488869642, 1.41012184628447 ], [ 110.178309093044277, 1.411349767119395 ], [ 110.185676618053833, 1.411963727536858 ], [ 110.180841679768278, 1.416837038353127 ], [ 110.181992855549055, 1.42362897546865 ], [ 110.193101353011414, 1.425090619871592 ], [ 110.192737162854698, 1.418717292128949 ], [ 110.199490727446786, 1.414726549415441 ], [ 110.193427868326253, 1.406092731047539 ], [ 110.19703488577693, 1.394465855639171 ], [ 110.18905340034992, 1.390782093134394 ], [ 110.195806964942008, 1.380344766037528 ], [ 110.186290578471343, 1.373591201445438 ], [ 110.17685093705478, 1.369869066417268 ], [ 110.171531566954059, 1.378076327527992 ], [ 110.147261064694533, 1.390925416959362 ], [ 110.132984298659551, 1.386642387148925 ], [ 110.127273592245672, 1.379504004131434 ], [ 110.115852179417743, 1.36951026790689 ], [ 110.105554783574959, 1.370521399358124 ], [ 110.091126713764581, 1.36960045873193 ], [ 110.084066168963759, 1.35394446808663 ], [ 110.075877234519623, 1.339529059233485 ], [ 110.074449557916239, 1.333818352819435 ], [ 110.055900734814728, 1.327198817403645 ], [ 110.037481922290851, 1.324129015316334 ], [ 110.038757642828784, 1.302409467542418 ], [ 110.056130969969203, 1.287329762791925 ], [ 110.04732370244966, 1.276711288679508 ], [ 110.024480876793803, 1.289560378111048 ], [ 110.007348757551767, 1.293843407921543 ], [ 109.983078255292241, 1.30383714414603 ], [ 109.975939872274751, 1.313830880370574 ], [ 109.973084519067925, 1.339529059233485 ], [ 109.967373812653875, 1.370937944510501 ], [ 109.961663106239769, 1.399491476580465 ], [ 109.947386340204787, 1.416623595822273 ], [ 109.933109574169805, 1.431043129517718 ], [ 109.951669370015452, 1.435326159328213 ], [ 109.977367548878362, 1.446747572156141 ], [ 109.994499668120397, 1.451030601966579 ], [ 110.017451463669104, 1.449415313002085 ], [ 110.034028394940592, 1.45064323383701 ], [ 110.055517009551792, 1.462922442186265 ], [ 110.064726415813723, 1.467834125525967 ], [ 110.072093940823279, 1.478885413040296 ], [ 110.084373149172535, 1.485025017214923 ], [ 110.096038397104323, 1.486866898467311 ], [ 110.107089684618586, 1.487173878676042 ] ] ] ] } },
{ "type": "Feature", "properties": { "Id": 6, "NEGERI": "SARAWAK", "KODPAR": "P.193", "PARLIMEN": "SANTUBONG", "KODDUN": "N.06", "NAMADUN": "PASIR PANDAK", "KODUNIK": "P.193_N.06", "BILANGAN_P": 19321, "PERATUS_EQ": 93.87 }, "geometry": { "type": "MultiPolygon", "coordinates": [ [ [ [ 110.302748585514166, 1.708827400738869 ], [ 110.313380384886102, 1.708813589380085 ], [ 110.318906028643255, 1.710655470632473 ], [ 110.330878256783777, 1.713111312302324 ], [ 110.340394643254456, 1.71219037167613 ], [ 110.346227267220357, 1.706664727918966 ], [ 110.346841227637796, 1.693771559152248 ], [ 110.345306326594141, 1.687631954977621 ], [ 110.342543504715564, 1.681492350802994 ], [ 110.342543504715564, 1.667985221618814 ], [ 110.348683108890185, 1.657547894521948 ], [ 110.359427416195786, 1.630226655944856 ], [ 110.35021800993384, 1.622859130935304 ], [ 110.341622564089363, 1.622859130935304 ], [ 110.33149221720123, 1.618561408013065 ], [ 110.323510731774206, 1.622552150726572 ], [ 110.317064147390852, 1.616719526760676 ], [ 110.309639449500821, 1.611422136832971 ], [ 110.31059123390321, 1.600000724005042 ], [ 110.30583231189155, 1.594290017590936 ], [ 110.297566527919088, 1.59174669944565 ], [ 110.293459114661175, 1.590482879981721 ], [ 110.267760935798265, 1.588579311177057 ], [ 110.252532385360894, 1.592386448786328 ], [ 110.242062756935127, 1.597145370797989 ], [ 110.232544912911806, 1.602856077212039 ], [ 110.218268146876824, 1.607614999223699 ], [ 110.210848995169798, 1.603519377785228 ], [ 110.19918374723801, 1.60167749653284 ], [ 110.196727905568167, 1.591854129853436 ], [ 110.194886024315778, 1.583872644426421 ], [ 110.179145842172773, 1.599152049579516 ], [ 110.167724429344787, 1.602007402786569 ], [ 110.161118201355322, 1.610272942377318 ], [ 110.158048399268012, 1.626235913231349 ], [ 110.147736956895756, 1.626277905046095 ], [ 110.146690131544943, 1.640663983041723 ], [ 110.151601814884657, 1.65570601326956 ], [ 110.154364636763233, 1.663073538279112 ], [ 110.167564785738676, 1.666143340366426 ], [ 110.166643845112489, 1.681492350802994 ], [ 110.170327607617267, 1.684869133099039 ], [ 110.169713647199799, 1.691315717482398 ], [ 110.166029884695021, 1.693771559152249 ], [ 110.161118201355322, 1.687938935186353 ], [ 110.152522755510844, 1.686404034142696 ], [ 110.139015626326668, 1.686097053933964 ], [ 110.1384016659092, 1.698990222700682 ], [ 110.142590184025494, 1.698723707870329 ], [ 110.147619632112253, 1.702968973888005 ], [ 110.179982538799777, 1.708178004301942 ], [ 110.19249356447034, 1.710191739157779 ], [ 110.209226217366279, 1.7022094579861 ], [ 110.233298408897099, 1.70771099220218 ], [ 110.258283312948549, 1.713613560685587 ], [ 110.274525938176964, 1.708834662307254 ], [ 110.302748585514166, 1.708827400738869 ] ] ] ] } },
{ "type": "Feature", "properties": { "Id": 24, "NEGERI": "SARAWAK", "KODPAR": "P.197", "PARLIMEN": "KOTA SAMARAHAN", "KODDUN": "N.24", "NAMADUN": "STAKAN", "KODUNIK": "P.197_N.24", "BILANGAN_P": 25900, "PERATUS_EQ": 125.84 }, "geometry": { "type": "MultiPolygon", "coordinates": [ [ [ [ 110.385712596569618, 1.477657492207952 ], [ 110.389357986547026, 1.477043531787906 ], [ 110.390278927173227, 1.475508630744249 ], [ 110.388437045920838, 1.472131848448204 ], [ 110.386902144877183, 1.469062046360891 ], [ 110.387209125085917, 1.465378283856114 ], [ 110.391199867799415, 1.462308481768801 ], [ 110.396418531347848, 1.462922442186263 ], [ 110.399488333435158, 1.462922442186263 ], [ 110.401944175105015, 1.45770377863783 ], [ 110.398260412600237, 1.455247936967979 ], [ 110.394269669886725, 1.451871154671934 ], [ 110.395190610512927, 1.448801352584621 ], [ 110.398260412600237, 1.445731550497307 ], [ 110.403172095939937, 1.445731550497307 ], [ 110.40347907614867, 1.440205906740142 ], [ 110.40808377927965, 1.437750065070292 ], [ 110.41606526470666, 1.437136104652829 ], [ 110.405181971062632, 1.413196279676413 ], [ 110.39580457093038, 1.404442712422939 ], [ 110.390278927173171, 1.400451969709429 ], [ 110.387516105294594, 1.409354395762638 ], [ 110.376117624235462, 1.406173796238591 ], [ 110.358985504993427, 1.390469353600224 ], [ 110.338998032544396, 1.391897030203609 ], [ 110.333287326130517, 1.38047561737568 ], [ 110.32757661971641, 1.383330970582733 ], [ 110.31472753028504, 1.387614000393171 ], [ 110.321424943657405, 1.396064160434548 ], [ 110.31476245284108, 1.40558200445787 ], [ 110.312858884036473, 1.417003417285798 ], [ 110.322376728059794, 1.421762339297459 ], [ 110.332846356485334, 1.40558200445787 ], [ 110.343315984911044, 1.406533788860088 ], [ 110.343315984911044, 1.421762339297459 ], [ 110.337605278496994, 1.428424830113784 ], [ 110.329039218876062, 1.448412302562815 ], [ 110.315714237243299, 1.449364086965033 ], [ 110.308099962024812, 1.459833715390744 ], [ 110.319521374852741, 1.464592637402404 ], [ 110.327135650071455, 1.459833715390744 ], [ 110.335701709692387, 1.455074793379083 ], [ 110.348270604235907, 1.44956880310906 ], [ 110.357592750946026, 1.464592637402404 ], [ 110.369014163774011, 1.469351559414065 ], [ 110.385712596569618, 1.477657492207952 ] ] ] ] } },
{ "type": "Feature", "properties": { "Id": 25, "NEGERI": "SARAWAK", "KODPAR": "P.198", "PARLIMEN": "PUNCAK BORNEO", "KODDUN": "N.25", "NAMADUN": "MAMBONG", "KODUNIK": "P.198_N.25", "BILANGAN_P": 23815, "PERATUS_EQ": 115.71 }, "geometry": { "type": "MultiPolygon", "coordinates": [ [ [ [ 110.252645881031015, 1.173388233207961 ], [ 110.251830853035401, 1.172826144935124 ], [ 110.246612189486967, 1.169449362639079 ], [ 110.246612189486967, 1.167607481386691 ], [ 110.244770308234578, 1.164537679299378 ], [ 110.240472585312332, 1.161774857420795 ], [ 110.235560901972633, 1.159932976168407 ], [ 110.232184119676589, 1.157170154289825 ], [ 110.230035258215466, 1.152872431367586 ], [ 110.228807337380545, 1.149802629280272 ], [ 110.222974713414644, 1.149188668862809 ], [ 110.219904911327333, 1.145811886566764 ], [ 110.218983970701146, 1.141821143853257 ], [ 110.222053772788456, 1.135067579261167 ], [ 110.220211891536067, 1.133839658426241 ], [ 110.213151346735245, 1.129848915712733 ], [ 110.205950297220184, 1.120919614314063 ], [ 110.199085725401574, 1.123493828746007 ], [ 110.196230372194577, 1.136342918177547 ], [ 110.201941078608627, 1.150619684212529 ], [ 110.196230372194577, 1.167751803454564 ], [ 110.190519665780698, 1.179173216282493 ], [ 110.180525929556154, 1.184883922696372 ], [ 110.169104516728225, 1.190594629110478 ], [ 110.15197239748619, 1.201159435976251 ], [ 110.160538457107123, 1.209725495597354 ], [ 110.169104516728225, 1.226857614839162 ], [ 110.186597558680035, 1.25693872212752 ], [ 110.183834736801444, 1.269217930476775 ], [ 110.19427206389831, 1.274129613816476 ], [ 110.194802695591136, 1.281109325772263 ], [ 110.190519665780698, 1.298241445014071 ], [ 110.194802695591136, 1.301096798221124 ], [ 110.203368755212068, 1.312518211049053 ], [ 110.220500874454046, 1.315373564256106 ], [ 110.221928551057658, 1.332505683498084 ], [ 110.221928551057658, 1.345354772929682 ], [ 110.230494610678591, 1.358203862361052 ], [ 110.239060670299523, 1.382474364620521 ], [ 110.243343700110131, 1.392468100845065 ], [ 110.267614202369487, 1.403889513672993 ], [ 110.278691621299458, 1.392316994178051 ], [ 110.299023087646447, 1.384758647186118 ], [ 110.31472753028504, 1.387614000393171 ], [ 110.32757661971641, 1.383330970582733 ], [ 110.333287326130517, 1.38047561737568 ], [ 110.338998032544396, 1.391897030203609 ], [ 110.358985504993427, 1.390469353600224 ], [ 110.376117624235462, 1.406173796238591 ], [ 110.387516105294594, 1.409354395762638 ], [ 110.390278927173171, 1.400451969709429 ], [ 110.39580457093038, 1.404442712422939 ], [ 110.419135066793956, 1.384795979064132 ], [ 110.424046750133655, 1.387865781151445 ], [ 110.435405017856723, 1.38203315718555 ], [ 110.426086305357899, 1.370481881151136 ], [ 110.434652364978774, 1.371909557754748 ], [ 110.42834447305593, 1.362232933722376 ], [ 110.422204868881309, 1.358549171217599 ], [ 110.417907145959063, 1.35885615142633 ], [ 110.415144324080487, 1.356707289965211 ], [ 110.413609423036831, 1.352409567042972 ], [ 110.408083779279664, 1.352409567042972 ], [ 110.406548878236009, 1.343814121198494 ], [ 110.40595039913093, 1.341842660617077 ], [ 110.39896044989132, 1.346211378891837 ], [ 110.399488333435187, 1.356093329547748 ], [ 110.401944175105029, 1.359777092052525 ], [ 110.399488333435187, 1.362232933722376 ], [ 110.403786056357418, 1.365916696227152 ], [ 110.402251155313763, 1.36990743894066 ], [ 110.408083779279664, 1.372977241027973 ], [ 110.410232640740773, 1.376967983741481 ], [ 110.403172095939965, 1.382186647289914 ], [ 110.40010229385264, 1.382493627498645 ], [ 110.396418531347862, 1.377274963950212 ], [ 110.393348729260552, 1.371749320193048 ], [ 110.384446303207341, 1.370214419149391 ], [ 110.378613679241454, 1.362232933722376 ], [ 110.376464817780331, 1.361311993096181 ], [ 110.375850857362863, 1.357321250382674 ], [ 110.376771797989065, 1.353637487877897 ], [ 110.374929916736676, 1.350260705581852 ], [ 110.373701995901754, 1.346576943077076 ], [ 110.376157837571597, 1.342279220154837 ], [ 110.370406917821356, 1.337645319270734 ], [ 110.341853385751392, 1.321940876632311 ], [ 110.343617935446048, 1.310813748759873 ], [ 110.33993417294127, 1.304060184167783 ], [ 110.340241153150004, 1.296078698740768 ], [ 110.329004296320022, 1.274827548716928 ], [ 110.325506103130891, 1.269985380998602 ], [ 110.315682736451492, 1.264766717450169 ], [ 110.293273181214104, 1.246654885135019 ], [ 110.292275495537709, 1.240937378750205 ], [ 110.304554703886964, 1.233262873531928 ], [ 110.310694308061585, 1.233569853740659 ], [ 110.30424772367823, 1.224974407896188 ], [ 110.303710508310971, 1.208282359043598 ], [ 110.3018784408535, 1.203443718542019 ], [ 110.289029351421959, 1.21058210155951 ], [ 110.267614202369487, 1.212009778162951 ], [ 110.263331172558992, 1.202016041938407 ], [ 110.256192789541501, 1.187739275903425 ], [ 110.250482083127622, 1.180600892885934 ], [ 110.252645881031015, 1.173388233207961 ] ] ] ] } },
{ "type": "Feature", "properties": { "Id": 28, "NEGERI": "SARAWAK", "KODPAR": "P.199", "PARLIMEN": "SERIAN", "KODDUN": "N.28", "NAMADUN": "TEBEDU", "KODUNIK": "P.199_N.28", "BILANGAN_P": 20545, "PERATUS_EQ": 99.82 }, "geometry": { "type": "MultiPolygon", "coordinates": [ [ [ [ 110.220211891536067, 1.133839658426241 ], [ 110.222053772788456, 1.135067579261167 ], [ 110.218983970701146, 1.141821143853257 ], [ 110.219904911327333, 1.145811886566764 ], [ 110.222974713414644, 1.149188668862809 ], [ 110.228807337380545, 1.149802629280272 ], [ 110.230035258215466, 1.152872431367586 ], [ 110.232184119676589, 1.157170154289825 ], [ 110.235560901972633, 1.159932976168407 ], [ 110.240472585312332, 1.161774857420795 ], [ 110.244770308234578, 1.164537679299378 ], [ 110.246612189486967, 1.167607481386691 ], [ 110.246612189486967, 1.169449362639079 ], [ 110.251830853035401, 1.172826144935124 ], [ 110.252645881031015, 1.173388233207961 ], [ 110.250482083127622, 1.180600892885934 ], [ 110.256192789541501, 1.187739275903425 ], [ 110.263331172558992, 1.202016041938407 ], [ 110.267614202369487, 1.212009778162951 ], [ 110.289029351421959, 1.21058210155951 ], [ 110.3018784408535, 1.203443718542019 ], [ 110.307087290607072, 1.201221814242775 ], [ 110.309543132276914, 1.193547309024491 ], [ 110.310464072903116, 1.189863546519714 ], [ 110.32182234062617, 1.196003150694342 ], [ 110.326120063548416, 1.192933348607028 ], [ 110.340855113567514, 1.177891318379191 ], [ 110.347915658368336, 1.172672654830758 ], [ 110.354055262542971, 1.166840030864862 ], [ 110.368176352144616, 1.149649139175906 ], [ 110.370018233396991, 1.143202554792547 ], [ 110.370325213605724, 1.139825772496502 ], [ 110.378954443021598, 1.132605396862816 ], [ 110.393932077715476, 1.138450327474914 ], [ 110.407257059348012, 1.143209249486574 ], [ 110.417600165750287, 1.147193297506054 ], [ 110.423432789716131, 1.145658396462397 ], [ 110.429572393890751, 1.136755970409188 ], [ 110.431721255351874, 1.136755970409188 ], [ 110.436939918900308, 1.13951879228777 ], [ 110.440623681405086, 1.143509535001278 ], [ 110.446456305370972, 1.143202554792546 ], [ 110.449526107458283, 1.136448990200456 ], [ 110.451367988710672, 1.127853544355978 ], [ 110.455972691841652, 1.120179039137694 ], [ 110.461191355390085, 1.116495276632918 ], [ 110.466716999147252, 1.113118494336873 ], [ 110.471628682486951, 1.115574336006724 ], [ 110.476233385617917, 1.118337157885306 ], [ 110.482372989792609, 1.1192580985115 ], [ 110.489663769751772, 1.101875344195016 ], [ 110.502633683568888, 1.103909088074932 ], [ 110.509617483319303, 1.103717225447402 ], [ 110.517598968746313, 1.096349700437856 ], [ 110.522327793590023, 1.085816650026118 ], [ 110.532410763815818, 1.08549027555105 ], [ 110.536938721896362, 1.087754254593385 ], [ 110.541236444818608, 1.084991432714805 ], [ 110.543692286488451, 1.081614650418763 ], [ 110.550138870871805, 1.079158808748914 ], [ 110.557583140931797, 1.077815770332766 ], [ 110.553285418009551, 1.075359928662915 ], [ 110.55205749717463, 1.0673784432359 ], [ 110.539778288825374, 1.054792254677914 ], [ 110.527806060684853, 1.04711774945963 ], [ 110.529340961728508, 1.035145521319107 ], [ 110.532410763815804, 1.016112748377762 ], [ 110.534175900017814, 1.005176578444718 ], [ 110.531106097930504, 0.993818310721667 ], [ 110.536017781270203, 0.976934399241457 ], [ 110.539164328407892, 0.958400469136266 ], [ 110.532103783607084, 0.951953884752907 ], [ 110.519824575257829, 0.949805023291788 ], [ 110.50263368356886, 0.944279379534623 ], [ 110.487591653341028, 0.935683933690145 ], [ 110.476540365826708, 0.931079230559175 ], [ 110.469479821025885, 0.925860567010741 ], [ 110.46027041476394, 0.922176804505965 ], [ 110.456654669829049, 0.905929397985233 ], [ 110.435239520776577, 0.908784751192286 ], [ 110.429528814362641, 0.917350810813218 ], [ 110.423818107948591, 0.9316275768482 ], [ 110.419535078138153, 0.945904342883182 ], [ 110.405258312103172, 0.953042725900673 ], [ 110.396692252482239, 0.967319491935655 ], [ 110.392409222671631, 0.985879287781245 ], [ 110.38527083965414, 0.998728377212615 ], [ 110.363855690601667, 0.994445347402177 ], [ 110.346723571359803, 0.995873024005618 ], [ 110.323880745703718, 1.004439083626721 ], [ 110.305320949858299, 1.003011407023109 ], [ 110.278195094391776, 1.001583730419668 ], [ 110.268201358167403, 1.008722113437159 ], [ 110.268201358167403, 1.020143526265088 ], [ 110.268201358167403, 1.032992615696685 ], [ 110.273324908783536, 1.053537675174709 ], [ 110.264758849162604, 1.057820704985147 ], [ 110.254765112938117, 1.067814441209691 ], [ 110.246199053317014, 1.077808177434008 ], [ 110.243343700110131, 1.087801913658552 ], [ 110.23620531709264, 1.106361709503972 ], [ 110.230494610678591, 1.119210798935569 ], [ 110.2233562276611, 1.120638475538954 ], [ 110.210507138229559, 1.119210798935569 ], [ 110.205950297220184, 1.120919614314063 ], [ 110.213151346735245, 1.129848915712733 ], [ 110.220211891536067, 1.133839658426241 ] ] ] ] } },
{ "type": "Feature", "properties": { "Id": 54, "NEGERI": "SARAWAK", "KODPAR": "P.208", "PARLIMEN": "SARIKEI", "KODDUN": "N.54", "NAMADUN": "REPOK", "KODUNIK": "P.208_N.54", "BILANGAN_P": 28148, "PERATUS_EQ": 136.76 }, "geometry": { "type": "MultiPolygon", "coordinates": [ [ [ [ 111.539329256323697, 2.112448981180762 ], [ 111.540226789080393, 2.105278528956632 ], [ 111.539919808871659, 2.103743627912975 ], [ 111.539766318767292, 2.102055236764952 ], [ 111.53807792761927, 2.101441276347489 ], [ 111.534547655218859, 2.100827315930027 ], [ 111.534087184905772, 2.085171325284727 ], [ 111.531938323444663, 2.085478305493458 ], [ 111.527180130209317, 2.087320186745846 ], [ 111.523956838017639, 2.086552736224018 ], [ 111.52211495676525, 2.082868973719241 ], [ 111.522421936973984, 2.080106151840659 ], [ 111.526412679687496, 2.076575879440248 ], [ 111.525798719270028, 2.074427017979129 ], [ 111.524877778643841, 2.071510705996181 ], [ 111.524570798435107, 2.068287413804502 ], [ 111.523496367704539, 2.067059492969576 ], [ 111.517510253634285, 2.067059492969576 ], [ 111.513212530712039, 2.066599022656479 ], [ 111.512291590085852, 2.064603651299725 ], [ 111.513519510920773, 2.061994319525509 ], [ 111.514900921860061, 2.059845458064389 ], [ 111.514747431755694, 2.054012834098493 ], [ 111.515054411964428, 2.052938403367933 ], [ 111.51904515467794, 2.052017462741739 ], [ 111.522882407287085, 2.050789541906814 ], [ 111.527640600522417, 2.048640680445694 ], [ 111.528133456221525, 2.047804319259333 ], [ 111.5264801668921, 2.042492827609237 ], [ 111.514286961442579, 2.038510333557559 ], [ 111.508300847372325, 2.049254640863157 ], [ 111.503082183823892, 2.042347586166701 ], [ 111.494333247875048, 2.044649937732186 ], [ 111.488193643700427, 2.033598650217857 ], [ 111.475607455142438, 2.030835828339275 ], [ 111.482974980151994, 2.022547362703528 ], [ 111.482222192183769, 2.009656265728836 ], [ 111.469373102752172, 2.022505355160376 ], [ 111.460807043131297, 2.005373235918398 ], [ 111.453504880113783, 2.004128550179646 ], [ 111.446904805626062, 2.011035604876102 ], [ 111.451202528548308, 2.0217799121817 ], [ 111.441379161868895, 2.032831199696029 ], [ 111.432937206128784, 2.030068377817446 ], [ 111.437541909259735, 2.037896373140096 ], [ 111.435700028007346, 2.047105779402037 ], [ 111.440839399523895, 2.050606789639176 ], [ 111.435086067589893, 2.071664196100546 ], [ 111.450833135748439, 2.083443351519577 ], [ 111.465109901783421, 2.093437087744121 ], [ 111.480519138482109, 2.107887860730849 ], [ 111.473612083785653, 2.113413504488013 ], [ 111.472537653055099, 2.1206275393932 ], [ 111.473612083785667, 2.126767143567827 ], [ 111.476681885872992, 2.129376475342044 ], [ 111.479444707751568, 2.131218356594432 ], [ 111.482821490047613, 2.133520708159918 ], [ 111.488193643700399, 2.131832317011895 ], [ 111.503657170077872, 2.11770759000359 ], [ 111.509989238520319, 2.110190212296334 ], [ 111.516435822903674, 2.117250757097155 ], [ 111.512291590085809, 2.129376475342044 ], [ 111.520789289319907, 2.130556679435188 ], [ 111.53361854990959, 2.123870394008691 ], [ 111.539329256323697, 2.112448981180762 ] ] ] ] } },
{ "type": "Feature", "properties": { "Id": 52, "NEGERI": "SARAWAK", "KODPAR": "P.207", "PARLIMEN": "BATANG LASSA", "KODDUN": "N.52", "NAMADUN": "MATU", "KODUNIK": "P.207_N.52", "BILANGAN_P": 11916, "PERATUS_EQ": 57.89 }, "geometry": { "type": "MultiPolygon", "coordinates": [ [ [ [ 111.728062600000271, 2.811146200000337 ], [ 111.746670979452034, 2.799514271002609 ], [ 111.749894271643711, 2.79982125121134 ], [ 111.753885014357223, 2.800128231420072 ], [ 111.755726895609612, 2.801049172046266 ], [ 111.763861871140989, 2.804732934551042 ], [ 111.770615435733077, 2.807802736638355 ], [ 111.774606178446589, 2.805653875177236 ], [ 111.779824841995023, 2.799514271002609 ], [ 111.804536748797887, 2.736122857899582 ], [ 111.806685610259009, 2.733973996438462 ], [ 111.810983333181241, 2.73581587769085 ], [ 111.816662467042775, 2.744411323535328 ], [ 111.821113680069388, 2.744411323535328 ], [ 111.824950932678519, 2.742108971969843 ], [ 111.829095165496398, 2.725685530802715 ], [ 111.831857987374974, 2.718011025584432 ], [ 111.838268874022788, 2.709824563999575 ], [ 111.821136754780753, 2.712679917206458 ], [ 111.801149282331892, 2.712679917206458 ], [ 111.78116180988286, 2.705541534188967 ], [ 111.762602014037441, 2.695547797964593 ], [ 111.751180601209455, 2.698403151171476 ], [ 111.743447687260343, 2.698978252643087 ], [ 111.735773182042067, 2.691610727633534 ], [ 111.725949815362654, 2.692838648468459 ], [ 111.725949815362654, 2.698978252643087 ], [ 111.731193128760424, 2.705541534188967 ], [ 111.729019617449978, 2.711564441201073 ], [ 111.736694122668254, 2.724150629759059 ], [ 111.714284567430866, 2.721694788089208 ], [ 111.698356566880022, 2.715535270413454 ], [ 111.686042388227577, 2.705117856817714 ], [ 111.673149219460868, 2.682708301580325 ], [ 111.681744665305345, 2.67503379636204 ], [ 111.659028129859223, 2.649861419246069 ], [ 111.644104855947091, 2.631302350807175 ], [ 111.626488227733688, 2.609953992110992 ], [ 111.589853145014047, 2.60845952515109 ], [ 111.512758608425258, 2.598465788926603 ], [ 111.484205076355295, 2.598465788926603 ], [ 111.469314360863237, 2.586316516038678 ], [ 111.462789927302822, 2.602748818737211 ], [ 111.473305103576749, 2.618856418164202 ], [ 111.47760282649898, 2.632977507765845 ], [ 111.477909806707714, 2.657842904673085 ], [ 111.462253816062415, 2.658149884881817 ], [ 111.465323618149725, 2.677489638031893 ], [ 111.461639855644947, 2.664596469265175 ], [ 111.428972500000043, 2.668372300000158 ], [ 111.428457500000093, 2.679689600000188 ], [ 111.430198100000212, 2.695298300000275 ], [ 111.43452160000038, 2.701753 ], [ 111.445851300000413, 2.707068500000332 ], [ 111.46796360000036, 2.713131199999964 ], [ 111.478263300000265, 2.721018699999945 ], [ 111.479840200000353, 2.734846300000072 ], [ 111.485620700000425, 2.740732700000422 ], [ 111.493401500000289, 2.74547720000038 ], [ 111.524587900000313, 2.756335900000352 ], [ 111.54558660000032, 2.765366900000288 ], [ 111.593995100000313, 2.790228500000126 ], [ 111.605268700000352, 2.800401000000363 ], [ 111.612135200000409, 2.813431600000285 ], [ 111.614538400000299, 2.821832900000288 ], [ 111.630043900000317, 2.844579400000327 ], [ 111.638742700000307, 2.849265100000423 ], [ 111.6466391000003, 2.849093600000231 ], [ 111.651673300000255, 2.84475080000027 ], [ 111.655222200000253, 2.837777900000106 ], [ 111.657147500000235, 2.829384600000196 ], [ 111.664835200000198, 2.826633600000321 ], [ 111.671757700000285, 2.825891200000342 ], [ 111.683774000000255, 2.813718000000335 ], [ 111.692700400000433, 2.8121749000004 ], [ 111.697622500000364, 2.809488200000317 ], [ 111.702944000000286, 2.805544700000326 ], [ 111.710497100000339, 2.807430700000225 ], [ 111.723543400000267, 2.801772700000356 ], [ 111.728062600000271, 2.811146200000337 ] ] ] ] } },
{ "type": "Feature", "properties": { "Id": 79, "NEGERI": "SARAWAK", "KODPAR": "P.216", "PARLIMEN": "HULU RAJANG", "KODDUN": "N.79", "NAMADUN": "MURUM", "KODUNIK": "P.216_N.79", "BILANGAN_P": 12192, "PERATUS_EQ": 59.24 }, "geometry": { "type": "MultiPolygon", "coordinates": [ [ [ [ 114.793794903843775, 2.665901135153896 ], [ 114.797852798478132, 2.661353990812044 ], [ 114.798313268791233, 2.654446936115595 ], [ 114.799924914887072, 2.649151527514983 ], [ 114.801997031295997, 2.646158470479855 ], [ 114.803838912548386, 2.642935178288178 ], [ 114.803838912548386, 2.641093297035792 ], [ 114.802687736765648, 2.638330475157212 ], [ 114.80153656098291, 2.63717929937447 ], [ 114.80153656098291, 2.635107182965535 ], [ 114.801766796139447, 2.633495536869697 ], [ 114.80107609066981, 2.630502479834569 ], [ 114.798543503947769, 2.626818717329795 ], [ 114.798313268791233, 2.626128011860151 ], [ 114.800155150043608, 2.623134954825022 ], [ 114.803838912548386, 2.620372132946442 ], [ 114.804299382861487, 2.618760486850604 ], [ 114.803378442235285, 2.615997664972024 ], [ 114.800615620356709, 2.614155783719637 ], [ 114.800615620356709, 2.611162726684509 ], [ 114.80153656098291, 2.608399904805929 ], [ 114.80153656098291, 2.607248729023188 ], [ 114.799924914887072, 2.605637082927349 ], [ 114.798083033634683, 2.604716142301156 ], [ 114.789103862529288, 2.602183555579125 ], [ 114.785420100024524, 2.600802144639835 ], [ 114.783578218772135, 2.597578852448158 ], [ 114.77667116407568, 2.594125325099933 ], [ 114.766540817187561, 2.595046265726126 ], [ 114.762857054682783, 2.59182297353445 ], [ 114.758022116395281, 2.583994978211806 ], [ 114.756870940612529, 2.578699569611195 ], [ 114.757561646082181, 2.572252985227841 ], [ 114.757561646082181, 2.563273814122456 ], [ 114.756640705455993, 2.558438875834942 ], [ 114.750654591385725, 2.554064407860523 ], [ 114.747431299194048, 2.550841115668847 ], [ 114.745589417941673, 2.548538764103363 ], [ 114.744898712472022, 2.546006177381332 ], [ 114.743287066376183, 2.541171239093817 ], [ 114.733156719488051, 2.54209217972001 ], [ 114.730393897609474, 2.539789828154527 ], [ 114.72671013510471, 2.537717711745592 ], [ 114.723026372599932, 2.532882773458077 ], [ 114.721644961660644, 2.527357129700917 ], [ 114.72417754838267, 2.518377958595533 ], [ 114.724638018695757, 2.514003490621115 ], [ 114.717961199155866, 2.50778714139431 ], [ 114.710133203833223, 2.508247611707407 ], [ 114.703456384293318, 2.511240668742535 ], [ 114.694246978031387, 2.512391844525277 ], [ 114.689642274900422, 2.512391844525277 ], [ 114.680432868638476, 2.51469419609076 ], [ 114.673525813942035, 2.51469419609076 ], [ 114.659711704549139, 2.51469419609076 ], [ 114.652344179539583, 2.515154666403857 ], [ 114.641523127181813, 2.51607560703005 ], [ 114.63576724826811, 2.516766312499695 ], [ 114.629781134197827, 2.521140780474114 ], [ 114.622874079501372, 2.521601250787211 ], [ 114.615736789648381, 2.521140780474114 ], [ 114.607218088856087, 2.523903602352694 ], [ 114.601001739629282, 2.526666424231274 ], [ 114.592483038836988, 2.529199010953306 ], [ 114.585575984140547, 2.52988971642295 ], [ 114.579359634913743, 2.531501362518789 ], [ 114.574754931782778, 2.534724654710465 ], [ 114.567847877086322, 2.534724654710465 ], [ 114.562552468485706, 2.534264184397369 ], [ 114.557026824728553, 2.532192067988434 ], [ 114.552422121597587, 2.530810657049144 ], [ 114.545975537214233, 2.52988971642295 ], [ 114.542061539552918, 2.526896659387822 ], [ 114.534924249699927, 2.526896659387822 ], [ 114.532391662977886, 2.528278070327112 ], [ 114.527786959846921, 2.530580421892595 ], [ 114.519728729367728, 2.535185125023562 ], [ 114.515814731706413, 2.535645595336658 ], [ 114.507986736383771, 2.539789828154528 ], [ 114.49440286214741, 2.541631709406915 ], [ 114.489107453546808, 2.542092179720012 ], [ 114.48542369104203, 2.541171239093818 ], [ 114.481279458224165, 2.543243355502753 ], [ 114.473451462901508, 2.547387588320623 ], [ 114.462630410543738, 2.547617823477171 ], [ 114.455723355847297, 2.551531821138493 ], [ 114.451809358185969, 2.553143467234331 ], [ 114.445132538646064, 2.557287700052201 ], [ 114.438685954262723, 2.558899346148039 ], [ 114.431088194096617, 2.566727341470683 ], [ 114.431778899566268, 2.572022750071294 ], [ 114.431778899566268, 2.575476277419519 ], [ 114.427634666748403, 2.578469334454647 ], [ 114.427634666748403, 2.582613567272517 ], [ 114.429476548000778, 2.587218270403484 ], [ 114.43039748862698, 2.588829916499322 ], [ 114.431318429253167, 2.592513679004095 ], [ 114.430857958940081, 2.595046265726127 ], [ 114.429937018313879, 2.59734861729161 ], [ 114.430857958940081, 2.60149285010948 ], [ 114.431318429253167, 2.603334731361866 ], [ 114.432009134722819, 2.613004607936896 ], [ 114.427404431591853, 2.614846489189283 ], [ 114.428555607374591, 2.619911662633347 ], [ 114.425792785496014, 2.622674484511927 ], [ 114.425792785496014, 2.626818717329796 ], [ 114.426253255809115, 2.631423420460763 ], [ 114.428555607374591, 2.636028123591729 ], [ 114.426253255809115, 2.640172356409599 ], [ 114.423720669087075, 2.638560710313761 ], [ 114.419115965956109, 2.635337418122084 ], [ 114.41727408470372, 2.635567653278633 ], [ 114.413820557355493, 2.641323532192341 ], [ 114.413590322198957, 2.641784002505438 ], [ 114.410367030007279, 2.642474707975083 ], [ 114.40852514875489, 2.635107182965536 ], [ 114.405071621406663, 2.637409534531019 ], [ 114.39954597764951, 2.644086354070921 ], [ 114.396092450301282, 2.646158470479856 ], [ 114.389185395604827, 2.652144584550112 ], [ 114.38642257372625, 2.654446936115595 ], [ 114.385962103413149, 2.652374819706661 ], [ 114.385041162786962, 2.649381762671532 ], [ 114.382969046378022, 2.649381762671532 ], [ 114.369845642454763, 2.660433050185851 ], [ 114.365701409636884, 2.660433050185851 ], [ 114.364550233854146, 2.660202815029302 ], [ 114.367082820576172, 2.654907406428691 ], [ 114.366161879949985, 2.650302703297724 ], [ 114.362938587758308, 2.644546824384016 ], [ 114.356492003374953, 2.646158470479854 ], [ 114.345210480704083, 2.648921292358434 ], [ 114.341066247886218, 2.651223643923918 ], [ 114.329784725215347, 2.659051639246561 ], [ 114.323338140831993, 2.660893520498947 ], [ 114.318733437701027, 2.663656342377527 ], [ 114.314128734570062, 2.668030810351946 ], [ 114.310905442378385, 2.663886577534076 ], [ 114.306530974403969, 2.662735401751334 ], [ 114.297321568142038, 2.663886577534076 ], [ 114.29363780563726, 2.66480751816027 ], [ 114.287421456410456, 2.672865748639461 ], [ 114.277751579835424, 2.674247159578751 ], [ 114.257490886059173, 2.679772803335911 ], [ 114.229402196960265, 2.686219387719264 ], [ 114.192104101599426, 2.691284561163327 ], [ 114.182894695337495, 2.694968323668101 ], [ 114.179901638302368, 2.697270675233584 ], [ 114.182894695337495, 2.703947494773486 ], [ 114.182434225024409, 2.70740102212171 ], [ 114.174145759388665, 2.708321962747904 ], [ 114.170231761727337, 2.709473138530645 ], [ 114.164475882813633, 2.713387136191967 ], [ 114.161252590621956, 2.713387136191967 ], [ 114.154575771082051, 2.709473138530645 ], [ 114.150431538264186, 2.712235960409225 ], [ 114.139610485906402, 2.714077841661612 ], [ 114.127408022609345, 2.715229017444353 ], [ 114.123494024948016, 2.715229017444353 ], [ 114.113363678059883, 2.718682544792578 ], [ 114.110600856181307, 2.719373250262223 ], [ 114.108758974928918, 2.72121513151461 ], [ 114.103233331171765, 2.723517483080093 ], [ 114.101391449919376, 2.72397795339319 ], [ 114.098168157727699, 2.728812891680705 ], [ 114.093102984283632, 2.729964067463446 ], [ 114.090800632718157, 2.732266419028929 ], [ 114.090340162405056, 2.737101357316444 ], [ 114.086426164743727, 2.74170606044741 ], [ 114.082281931925863, 2.742627001073604 ], [ 114.078137699107998, 2.7430874713867 ], [ 114.073375912166057, 2.746493545262581 ], [ 114.064809852545181, 2.767908694315054 ], [ 114.073427471532071, 2.778946597017057 ], [ 114.065752966313781, 2.788769963696464 ], [ 114.057963343515411, 2.784184446830584 ], [ 114.054701678799447, 2.795216548079825 ], [ 114.057042402889209, 2.80122184841516 ], [ 114.049674877879667, 2.804445140606837 ], [ 114.050710936085935, 2.825300608535506 ], [ 114.054740051323733, 2.81918019062593 ], [ 114.07730309666546, 2.822403482817606 ], [ 114.072698393534495, 2.838519943775989 ], [ 114.079086618580163, 2.84928626071428 ], [ 114.090196265432169, 2.861543459430822 ], [ 114.12619994649549, 2.863563026749262 ], [ 114.14591317331687, 2.853715464108178 ], [ 114.158806342083579, 2.852334053168888 ], [ 114.162029634275257, 2.864766751622498 ], [ 114.17331327441093, 2.874984439577418 ], [ 114.16801574834551, 2.880883212580881 ], [ 114.187590040445912, 2.884978175801734 ], [ 114.207616195271825, 2.881804153207074 ], [ 114.223281955533366, 2.887833529008788 ], [ 114.207577512895, 2.903537971647381 ], [ 114.214062779655194, 2.913116134497647 ], [ 114.203471962453975, 2.925548832951257 ], [ 114.203932432767076, 2.942586234535833 ], [ 114.19702537807062, 2.942125764222737 ], [ 114.182750798364623, 2.939362942344157 ], [ 114.156181155168952, 2.953506652769818 ], [ 114.156181155168952, 2.969211095408184 ], [ 114.167555278032438, 2.967451631443053 ], [ 114.175383273355081, 2.976200567391889 ], [ 114.164331985840761, 2.984489033027629 ], [ 114.159036508375948, 2.997764627478148 ], [ 114.154201638952628, 3.015801014318202 ], [ 114.140847999872832, 3.028694183084908 ], [ 114.124271068601345, 3.030075594024198 ], [ 114.102007218409469, 3.039307257905775 ], [ 114.078684507604777, 3.036982648720648 ], [ 114.056243792924079, 3.031600562981225 ], [ 114.049674877879696, 3.041587351851614 ], [ 114.039084060678462, 3.046192054982581 ], [ 114.019744307528413, 3.042508292477808 ], [ 114.013413494819133, 3.051588035430086 ], [ 114.000404554378349, 3.048033936234967 ], [ 114.002706905943825, 3.036982648720647 ], [ 113.982004609542287, 3.041594299205542 ], [ 113.981985741854473, 3.025010420580134 ], [ 113.989353266864029, 3.020866187762265 ], [ 113.988432326237827, 3.006591608056268 ], [ 113.975539157471118, 3.013038192439621 ], [ 113.973697276218743, 3.004289256490785 ], [ 113.953451077472323, 3.011613090532137 ], [ 113.957580815260357, 3.002447375238398 ], [ 113.944227176180547, 2.998763612733625 ], [ 113.94488501785122, 2.991625618083106 ], [ 113.929180575212854, 2.991625618083106 ], [ 113.934096829292429, 2.985409973653822 ], [ 113.92995259647455, 2.972056334574019 ], [ 113.909193102763766, 2.970210469030633 ], [ 113.885056740947647, 2.978272683800825 ], [ 113.876538040155367, 2.987251854906209 ], [ 113.873199630385415, 2.989554206471693 ], [ 113.870645834469315, 2.994480971290159 ], [ 113.839236949192468, 3.004474707514646 ], [ 113.834174771350462, 2.995079850228853 ], [ 113.822663013523041, 2.993237968976466 ], [ 113.820821132270652, 2.981726211149049 ], [ 113.821051367427216, 2.971826099417472 ], [ 113.813914077574211, 2.96653069081686 ], [ 113.814835018200398, 2.95824222518112 ], [ 113.793551297880526, 2.95450602639221 ], [ 113.788127740040792, 2.941665293909641 ], [ 113.787206799414605, 2.932455887647708 ], [ 113.780702208448929, 2.92309714111525 ], [ 113.763570089206951, 2.901681992062777 ], [ 113.752148676378965, 2.900254315459335 ], [ 113.752441290775806, 2.880192507111237 ], [ 113.745764471235915, 2.861313224274273 ], [ 113.735403889191232, 2.848420055507567 ], [ 113.732871302469206, 2.833454770331926 ], [ 113.723892131363812, 2.846347939098632 ], [ 113.703607671860141, 2.853140987543782 ], [ 113.708216390395819, 2.884313413883319 ], [ 113.706788713792207, 2.912866945953283 ], [ 113.711071743602702, 2.964263303679331 ], [ 113.693939624360837, 2.985678452731804 ], [ 113.698222654171332, 3.018515014612262 ], [ 113.696081139266198, 3.034933295552548 ], [ 113.693939624360837, 3.051351576492664 ], [ 113.69679497756772, 3.071339048941695 ], [ 113.669669122101368, 3.095609551201221 ], [ 113.671096798704752, 3.135584496099113 ], [ 113.664951931287291, 3.150776374844674 ], [ 113.673700867236121, 3.153078726410157 ], [ 113.678305570367087, 3.156302018601834 ], [ 113.682910273498052, 3.159064840480414 ], [ 113.684291684437341, 3.162057897515542 ], [ 113.685442860220093, 3.163209073298284 ], [ 113.693040620386185, 3.15676248891493 ], [ 113.696263912577862, 3.151927550627416 ], [ 113.699947675082626, 3.150776374844674 ], [ 113.706624494622531, 3.151927550627416 ], [ 113.709157081344571, 3.151697315470867 ], [ 113.711459432910047, 3.146632142026804 ], [ 113.712150138379698, 3.142718144365483 ], [ 113.717445546980301, 3.141566968582741 ], [ 113.724813071989857, 3.145020495930966 ], [ 113.727575893868433, 3.150776374844674 ], [ 113.729648010277373, 3.156992724071479 ], [ 113.728496834494621, 3.16366954361138 ], [ 113.727115423555333, 3.167353306116154 ], [ 113.726885188398782, 3.172878949873313 ], [ 113.729878245433909, 3.174260360812603 ], [ 113.731259656373211, 3.177253417847731 ], [ 113.731029421216661, 3.180937180352505 ], [ 113.730799186060111, 3.183239531917988 ], [ 113.732180596999399, 3.185541883483471 ], [ 113.734252713408338, 3.186232588953116 ], [ 113.736324829817264, 3.186232588953116 ], [ 113.738166711069653, 3.181167415509053 ], [ 113.745764471235745, 3.18024647488286 ], [ 113.746915647018497, 3.179555769413215 ], [ 113.748987763427422, 3.180016239726311 ], [ 113.748527293114336, 3.183700002231085 ], [ 113.747376117331584, 3.187613999892406 ], [ 113.749678468897073, 3.1885349405186 ], [ 113.753362231401837, 3.189455881144793 ], [ 113.753362231401837, 3.19267917333647 ], [ 113.75474364234114, 3.197744346780533 ], [ 113.757966934532817, 3.196823406154339 ], [ 113.760039050941742, 3.197744346780533 ], [ 113.762341402507232, 3.198204817093629 ], [ 113.762571637663783, 3.200967638972209 ], [ 113.767636811107835, 3.201658344441854 ], [ 113.767636811107835, 3.207874693668659 ], [ 113.770399632986425, 3.211558456173433 ], [ 113.772011279082264, 3.215702688991303 ], [ 113.776155511900143, 3.219616686652624 ], [ 113.77707645252633, 3.221688803061559 ], [ 113.77914856893527, 3.220537627278818 ], [ 113.789048680666838, 3.211328221016884 ], [ 113.792732443171616, 3.20649328272937 ], [ 113.792271972858515, 3.202579285068048 ], [ 113.79043009160614, 3.196593170997791 ], [ 113.800330203337708, 3.190607056927535 ], [ 113.811611726008579, 3.197514111623985 ], [ 113.816446664296095, 3.207183988199015 ], [ 113.814374547887155, 3.212249161643078 ], [ 113.814835018200256, 3.216393394460948 ], [ 113.815295488513357, 3.220537627278818 ], [ 113.814604783043706, 3.225602800722881 ], [ 113.815295488513357, 3.229286563227654 ], [ 113.818979251018121, 3.231358679636589 ], [ 113.828418892436602, 3.231588914793137 ], [ 113.833023595567568, 3.229286563227654 ], [ 113.840160885420573, 3.231588914793137 ], [ 113.838779474481285, 3.238495969489587 ], [ 113.835325947133057, 3.245403024186037 ], [ 113.829109597906253, 3.246784435125327 ], [ 113.82105136742706, 3.245863494499134 ], [ 113.817367604922282, 3.249317021847359 ], [ 113.818058310391933, 3.255072900761067 ], [ 113.822202543209798, 3.259677603892033 ], [ 113.820015309222597, 3.260943897253048 ], [ 113.821511837740161, 3.263361366396806 ], [ 113.823699071727376, 3.261864837879242 ], [ 113.824159542040462, 3.263706719131628 ], [ 113.823699071727376, 3.265548600384015 ], [ 113.825080482666664, 3.265548600384015 ], [ 113.82761306938869, 3.263821836709903 ], [ 113.829109597906253, 3.265548600384015 ], [ 113.828764245171428, 3.267275364058127 ], [ 113.831527067050018, 3.269232362888788 ], [ 113.833714301037219, 3.272225419923917 ], [ 113.833829418615494, 3.273721948441481 ], [ 113.834980594398232, 3.274067301176303 ], [ 113.834750359241696, 3.275678947272141 ], [ 113.837628298698547, 3.277175475789706 ], [ 113.838319004168184, 3.27590918242869 ], [ 113.839815532685748, 3.274988241802496 ], [ 113.840506238155399, 3.274297536332851 ], [ 113.844880706129814, 3.275448712115593 ], [ 113.845801646756001, 3.274067301176303 ], [ 113.848103998321491, 3.273606830863206 ], [ 113.849024938947679, 3.275333594537319 ], [ 113.851097055356618, 3.275218476959045 ], [ 113.85201799598282, 3.275103359380771 ], [ 113.852938936609007, 3.275794064850416 ], [ 113.853399406922108, 3.276254535163512 ], [ 113.854435465126571, 3.276599887898335 ], [ 113.854780817861396, 3.278441769150721 ], [ 113.855816876065859, 3.279938297668286 ], [ 113.86502628232779, 3.285694176581994 ], [ 113.872393807337332, 3.290183762134687 ], [ 113.872854277650433, 3.292601231278444 ], [ 113.872393807337332, 3.295133818000476 ], [ 113.870206573350131, 3.297666404722507 ], [ 113.868019339362917, 3.301350167227281 ], [ 113.866407693267078, 3.303882753949312 ], [ 113.866983281158454, 3.30491881215378 ], [ 113.871012396398044, 3.30963863286302 ], [ 113.87204845460252, 3.315624746933277 ], [ 113.869976338193581, 3.32207133131663 ], [ 113.87204845460252, 3.325524858664855 ], [ 113.873199630385258, 3.330590032108919 ], [ 113.872739160072157, 3.33450402977024 ], [ 113.87204845460252, 3.342101789936335 ], [ 113.874811276481097, 3.345325082128011 ], [ 113.876422922576936, 3.35246237198101 ], [ 113.875962452263835, 3.354994958703041 ], [ 113.872739160072157, 3.36075083761675 ], [ 113.867673986628105, 3.365125305591168 ], [ 113.872278689759071, 3.369730008722134 ], [ 113.87181821944597, 3.371341654817972 ], [ 113.866292575688817, 3.375485887635842 ], [ 113.864911164749515, 3.379169650140616 ], [ 113.869170515145683, 3.384695293897772 ], [ 113.878379921407699, 3.3911418782811 ], [ 113.880221802660088, 3.410021161118062 ], [ 113.883905565164866, 3.418770097066898 ], [ 113.880221802660088, 3.427519033015735 ], [ 113.884826505791054, 3.447779726791988 ], [ 113.888510268295818, 3.455377486958084 ], [ 113.897949909714299, 3.457219368210472 ], [ 113.904396494097654, 3.466659009628954 ], [ 113.912684959733383, 3.465968304159309 ], [ 113.908080256602418, 3.475638180734338 ], [ 113.904396494097654, 3.486919703405206 ], [ 113.914077228955904, 3.490247561072302 ], [ 113.929261891004913, 3.494287228414751 ], [ 113.933866594135878, 3.512245570625522 ], [ 113.953206347285942, 3.538492378472031 ], [ 113.965198179025492, 3.553893740924082 ], [ 113.973927511375209, 3.536190026906574 ], [ 113.989583502020579, 3.509022278433843 ], [ 114.007541844231355, 3.503036164363586 ], [ 114.01168607704922, 3.49152440653617 ], [ 114.015369839553998, 3.477249826830174 ], [ 114.018132661432574, 3.466198539315854 ], [ 114.00339761141349, 3.453305370549148 ], [ 114.018132661432574, 3.433965617399088 ], [ 113.996951027030136, 3.423835270510962 ], [ 113.972315865279455, 3.401272225169226 ], [ 113.992092706170894, 3.378161942530024 ], [ 114.005009257509315, 3.378018474357845 ], [ 114.002086442395381, 3.362457499891657 ], [ 114.016060545023635, 3.369039303252461 ], [ 114.025039716129015, 3.361902013399463 ], [ 114.036321238799886, 3.371111419661395 ], [ 114.037472414582624, 3.38285341264536 ], [ 114.05128652397552, 3.385385999367392 ], [ 114.059574989611264, 3.379630120453684 ], [ 114.07730309666546, 3.378248709514393 ], [ 114.077753302380785, 3.371023559512533 ], [ 114.078684507604763, 3.36075083761672 ], [ 114.057042402889209, 3.345555317284531 ], [ 114.065100633368402, 3.322992271942795 ], [ 114.056812167732659, 3.304573459418929 ], [ 114.049444642723117, 3.289377939086739 ], [ 114.060035459924336, 3.281089473450999 ], [ 114.078224037291662, 3.299047815661769 ], [ 114.084210151361916, 3.297205934409382 ], [ 114.088584619336331, 3.289377939086739 ], [ 114.10147778810304, 3.295364053156995 ], [ 114.120126835783452, 3.295364053156995 ], [ 114.144301527221032, 3.293522171904609 ], [ 114.146281779348698, 3.302495082544677 ], [ 114.159266812396666, 3.314243335993958 ], [ 114.175843743668153, 3.321841096160052 ], [ 114.179987976486018, 3.337727321961887 ], [ 114.184132209303897, 3.343943671188692 ], [ 114.204162667923597, 3.348548374319658 ], [ 114.207903201620184, 3.337172432513 ], [ 114.222351245290824, 3.328057445386885 ], [ 114.236856060153485, 3.30319204847964 ], [ 114.25205158048567, 3.294443112530804 ], [ 114.268628511757157, 3.280629003137904 ], [ 114.28607842233113, 3.251628593628097 ], [ 114.299019552421527, 3.231358679636561 ], [ 114.316059631004478, 3.211653648730203 ], [ 114.32533952892733, 3.193807691186477 ], [ 114.334936236843063, 3.180246474882833 ], [ 114.333094355590674, 3.163209073298257 ], [ 114.326187300894233, 3.152157785783936 ], [ 114.322503538389455, 3.138804146704134 ], [ 114.29625673054295, 3.163669543611352 ], [ 114.271391333635719, 3.170576598307802 ], [ 114.264023808626177, 3.159525310793482 ], [ 114.289647613839875, 3.123851537615009 ], [ 114.317438364945374, 3.108873576352852 ], [ 114.327568711833507, 3.098743229464724 ], [ 114.326400359710533, 3.087329026900818 ], [ 114.337821772538405, 3.067341554451787 ], [ 114.355657400932415, 3.062826545043186 ], [ 114.375227389238901, 3.069273129426565 ], [ 114.404237018963997, 3.041184440327671 ], [ 114.412755719756376, 3.002735169184074 ], [ 114.434858294785002, 2.984776826973305 ], [ 114.429791249303719, 2.96496413681333 ], [ 114.450514285430302, 2.94011120660293 ], [ 114.462486513570809, 2.946557790986283 ], [ 114.486891440164925, 2.944715909733896 ], [ 114.505770723001888, 2.929520389401706 ], [ 114.498319726271518, 2.916423132294335 ], [ 114.503007901123311, 2.901431700302811 ], [ 114.51545184551361, 2.88644192362093 ], [ 114.546752580867519, 2.852852082271113 ], [ 114.563329512138992, 2.860910312750304 ], [ 114.574380799653312, 2.85308231742766 ], [ 114.581978559819419, 2.856535844775886 ], [ 114.595792669212315, 2.857456785402079 ], [ 114.616283598145102, 2.85722655024553 ], [ 114.627334885659423, 2.842951970539534 ], [ 114.629176766911812, 2.821770336137088 ], [ 114.644372287243996, 2.818547043945412 ], [ 114.658186396636893, 2.811179518935865 ], [ 114.667927706767216, 2.813344881521879 ], [ 114.677065679473856, 2.797365409542966 ], [ 114.668777213838126, 2.780788478271486 ], [ 114.677526149786956, 2.771579072009553 ], [ 114.666935332585737, 2.761448725121427 ], [ 114.668316743525025, 2.750397437607107 ], [ 114.664632981020247, 2.74026709071898 ], [ 114.655884045071417, 2.740727561032077 ], [ 114.655423574758316, 2.731057684457047 ], [ 114.64368158177426, 2.726222746169558 ], [ 114.64598393333975, 2.721157572725495 ], [ 114.657495691167156, 2.721157572725495 ], [ 114.684663439639863, 2.703199230514725 ], [ 114.68788673183154, 2.694910764878986 ], [ 114.703542722476826, 2.699054997696855 ], [ 114.718277772495924, 2.689385121121826 ], [ 114.740380347524564, 2.681096655486086 ], [ 114.761561981927002, 2.674650071102733 ], [ 114.782743616329455, 2.6654406648408 ], [ 114.793794903843775, 2.665901135153896 ] ] ] ] } },
{ "type": "Feature", "properties": { "Id": 83, "NEGERI": "SARAWAK", "KODPAR": "P.217", "PARLIMEN": "BINTULU", "KODDUN": "N.83", "NAMADUN": "KEMENA", "KODUNIK": "P.217_N.83", "BILANGAN_P": 25541, "PERATUS_EQ": 124.09 }, "geometry": { "type": "MultiPolygon", "coordinates": [ [ [ [ 113.590701093300481, 3.437879615060439 ], [ 113.598068618310023, 3.435577263494956 ], [ 113.608198965198142, 3.432353971303279 ], [ 113.61188272770292, 3.432814441616376 ], [ 113.625696837095816, 3.434195852555666 ], [ 113.641352827741102, 3.427749268172313 ], [ 113.670132222309633, 3.414856099405607 ], [ 113.675197395753699, 3.409330455648447 ], [ 113.676348571536437, 3.402193165795449 ], [ 113.67335551450131, 3.398509403290675 ], [ 113.674967160597149, 3.391141878281129 ], [ 113.674506690284062, 3.385616234523969 ], [ 113.661843756673889, 3.370190479035231 ], [ 113.6600018754215, 3.365585775904265 ], [ 113.660462345734601, 3.355685664172686 ], [ 113.662994932456627, 3.350620490728623 ], [ 113.670362457466169, 3.338418027431562 ], [ 113.67335551450131, 3.334734264926789 ], [ 113.675657866066786, 3.323913212569017 ], [ 113.679341628571564, 3.315164276620181 ], [ 113.681643980137039, 3.311480514115408 ], [ 113.685097507485267, 3.302961813323119 ], [ 113.687860329363843, 3.29743616956596 ], [ 113.688551034833495, 3.303422283636216 ], [ 113.697299970782325, 3.305954870358247 ], [ 113.697069735625774, 3.325524858664854 ], [ 113.702365144226391, 3.327136504760693 ], [ 113.709732669235933, 3.328978386013079 ], [ 113.719402545810965, 3.334964500083336 ], [ 113.726770070820507, 3.342332025092883 ], [ 113.736769922465783, 3.334031543985247 ], [ 113.730223598168735, 3.319768979751146 ], [ 113.728611952072896, 3.308026986767182 ], [ 113.735288771612801, 3.297896639879055 ], [ 113.741274885683055, 3.292831466434992 ], [ 113.754628524762865, 3.292140760965347 ], [ 113.765219341964084, 3.292140760965347 ], [ 113.773277572443277, 3.298126875035604 ], [ 113.785019565427234, 3.303192048479667 ], [ 113.793308031062978, 3.3124014547416 ], [ 113.793768501376078, 3.318848039124953 ], [ 113.79215685528024, 3.329438856326176 ], [ 113.794689442002266, 3.334043559457143 ], [ 113.797912734193943, 3.341871554779787 ], [ 113.803438377951096, 3.345325082128012 ], [ 113.809424492021364, 3.347857668850043 ], [ 113.817252487344007, 3.352922842294106 ], [ 113.821857190474972, 3.356146134485783 ], [ 113.824620012353549, 3.36213224855604 ], [ 113.826692128762488, 3.368118362626296 ], [ 113.829915420954165, 3.371802125131069 ], [ 113.833368948302379, 3.377327768888229 ], [ 113.838664356902996, 3.381932472019196 ], [ 113.846031881912538, 3.392062818907322 ], [ 113.850866820200054, 3.394365170472806 ], [ 113.857313404583408, 3.388148821246001 ], [ 113.864911164749515, 3.379169650140616 ], [ 113.866292575688817, 3.375485887635842 ], [ 113.87181821944597, 3.371341654817972 ], [ 113.872278689759071, 3.369730008722134 ], [ 113.867673986628105, 3.365125305591168 ], [ 113.872739160072157, 3.36075083761675 ], [ 113.875962452263835, 3.354994958703041 ], [ 113.876422922576936, 3.35246237198101 ], [ 113.874811276481097, 3.345325082128011 ], [ 113.87204845460252, 3.342101789936335 ], [ 113.872739160072157, 3.33450402977024 ], [ 113.873199630385258, 3.330590032108919 ], [ 113.87204845460252, 3.325524858664855 ], [ 113.869976338193581, 3.32207133131663 ], [ 113.87204845460252, 3.315624746933277 ], [ 113.871012396398044, 3.30963863286302 ], [ 113.866983281158454, 3.30491881215378 ], [ 113.866407693267078, 3.303882753949312 ], [ 113.868019339362917, 3.301350167227281 ], [ 113.870206573350131, 3.297666404722507 ], [ 113.872393807337332, 3.295133818000476 ], [ 113.872854277650433, 3.292601231278444 ], [ 113.872393807337332, 3.290183762134687 ], [ 113.86502628232779, 3.285694176581994 ], [ 113.855816876065859, 3.279938297668286 ], [ 113.854780817861396, 3.278441769150721 ], [ 113.854435465126571, 3.276599887898335 ], [ 113.853399406922108, 3.276254535163512 ], [ 113.852938936609007, 3.275794064850416 ], [ 113.85201799598282, 3.275103359380771 ], [ 113.851097055356618, 3.275218476959045 ], [ 113.849024938947679, 3.275333594537319 ], [ 113.848103998321491, 3.273606830863206 ], [ 113.845801646756001, 3.274067301176303 ], [ 113.844880706129814, 3.275448712115593 ], [ 113.840506238155399, 3.274297536332851 ], [ 113.839815532685748, 3.274988241802496 ], [ 113.838319004168184, 3.27590918242869 ], [ 113.837628298698547, 3.277175475789706 ], [ 113.834750359241696, 3.275678947272141 ], [ 113.834980594398232, 3.274067301176303 ], [ 113.833829418615494, 3.273721948441481 ], [ 113.833714301037219, 3.272225419923917 ], [ 113.831527067050018, 3.269232362888788 ], [ 113.828764245171428, 3.267275364058127 ], [ 113.829109597906253, 3.265548600384015 ], [ 113.82761306938869, 3.263821836709903 ], [ 113.825080482666664, 3.265548600384015 ], [ 113.823699071727376, 3.265548600384015 ], [ 113.824159542040462, 3.263706719131628 ], [ 113.823699071727376, 3.261864837879242 ], [ 113.821511837740161, 3.263361366396806 ], [ 113.820015309222597, 3.260943897253048 ], [ 113.822202543209798, 3.259677603892033 ], [ 113.818058310391933, 3.255072900761067 ], [ 113.817367604922282, 3.249317021847359 ], [ 113.82105136742706, 3.245863494499134 ], [ 113.829109597906253, 3.246784435125327 ], [ 113.835325947133057, 3.245403024186037 ], [ 113.838779474481285, 3.238495969489587 ], [ 113.840160885420573, 3.231588914793137 ], [ 113.833023595567568, 3.229286563227654 ], [ 113.828418892436602, 3.231588914793137 ], [ 113.818979251018121, 3.231358679636589 ], [ 113.815295488513357, 3.229286563227654 ], [ 113.814604783043706, 3.225602800722881 ], [ 113.815295488513357, 3.220537627278818 ], [ 113.814835018200256, 3.216393394460948 ], [ 113.814374547887155, 3.212249161643078 ], [ 113.816446664296095, 3.207183988199015 ], [ 113.811611726008579, 3.197514111623985 ], [ 113.800330203337708, 3.190607056927535 ], [ 113.79043009160614, 3.196593170997791 ], [ 113.792271972858515, 3.202579285068048 ], [ 113.792732443171616, 3.20649328272937 ], [ 113.789048680666838, 3.211328221016884 ], [ 113.77914856893527, 3.220537627278818 ], [ 113.77707645252633, 3.221688803061559 ], [ 113.776155511900143, 3.219616686652624 ], [ 113.772011279082264, 3.215702688991303 ], [ 113.770399632986425, 3.211558456173433 ], [ 113.767636811107835, 3.207874693668659 ], [ 113.767636811107835, 3.201658344441854 ], [ 113.762571637663783, 3.200967638972209 ], [ 113.762341402507232, 3.198204817093629 ], [ 113.760039050941742, 3.197744346780533 ], [ 113.757966934532817, 3.196823406154339 ], [ 113.75474364234114, 3.197744346780533 ], [ 113.753362231401837, 3.19267917333647 ], [ 113.753362231401837, 3.189455881144793 ], [ 113.749678468897073, 3.1885349405186 ], [ 113.747376117331584, 3.187613999892406 ], [ 113.748527293114336, 3.183700002231085 ], [ 113.748987763427422, 3.180016239726311 ], [ 113.746915647018497, 3.179555769413215 ], [ 113.745764471235745, 3.18024647488286 ], [ 113.738166711069653, 3.181167415509053 ], [ 113.736324829817264, 3.186232588953116 ], [ 113.734252713408338, 3.186232588953116 ], [ 113.732180596999399, 3.185541883483471 ], [ 113.730799186060111, 3.183239531917988 ], [ 113.731029421216661, 3.180937180352505 ], [ 113.731259656373211, 3.177253417847731 ], [ 113.729878245433909, 3.174260360812603 ], [ 113.726885188398782, 3.172878949873313 ], [ 113.727115423555333, 3.167353306116154 ], [ 113.728496834494621, 3.16366954361138 ], [ 113.729648010277373, 3.156992724071479 ], [ 113.727575893868433, 3.150776374844674 ], [ 113.724813071989857, 3.145020495930966 ], [ 113.717445546980301, 3.141566968582741 ], [ 113.712150138379698, 3.142718144365483 ], [ 113.711459432910047, 3.146632142026804 ], [ 113.709157081344571, 3.151697315470867 ], [ 113.706624494622531, 3.151927550627416 ], [ 113.699947675082626, 3.150776374844674 ], [ 113.696263912577862, 3.151927550627416 ], [ 113.693040620386185, 3.15676248891493 ], [ 113.685442860220093, 3.163209073298284 ], [ 113.684291684437341, 3.162057897515542 ], [ 113.682910273498052, 3.159064840480414 ], [ 113.678305570367087, 3.156302018601834 ], [ 113.673700867236121, 3.153078726410157 ], [ 113.664951931287291, 3.150776374844674 ], [ 113.671096798704752, 3.135584496099113 ], [ 113.669669122101368, 3.095609551201221 ], [ 113.69679497756772, 3.071339048941695 ], [ 113.693939624360837, 3.051351576492664 ], [ 113.696081139266198, 3.034933295552548 ], [ 113.698222654171332, 3.018515014612262 ], [ 113.693939624360837, 2.985678452731804 ], [ 113.711071743602702, 2.964263303679331 ], [ 113.706788713792207, 2.912866945953283 ], [ 113.708216390395819, 2.884313413883319 ], [ 113.703607671860141, 2.853140987543782 ], [ 113.689330905825159, 2.8388642215088 ], [ 113.690758582428543, 2.811738366042391 ], [ 113.673626463186565, 2.781757157368872 ], [ 113.657922020548199, 2.774618774351381 ], [ 113.653638990737704, 2.750348272092026 ], [ 113.629368488478235, 2.733216152849991 ], [ 113.602242633011883, 2.719653225116758 ], [ 113.575116777545304, 2.706090297383469 ], [ 113.542280215664732, 2.69466888455554 ], [ 113.52800344962975, 2.701807267573031 ], [ 113.539424862457849, 2.714656357004571 ], [ 113.518009713405377, 2.727505446435941 ], [ 113.493739211146021, 2.736071506057044 ], [ 113.476607091903816, 2.728933123039553 ], [ 113.458566811711307, 2.714099166552217 ], [ 113.435062127473842, 2.714480753185593 ], [ 113.430013279641344, 2.706960783534726 ], [ 113.421017782924395, 2.70250852504508 ], [ 113.409506025096974, 2.702738760201628 ], [ 113.375891692240927, 2.690766532061116 ], [ 113.364840404726593, 2.69422005940934 ], [ 113.344352683431453, 2.684117957878811 ], [ 113.327220564189474, 2.709816136741779 ], [ 113.307233091740386, 2.715526843155828 ], [ 113.299914090579975, 2.712408636776658 ], [ 113.272968853256543, 2.719809872966266 ], [ 113.242987644582968, 2.71695451975927 ], [ 113.235678481902994, 2.734511211805297 ], [ 113.248111180356602, 2.752699789172615 ], [ 113.255248470209594, 2.761218489964903 ], [ 113.281495278056113, 2.769276720444094 ], [ 113.292956325705404, 2.759784817864215 ], [ 113.299223385110324, 2.772039542322674 ], [ 113.28725115696983, 2.792530471255475 ], [ 113.275048693672773, 2.80012823142157 ], [ 113.271364931167994, 2.817395868162695 ], [ 113.247420474886979, 2.817856338475791 ], [ 113.249722826452469, 2.840879854130624 ], [ 113.241559967979583, 2.848300767281103 ], [ 113.239822714720887, 2.868277837759875 ], [ 113.228710878547986, 2.872571269540629 ], [ 113.230152838145855, 2.886926885440289 ], [ 113.219101550631535, 2.893143234667094 ], [ 113.202294384203512, 2.894754880762932 ], [ 113.170752167756405, 2.892912999510546 ], [ 113.154175236484917, 2.895675821389126 ], [ 113.128388898951499, 2.890610647945063 ], [ 113.127467958325298, 2.897057232328416 ], [ 113.110660791897274, 2.895445586232578 ], [ 113.119639963002655, 2.902122405772479 ], [ 113.120207456682238, 2.913973891041962 ], [ 113.108588675488335, 2.922843569861829 ], [ 113.095936954422655, 2.915401567645574 ], [ 113.085943218198167, 2.915401567645574 ], [ 113.087867511398997, 2.929520389401731 ], [ 113.08464421920732, 2.936657679254729 ], [ 113.064528069145695, 2.926822980473503 ], [ 113.052871767603648, 2.934355327689245 ], [ 113.046885653533394, 2.933894857376149 ], [ 113.042966682385554, 2.949907222277488 ], [ 113.054560158754143, 2.96835338580519 ], [ 113.068664861248521, 2.98274378415789 ], [ 113.081881397328701, 3.007109637158515 ], [ 113.095695506721597, 3.011714340289482 ], [ 113.101911855948401, 3.02023304108177 ], [ 113.108128205175205, 3.023226098116898 ], [ 113.117337611437151, 3.021384216864512 ], [ 113.124014430977041, 3.029212212187155 ], [ 113.125165606759793, 3.033586680161573 ], [ 113.13291030840594, 3.034140141883938 ], [ 113.161312526337881, 3.054998549720568 ], [ 113.155753134062024, 3.06697670376434 ], [ 113.168219581034307, 3.083547709132561 ], [ 113.167759110721221, 3.087461706793883 ], [ 113.155326412267613, 3.095750172429622 ], [ 113.152103120075935, 3.103578167752266 ], [ 113.139670421622327, 3.101736286499879 ], [ 113.147187074440922, 3.112662355076338 ], [ 113.127237723168705, 3.125680742780905 ], [ 113.112502673149621, 3.134429678729742 ], [ 113.115380612606444, 3.147783317809547 ], [ 113.123899313398738, 3.164590484237574 ], [ 113.117682964171934, 3.171727774090573 ], [ 113.120906256363611, 3.178865063943571 ], [ 113.124820254024925, 3.185081413170376 ], [ 113.125050489181476, 3.185541883483472 ], [ 113.137022717321983, 3.180476710039409 ], [ 113.141627420452949, 3.184620942857279 ], [ 113.131036603251729, 3.201888579598403 ], [ 113.136101776695796, 3.20511187179008 ], [ 113.143008831392251, 3.208104928825208 ], [ 113.145311182957727, 3.209716574921047 ], [ 113.12297837277255, 3.245633259342585 ], [ 113.129655192312441, 3.253921724978325 ], [ 113.128734251686254, 3.259907839048582 ], [ 113.125050489181476, 3.260828779674775 ], [ 113.117913199328484, 3.263131131240258 ], [ 113.118834139954672, 3.266584658588483 ], [ 113.122287667302899, 3.268887010153966 ], [ 113.130115662625542, 3.270038185936708 ], [ 113.132878484504118, 3.271419596875998 ], [ 113.13126683840828, 3.274642889067675 ], [ 113.125510959494576, 3.281089473451028 ], [ 113.14254836107915, 3.289608174243316 ], [ 113.152218237654182, 3.295364053157024 ], [ 113.156592705628597, 3.296284993783217 ], [ 113.159125292350623, 3.297436169565959 ], [ 113.157283411098248, 3.300198991444539 ], [ 113.152908943123819, 3.29996875628799 ], [ 113.149455415775606, 3.303192048479667 ], [ 113.146232123583928, 3.30411298910586 ], [ 113.14024600951366, 3.30411298910586 ], [ 113.137022717321983, 3.304573459418957 ], [ 113.13379942513032, 3.309178162549923 ], [ 113.12919472199934, 3.30825722192373 ], [ 113.127813311060052, 3.308717692236827 ], [ 113.119938829805264, 3.315210685552187 ], [ 113.123730342277554, 3.317688826422227 ], [ 113.153684645663475, 3.345099360560312 ], [ 113.155764522227287, 3.35246614715777 ], [ 113.166014137922502, 3.368533955844896 ], [ 113.182669965996865, 3.4044456830635 ], [ 113.211083594890397, 3.428183179255484 ], [ 113.263216422292203, 3.468359332102182 ], [ 113.290102758895728, 3.499899219528061 ], [ 113.301847749952159, 3.517624815197206 ], [ 113.305324616758824, 3.514663039769306 ], [ 113.306936262854663, 3.513511863986565 ], [ 113.307972321059125, 3.513281628830017 ], [ 113.30992931988979, 3.51339674640829 ], [ 113.311310730829078, 3.513857216721387 ], [ 113.313497964816293, 3.513051393673468 ], [ 113.315915433960043, 3.51143974757763 ], [ 113.317872432790708, 3.511209512421082 ], [ 113.318332903103808, 3.511900217890727 ], [ 113.318332903103808, 3.51420256945621 ], [ 113.318102667947258, 3.515814215552048 ], [ 113.318332903103808, 3.516504921021693 ], [ 113.32121084256066, 3.518461919852354 ], [ 113.322822488656499, 3.520418918683014 ], [ 113.326506251161277, 3.523527093296417 ], [ 113.328808602726752, 3.519958448369918 ], [ 113.33203189491843, 3.516735156178241 ], [ 113.333758658592544, 3.514547922191032 ], [ 113.332262130074966, 3.512590923360372 ], [ 113.333413305857718, 3.509367631168695 ], [ 113.335255187110107, 3.505914103820469 ], [ 113.336406362892845, 3.501769871002599 ], [ 113.338938949614885, 3.501309400689502 ], [ 113.34308318243275, 3.499007049124019 ], [ 113.346766944937528, 3.496474462401987 ], [ 113.351832118381594, 3.491409288957924 ], [ 113.352062353538145, 3.482199882695991 ], [ 113.375776574662609, 3.481969647539443 ], [ 113.377388220758448, 3.478055649878121 ], [ 113.385216216081091, 3.46999741939893 ], [ 113.386827862176929, 3.463781070172125 ], [ 113.386597627020393, 3.4603275428239 ], [ 113.390741859838258, 3.459406602197707 ], [ 113.395576798125774, 3.459406602197707 ], [ 113.399030325474001, 3.460097307667352 ], [ 113.406167615326993, 3.461939188919739 ], [ 113.40916067236212, 3.461248483450094 ], [ 113.412844434866898, 3.459867072510804 ], [ 113.417449137997863, 3.458255426414965 ], [ 113.42021195987644, 3.457794956101869 ], [ 113.42251431144193, 3.458255426414965 ], [ 113.425737603633607, 3.459636837354255 ], [ 113.431723717703861, 3.457794956101869 ], [ 113.434947009895538, 3.459176367041159 ], [ 113.437709831774114, 3.459176367041159 ], [ 113.440933123965792, 3.459176367041159 ], [ 113.445307591940207, 3.458715896728062 ], [ 113.447379708349146, 3.457334485788772 ], [ 113.454977468515239, 3.456183310006031 ], [ 113.459812406802754, 3.458485661571514 ], [ 113.476849808387328, 3.457794956101869 ], [ 113.485598744336173, 3.457794956101869 ], [ 113.488361566214749, 3.455262369379837 ], [ 113.487440625588562, 3.453190252970902 ], [ 113.488361566214749, 3.443635493974146 ], [ 113.490663917780239, 3.442944788504501 ], [ 113.493196504502265, 3.443980846708969 ], [ 113.496880267007043, 3.444441317022066 ], [ 113.504823379907961, 3.444095964287243 ], [ 113.508967612725826, 3.443865729130695 ], [ 113.51288161038714, 3.441448259986938 ], [ 113.517831666252931, 3.43074232520744 ], [ 113.519097959613958, 3.418079391597283 ], [ 113.53107018775448, 3.41715845097109 ], [ 113.55294252762657, 3.437879615060439 ], [ 113.580570746412363, 3.433274911929472 ], [ 113.582047453445625, 3.440077180920639 ], [ 113.590701093300481, 3.437879615060439 ] ] ] ] } },
{ "type": "Feature", "properties": { "Id": 82, "NEGERI": "SARAWAK", "KODPAR": "P.217", "PARLIMEN": "BINTULU", "KODDUN": "N.82", "NAMADUN": "SAMALAJU", "KODUNIK": "P.217_N.82", "BILANGAN_P": 28144, "PERATUS_EQ": 136.74 }, "geometry": { "type": "MultiPolygon", "coordinates": [ [ [ [ 113.119938829805264, 3.315210685552187 ], [ 113.127813311060052, 3.308717692236827 ], [ 113.12919472199934, 3.30825722192373 ], [ 113.13379942513032, 3.309178162549923 ], [ 113.137022717321983, 3.304573459418957 ], [ 113.14024600951366, 3.30411298910586 ], [ 113.146232123583928, 3.30411298910586 ], [ 113.149455415775606, 3.303192048479667 ], [ 113.152908943123819, 3.29996875628799 ], [ 113.157283411098248, 3.300198991444539 ], [ 113.159125292350623, 3.297436169565959 ], [ 113.156592705628597, 3.296284993783217 ], [ 113.152218237654182, 3.295364053157024 ], [ 113.14254836107915, 3.289608174243316 ], [ 113.125510959494576, 3.281089473451028 ], [ 113.13126683840828, 3.274642889067675 ], [ 113.132878484504118, 3.271419596875998 ], [ 113.130115662625542, 3.270038185936708 ], [ 113.122287667302899, 3.268887010153966 ], [ 113.118834139954672, 3.266584658588483 ], [ 113.117913199328484, 3.263131131240258 ], [ 113.125050489181476, 3.260828779674775 ], [ 113.128734251686254, 3.259907839048582 ], [ 113.129655192312441, 3.253921724978325 ], [ 113.12297837277255, 3.245633259342585 ], [ 113.145311182957727, 3.209716574921047 ], [ 113.143008831392251, 3.208104928825208 ], [ 113.136101776695796, 3.20511187179008 ], [ 113.131036603251729, 3.201888579598403 ], [ 113.141627420452949, 3.184620942857279 ], [ 113.137022717321983, 3.180476710039409 ], [ 113.125050489181476, 3.185541883483472 ], [ 113.124820254024925, 3.185081413170376 ], [ 113.120906256363611, 3.178865063943571 ], [ 113.117682964171934, 3.171727774090573 ], [ 113.123899313398738, 3.164590484237574 ], [ 113.115380612606444, 3.147783317809547 ], [ 113.112502673149621, 3.134429678729742 ], [ 113.10150142312898, 3.14549891695674 ], [ 113.084369303887115, 3.14549891695674 ], [ 113.071866168018857, 3.146862377183351 ], [ 113.058052058625947, 3.139840204908627 ], [ 113.05528923674737, 3.147322847496448 ], [ 113.060584645347973, 3.151006610001221 ], [ 113.060469527769698, 3.158604370167315 ], [ 113.068182405514065, 3.159870663528331 ], [ 113.074053402006072, 3.171267303777473 ], [ 113.074168519584347, 3.178519711208745 ], [ 113.080039516076326, 3.178980181521842 ], [ 113.086601218037956, 3.180937180352502 ], [ 113.09304780242131, 3.181743003400422 ], [ 113.095695506721611, 3.182894179183164 ], [ 113.091781509060297, 3.190722174505806 ], [ 113.090284980542719, 3.197283876467434 ], [ 113.072441755910219, 3.198435052250176 ], [ 113.071635932862307, 3.188995410831694 ], [ 113.067491700044442, 3.188074470205501 ], [ 113.068412640670616, 3.198204817093627 ], [ 113.060130527774277, 3.19905860131388 ], [ 113.045849447043338, 3.202000752514948 ], [ 113.062621818949424, 3.226381229327274 ], [ 113.072814159858808, 3.23924689798838 ], [ 113.077967287095589, 3.258557009921674 ], [ 113.0676712868908, 3.264469778655666 ], [ 113.056876348902506, 3.265967624228608 ], [ 113.064230755522203, 3.280520436516269 ], [ 113.082550308418718, 3.29077346594778 ], [ 113.119938829805264, 3.315210685552187 ] ] ] ] } },
{ "type": "Feature", "properties": { "Id": 85, "NEGERI": "SARAWAK", "KODPAR": "P.218", "PARLIMEN": "SIBUTI", "KODDUN": "N.85", "NAMADUN": "BEKENU", "KODUNIK": "P.218_N.85", "BILANGAN_P": 20894, "PERATUS_EQ": 101.51 }, "geometry": { "type": "MultiPolygon", "coordinates": [ [ [ [ 113.955048228538246, 3.905256982853543 ], [ 113.95021329025073, 3.910091921141058 ], [ 113.94814117384179, 3.915387329741669 ], [ 113.95021329025073, 3.917459446150604 ], [ 113.948831879311442, 3.91930132740299 ], [ 113.950673760563831, 3.921833914125022 ], [ 113.952055171503119, 3.927820028195279 ], [ 113.949522584781079, 3.931043320386955 ], [ 113.942385294928087, 3.935187553204825 ], [ 113.935017769918545, 3.935648023517922 ], [ 113.931794477726868, 3.936108493831019 ], [ 113.927650244908989, 3.936568964144115 ], [ 113.925117658186963, 3.934957318048277 ], [ 113.922585071464923, 3.926668852412537 ], [ 113.920052484742897, 3.921603678968474 ], [ 113.912915194889905, 3.913084978176186 ], [ 113.905547669880349, 3.906177923479736 ], [ 113.900482496436283, 3.896738282061255 ], [ 113.893114971426741, 3.875096177345712 ], [ 113.896108028461867, 3.875096177345712 ], [ 113.901633672219035, 3.875556647658808 ], [ 113.914066370672643, 3.876477588285002 ], [ 113.919592014429796, 3.875556647658808 ], [ 113.923045541778023, 3.867728652336166 ], [ 113.924196717560761, 3.870031003901649 ], [ 113.925347893343513, 3.874635707032615 ], [ 113.928571185535191, 3.875556647658808 ], [ 113.935017769918545, 3.874635707032615 ], [ 113.93685965117092, 3.874175236719519 ], [ 113.938471297266759, 3.869110063275456 ], [ 113.937320121484021, 3.864044889831392 ], [ 113.935017769918545, 3.858519246074232 ], [ 113.933866594135793, 3.855065718726007 ], [ 113.931334007413767, 3.854835483569459 ], [ 113.92811071522209, 3.853454072630169 ], [ 113.926959539439352, 3.847467958559913 ], [ 113.927189774595902, 3.84378419605514 ], [ 113.9258083636566, 3.841942314802753 ], [ 113.922585071464923, 3.841942314802753 ], [ 113.917980368333957, 3.839870198393818 ], [ 113.913605900359542, 3.837798081984883 ], [ 113.90646861050655, 3.84102137417656 ], [ 113.896338263618418, 3.84378419605514 ], [ 113.889891679235063, 3.843323725742043 ], [ 113.889891679235063, 3.847928428873009 ], [ 113.886207916730299, 3.857137835134942 ], [ 113.88413580032136, 3.860361127326619 ], [ 113.880682272973132, 3.865656535927232 ], [ 113.877228745624905, 3.863814654674846 ], [ 113.872624042493939, 3.861051832796266 ], [ 113.867098398736786, 3.853914542943267 ], [ 113.861112284666518, 3.852302896847429 ], [ 113.856507581535553, 3.848158664029559 ], [ 113.850751702621849, 3.839409728080723 ], [ 113.853284289343875, 3.827897970253307 ], [ 113.858119227631391, 3.823753737435437 ], [ 113.857658757318305, 3.801881397563346 ], [ 113.853054054187339, 3.796355753806186 ], [ 113.85238897901769, 3.795532327405666 ], [ 113.84407488308193, 3.800039516310958 ], [ 113.836173888868302, 3.795568655191573 ], [ 113.81736760492231, 3.791751050675218 ], [ 113.808158198660379, 3.786916112387703 ], [ 113.805625611938353, 3.7873765827008 ], [ 113.805625611938353, 3.804644219441924 ], [ 113.805855847094904, 3.808788452259794 ], [ 113.803783730685964, 3.812702449921116 ], [ 113.798488322085348, 3.817076917895534 ], [ 113.798488322085348, 3.821681621026501 ], [ 113.798258086928811, 3.823983972591984 ], [ 113.798718557241898, 3.826286324157467 ], [ 113.7996394978681, 3.82858867572295 ], [ 113.801941849433575, 3.830430556975337 ], [ 113.804474436155616, 3.830430556975337 ], [ 113.807697728347293, 3.830200321818789 ], [ 113.81069078538242, 3.829509616349144 ], [ 113.814144312730647, 3.831811967914627 ], [ 113.816216429139573, 3.831811967914627 ], [ 113.81736760492231, 3.833653849167014 ], [ 113.817828075235411, 3.83687714135869 ], [ 113.817828075235411, 3.838488787454529 ], [ 113.818058310391962, 3.84102137417656 ], [ 113.798948792398448, 3.840100433550367 ], [ 113.79756738145916, 3.852993602317073 ], [ 113.787437034571042, 3.854375013256363 ], [ 113.786055623631739, 3.864044889831393 ], [ 113.783983507222814, 3.864275124987941 ], [ 113.779148568935298, 3.862433243735555 ], [ 113.775004336117419, 3.860821597639716 ], [ 113.769478692360266, 3.86036112732662 ], [ 113.762111167350724, 3.860591362483168 ], [ 113.760269286098335, 3.859670421856975 ], [ 113.762341402507261, 3.856907599978395 ], [ 113.762571637663811, 3.854375013256363 ], [ 113.761420461881073, 3.85207266169088 ], [ 113.759118110315598, 3.848849369499203 ], [ 113.757506464219759, 3.846086547620623 ], [ 113.75566458296737, 3.841942314802754 ], [ 113.754283172028082, 3.837337611671787 ], [ 113.752901761088779, 3.834574789793207 ], [ 113.746224941548888, 3.838488787454529 ], [ 113.737245770443494, 3.847007488246817 ], [ 113.733101537625629, 3.848849369499203 ], [ 113.73125965637324, 3.846777253090268 ], [ 113.73125965637324, 3.844014431211688 ], [ 113.731950361842891, 3.840560903863464 ], [ 113.73148989152979, 3.83825855229798 ], [ 113.73125965637324, 3.835956200732497 ], [ 113.730799186060153, 3.833653849167014 ], [ 113.73125965637324, 3.830891027288434 ], [ 113.735864359504205, 3.829049146036047 ], [ 113.740469062635171, 3.826516559314015 ], [ 113.745534236079237, 3.823983972591984 ], [ 113.748527293114364, 3.821221150713404 ], [ 113.749217998584015, 3.818918799147921 ], [ 113.748297057957814, 3.816155977269341 ], [ 113.747145882175076, 3.812932685077664 ], [ 113.747145882175076, 3.809248922572891 ], [ 113.747836587644727, 3.804874454598473 ], [ 113.745534236079237, 3.802341867876441 ], [ 113.743231884513762, 3.803262808502634 ], [ 113.736324829817306, 3.811551274138374 ], [ 113.733101537625629, 3.818458328834824 ], [ 113.731720126686341, 3.818688563991373 ], [ 113.730108480590502, 3.818458328834824 ], [ 113.729417775120851, 3.815465271799696 ], [ 113.732871302469079, 3.807407041320504 ], [ 113.732871302469079, 3.804644219441924 ], [ 113.730799186060153, 3.803262808502634 ], [ 113.729648010277401, 3.797967399902023 ], [ 113.733562007938716, 3.791290580362122 ], [ 113.716064136041055, 3.779778822534705 ], [ 113.713301314162464, 3.790830110049025 ], [ 113.715178296721888, 3.800827264014629 ], [ 113.712610608692827, 3.804183749128828 ], [ 113.699256969613018, 3.800039516310958 ], [ 113.693501090699314, 3.805104689755021 ], [ 113.683140508654631, 3.794053402240702 ], [ 113.674391572705801, 3.79704645927583 ], [ 113.678058705031049, 3.806537970428508 ], [ 113.686594036002859, 3.811551274138374 ], [ 113.692580150073127, 3.822142091339597 ], [ 113.677384629740928, 3.829509616349144 ], [ 113.690508033664187, 3.836646906202142 ], [ 113.693270855542764, 3.84240278511585 ], [ 113.679486381634433, 3.843657562119574 ], [ 113.67623345395819, 3.858058775761136 ], [ 113.681298627402256, 3.872793825780229 ], [ 113.675203351824166, 3.88077715381047 ], [ 113.671858985983775, 3.893745225026127 ], [ 113.657354171121227, 3.903415101601157 ], [ 113.649526175798584, 3.895817341435062 ], [ 113.638014417971164, 3.908250039888672 ], [ 113.695366989611557, 3.958736520621983 ], [ 113.708677054088298, 3.976282313592151 ], [ 113.732445026625442, 4.000466497858383 ], [ 113.763818750805285, 4.035555952441257 ], [ 113.788893962523503, 4.074041832883779 ], [ 113.800183749164148, 4.099526775124218 ], [ 113.812275705302227, 4.12055126470176 ], [ 113.819785074066118, 4.128757761072831 ], [ 113.825195600244996, 4.113850034686327 ], [ 113.833829418615565, 4.127030997398718 ], [ 113.845893987077147, 4.115760825441214 ], [ 113.847528410430186, 4.113159329216682 ], [ 113.848219115899823, 4.102338276858911 ], [ 113.841610957266653, 4.10005638280262 ], [ 113.838755604059656, 4.092917999785129 ], [ 113.84476558855161, 4.092207929970784 ], [ 113.852823819030789, 4.088754402622559 ], [ 113.84223300182957, 4.074249587760014 ], [ 113.850981937778414, 4.06665182759392 ], [ 113.858743076508631, 4.064364467715166 ], [ 113.862493695605821, 4.059514537740921 ], [ 113.868940279989175, 4.059054067427825 ], [ 113.872163572180852, 4.053067953357568 ], [ 113.886898622199951, 4.0556005400796 ], [ 113.891733560487467, 4.051916777574827 ], [ 113.905087199567262, 4.060205243210566 ], [ 113.914296605829193, 4.06112618383676 ], [ 113.914757076142337, 4.065788445756864 ], [ 113.912684959733397, 4.06901173794854 ], [ 113.913145430046498, 4.070162913731282 ], [ 113.916368722238175, 4.072695500453314 ], [ 113.916598957394712, 4.075458322331894 ], [ 113.914526840985786, 4.075688557488442 ], [ 113.911764019107196, 4.077530438740829 ], [ 113.910843078481008, 4.080293260619409 ], [ 113.910382608167907, 4.08420725828073 ], [ 113.909001197228619, 4.085128198906924 ], [ 113.907389551132781, 4.086509609846214 ], [ 113.904396494097654, 4.089502666881342 ], [ 113.901633672219077, 4.089502666881342 ], [ 113.899791790966688, 4.089272431724793 ], [ 113.899101085497037, 4.088581726255148 ], [ 113.896568498775011, 4.090193372350987 ], [ 113.894726617522622, 4.093416664542663 ], [ 113.892884736270233, 4.093186429386115 ], [ 113.890812619861308, 4.092035253603373 ], [ 113.887819562826181, 4.090193372350987 ], [ 113.88505674094759, 4.089502666881342 ], [ 113.883445094851751, 4.090423607507535 ], [ 113.881372978442826, 4.09249572391647 ], [ 113.879300862033887, 4.095488780951598 ], [ 113.879991567503538, 4.097100427047437 ], [ 113.882293919069014, 4.099172543456372 ], [ 113.882293919069014, 4.101244659865307 ], [ 113.881372978442826, 4.102165600491499 ], [ 113.87861015656425, 4.102856305961144 ], [ 113.877228745624947, 4.102856305961144 ], [ 113.872624042493982, 4.104928422370079 ], [ 113.872393807337431, 4.107000538779014 ], [ 113.872624042493982, 4.111375006753433 ], [ 113.877228745624947, 4.114137828632013 ], [ 113.879531097190437, 4.115519239571303 ], [ 113.879991567503538, 4.122196059111205 ], [ 113.88505674094759, 4.124037940363591 ], [ 113.892424265957146, 4.126110056772526 ], [ 113.900022026123239, 4.128412408338009 ], [ 113.89610802846191, 4.130944995060041 ], [ 113.893345206583334, 4.136240403660652 ], [ 113.894266147209535, 4.14752192633152 ], [ 113.900252261279789, 4.149824277897004 ], [ 113.898870850340501, 4.15442898102797 ], [ 113.899331320653602, 4.159263919315485 ], [ 113.898870850340501, 4.162026741194065 ], [ 113.896108028461924, 4.165019798229193 ], [ 113.894496382366086, 4.166401209168483 ], [ 113.903015083158365, 4.172157088082192 ], [ 113.907619786289331, 4.172157088082192 ], [ 113.911303548794109, 4.173768734178029 ], [ 113.913145430046498, 4.176531556056609 ], [ 113.925808363656657, 4.177452496682803 ], [ 113.9340968292924, 4.179985083404834 ], [ 113.936168945701326, 4.182517670126867 ], [ 113.944457411337069, 4.185050256848898 ], [ 113.957580815260329, 4.184820021692349 ], [ 113.992691676633925, 4.175380380273868 ], [ 114.001210377426219, 4.174689674804223 ], [ 114.009153490327137, 4.169969854094982 ], [ 114.016290780180128, 4.162947681820257 ], [ 114.013067487988465, 4.154659216184518 ], [ 113.999713848908655, 4.139924166165424 ], [ 113.99303702936875, 4.137161344286844 ], [ 113.985899739515759, 4.126570527085621 ], [ 113.968056514883244, 4.107576126670384 ], [ 113.968286750039795, 4.101820247756677 ], [ 113.965293693004668, 4.096524839156065 ], [ 113.96840186761807, 4.096064368842969 ], [ 113.974157746531773, 4.094337605168856 ], [ 113.976344980518988, 4.091805018446824 ], [ 113.98164038911959, 4.089157314146519 ], [ 113.986590444985396, 4.089157314146518 ], [ 113.988892796550871, 4.083171200076261 ], [ 113.989123031707422, 4.072810618031586 ], [ 114.012722135253696, 4.064579711184956 ], [ 113.996260321560413, 4.067515209430974 ], [ 114.002937141100304, 4.049787102376753 ], [ 113.995799851247313, 4.04195910705411 ], [ 113.997987085234527, 4.037354403923142 ], [ 113.99902314343899, 4.003509835910538 ], [ 113.997181262186601, 3.998674897623023 ], [ 113.998792908282439, 3.991998078083122 ], [ 114.008577902435732, 3.989350373782817 ], [ 114.015287952167938, 3.984491898961684 ], [ 114.015139604397348, 3.983997406393071 ], [ 114.01652101533665, 3.97507579407682 ], [ 114.021586188780702, 3.963736712616818 ], [ 114.020665248154501, 3.956829657920368 ], [ 114.012376782518771, 3.960052950112045 ], [ 114.005469727822316, 3.958211068859658 ], [ 113.999023143438961, 3.956369187607272 ], [ 113.992116088742506, 3.949462132910822 ], [ 113.98935326686393, 3.944396959466759 ], [ 113.992116088742506, 3.935187553204826 ], [ 113.991655618429419, 3.931503790700053 ], [ 113.988432326237742, 3.92782002819528 ], [ 113.985669504359166, 3.9250572063167 ], [ 113.986590444985353, 3.920452503185733 ], [ 113.986590444985353, 3.914926859428573 ], [ 113.984288093419863, 3.9112430969238 ], [ 113.97724023459898, 3.904464688123539 ], [ 113.967250691835289, 3.913545448489283 ], [ 113.957252762150119, 3.907320041330365 ], [ 113.955048228538246, 3.905256982853543 ] ] ] ] } },
{ "type": "Feature", "properties": { "Id": 86, "NEGERI": "SARAWAK", "KODPAR": "P.218", "PARLIMEN": "SIBUTI", "KODDUN": "N.86", "NAMADUN": "PANTAI BERAYA", "KODUNIK": "P.218_N.86", "BILANGAN_P": 27556, "PERATUS_EQ": 133.88 }, "geometry": { "type": "MultiPolygon", "coordinates": [ [ [ [ 113.939566577332357, 4.276426184456796 ], [ 113.941924824615029, 4.273805909698274 ], [ 113.943306235554317, 4.268510501097662 ], [ 113.970069322575611, 4.315452106111199 ], [ 113.975539157471104, 4.312485415998393 ], [ 113.9693228082443, 4.29498754410072 ], [ 113.978301979349681, 4.291764251909043 ], [ 113.987741620768162, 4.312024945685295 ], [ 113.995799851247355, 4.330673993365711 ], [ 114.00224643563071, 4.324457644138906 ], [ 114.016739287295877, 4.318839890752088 ], [ 114.022737364563511, 4.332515874618098 ], [ 114.043458528652863, 4.323766938669261 ], [ 114.047142291157627, 4.314557532407329 ], [ 114.054049345854082, 4.311794710528749 ], [ 114.065330868524953, 4.315248237876974 ], [ 114.070277159927059, 4.295045280693785 ], [ 114.029644419259952, 4.302009716375448 ], [ 114.029989771994792, 4.28773513666945 ], [ 114.02941418410343, 4.276568731576856 ], [ 114.032205783833774, 4.271250670635482 ], [ 114.035860768486771, 4.260682505775021 ], [ 114.038163120052261, 4.255156862017861 ], [ 114.048063231783843, 4.245486985442831 ], [ 114.052898170071359, 4.242033458094606 ], [ 114.063028516959477, 4.240306694420495 ], [ 114.061416870863638, 4.233975227615416 ], [ 114.056927285310948, 4.231212405736836 ], [ 114.057042402889209, 4.222808822522822 ], [ 114.055430756793371, 4.217973884235308 ], [ 114.053358640384403, 4.201281835385554 ], [ 114.048753937253437, 4.199670189289716 ], [ 114.043343411074545, 4.196446897098039 ], [ 114.040005001304607, 4.19149684123225 ], [ 114.031486300512313, 4.187007255679558 ], [ 114.029183948946823, 4.182747905283414 ], [ 114.022046659093832, 4.179985083404834 ], [ 114.018823366902154, 4.169854736516707 ], [ 114.016290780180128, 4.162947681820257 ], [ 114.009153490327137, 4.169969854094982 ], [ 114.001210377426219, 4.174689674804223 ], [ 113.992691676633925, 4.175380380273868 ], [ 113.957580815260329, 4.184820021692349 ], [ 113.944457411337069, 4.185050256848898 ], [ 113.936168945701326, 4.182517670126867 ], [ 113.9340968292924, 4.179985083404834 ], [ 113.925808363656657, 4.177452496682803 ], [ 113.913145430046498, 4.176531556056609 ], [ 113.911303548794109, 4.173768734178029 ], [ 113.907619786289331, 4.172157088082192 ], [ 113.903015083158365, 4.172157088082192 ], [ 113.894496382366086, 4.166401209168483 ], [ 113.896108028461924, 4.165019798229193 ], [ 113.898870850340501, 4.162026741194065 ], [ 113.899331320653602, 4.159263919315485 ], [ 113.898870850340501, 4.15442898102797 ], [ 113.900252261279789, 4.149824277897004 ], [ 113.894266147209535, 4.14752192633152 ], [ 113.893345206583334, 4.136240403660652 ], [ 113.89610802846191, 4.130944995060041 ], [ 113.900022026123239, 4.128412408338009 ], [ 113.892424265957146, 4.126110056772526 ], [ 113.88505674094759, 4.124037940363591 ], [ 113.879991567503538, 4.122196059111205 ], [ 113.879531097190437, 4.115519239571303 ], [ 113.877228745624947, 4.114137828632013 ], [ 113.872624042493982, 4.111375006753433 ], [ 113.872393807337431, 4.107000538779014 ], [ 113.872624042493982, 4.104928422370079 ], [ 113.877228745624947, 4.102856305961144 ], [ 113.87861015656425, 4.102856305961144 ], [ 113.881372978442826, 4.102165600491499 ], [ 113.882293919069014, 4.101244659865307 ], [ 113.882293919069014, 4.099172543456372 ], [ 113.879991567503538, 4.097100427047437 ], [ 113.879300862033887, 4.095488780951598 ], [ 113.881372978442826, 4.09249572391647 ], [ 113.883445094851751, 4.090423607507535 ], [ 113.88505674094759, 4.089502666881342 ], [ 113.887819562826181, 4.090193372350987 ], [ 113.890812619861308, 4.092035253603373 ], [ 113.892884736270233, 4.093186429386115 ], [ 113.894726617522622, 4.093416664542663 ], [ 113.896568498775011, 4.090193372350987 ], [ 113.899101085497037, 4.088581726255148 ], [ 113.899791790966688, 4.089272431724793 ], [ 113.901633672219077, 4.089502666881342 ], [ 113.904396494097654, 4.089502666881342 ], [ 113.907389551132781, 4.086509609846214 ], [ 113.909001197228619, 4.085128198906924 ], [ 113.910382608167907, 4.08420725828073 ], [ 113.910843078481008, 4.080293260619409 ], [ 113.911764019107196, 4.077530438740829 ], [ 113.914526840985786, 4.075688557488442 ], [ 113.916598957394712, 4.075458322331894 ], [ 113.916368722238175, 4.072695500453314 ], [ 113.913145430046498, 4.070162913731282 ], [ 113.912684959733397, 4.06901173794854 ], [ 113.914757076142337, 4.065788445756864 ], [ 113.914296605829193, 4.06112618383676 ], [ 113.905087199567262, 4.060205243210566 ], [ 113.891733560487467, 4.051916777574827 ], [ 113.886898622199951, 4.0556005400796 ], [ 113.872163572180852, 4.053067953357568 ], [ 113.868940279989175, 4.059054067427825 ], [ 113.862493695605821, 4.059514537740921 ], [ 113.858743076508631, 4.064364467715166 ], [ 113.850981937778414, 4.06665182759392 ], [ 113.84223300182957, 4.074249587760014 ], [ 113.852823819030789, 4.088754402622559 ], [ 113.84476558855161, 4.092207929970784 ], [ 113.838755604059656, 4.092917999785129 ], [ 113.841610957266653, 4.10005638280262 ], [ 113.848219115899823, 4.102338276858911 ], [ 113.847528410430186, 4.113159329216682 ], [ 113.845893987077147, 4.115760825441214 ], [ 113.833829418615565, 4.127030997398718 ], [ 113.825195600244996, 4.113850034686327 ], [ 113.819785074066118, 4.128757761072831 ], [ 113.837469756047767, 4.149472081781425 ], [ 113.864565245602193, 4.17554735893475 ], [ 113.885718741124037, 4.201621247610433 ], [ 113.906872236645995, 4.227695136285945 ], [ 113.926837334259744, 4.256611877640808 ], [ 113.939566577332357, 4.276426184456796 ] ] ] ] } },
{ "type": "Feature", "properties": { "Id": 93, "NEGERI": "SARAWAK", "KODPAR": "P.220", "PARLIMEN": "BARAM", "KODDUN": "N.93", "NAMADUN": "USUN APAU", "KODUNIK": "P.220_N.93", "BILANGAN_P": 14092, "PERATUS_EQ": 68.47 }, "geometry": { "type": "MultiPolygon", "coordinates": [ [ [ [ 114.21014878199388, 3.551155312082187 ], [ 114.213256956607253, 3.542924405235599 ], [ 114.220279128881998, 3.539183083941674 ], [ 114.223041950760589, 3.531815558932128 ], [ 114.205083608549813, 3.512015335468973 ], [ 114.203932432767076, 3.509252513590393 ], [ 114.202781256984338, 3.503036164363588 ], [ 114.205774314019465, 3.498431461232621 ], [ 114.205774314019465, 3.496819815136783 ], [ 114.19955796479266, 3.494747698727848 ], [ 114.198406789009908, 3.491063936223075 ], [ 114.198406789009908, 3.487380173718302 ], [ 114.19955796479266, 3.485077822152819 ], [ 114.19932772963611, 3.482315000274239 ], [ 114.198867259323009, 3.480242883865303 ], [ 114.200709140575398, 3.477249826830175 ], [ 114.202090551514686, 3.476328886203982 ], [ 114.202781256984338, 3.474947475264692 ], [ 114.202781256984338, 3.473566064325402 ], [ 114.206695254645652, 3.471263712759919 ], [ 114.207155724958753, 3.462975247124178 ], [ 114.209458076524243, 3.459291484619405 ], [ 114.203011492140888, 3.45721936821047 ], [ 114.202090551514701, 3.452154194766407 ], [ 114.205544078862914, 3.44754949163544 ], [ 114.208997606211142, 3.442484318191377 ], [ 114.211990663246269, 3.444556434600312 ], [ 114.213372074185557, 3.445477375226506 ], [ 114.216365131220684, 3.444095964287216 ], [ 114.219818658568911, 3.441793612721732 ], [ 114.223041950760589, 3.441793612721732 ], [ 114.224883832012978, 3.440872672095539 ], [ 114.227876889048105, 3.438570320530056 ], [ 114.229258299987393, 3.435347028338379 ], [ 114.231560651552883, 3.433044676772896 ], [ 114.234323473431459, 3.436728439277669 ], [ 114.235244414057647, 3.438109850216959 ], [ 114.239388646875526, 3.437419144747314 ], [ 114.24330264453684, 3.432584206459799 ], [ 114.24583523125888, 3.435807498651476 ], [ 114.247216642198168, 3.438109850216959 ], [ 114.250209699233295, 3.438109850216959 ], [ 114.256195813303549, 3.436037733808024 ], [ 114.278643741066986, 3.416295069134018 ], [ 114.277953035597335, 3.408467073811375 ], [ 114.283478679354488, 3.401790254271474 ], [ 114.29545090749501, 3.389587790974412 ], [ 114.303739373130753, 3.382220265964866 ], [ 114.305581254383128, 3.37899697377319 ], [ 114.308344076261719, 3.376694622207706 ], [ 114.311106898140295, 3.373931800329126 ], [ 114.313869720018872, 3.370478272980901 ], [ 114.314560425488523, 3.368866626885063 ], [ 114.316632541897448, 3.367485215945773 ], [ 114.318244187993287, 3.36656427531958 ], [ 114.318934893462938, 3.363340983127903 ], [ 114.320776774715327, 3.36103863156242 ], [ 114.323079126280803, 3.359196750310034 ], [ 114.324921007533192, 3.356664163588002 ], [ 114.326762888785581, 3.352519930770132 ], [ 114.329065240351056, 3.349066403421907 ], [ 114.338850234504406, 3.334504029770211 ], [ 114.339771175130593, 3.332662148517824 ], [ 114.340231645443694, 3.331280737578534 ], [ 114.338619999347856, 3.327596975073761 ], [ 114.336087412625844, 3.313782865680862 ], [ 114.340922350913345, 3.30848745708025 ], [ 114.342533997009184, 3.307566516454056 ], [ 114.343915407948487, 3.305494400045122 ], [ 114.346217759513962, 3.302731578166542 ], [ 114.346678229827063, 3.299968756287962 ], [ 114.348980581392539, 3.298126875035575 ], [ 114.349210816549089, 3.296745464096285 ], [ 114.348980581392539, 3.295824523470092 ], [ 114.348059640766351, 3.29329193674806 ], [ 114.345987524357412, 3.291450055495674 ], [ 114.344606113418124, 3.288226763303997 ], [ 114.345987524357412, 3.285233706268869 ], [ 114.347829405609801, 3.282701119546837 ], [ 114.350592227488377, 3.279708062511709 ], [ 114.356578341558631, 3.269577715623583 ], [ 114.360492339219959, 3.261979955457488 ], [ 114.365787747820576, 3.255072900761038 ], [ 114.369011040012253, 3.253231019508652 ], [ 114.374997154082507, 3.251849608569362 ], [ 114.380983268152761, 3.256914782013425 ], [ 114.383976325187888, 3.258065957796166 ], [ 114.391804320510531, 3.256684546856876 ], [ 114.39387643691947, 3.25898689842236 ], [ 114.394797377545657, 3.265893953118809 ], [ 114.398941610363536, 3.266584658588454 ], [ 114.403316078337951, 3.263591601553326 ], [ 114.414137130695721, 3.254151960134845 ], [ 114.420123244765975, 3.252540314039007 ], [ 114.425073300631766, 3.252770549195556 ], [ 114.438772292446401, 3.250007727316976 ], [ 114.440614173698776, 3.246439082390477 ], [ 114.441535114324978, 3.241604144102962 ], [ 114.445218876829742, 3.240798321055043 ], [ 114.447866581130015, 3.234524413039103 ], [ 114.45051428543033, 3.235157559719608 ], [ 114.452125931526169, 3.232164502684481 ], [ 114.455118988561296, 3.230437739010369 ], [ 114.458342280752973, 3.231704032371383 ], [ 114.462831866305663, 3.231473797214836 ], [ 114.469854038580394, 3.229516798384175 ], [ 114.476070387807198, 3.230092386275546 ], [ 114.480905326094714, 3.231358679636561 ], [ 114.48999961477837, 3.238553528278699 ], [ 114.49667643431826, 3.240625644687634 ], [ 114.496906669474811, 3.2452303478186 ], [ 114.495295023378972, 3.253749048610888 ], [ 114.497367139787912, 3.25766304627221 ], [ 114.501281137449226, 3.259965397837693 ], [ 114.505425370267105, 3.263649160342467 ], [ 114.510951014024258, 3.26318869002937 ], [ 114.516246422624874, 3.260195632994242 ], [ 114.5187790093469, 3.25628163533292 ], [ 114.526146534356457, 3.25628163533292 ], [ 114.529369826548134, 3.256511870489468 ], [ 114.533053589052898, 3.256511870489468 ], [ 114.537197821870777, 3.259274692368048 ], [ 114.542032760158293, 3.255821165019823 ], [ 114.547328168758895, 3.25213740251505 ], [ 114.551242166420224, 3.250525756419212 ], [ 114.551932871889861, 3.248683875166825 ], [ 114.561372513308342, 3.247532699384083 ], [ 114.563905100030382, 3.242697761096569 ], [ 114.567588862535146, 3.238783763435247 ], [ 114.5735749766054, 3.237172117339409 ], [ 114.577028503953628, 3.239474468904892 ], [ 114.578409914892916, 3.243388466566214 ], [ 114.579791325832218, 3.254439754080533 ], [ 114.577028503953628, 3.261116573620435 ], [ 114.570121449257186, 3.265721276751401 ], [ 114.573805211761936, 3.266642217377594 ], [ 114.574035446918487, 3.268023628316884 ], [ 114.578870385206002, 3.268714333786529 ], [ 114.584165793806619, 3.269865509569271 ], [ 114.589921672720322, 3.273319036917496 ], [ 114.59544731647749, 3.273779507230593 ], [ 114.602584606330481, 3.270325979882368 ], [ 114.608340485244184, 3.265260806438304 ], [ 114.615017304784089, 3.259965397837693 ], [ 114.622154594637095, 3.259504927524597 ], [ 114.627910473550799, 3.263418925185918 ], [ 114.632054706368663, 3.265030571281756 ], [ 114.646559521231211, 3.265721276751401 ], [ 114.653927046240767, 3.263879395499015 ], [ 114.65922245484137, 3.263418925185918 ], [ 114.67050397751224, 3.267102687690691 ], [ 114.676720326739016, 3.267793393160335 ], [ 114.686850673627134, 3.263879395499014 ], [ 114.694678668949791, 3.270325979882367 ], [ 114.698822901767656, 3.271016685352012 ], [ 114.704578780681359, 3.270095744725819 ], [ 114.7071113674034, 3.269405039256174 ], [ 114.727372061179651, 3.280456326770493 ], [ 114.733127940093354, 3.282528443179428 ], [ 114.737272172911219, 3.285291265058008 ], [ 114.740725700259446, 3.286212205684201 ], [ 114.745100168233861, 3.288054086936588 ], [ 114.74901416589519, 3.291277379128265 ], [ 114.753158398713055, 3.292889025224103 ], [ 114.756381690904732, 3.293119260380651 ], [ 114.76029568856606, 3.293119260380651 ], [ 114.763058510444637, 3.294500671319941 ], [ 114.765591097166663, 3.294500671319941 ], [ 114.769044624514891, 3.295191376789586 ], [ 114.773419092489306, 3.298184433824714 ], [ 114.781247087811948, 3.300717020546747 ], [ 114.784585497581901, 3.300371667811924 ], [ 114.786772731569116, 3.300947255703296 ], [ 114.789880906182518, 3.310041544386954 ], [ 114.790801846808705, 3.312804366265534 ], [ 114.789765788604242, 3.315912540878937 ], [ 114.795521667517946, 3.316948599083404 ], [ 114.799205430022724, 3.319826538540258 ], [ 114.799435665179274, 3.323049830731935 ], [ 114.800817076118562, 3.32512194714087 ], [ 114.803004310105777, 3.325812652610515 ], [ 114.807033425345367, 3.32512194714087 ], [ 114.808184601128104, 3.326042887767063 ], [ 114.808184601128104, 3.334676706137625 ], [ 114.809566012067393, 3.336058117076915 ], [ 114.814285832776633, 3.336288352233464 ], [ 114.818775418329338, 3.335482529185544 ], [ 114.822689415990652, 3.333410412776609 ], [ 114.824991767556142, 3.332949942463513 ], [ 114.826603413651981, 3.333640647933158 ], [ 114.828675530060906, 3.335597646763819 ], [ 114.829941823421919, 3.337554645594479 ], [ 114.834776761709421, 3.337899998329301 ], [ 114.836158172648709, 3.335942999498641 ], [ 114.840417523044863, 3.334446470981077 ], [ 114.843065227345164, 3.333525530354883 ], [ 114.843986167971352, 3.330762708476303 ], [ 114.844101285549627, 3.32984176785011 ], [ 114.848245518367506, 3.328690592067369 ], [ 114.848590871102317, 3.32569753503224 ], [ 114.849396694150244, 3.32017189127508 ], [ 114.856764219159786, 3.318445127600968 ], [ 114.859872393773188, 3.316373011192033 ], [ 114.868160859408931, 3.309120603760761 ], [ 114.872535327383346, 3.307278722508374 ], [ 114.881514498488727, 3.300601902968473 ], [ 114.887040142245894, 3.297608845933344 ], [ 114.893486726629249, 3.299450727185731 ], [ 114.897861194603664, 3.303134489690504 ], [ 114.903617073517367, 3.304746135786343 ], [ 114.909372952431085, 3.304515900629794 ], [ 114.916049771970989, 3.313495071735179 ], [ 114.916740477440626, 3.316948599083404 ], [ 114.922035886041243, 3.319941656118532 ], [ 114.926640589172209, 3.320632361588177 ], [ 114.929173175894235, 3.331913884259045 ], [ 114.93608023059069, 3.324776594406047 ], [ 114.940454698565105, 3.321092831901274 ], [ 114.945059401696071, 3.322474242840564 ], [ 114.950124575140137, 3.331453413945949 ], [ 114.952426926705613, 3.334676706137625 ], [ 114.956916512258303, 3.334101118246254 ], [ 114.957952570462766, 3.332719707306964 ], [ 114.959333981402054, 3.327884769019449 ], [ 114.962096803280645, 3.325352182297418 ], [ 114.965665448207133, 3.321438184636096 ], [ 114.967967799772623, 3.321438184636096 ], [ 114.972342267747038, 3.318099774866145 ], [ 114.97947955760003, 3.317524186974774 ], [ 114.97947955760003, 3.314761365096194 ], [ 114.977867911504205, 3.313034601422082 ], [ 114.973032973216689, 3.311538072904518 ], [ 114.974644619312528, 3.308199663134567 ], [ 114.981091203695868, 3.301177490859843 ], [ 114.983163320104808, 3.297839081089893 ], [ 114.983163320104808, 3.293119260380652 ], [ 114.983738907996184, 3.288629674827959 ], [ 114.985005201357197, 3.286212205684202 ], [ 114.985235436513747, 3.283334266227348 ], [ 114.985235436513747, 3.28034120919222 ], [ 114.984544731044096, 3.27895979825293 ], [ 114.987422670500962, 3.269750391990998 ], [ 114.991451785740551, 3.262497984559725 ], [ 114.994675077932229, 3.258929339633226 ], [ 114.98880408144025, 3.258699104476678 ], [ 114.987998258392338, 3.256857223224291 ], [ 114.988343611127149, 3.252367637671599 ], [ 114.986847082609586, 3.248223404853729 ], [ 114.985350554092022, 3.24741758180581 ], [ 114.976831853299743, 3.24741758180581 ], [ 114.975565559938744, 3.245690818131697 ], [ 114.97441438415602, 3.245115230240339 ], [ 114.973838796264658, 3.241834379259512 ], [ 114.970960856807807, 3.238035499176464 ], [ 114.970730621651256, 3.235272677297884 ], [ 114.978788852130435, 3.239474468904905 ], [ 114.980170263069724, 3.238093057965615 ], [ 114.979019087287, 3.235502912454432 ], [ 114.980400498226288, 3.232740090575852 ], [ 114.985350554092079, 3.229286563227627 ], [ 114.990876197849232, 3.224912095253209 ], [ 114.996286724028124, 3.222839978844274 ], [ 114.996747194341211, 3.220192274543968 ], [ 114.998934428328425, 3.218695746026404 ], [ 115.003884484194216, 3.220307392122242 ], [ 115.005726365446606, 3.217314335087114 ], [ 115.007107776385894, 3.213400337425793 ], [ 115.012863655299597, 3.210752633125487 ], [ 115.014935771708537, 3.209140987029648 ], [ 115.0186195342133, 3.209140987029648 ], [ 115.017698593587113, 3.213630572582341 ], [ 115.018849769369837, 3.215702688991276 ], [ 115.028634763523158, 3.218810863604678 ], [ 115.034160407280311, 3.220652744857066 ], [ 115.040606991663665, 3.220882980013613 ], [ 115.045902400264282, 3.219041098761227 ], [ 115.052118749491086, 3.213975925317165 ], [ 115.056262982308951, 3.206838635464166 ], [ 115.059716509657179, 3.204536283898682 ], [ 115.062479331535755, 3.20361534327249 ], [ 115.06662356435362, 3.2022339323332 ], [ 115.067544504979821, 3.201082756550457 ], [ 115.067774740136372, 3.20637816515107 ], [ 115.070767797171499, 3.211673573751681 ], [ 115.072839913580424, 3.214206160473712 ], [ 115.073991089363176, 3.218120158135033 ], [ 115.075602735459015, 3.222264390952903 ], [ 115.076523676085202, 3.226178388614226 ], [ 115.077559734289679, 3.23573314761098 ], [ 115.084927259299221, 3.246323964812203 ], [ 115.087690081177797, 3.252540314039008 ], [ 115.085617964768872, 3.258756663265812 ], [ 115.084927259299221, 3.264052071866424 ], [ 115.084006318673033, 3.268887010153939 ], [ 115.084236553829584, 3.272340537502164 ], [ 115.083315613203396, 3.276945240633131 ], [ 115.080783026481356, 3.280629003137904 ], [ 115.079862085855169, 3.283391825016484 ], [ 115.075320839664187, 3.290473527389338 ], [ 115.082394672577195, 3.305782193990807 ], [ 115.083315613203382, 3.315912540878933 ], [ 115.092985489778414, 3.327884769019446 ], [ 115.086078435081959, 3.338936056533766 ], [ 115.095287841343904, 3.346303581543312 ], [ 115.094366900717702, 3.371629448763628 ], [ 115.105418188232022, 3.382220265964852 ], [ 115.108641480423685, 3.400869313645266 ], [ 115.113706653867752, 3.412381071472683 ], [ 115.125218411695158, 3.415604363664359 ], [ 115.137651110148795, 3.414222952725069 ], [ 115.141565107810109, 3.414222952725069 ], [ 115.151004749228591, 3.413762482411972 ], [ 115.153767571107181, 3.416525304290552 ], [ 115.156530392985758, 3.417906715229842 ], [ 115.157911803925046, 3.418597420699487 ], [ 115.160214155490522, 3.419978831638777 ], [ 115.157911803925046, 3.424813769926292 ], [ 115.159293214864334, 3.426425416022131 ], [ 115.16412815315185, 3.429418473057259 ], [ 115.161135096116723, 3.434253411344773 ], [ 115.167581680500078, 3.433562705875129 ], [ 115.167581680500078, 3.435865057440612 ], [ 115.169423561752467, 3.44023952541503 ], [ 115.175409675822721, 3.446225639485287 ], [ 115.178402732857847, 3.448297755894222 ], [ 115.182777200832263, 3.44852799105077 ], [ 115.184158611771551, 3.449218696520415 ], [ 115.187151668806678, 3.451521048085898 ], [ 115.193137782876946, 3.448067520737673 ], [ 115.196591310225159, 3.452211753555543 ], [ 115.212477536026981, 3.45405363480793 ], [ 115.223989293854402, 3.454974575434123 ], [ 115.228593996985367, 3.453593164494833 ], [ 115.235961521994909, 3.452211753555543 ], [ 115.242177871221713, 3.45129081292935 ], [ 115.242868576691365, 3.44300234729361 ], [ 115.245631398569941, 3.441390701197772 ], [ 115.248394220448517, 3.445304698859093 ], [ 115.253459393892584, 3.444613993389448 ], [ 115.260136213432489, 3.442081406667417 ], [ 115.265661857189642, 3.444844228545997 ], [ 115.26934561969442, 3.440009290258482 ], [ 115.282469023617679, 3.439779055101933 ], [ 115.287994667374832, 3.435404587127515 ], [ 115.290987724409959, 3.44714658011148 ], [ 115.296973838480213, 3.427346356648324 ], [ 115.303650658020118, 3.413532247255424 ], [ 115.308715831464184, 3.406855427715523 ], [ 115.311708888499325, 3.398797197236331 ], [ 115.315162415847539, 3.391890142539882 ], [ 115.327364879144611, 3.384292382373787 ], [ 115.329667230710086, 3.381299325338659 ], [ 115.330933524071085, 3.369672449932983 ], [ 115.334271933841052, 3.359426985466568 ], [ 115.340258047911306, 3.35505251749215 ], [ 115.348316278390499, 3.359887455779664 ], [ 115.35130933542564, 3.358966515153472 ], [ 115.352230276051827, 3.353440871396312 ], [ 115.355453568243504, 3.349066403421893 ], [ 115.357065214339343, 3.348375697952248 ], [ 115.36005827137447, 3.352980401083214 ], [ 115.364432739348885, 3.354822282335602 ], [ 115.366044385444724, 3.352059460457022 ], [ 115.366965326070925, 3.343770994821282 ], [ 115.3688072073233, 3.337784880751026 ], [ 115.372490969828078, 3.337324410437928 ], [ 115.375253791706655, 3.339626762003411 ], [ 115.377786378428695, 3.345612876073668 ], [ 115.380779435463822, 3.346303581543313 ], [ 115.385844608907888, 3.343310524508186 ], [ 115.389067901099565, 3.340777937786153 ], [ 115.397356366735295, 3.339626762003411 ], [ 115.401270364396623, 3.337324410437928 ], [ 115.401730834709724, 3.332719707306962 ], [ 115.391830722978142, 3.332259236993866 ], [ 115.386535314377525, 3.32880570964564 ], [ 115.38423296281205, 3.327884769019447 ], [ 115.383542257342398, 3.326273122923608 ], [ 115.386995784690626, 3.323510301045028 ], [ 115.388837665943015, 3.321438184636095 ], [ 115.388607430786465, 3.31936606822716 ], [ 115.386765549534076, 3.317524186974772 ], [ 115.389528371412666, 3.312919483843805 ], [ 115.390679547195404, 3.30946595649558 ], [ 115.390679547195404, 3.304170547894969 ], [ 115.390449312038854, 3.299565844764003 ], [ 115.390449312038854, 3.297493728355068 ], [ 115.388837665943015, 3.291507614284811 ], [ 115.387456255003727, 3.289435497875877 ], [ 115.386074844064439, 3.287593616623489 ], [ 115.38469343312515, 3.286672675997297 ], [ 115.381470140933473, 3.286212205684199 ], [ 115.377786378428695, 3.285291265058007 ], [ 115.377095672959044, 3.284140089275264 ], [ 115.377325908115594, 3.282067972866329 ], [ 115.379628259681084, 3.281607502553233 ], [ 115.381470140933473, 3.279995856457395 ], [ 115.38193061124656, 3.278384210361557 ], [ 115.38193061124656, 3.27654232910917 ], [ 115.380318965150721, 3.274700447856783 ], [ 115.380318965150721, 3.272858566604397 ], [ 115.382391081559661, 3.270095744725817 ], [ 115.385614373751338, 3.265951511907947 ], [ 115.386995784690612, 3.264570100968657 ], [ 115.386535314377525, 3.259735162681142 ], [ 115.389758606569188, 3.258123516585305 ], [ 115.392291193291229, 3.256972340802562 ], [ 115.393212133917416, 3.254900224393627 ], [ 115.395744720639456, 3.253979283767435 ], [ 115.397126131578744, 3.251216461888855 ], [ 115.396665661265644, 3.247072229070985 ], [ 115.395744720639456, 3.243388466566211 ], [ 115.394363309700168, 3.24085587984418 ], [ 115.392291193291229, 3.237862822809051 ], [ 115.391140017508491, 3.23533023608702 ], [ 115.386995784690612, 3.236941882182859 ], [ 115.385614373751324, 3.237862822809051 ], [ 115.383542257342384, 3.237862822809051 ], [ 115.380779435463808, 3.237632587652504 ], [ 115.37755614327213, 3.237632587652504 ], [ 115.374793321393554, 3.24776293454063 ], [ 115.372721204984614, 3.247993169697177 ], [ 115.364432739348885, 3.247532699384081 ], [ 115.360748976844107, 3.245690818131695 ], [ 115.358446625278617, 3.243848936879307 ], [ 115.358907095591718, 3.241776820470372 ], [ 115.360288506531006, 3.2380930579656 ], [ 115.35752568465243, 3.23533023608702 ], [ 115.361209447157222, 3.229113886860216 ], [ 115.358907095591746, 3.224969654042346 ], [ 115.356604744026257, 3.227732475920926 ], [ 115.351769805738741, 3.228653416547119 ], [ 115.346704632294689, 3.228192946234023 ], [ 115.34302086978991, 3.227041770451281 ], [ 115.340027812754784, 3.224969654042346 ], [ 115.335883579936905, 3.218062599345896 ], [ 115.326443938518423, 3.21207648527564 ], [ 115.321839235387458, 3.20793225245777 ], [ 115.315853121317204, 3.204478725109545 ], [ 115.309176301777299, 3.198032140726192 ], [ 115.30583789200729, 3.19262161454732 ], [ 115.305607656850739, 3.191009968451481 ], [ 115.304686716224552, 3.189628557512191 ], [ 115.305377421694189, 3.186635500477063 ], [ 115.30583789200729, 3.184563384068128 ], [ 115.308715831464198, 3.18168544461126 ], [ 115.309176301777299, 3.173627214132069 ], [ 115.305147186537653, 3.1677562176401 ], [ 115.308715831464198, 3.162806161774297 ], [ 115.310557712716587, 3.151064168790333 ], [ 115.326904408831524, 3.153136285199268 ], [ 115.338646401815481, 3.161654985991556 ], [ 115.344862751042285, 3.167871335218361 ], [ 115.350963982690757, 3.168446923109745 ], [ 115.354532627617317, 3.162345691461201 ], [ 115.354302392460767, 3.150603698477236 ], [ 115.36005827137447, 3.155208401608203 ], [ 115.365353679975087, 3.158201458643331 ], [ 115.369267677636415, 3.160964280521911 ], [ 115.376865437802508, 3.156359577390944 ], [ 115.381239905776923, 3.161424750835007 ], [ 115.387226019847176, 3.166720159435619 ], [ 115.394593544856718, 3.169252746157651 ], [ 115.400809894083537, 3.172936508662424 ], [ 115.407256478466877, 3.176620271167197 ], [ 115.409328594875817, 3.183757561020195 ], [ 115.416235649572258, 3.187211088368421 ], [ 115.421070587859774, 3.19135532118629 ], [ 115.424984585521102, 3.19273673212558 ], [ 115.429359053495517, 3.192046026655935 ], [ 115.435345167565771, 3.18859249930771 ], [ 115.444554573827702, 3.185829677429131 ], [ 115.445705749610454, 3.193197202438677 ], [ 115.45054068789797, 3.19826237588274 ], [ 115.456066331655123, 3.200334492291675 ], [ 115.46159197541229, 3.19826237588274 ], [ 115.468959500421832, 3.19273673212558 ], [ 115.475406084805186, 3.186750618055324 ], [ 115.476787495744475, 3.196420494630353 ], [ 115.479204964888197, 3.199298434087221 ], [ 115.480701493405803, 3.190434380560097 ], [ 115.484615491067117, 3.188362264151162 ], [ 115.488759723884982, 3.192966967282128 ], [ 115.493019074281094, 3.194693730956254 ], [ 115.49578189615967, 3.193082084860416 ], [ 115.495666778581452, 3.186750618055324 ], [ 115.504185479373731, 3.186059912585679 ], [ 115.503149421169212, 3.179267975467516 ], [ 115.505451772734702, 3.176735388745485 ], [ 115.506602948517454, 3.17190045045797 ], [ 115.507754124300192, 3.164763160604972 ], [ 115.507984359456742, 3.161079398100199 ], [ 115.512934415322576, 3.155208401608203 ], [ 115.518229823923178, 3.153366520355816 ], [ 115.522143821584507, 3.156589812547493 ], [ 115.529050876280948, 3.156589812547493 ], [ 115.531583463002988, 3.16533874849633 ], [ 115.534346284881565, 3.16672015943562 ], [ 115.537339341916692, 3.171785332879683 ], [ 115.544937102082784, 3.176850506323746 ], [ 115.548595633723949, 3.175402793147498 ], [ 115.552878663534329, 3.156842997301908 ], [ 115.521469778257369, 3.138283201456431 ], [ 115.502909982411893, 3.116868052403959 ], [ 115.510048365429384, 3.061188664867643 ], [ 115.498626952601512, 3.029779779590683 ], [ 115.467218067324438, 3.025496749780189 ], [ 115.440092211857973, 3.028352102987071 ], [ 115.408683326581126, 2.995515541106613 ], [ 115.362997675269185, 2.984094128278684 ], [ 115.32730576018173, 2.982666451675243 ], [ 115.317312023957129, 3.012647660348648 ], [ 115.288758491887165, 3.048339575436103 ], [ 115.267343342834693, 3.015503013555701 ], [ 115.254494253403209, 2.995372773446377 ], [ 115.24878354698933, 2.97681297760073 ], [ 115.235934457557732, 2.966819241376413 ], [ 115.218802338315754, 2.966819241376413 ], [ 115.195959512659783, 2.948259445530766 ], [ 115.151701537951453, 2.931127326288959 ], [ 115.151701537951453, 2.895435411201504 ], [ 115.144563154933962, 2.869737232338366 ], [ 115.117437299467383, 2.848322083285893 ], [ 115.103160533432401, 2.838328347061577 ], [ 115.078500394433377, 2.827206349743392 ], [ 115.098194912690161, 2.81914950136562 ], [ 115.074566677254467, 2.80427246423944 ], [ 115.058512921984288, 2.802935847483923 ], [ 115.056723452621966, 2.791609530629282 ], [ 115.0599405985879, 2.775096153715822 ], [ 115.060867685439831, 2.762599900904193 ], [ 115.036923229158802, 2.74095779618865 ], [ 115.017583476008738, 2.717473810220721 ], [ 115.006532188494418, 2.710106285211174 ], [ 114.992718079101522, 2.693068883626598 ], [ 114.971075974385982, 2.674189600789636 ], [ 114.949433869670443, 2.663598783588413 ], [ 114.938382582156123, 2.665440664840799 ], [ 114.910754363370316, 2.667743016406283 ], [ 114.905228719613163, 2.675110541415829 ], [ 114.896940253977419, 2.677412892981312 ], [ 114.887270377402388, 2.684780417990859 ], [ 114.877600500827356, 2.689845591434922 ], [ 114.86424686174756, 2.691687472687309 ], [ 114.855497925798716, 2.693989824252792 ], [ 114.860563099242782, 2.683399007051569 ], [ 114.841683816405819, 2.679254774233699 ], [ 114.826488296073634, 2.676031482042023 ], [ 114.818660300750992, 2.67096630859796 ], [ 114.80899042417596, 2.674189600789636 ], [ 114.793794903843775, 2.665901135153896 ], [ 114.782743616329455, 2.6654406648408 ], [ 114.761561981927002, 2.674650071102733 ], [ 114.740380347524564, 2.681096655486086 ], [ 114.718277772495924, 2.689385121121826 ], [ 114.703542722476826, 2.699054997696855 ], [ 114.68788673183154, 2.694910764878986 ], [ 114.684663439639863, 2.703199230514725 ], [ 114.657495691167156, 2.721157572725495 ], [ 114.64598393333975, 2.721157572725495 ], [ 114.64368158177426, 2.726222746169558 ], [ 114.655423574758316, 2.731057684457047 ], [ 114.655884045071417, 2.740727561032077 ], [ 114.664632981020247, 2.74026709071898 ], [ 114.668316743525025, 2.750397437607107 ], [ 114.666935332585737, 2.761448725121427 ], [ 114.677526149786956, 2.771579072009553 ], [ 114.668777213838126, 2.780788478271486 ], [ 114.677065679473856, 2.797365409542966 ], [ 114.667927706767216, 2.813344881521879 ], [ 114.658186396636893, 2.811179518935865 ], [ 114.644372287243996, 2.818547043945412 ], [ 114.629176766911812, 2.821770336137088 ], [ 114.627334885659423, 2.842951970539534 ], [ 114.616283598145102, 2.85722655024553 ], [ 114.595792669212315, 2.857456785402079 ], [ 114.581978559819419, 2.856535844775886 ], [ 114.574380799653312, 2.85308231742766 ], [ 114.563329512138992, 2.860910312750304 ], [ 114.546752580867519, 2.852852082271113 ], [ 114.51545184551361, 2.88644192362093 ], [ 114.503007901123311, 2.901431700302811 ], [ 114.498319726271518, 2.916423132294335 ], [ 114.505770723001888, 2.929520389401706 ], [ 114.486891440164925, 2.944715909733896 ], [ 114.462486513570809, 2.946557790986283 ], [ 114.450514285430302, 2.94011120660293 ], [ 114.429791249303719, 2.96496413681333 ], [ 114.434858294785002, 2.984776826973305 ], [ 114.412755719756376, 3.002735169184074 ], [ 114.404237018963997, 3.041184440327671 ], [ 114.375227389238901, 3.069273129426565 ], [ 114.355657400932415, 3.062826545043186 ], [ 114.337821772538405, 3.067341554451787 ], [ 114.326400359710533, 3.087329026900818 ], [ 114.327568711833507, 3.098743229464724 ], [ 114.317438364945374, 3.108873576352852 ], [ 114.289647613839875, 3.123851537615009 ], [ 114.264023808626177, 3.159525310793482 ], [ 114.271391333635719, 3.170576598307802 ], [ 114.29625673054295, 3.163669543611352 ], [ 114.322503538389455, 3.138804146704134 ], [ 114.326187300894233, 3.152157785783936 ], [ 114.333094355590674, 3.163209073298257 ], [ 114.334936236843063, 3.180246474882833 ], [ 114.32533952892733, 3.193807691186477 ], [ 114.316059631004478, 3.211653648730203 ], [ 114.299019552421527, 3.231358679636561 ], [ 114.28607842233113, 3.251628593628097 ], [ 114.268628511757157, 3.280629003137904 ], [ 114.25205158048567, 3.294443112530804 ], [ 114.236856060153485, 3.30319204847964 ], [ 114.222351245290824, 3.328057445386885 ], [ 114.207903201620184, 3.337172432513 ], [ 114.204162667923597, 3.348548374319658 ], [ 114.184132209303897, 3.343943671188692 ], [ 114.179987976486018, 3.337727321961887 ], [ 114.175843743668153, 3.321841096160052 ], [ 114.159266812396666, 3.314243335993958 ], [ 114.146281779348698, 3.302495082544677 ], [ 114.144301527221032, 3.293522171904609 ], [ 114.120126835783452, 3.295364053156995 ], [ 114.10147778810304, 3.295364053156995 ], [ 114.088584619336331, 3.289377939086739 ], [ 114.084210151361916, 3.297205934409382 ], [ 114.078224037291662, 3.299047815661769 ], [ 114.060035459924336, 3.281089473450999 ], [ 114.049444642723117, 3.289377939086739 ], [ 114.056812167732659, 3.304573459418929 ], [ 114.065100633368402, 3.322992271942795 ], [ 114.057042402889209, 3.345555317284531 ], [ 114.078684507604763, 3.36075083761672 ], [ 114.077753302380785, 3.371023559512533 ], [ 114.07730309666546, 3.378248709514393 ], [ 114.059574989611264, 3.379630120453684 ], [ 114.05128652397552, 3.385385999367392 ], [ 114.037472414582624, 3.38285341264536 ], [ 114.036321238799886, 3.371111419661395 ], [ 114.025039716129015, 3.361902013399463 ], [ 114.016060545023635, 3.369039303252461 ], [ 114.002086442395381, 3.362457499891657 ], [ 114.005009257509315, 3.378018474357845 ], [ 113.992092706170894, 3.378161942530024 ], [ 113.972315865279455, 3.401272225169226 ], [ 113.996951027030136, 3.423835270510962 ], [ 114.018132661432574, 3.433965617399088 ], [ 114.00339761141349, 3.453305370549148 ], [ 114.018132661432574, 3.466198539315854 ], [ 114.015369839553998, 3.477249826830174 ], [ 114.01168607704922, 3.49152440653617 ], [ 114.007541844231355, 3.503036164363586 ], [ 113.989583502020579, 3.509022278433843 ], [ 113.973927511375209, 3.536190026906574 ], [ 113.965198179025492, 3.553893740924082 ], [ 113.975308922314582, 3.550464606612543 ], [ 113.975999627784219, 3.567271773040571 ], [ 113.975308922314568, 3.583157998842406 ], [ 113.991425383272954, 3.591216229321597 ], [ 114.004779022352764, 3.584539409781696 ], [ 114.001555730161087, 3.596741873078757 ], [ 114.004318552039663, 3.605721044184142 ], [ 113.99833243796941, 3.622067740299073 ], [ 114.023428070033177, 3.622988680925266 ], [ 114.048984172410044, 3.614930450446075 ], [ 114.033459633307459, 3.629959262350309 ], [ 114.016981485649822, 3.650616899711066 ], [ 113.989123031707493, 3.654530897372387 ], [ 114.000634789534914, 3.661668187225386 ], [ 114.016981485649836, 3.660056541129546 ], [ 114.027111832537969, 3.672489239583157 ], [ 114.039084060678476, 3.668805477078383 ], [ 114.044149234122457, 3.685612643506437 ], [ 114.050826053662377, 3.684864379247641 ], [ 114.052207464601665, 3.685785319873834 ], [ 114.052898170071302, 3.688317906595866 ], [ 114.053358640384403, 3.693152844883381 ], [ 114.054970286480241, 3.696606372231605 ], [ 114.060035459924308, 3.702132015988765 ], [ 114.06510063336836, 3.706276248806635 ], [ 114.06786345524695, 3.713183303503085 ], [ 114.072007688064815, 3.717097301164407 ], [ 114.071547217751714, 3.726306707426339 ], [ 114.077763566978518, 3.726076472269791 ], [ 114.080526388857109, 3.726767177739436 ], [ 114.081907799796397, 3.729990469931113 ], [ 114.08996603027559, 3.734595173062079 ], [ 114.092728852154167, 3.739199876193046 ], [ 114.08996603027559, 3.743344109010917 ], [ 114.08950555996249, 3.753013985585946 ], [ 114.09180791152798, 3.758769864499655 ], [ 114.097563790441683, 3.759921040282396 ], [ 114.098484731067884, 3.762453627004428 ], [ 114.105391785764326, 3.763144332474073 ], [ 114.109536018582205, 3.763144332474073 ], [ 114.11391048655662, 3.76084198090859 ], [ 114.118745424844136, 3.761072216065138 ], [ 114.122429187348899, 3.765676919196104 ], [ 114.122429187348899, 3.770281622327071 ], [ 114.124271068601288, 3.774656090301489 ], [ 114.128185066262617, 3.770972327796716 ], [ 114.133020004550133, 3.762453627004428 ], [ 114.134286297911132, 3.756122160199349 ], [ 114.140042176824849, 3.758424511764832 ], [ 114.142114293233774, 3.760496628173768 ], [ 114.143956174486163, 3.763950155521993 ], [ 114.14694923152129, 3.766252507087476 ], [ 114.14902134793023, 3.767173447713669 ], [ 114.153395815904645, 3.764871096148186 ], [ 114.156388872939772, 3.758654746921381 ], [ 114.160533105757651, 3.758654746921381 ], [ 114.163295927636227, 3.759805922704123 ], [ 114.164677338575515, 3.765561801617831 ], [ 114.165828514358253, 3.767633918026766 ], [ 114.17089368780232, 3.768785093809508 ], [ 114.171584393271971, 3.770626975061894 ], [ 114.170663452645769, 3.776152618819054 ], [ 114.175268155776735, 3.776152618819054 ], [ 114.179412388594614, 3.775001443036312 ], [ 114.181024034690452, 3.772468856314281 ], [ 114.199673082370865, 3.75197792738148 ], [ 114.198752141744663, 3.75059651644219 ], [ 114.194147438613697, 3.749905810972545 ], [ 114.192535792517859, 3.7492151055029 ], [ 114.187470619073807, 3.7492151055029 ], [ 114.183556621412478, 3.748754635189803 ], [ 114.184477562038666, 3.743919696902288 ], [ 114.187240383917256, 3.736552171892741 ], [ 114.188852030013095, 3.733098644544517 ], [ 114.191154381578571, 3.728954411726647 ], [ 114.191384616735121, 3.724579943752229 ], [ 114.190003205795833, 3.71882406483852 ], [ 114.188621794856545, 3.716521713273037 ], [ 114.186089208134504, 3.714449596864102 ], [ 114.185858972977968, 3.71329842108136 ], [ 114.188391559699994, 3.710305364046232 ], [ 114.191154381578571, 3.708463482793846 ], [ 114.19322649798751, 3.708463482793846 ], [ 114.197140495648824, 3.711456539828974 ], [ 114.201514963623254, 3.713528656237909 ], [ 114.203817315188729, 3.714219361707554 ], [ 114.207961548006608, 3.71329842108136 ], [ 114.22615012537392, 3.704779720289072 ], [ 114.22891294725251, 3.700405252314654 ], [ 114.231215298817986, 3.696721489809881 ], [ 114.232596709757274, 3.690735375739624 ], [ 114.233978120696563, 3.684749261669368 ], [ 114.235359531635851, 3.673237503841951 ], [ 114.235129296479315, 3.669553741337178 ], [ 114.238122353514441, 3.66656068430205 ], [ 114.242036351175756, 3.663107156953825 ], [ 114.242266586332306, 3.661495510857987 ], [ 114.242266586332306, 3.658502453822858 ], [ 114.241345645706119, 3.654588456161537 ], [ 114.238813058984078, 3.650444223343667 ], [ 114.23743164804479, 3.647911636621635 ], [ 114.236510707418603, 3.6458395202127 ], [ 114.23720141288824, 3.642616228021024 ], [ 114.23720141288824, 3.638702230359702 ], [ 114.239733999610323, 3.633176586602543 ], [ 114.236856060153471, 3.622988680925266 ], [ 114.235014178901082, 3.620916564516331 ], [ 114.22741641873499, 3.622758445768717 ], [ 114.222121010134373, 3.617693272324654 ], [ 114.211299957776603, 3.619304918420492 ], [ 114.207385960115289, 3.616081626228815 ], [ 114.200709140575384, 3.61539092075917 ], [ 114.204392903080162, 3.605721044184141 ], [ 114.203932432767061, 3.600425635583529 ], [ 114.199788199949211, 3.590985994165048 ], [ 114.204162667923626, 3.581776587903114 ], [ 114.202781256984338, 3.575099768363213 ], [ 114.204623138236727, 3.560134483187572 ], [ 114.204277785501887, 3.562264158385657 ], [ 114.202666139406034, 3.554896633376111 ], [ 114.206446773195921, 3.553532856004779 ], [ 114.21014878199388, 3.551155312082187 ] ] ] ] } },
{ "type": "Feature", "properties": { "Id": 91, "NEGERI": "SARAWAK", "KODPAR": "P.219", "PARLIMEN": "MIRI", "KODDUN": "N.91", "NAMADUN": "LOPENG", "KODUNIK": "P.219_N.91", "BILANGAN_P": 28984, "PERATUS_EQ": 140.82 }, "geometry": { "type": "MultiPolygon", "coordinates": [ [ [ [ 114.03540029817367, 4.465937147837845 ], [ 114.035515415751945, 4.471232556438453 ], [ 114.04219223529185, 4.471232556438453 ], [ 114.04219223529185, 4.459145210719666 ], [ 114.053703993119271, 4.459605681032762 ], [ 114.05347375796272, 4.446482277109508 ], [ 114.072353040799683, 4.445791571639862 ], [ 114.095606791611061, 4.465822030259567 ], [ 114.108960430690857, 4.481247785748305 ], [ 114.122314069770667, 4.465822030259567 ], [ 114.133135122128436, 4.476412847460791 ], [ 114.164265869657356, 4.477668912891261 ], [ 114.174001862415764, 4.475952377147704 ], [ 114.188060479715659, 4.464581877359194 ], [ 114.188060479715659, 4.446735919815467 ], [ 114.195874202287854, 4.434510048969004 ], [ 114.208767371054563, 4.433358873186262 ], [ 114.205544078862886, 4.425300642707071 ], [ 114.211855089773962, 4.418182387745503 ], [ 114.206925489802174, 4.399284070017111 ], [ 114.217803742288538, 4.390818586178455 ], [ 114.225804772639137, 4.383167609058728 ], [ 114.216365131220655, 4.374879143422989 ], [ 114.206465019489073, 4.381786198119438 ], [ 114.212451133559327, 4.357611506681864 ], [ 114.199097494479531, 4.3458695136979 ], [ 114.180448446799119, 4.34448810275861 ], [ 114.17883680070328, 4.333897285557386 ], [ 114.1542016389526, 4.33343681524429 ], [ 114.153280698326412, 4.320313411321035 ], [ 114.117594249061412, 4.325839055078195 ], [ 114.102859199042328, 4.325378584765098 ], [ 114.097563790441711, 4.291073546439397 ], [ 114.090886970901806, 4.278180377672691 ], [ 114.078914742761299, 4.274266380011369 ], [ 114.073849569317218, 4.262524387027406 ], [ 114.070626277125541, 4.253314980765473 ], [ 114.065791338838025, 4.254466156548214 ], [ 114.064870398211838, 4.249631218260699 ], [ 114.063028516959477, 4.240306694420495 ], [ 114.052898170071359, 4.242033458094606 ], [ 114.048063231783843, 4.245486985442831 ], [ 114.038163120052261, 4.255156862017861 ], [ 114.035860768486771, 4.260682505775021 ], [ 114.032205783833774, 4.271250670635482 ], [ 114.02941418410343, 4.276568731576856 ], [ 114.029989771994792, 4.28773513666945 ], [ 114.029644419259952, 4.302009716375448 ], [ 114.070277159927059, 4.295045280693785 ], [ 114.065330868524953, 4.315248237876974 ], [ 114.054049345854082, 4.311794710528749 ], [ 114.047142291157627, 4.314557532407329 ], [ 114.043458528652863, 4.323766938669261 ], [ 114.022737364563511, 4.332515874618098 ], [ 114.016739287295877, 4.318839890752088 ], [ 114.00224643563071, 4.324457644138906 ], [ 113.995799851247355, 4.330673993365711 ], [ 113.999023143439018, 4.337120577749064 ], [ 113.994418440308053, 4.338041518375258 ], [ 113.991425383272926, 4.341495045723483 ], [ 113.991425383272926, 4.348402100419933 ], [ 113.980374095758606, 4.361525504343187 ], [ 113.979453155132404, 4.370274440292023 ], [ 113.983597387950283, 4.375454731314359 ], [ 113.984403210998195, 4.380289669601874 ], [ 113.989353266863986, 4.377526847723294 ], [ 113.994418440308053, 4.376836142253649 ], [ 113.99741149734318, 4.380519904758422 ], [ 113.994418440308053, 4.383282726637002 ], [ 114.001670847739319, 4.392031662585839 ], [ 114.017201403939836, 4.411245748141591 ], [ 114.020204777841485, 4.409529534483507 ], [ 114.033097946608194, 4.427372759116001 ], [ 114.035515415751945, 4.427372759116001 ], [ 114.03540029817367, 4.465937147837845 ] ] ] ] } },
{ "type": "Feature", "properties": { "Id": 95, "NEGERI": "SARAWAK", "KODPAR": "P.220", "PARLIMEN": "BARAM", "KODDUN": "N.95", "NAMADUN": "MULU", "KODUNIK": "P.220_N.95", "BILANGAN_P": 11589, "PERATUS_EQ": 56.31 }, "geometry": { "type": "MultiPolygon", "coordinates": [ [ [ [ 115.544937102082784, 3.176850506323746 ], [ 115.537339341916692, 3.171785332879683 ], [ 115.534346284881565, 3.16672015943562 ], [ 115.531583463002988, 3.16533874849633 ], [ 115.529050876280948, 3.156589812547493 ], [ 115.522143821584507, 3.156589812547493 ], [ 115.518229823923178, 3.153366520355816 ], [ 115.512934415322576, 3.155208401608203 ], [ 115.507984359456742, 3.161079398100199 ], [ 115.507754124300192, 3.164763160604972 ], [ 115.506602948517454, 3.17190045045797 ], [ 115.505451772734702, 3.176735388745485 ], [ 115.503149421169212, 3.179267975467516 ], [ 115.504185479373731, 3.186059912585679 ], [ 115.495666778581452, 3.186750618055324 ], [ 115.49578189615967, 3.193082084860416 ], [ 115.493019074281094, 3.194693730956254 ], [ 115.488759723884982, 3.192966967282128 ], [ 115.484615491067117, 3.188362264151162 ], [ 115.480701493405803, 3.190434380560097 ], [ 115.479204964888197, 3.199298434087221 ], [ 115.476787495744475, 3.196420494630353 ], [ 115.475406084805186, 3.186750618055324 ], [ 115.468959500421832, 3.19273673212558 ], [ 115.46159197541229, 3.19826237588274 ], [ 115.456066331655123, 3.200334492291675 ], [ 115.45054068789797, 3.19826237588274 ], [ 115.445705749610454, 3.193197202438677 ], [ 115.444554573827702, 3.185829677429131 ], [ 115.435345167565771, 3.18859249930771 ], [ 115.429359053495517, 3.192046026655935 ], [ 115.424984585521102, 3.19273673212558 ], [ 115.421070587859774, 3.19135532118629 ], [ 115.416235649572258, 3.187211088368421 ], [ 115.409328594875817, 3.183757561020195 ], [ 115.407256478466877, 3.176620271167197 ], [ 115.400809894083537, 3.172936508662424 ], [ 115.394593544856718, 3.169252746157651 ], [ 115.387226019847176, 3.166720159435619 ], [ 115.381239905776923, 3.161424750835007 ], [ 115.376865437802508, 3.156359577390944 ], [ 115.369267677636415, 3.160964280521911 ], [ 115.365353679975087, 3.158201458643331 ], [ 115.36005827137447, 3.155208401608203 ], [ 115.354302392460767, 3.150603698477236 ], [ 115.354532627617317, 3.162345691461201 ], [ 115.350963982690757, 3.168446923109745 ], [ 115.344862751042285, 3.167871335218361 ], [ 115.338646401815481, 3.161654985991556 ], [ 115.326904408831524, 3.153136285199268 ], [ 115.310557712716587, 3.151064168790333 ], [ 115.308715831464198, 3.162806161774297 ], [ 115.305147186537653, 3.1677562176401 ], [ 115.309176301777299, 3.173627214132069 ], [ 115.308715831464198, 3.18168544461126 ], [ 115.30583789200729, 3.184563384068128 ], [ 115.305377421694189, 3.186635500477063 ], [ 115.304686716224552, 3.189628557512191 ], [ 115.305607656850739, 3.191009968451481 ], [ 115.30583789200729, 3.19262161454732 ], [ 115.309176301777299, 3.198032140726192 ], [ 115.315853121317204, 3.204478725109545 ], [ 115.321839235387458, 3.20793225245777 ], [ 115.326443938518423, 3.21207648527564 ], [ 115.335883579936905, 3.218062599345896 ], [ 115.340027812754784, 3.224969654042346 ], [ 115.34302086978991, 3.227041770451281 ], [ 115.346704632294689, 3.228192946234023 ], [ 115.351769805738741, 3.228653416547119 ], [ 115.356604744026257, 3.227732475920926 ], [ 115.358907095591746, 3.224969654042346 ], [ 115.361209447157222, 3.229113886860216 ], [ 115.35752568465243, 3.23533023608702 ], [ 115.360288506531006, 3.2380930579656 ], [ 115.358907095591718, 3.241776820470372 ], [ 115.358446625278617, 3.243848936879307 ], [ 115.360748976844107, 3.245690818131695 ], [ 115.364432739348885, 3.247532699384081 ], [ 115.372721204984614, 3.247993169697177 ], [ 115.374793321393554, 3.24776293454063 ], [ 115.37755614327213, 3.237632587652504 ], [ 115.380779435463808, 3.237632587652504 ], [ 115.383542257342384, 3.237862822809051 ], [ 115.385614373751324, 3.237862822809051 ], [ 115.386995784690612, 3.236941882182859 ], [ 115.391140017508491, 3.23533023608702 ], [ 115.392291193291229, 3.237862822809051 ], [ 115.394363309700168, 3.24085587984418 ], [ 115.395744720639456, 3.243388466566211 ], [ 115.396665661265644, 3.247072229070985 ], [ 115.397126131578744, 3.251216461888855 ], [ 115.395744720639456, 3.253979283767435 ], [ 115.393212133917416, 3.254900224393627 ], [ 115.392291193291229, 3.256972340802562 ], [ 115.389758606569188, 3.258123516585305 ], [ 115.386535314377525, 3.259735162681142 ], [ 115.386995784690612, 3.264570100968657 ], [ 115.385614373751338, 3.265951511907947 ], [ 115.382391081559661, 3.270095744725817 ], [ 115.380318965150721, 3.272858566604397 ], [ 115.380318965150721, 3.274700447856783 ], [ 115.38193061124656, 3.27654232910917 ], [ 115.38193061124656, 3.278384210361557 ], [ 115.381470140933473, 3.279995856457395 ], [ 115.379628259681084, 3.281607502553233 ], [ 115.377325908115594, 3.282067972866329 ], [ 115.377095672959044, 3.284140089275264 ], [ 115.377786378428695, 3.285291265058007 ], [ 115.381470140933473, 3.286212205684199 ], [ 115.38469343312515, 3.286672675997297 ], [ 115.386074844064439, 3.287593616623489 ], [ 115.387456255003727, 3.289435497875877 ], [ 115.388837665943015, 3.291507614284811 ], [ 115.390449312038854, 3.297493728355068 ], [ 115.390449312038854, 3.299565844764003 ], [ 115.390679547195404, 3.304170547894969 ], [ 115.390679547195404, 3.30946595649558 ], [ 115.389528371412666, 3.312919483843805 ], [ 115.386765549534076, 3.317524186974772 ], [ 115.388607430786465, 3.31936606822716 ], [ 115.388837665943015, 3.321438184636095 ], [ 115.386995784690626, 3.323510301045028 ], [ 115.383542257342398, 3.326273122923608 ], [ 115.38423296281205, 3.327884769019447 ], [ 115.386535314377525, 3.32880570964564 ], [ 115.391830722978142, 3.332259236993866 ], [ 115.401730834709724, 3.332719707306962 ], [ 115.401270364396623, 3.337324410437928 ], [ 115.397356366735295, 3.339626762003411 ], [ 115.389067901099565, 3.340777937786153 ], [ 115.385844608907888, 3.343310524508186 ], [ 115.380779435463822, 3.346303581543313 ], [ 115.377786378428695, 3.345612876073668 ], [ 115.375253791706655, 3.339626762003411 ], [ 115.372490969828078, 3.337324410437928 ], [ 115.3688072073233, 3.337784880751026 ], [ 115.366965326070925, 3.343770994821282 ], [ 115.366044385444724, 3.352059460457022 ], [ 115.364432739348885, 3.354822282335602 ], [ 115.36005827137447, 3.352980401083214 ], [ 115.357065214339343, 3.348375697952248 ], [ 115.355453568243504, 3.349066403421893 ], [ 115.352230276051827, 3.353440871396312 ], [ 115.35130933542564, 3.358966515153472 ], [ 115.348316278390499, 3.359887455779664 ], [ 115.340258047911306, 3.35505251749215 ], [ 115.334271933841052, 3.359426985466568 ], [ 115.330933524071085, 3.369672449932983 ], [ 115.329667230710086, 3.381299325338659 ], [ 115.327364879144611, 3.384292382373787 ], [ 115.315162415847539, 3.391890142539882 ], [ 115.311708888499325, 3.398797197236331 ], [ 115.308715831464184, 3.406855427715523 ], [ 115.303650658020118, 3.413532247255424 ], [ 115.296973838480213, 3.427346356648324 ], [ 115.290987724409959, 3.44714658011148 ], [ 115.287994667374832, 3.435404587127515 ], [ 115.282469023617679, 3.439779055101933 ], [ 115.26934561969442, 3.440009290258482 ], [ 115.265661857189642, 3.444844228545997 ], [ 115.260136213432489, 3.442081406667417 ], [ 115.253459393892584, 3.444613993389448 ], [ 115.248394220448517, 3.445304698859093 ], [ 115.245631398569941, 3.441390701197772 ], [ 115.242868576691365, 3.44300234729361 ], [ 115.242177871221713, 3.45129081292935 ], [ 115.235961521994909, 3.452211753555543 ], [ 115.228593996985367, 3.453593164494833 ], [ 115.223989293854402, 3.454974575434123 ], [ 115.212477536026981, 3.45405363480793 ], [ 115.196591310225159, 3.452211753555543 ], [ 115.193137782876946, 3.448067520737673 ], [ 115.187151668806678, 3.451521048085898 ], [ 115.184158611771551, 3.449218696520415 ], [ 115.182777200832263, 3.44852799105077 ], [ 115.178402732857847, 3.448297755894222 ], [ 115.175409675822721, 3.446225639485287 ], [ 115.169423561752467, 3.44023952541503 ], [ 115.167581680500078, 3.435865057440612 ], [ 115.167581680500078, 3.433562705875129 ], [ 115.161135096116723, 3.434253411344773 ], [ 115.16412815315185, 3.429418473057259 ], [ 115.159293214864334, 3.426425416022131 ], [ 115.157911803925046, 3.424813769926292 ], [ 115.160214155490522, 3.419978831638777 ], [ 115.157911803925046, 3.418597420699487 ], [ 115.156530392985758, 3.417906715229842 ], [ 115.153767571107181, 3.416525304290552 ], [ 115.151004749228591, 3.413762482411972 ], [ 115.141565107810109, 3.414222952725069 ], [ 115.137651110148795, 3.414222952725069 ], [ 115.125218411695158, 3.415604363664359 ], [ 115.113706653867752, 3.412381071472683 ], [ 115.11669971090663, 3.41857823443548 ], [ 115.106569364018497, 3.423489917775183 ], [ 115.091834313995676, 3.422281183204261 ], [ 115.102578621304986, 3.438224967794293 ], [ 115.093062234834306, 3.44190873029907 ], [ 115.06961013325008, 3.442521085661951 ], [ 115.074106206941451, 3.45405363480793 ], [ 115.07246548645719, 3.459653204903987 ], [ 115.062471750232589, 3.472502294335357 ], [ 115.058188720422208, 3.509621886026423 ], [ 115.058188720422208, 3.532464711682337 ], [ 115.065327103439699, 3.55387986073481 ], [ 115.071113149909294, 3.564048480848026 ], [ 115.065280525943393, 3.567732243352802 ], [ 115.068964288448171, 3.584923135041759 ], [ 115.048194984197607, 3.589571775822264 ], [ 115.044098891540926, 3.609788531948999 ], [ 115.059616397025593, 3.61955298449584 ], [ 115.071037809853578, 3.632402073927381 ], [ 115.082459222681678, 3.645251163358751 ], [ 115.076748516267571, 3.659527929393732 ], [ 115.091987804103027, 3.66412402889445 ], [ 115.096735988716659, 3.676660048635767 ], [ 115.087690081180767, 3.705873337281915 ], [ 115.0870761207633, 3.723678189388334 ], [ 115.064973545734645, 3.747008685251918 ], [ 115.050852456133001, 3.762357695688486 ], [ 115.042257010288523, 3.766655418610725 ], [ 115.036117406113888, 3.790599874891772 ], [ 115.023924481938138, 3.803723266346992 ], [ 115.025680079017022, 3.817000172842669 ], [ 115.017084633172544, 3.815772252007744 ], [ 115.016470672755077, 3.806562845745803 ], [ 115.011075392506768, 3.805150942950604 ], [ 114.99394327326479, 3.800867913139939 ], [ 114.976563245620014, 3.798888340527519 ], [ 114.965960811836226, 3.809433972761042 ], [ 114.950009457564718, 3.805027944702147 ], [ 114.94325589297263, 3.805334924910878 ], [ 114.938958170050398, 3.801958142614833 ], [ 114.932818565875763, 3.805027944702147 ], [ 114.919925397109054, 3.796432498857668 ], [ 114.918847483920672, 3.800867913139939 ], [ 114.927413543541775, 3.833704475020568 ], [ 114.920232377317774, 3.841251609332448 ], [ 114.887438598643826, 3.840842858038059 ], [ 114.884008712687475, 3.85291685726424 ], [ 114.868878802798235, 3.853691947469429 ], [ 114.853617672023077, 3.847391213507076 ], [ 114.850319006952759, 3.853691947469429 ], [ 114.84809202826591, 3.87778225417148 ], [ 114.859757276197698, 3.880238095841331 ], [ 114.866510840789786, 3.890061462520735 ], [ 114.838897594125001, 3.905088305195477 ], [ 114.814627091865304, 3.903660628591865 ], [ 114.795598412572886, 3.890061462520732 ], [ 114.777507500174465, 3.885100832746389 ], [ 114.758760787525119, 3.891289383355657 ], [ 114.74752629150089, 3.890811539160495 ], [ 114.737272172913919, 3.883307897928642 ], [ 114.729904647904362, 3.887605620850881 ], [ 114.712548214715298, 3.890097700858576 ], [ 114.69613682494392, 3.894973145860434 ], [ 114.673287108119098, 3.907943658402303 ], [ 114.646161252652632, 3.904374466893557 ], [ 114.619035397186053, 3.900805275384812 ], [ 114.619698752969796, 3.922908344854991 ], [ 114.584703009174419, 3.910015176088273 ], [ 114.573651721660084, 3.929047949029618 ], [ 114.55922365184972, 3.930275869864543 ], [ 114.55646082997113, 3.940099236543947 ], [ 114.550935186213962, 3.943169038631261 ], [ 114.539883898699642, 3.936108493830439 ], [ 114.5248087413554, 3.937924867075878 ], [ 114.516242681734298, 3.960767692731793 ], [ 114.496255209285437, 3.957912339524739 ], [ 114.480550766646843, 3.967906075749283 ], [ 114.466745863966977, 3.990674225932942 ], [ 114.45224104910443, 3.988371874367459 ], [ 114.433131531110917, 3.996890575159747 ], [ 114.422770949066248, 3.993667282968071 ], [ 114.417705775622181, 4.005869746265132 ], [ 114.414252248273954, 3.997351045472844 ], [ 114.400207903724507, 3.984227641549589 ], [ 114.379486739635155, 3.983076465766848 ], [ 114.373961095878002, 3.979392703262075 ], [ 114.352779461475549, 3.994818458750812 ], [ 114.354160872414852, 4.012316330648485 ], [ 114.350246874753523, 4.017381504092548 ], [ 114.356002753667227, 4.031425848641995 ], [ 114.348865463814235, 4.035570081459865 ], [ 114.333900178638586, 4.038793373651542 ], [ 114.33113735676001, 4.031195613485448 ], [ 114.317093012210563, 4.038102668181898 ], [ 114.324460537220105, 4.050995836948603 ], [ 114.32008606924569, 4.05421912914028 ], [ 114.322088578079388, 4.059644211944942 ], [ 114.320316304402255, 4.066882062750438 ], [ 114.320546539558791, 4.070565825255212 ], [ 114.330216416133823, 4.078624055734403 ], [ 114.321007009871892, 4.082077583082628 ], [ 114.308113841105182, 4.079544996360596 ], [ 114.307423135635545, 4.085070640117756 ], [ 114.303624255552435, 4.09261084149473 ], [ 114.299364905156352, 4.09151722450111 ], [ 114.289810146159553, 4.0962946039995 ], [ 114.28198215083691, 4.101129542287014 ], [ 114.287507794594063, 4.10849706729656 ], [ 114.280830975054158, 4.119778589967429 ], [ 114.284744972715487, 4.128527525916265 ], [ 114.281521680523795, 4.134974110299623 ], [ 114.271621568792227, 4.142111400152617 ], [ 114.267707571130899, 4.150399865788361 ], [ 114.266786630504697, 4.157997625954456 ], [ 114.262181927373746, 4.166976797059836 ], [ 114.268168041444, 4.168127972842577 ], [ 114.276456507079743, 4.164444210337805 ], [ 114.284968986388321, 4.158153897586374 ], [ 114.291652027411928, 4.149478925162163 ], [ 114.287047324280962, 4.149939395475259 ], [ 114.27921932895832, 4.146255632970486 ], [ 114.284054267245835, 4.141650929839519 ], [ 114.303163785239349, 4.152011511884194 ], [ 114.30495645883741, 4.158153897586374 ], [ 114.296256730542908, 4.16375350486816 ], [ 114.299940493047671, 4.166976797059836 ], [ 114.308459193839965, 4.164674445494352 ], [ 114.316977894632245, 4.155925509545516 ], [ 114.334936236843021, 4.156385979858612 ], [ 114.3429944673222, 4.16628609159019 ], [ 114.340231645443652, 4.185395609583705 ], [ 114.335626942312686, 4.195065486158734 ], [ 114.3390804696609, 4.20128183538554 ], [ 114.344375878261502, 4.206807479142699 ], [ 114.337699058721611, 4.210030771334377 ], [ 114.334706001686484, 4.225686761979662 ], [ 114.33700835325196, 4.235817108867789 ], [ 114.336547882938859, 4.248710277634495 ], [ 114.342073526696026, 4.254696391704751 ], [ 114.363324748581817, 4.257390132880971 ], [ 114.372831937237265, 4.264796952340248 ], [ 114.424230178095399, 4.25887219190281 ], [ 114.427498274252002, 4.266575190219839 ], [ 114.447701051716763, 4.280796069224721 ], [ 114.455425642387013, 4.273685871311272 ], [ 114.456513012614323, 4.253304386487855 ], [ 114.450571019929157, 4.241453370645957 ], [ 114.45591881388475, 4.233750218389446 ], [ 114.468991198510594, 4.203529319291874 ], [ 114.487411377091917, 4.162047727907122 ], [ 114.504048958586509, 4.138935668688873 ], [ 114.518309742468091, 4.144269493272304 ], [ 114.540295117019696, 4.128861305805003 ], [ 114.546237109704862, 4.111082023342021 ], [ 114.541483515377081, 4.100414164285098 ], [ 114.555744299258663, 4.093895045939689 ], [ 114.550990704930882, 4.08105381870314 ], [ 114.565251487913997, 4.081053985282779 ], [ 114.589019461349267, 4.045018848768905 ], [ 114.60898455806489, 4.049760676548601 ], [ 114.627048217767879, 4.028897659689619 ], [ 114.600428087915589, 4.006136845978688 ], [ 114.621343904035598, 4.00329198176604 ], [ 114.653668346721588, 4.00518909951586 ], [ 114.687894227318679, 4.020363257504812 ], [ 114.720218670903023, 4.048813660122619 ], [ 114.744937361946199, 4.081056084187651 ], [ 114.770606773292116, 4.112348967179685 ], [ 114.795325464335292, 4.133210286449241 ], [ 114.793031712377115, 4.156113075985786 ], [ 114.805076426514688, 4.159839507206836 ], [ 114.816127714029008, 4.157076685328256 ], [ 114.819052889336263, 4.164068841069991 ], [ 114.829020882795717, 4.162602329085416 ], [ 114.833165115613582, 4.152932452510387 ], [ 114.872765562539897, 4.144643986874647 ], [ 114.882435439114928, 4.142341635309164 ], [ 114.895328607881623, 4.148788219692517 ], [ 114.905458954769756, 4.141881164996067 ], [ 114.920194004788854, 4.140039283743681 ], [ 114.926640589172194, 4.145564927500841 ], [ 114.937550047426498, 4.132659955793031 ], [ 114.944138461069883, 4.125304233724589 ], [ 114.951045515766339, 4.125304233724589 ], [ 114.956110689210405, 4.121160000906719 ], [ 114.971766679855691, 4.119318119654332 ], [ 114.991566903318841, 4.102741188382852 ], [ 114.997512464773536, 4.119810866361433 ], [ 115.008604304903429, 4.118397179028138 ], [ 115.020576533043936, 4.128067055603168 ], [ 115.048204751829743, 4.116094827462654 ], [ 115.061097920596438, 4.123001882159104 ], [ 115.086423787816756, 4.111490124331688 ], [ 115.114512476915664, 4.082480494606599 ], [ 115.12602423474307, 4.079257202414922 ], [ 115.126945175369272, 4.06590356333512 ], [ 115.13293128943954, 4.049787102376738 ], [ 115.142601166014558, 4.05070804300293 ], [ 115.162401389477722, 4.035512522670741 ], [ 115.161019978538434, 4.017093710146875 ], [ 115.184503964506362, 4.012489007015908 ], [ 115.177596909809907, 3.996833016370622 ], [ 115.167466562921788, 3.988084080421785 ], [ 115.17483408793133, 3.983018906977723 ], [ 115.177596909809907, 3.96137680226218 ], [ 115.20167021907389, 3.934212907906669 ], [ 115.224334646589256, 3.912797184230483 ], [ 115.2330835825381, 3.910494832665 ], [ 115.236306874729763, 3.89944354515068 ], [ 115.244825575522057, 3.899904015463776 ], [ 115.258179214601867, 3.886320141227425 ], [ 115.260711801323893, 3.881715438096458 ], [ 115.259790860697706, 3.871124620895236 ], [ 115.267388620863798, 3.85132439743208 ], [ 115.263244388045919, 3.845338283361824 ], [ 115.266237445081046, 3.835207936473697 ], [ 115.273835205247138, 3.839812639604664 ], [ 115.279130613847755, 3.829682292716537 ], [ 115.286498138857297, 3.83198464428202 ], [ 115.297779661528168, 3.826919470837957 ], [ 115.308830949042488, 3.827840411464151 ], [ 115.318040355304419, 3.825077589585571 ], [ 115.322875293591935, 3.827840411464151 ], [ 115.331393994384229, 3.819551945828411 ], [ 115.331624229540779, 3.807349482531349 ], [ 115.320342706869909, 3.797909841112868 ], [ 115.318500825617519, 3.785477142659258 ], [ 115.337380108454482, 3.787779494224742 ], [ 115.348661631125367, 3.783174791093776 ], [ 115.358561742856949, 3.785937612972355 ], [ 115.370994441310557, 3.782944555937227 ], [ 115.373527028032584, 3.788930670007484 ], [ 115.382506199137964, 3.787088788755097 ], [ 115.403457598383866, 3.80182383877419 ], [ 115.431085817169674, 3.805737836435512 ], [ 115.443518515623282, 3.807119247374802 ], [ 115.448123218754247, 3.789160905164031 ], [ 115.460095446894755, 3.787779494224741 ], [ 115.495091190690104, 3.826919470837957 ], [ 115.494170250063902, 3.83889169897847 ], [ 115.505682007891323, 3.855929100563046 ], [ 115.516733295405643, 3.869282739642849 ], [ 115.513510003213966, 3.878952616217879 ], [ 115.498314482881781, 3.891385314671489 ], [ 115.515812354779456, 3.906120364690581 ], [ 115.51949611728422, 3.916711181891805 ], [ 115.54390104387835, 3.920855414709674 ], [ 115.565727752965927, 3.912797758854197 ], [ 115.582859872207791, 3.888527256594898 ], [ 115.617124110691748, 3.879961196973795 ], [ 115.619979463898858, 3.839986252075903 ], [ 115.59999199144977, 3.814288073212936 ], [ 115.5871429020184, 3.767174745297552 ], [ 115.581432195604293, 3.707212327950572 ], [ 115.567155429569311, 3.662954353242014 ], [ 115.5757214891903, 3.612985672119578 ], [ 115.59999199144977, 3.577293757032123 ], [ 115.60713037446726, 3.550167901565771 ], [ 115.601419668053381, 3.521614369495808 ], [ 115.614268757484751, 3.498057705538031 ], [ 115.63140087672673, 3.470931850071509 ], [ 115.644249966158327, 3.445233671208541 ], [ 115.628545523519733, 3.410969432724698 ], [ 115.619979463898858, 3.405258726310649 ], [ 115.608558051070872, 3.439522964794662 ], [ 115.585715225414788, 3.450944377622648 ], [ 115.557161693344824, 3.419535492345631 ], [ 115.548595633723949, 3.390981960275667 ], [ 115.540029574102846, 3.365283781412757 ], [ 115.544312603913454, 3.341013279153231 ], [ 115.524325131464366, 3.312459747083267 ], [ 115.522897454860981, 3.251069653132902 ], [ 115.514331395239878, 3.223943797666323 ], [ 115.507193012222388, 3.205384001820903 ], [ 115.521469778257369, 3.186824205975483 ], [ 115.544937102082784, 3.176850506323746 ] ] ] ] } },
{ "type": "Feature", "properties": { "Id": 67, "NEGERI": "SARAWAK", "KODPAR": "P.212", "PARLIMEN": "SIBU", "KODDUN": "N.67", "NAMADUN": "RASSAU", "KODUNIK": "P.212_N.67", "BILANGAN_P": 19757, "PERATUS_EQ": 95.99 }, "geometry": { "type": "MultiPolygon", "coordinates": [ [ [ [ 111.872840778293593, 2.386552818725145 ], [ 111.873031707871817, 2.391230593391716 ], [ 111.877406175846247, 2.391460828548264 ], [ 111.873722413341468, 2.403893527001874 ], [ 111.888227228204016, 2.418858812177515 ], [ 111.887536522734365, 2.42093092858645 ], [ 111.884543465699238, 2.425535631717417 ], [ 111.879248057098621, 2.427377512969803 ], [ 111.873492178184918, 2.42645657234361 ], [ 111.864973477392638, 2.42369375046503 ], [ 111.855303600817606, 2.432442686413867 ], [ 111.861519950044411, 2.435896213762092 ], [ 111.861519950044411, 2.440500916893058 ], [ 111.860829244574759, 2.443954444241283 ], [ 111.855533835974157, 2.448328912215701 ], [ 111.842640667207448, 2.456847613007989 ], [ 111.837575493763381, 2.464675608330632 ], [ 111.831128909380027, 2.475266425531855 ], [ 111.820998562491894, 2.467898900522309 ], [ 111.824221854683572, 2.460531375512763 ], [ 111.820077621865707, 2.458229023947279 ], [ 111.815242683578191, 2.464445373174084 ], [ 111.80603327731626, 2.457538318477634 ], [ 111.83066843906694, 2.423463515308482 ], [ 111.801198339028758, 2.399519059027456 ], [ 111.798435517150168, 2.394914355896489 ], [ 111.795902930428142, 2.389618947295878 ], [ 111.786463289009646, 2.385704949634555 ], [ 111.783700467131069, 2.382021187129782 ], [ 111.780246939782842, 2.362220963666626 ], [ 111.78416093744417, 2.352320851935048 ], [ 111.789456346044773, 2.35070920583921 ], [ 111.791528462453712, 2.351399911308855 ], [ 111.797744811680516, 2.354623203500531 ], [ 111.802349514811482, 2.357155790222563 ], [ 111.807414688255548, 2.359458141788046 ], [ 111.810407745290675, 2.361760493353529 ], [ 111.815472918734741, 2.361760493353529 ], [ 111.823991619527035, 2.359918612101143 ], [ 111.829566784659988, 2.355458479994779 ], [ 111.823091580312109, 2.34702109251117 ], [ 111.822139795909663, 2.340596547795371 ], [ 111.819760334903833, 2.338217086789541 ], [ 111.816904981697007, 2.348210823014085 ], [ 111.810480436981209, 2.349638499617697 ], [ 111.808338922075905, 2.34464163150534 ], [ 111.813335790188262, 2.332030488174439 ], [ 111.811670167484124, 2.319419344843595 ], [ 111.824912560153209, 2.324922868305798 ], [ 111.817084564830566, 2.31364134563493 ], [ 111.816667035596311, 2.307046147613221 ], [ 111.817142927797534, 2.293007327678765 ], [ 111.825443280939567, 2.290528722464558 ], [ 111.827819751875325, 2.284349898031451 ], [ 111.827822741945397, 2.284342123849285 ], [ 111.811261693344818, 2.281106056881299 ], [ 111.803647418126104, 2.274443566064974 ], [ 111.813746155059434, 2.254317420295708 ], [ 111.823569521738833, 2.259536083844141 ], [ 111.822683106172747, 2.246841818397456 ], [ 111.821727640486444, 2.237740489024215 ], [ 111.834104519000732, 2.223998992741372 ], [ 111.827442028184407, 2.216384717522658 ], [ 111.816508976938039, 2.211647171282048 ], [ 111.816201996729305, 2.190465536879584 ], [ 111.797169223787961, 2.174195585816822 ], [ 111.787652837317282, 2.177265387904136 ], [ 111.789172661935879, 2.160989985699757 ], [ 111.77261080708945, 2.165600139972344 ], [ 111.767757512883406, 2.162417662303199 ], [ 111.751736152895717, 2.171739744146971 ], [ 111.750625393641371, 2.18240513475223 ], [ 111.752657093521904, 2.188930635835928 ], [ 111.737776304209831, 2.192398870976547 ], [ 111.727782567985457, 2.198109577390653 ], [ 111.71778883176097, 2.20810331361514 ], [ 111.713977587221763, 2.210726230655854 ], [ 111.71778883176097, 2.222380079650122 ], [ 111.707795095536426, 2.232373815874666 ], [ 111.706367418932984, 2.243795228702595 ], [ 111.697801359311882, 2.266638054358509 ], [ 111.684507487183993, 2.279336307307315 ], [ 111.681437685096668, 2.271354821880299 ], [ 111.672842239252191, 2.270126901045374 ], [ 111.671614318417269, 2.288545713569255 ], [ 111.659809298585515, 2.282949259553561 ], [ 111.648897782971147, 2.285475911481942 ], [ 111.646960209153974, 2.312930468226966 ], [ 111.648387885757586, 2.330062587468944 ], [ 111.648387885757586, 2.342911676900542 ], [ 111.64267717934348, 2.355760766331912 ], [ 111.636966472929601, 2.358616119538908 ], [ 111.621262030291007, 2.361471472745961 ], [ 111.61840667708401, 2.375748238780943 ], [ 111.62411738349806, 2.388597328212484 ], [ 111.644818694248841, 2.390738843117788 ], [ 111.665520004999564, 2.392880358022978 ], [ 111.691218183862532, 2.387169651608872 ], [ 111.70835030310451, 2.381458945194993 ], [ 111.725482422346374, 2.394308034626363 ], [ 111.738331511777915, 2.422861566696326 ], [ 111.749752924605843, 2.458553481783781 ], [ 111.759746660830388, 2.478540954232869 ], [ 111.762602014037441, 2.495673073474848 ], [ 111.759746660830388, 2.509949839509829 ], [ 111.75546363101995, 2.519943575734203 ], [ 111.76831272045132, 2.52993731195869 ], [ 111.770454235356624, 2.540644886484927 ], [ 111.772595750261928, 2.551352461011163 ], [ 111.772595750261928, 2.561346197235707 ], [ 111.758318984226946, 2.567056903649757 ], [ 111.761174337433829, 2.585616699495233 ], [ 111.765457367244437, 2.605604171944094 ], [ 111.769740397054932, 2.645579116842157 ], [ 111.771196410442258, 2.66741931765165 ], [ 111.772595750261928, 2.688409414947103 ], [ 111.788300192900351, 2.684126385136494 ], [ 111.78116180988286, 2.705541534188967 ], [ 111.801149282331892, 2.712679917206458 ], [ 111.821136754780753, 2.712679917206458 ], [ 111.838268874022788, 2.709824563999575 ], [ 111.852216481285154, 2.689900048122922 ], [ 111.86363789411331, 2.669912575674061 ], [ 111.873631630337627, 2.669912575674061 ], [ 111.88219768995873, 2.682761665105431 ], [ 111.890763749579662, 2.682761665105431 ], [ 111.8950467793901, 2.65563580963908 ], [ 111.936449400891661, 2.657063486242521 ], [ 111.940732430702099, 2.582824302860558 ], [ 111.943587783909152, 2.547132387773104 ], [ 111.938994080221875, 2.495757354462923 ], [ 111.941142941682983, 2.473040819016802 ], [ 111.947896506275072, 2.455542947119114 ], [ 111.944212743770308, 2.446947501274636 ], [ 111.944826704187761, 2.428835668959485 ], [ 111.964473437546559, 2.409188935600678 ], [ 111.973375863599756, 2.411184306957432 ], [ 111.975217744852145, 2.407500544452656 ], [ 111.965407441332559, 2.391444254161684 ], [ 111.983967237178035, 2.391444254161684 ], [ 111.995388650006134, 2.392871930765125 ], [ 112.000543612072477, 2.393686435059745 ], [ 112.004994825099089, 2.39245851422482 ], [ 112.002527033023625, 2.382878194540581 ], [ 112.009665416041116, 2.371456781712652 ], [ 112.002538983429233, 2.363602374604072 ], [ 112.005301805307809, 2.348867324584966 ], [ 112.01113442927371, 2.34518356208019 ], [ 112.009665416041116, 2.334337190021756 ], [ 111.97245492297354, 2.336281136026981 ], [ 111.974296804225929, 2.34733242354131 ], [ 111.966929279216373, 2.347946383958773 ], [ 111.965383348460705, 2.359632235842014 ], [ 111.942778468905317, 2.359632235842014 ], [ 111.932070894379081, 2.366175753608047 ], [ 111.914224936835353, 2.378073058637199 ], [ 111.895189248788711, 2.392944689923638 ], [ 111.883291943759559, 2.385806306906147 ], [ 111.872840778293593, 2.386552818725145 ] ] ] ] } },
{ "type": "Feature", "properties": { "Id": 64, "NEGERI": "SARAWAK", "KODPAR": "P.212", "PARLIMEN": "SIBU", "KODDUN": "N.64", "NAMADUN": "SUNGAI MERAH", "KODUNIK": "P.212_N.64", "BILANGAN_P": 25925, "PERATUS_EQ": 125.96 }, "geometry": { "type": "MultiPolygon", "coordinates": [ [ [ [ 111.847475605494949, 2.315943697200413 ], [ 111.844712783616373, 2.31502275657422 ], [ 111.842870902363984, 2.315943697200413 ], [ 111.840338315641958, 2.317555343296251 ], [ 111.837805728919918, 2.317094872983155 ], [ 111.834582436728255, 2.315943697200413 ], [ 111.832740555475866, 2.312720405008737 ], [ 111.829977733597275, 2.312490169852188 ], [ 111.824077957710855, 2.315368109309045 ], [ 111.827037519813473, 2.319558146735517 ], [ 111.832970790632402, 2.328606630810571 ], [ 111.827819279004757, 2.333038657574129 ], [ 111.826085735411027, 2.338593834782159 ], [ 111.831359144536577, 2.337816037072504 ], [ 111.833201025788952, 2.342650975360019 ], [ 111.841489491424696, 2.343341680829664 ], [ 111.842870902363984, 2.347025443334438 ], [ 111.853687483078772, 2.348111678805481 ], [ 111.860368774261659, 2.346564973021341 ], [ 111.862210655514048, 2.347485913647534 ], [ 111.863592066453336, 2.348637089430276 ], [ 111.867966534427751, 2.351169676152308 ], [ 111.872571237558716, 2.351169676152308 ], [ 111.874873589124206, 2.348867324586824 ], [ 111.880399232881359, 2.341269564420729 ], [ 111.880399232881359, 2.335053215193924 ], [ 111.881550408664111, 2.322850751896863 ], [ 111.880168997724823, 2.313871580791478 ], [ 111.872801472715267, 2.312950640165285 ], [ 111.870499121149791, 2.315252991730768 ], [ 111.87003865083669, 2.320778635487928 ], [ 111.869117710210503, 2.323541457366508 ], [ 111.863361831296785, 2.326764749558185 ], [ 111.86128971488786, 2.317325108139703 ], [ 111.860829244574759, 2.312490169852188 ], [ 111.855073365661042, 2.311338994069447 ], [ 111.8528421705075, 2.311394773948285 ], [ 111.856214848131856, 2.315656399538909 ], [ 111.851783914274165, 2.31670279352852 ], [ 111.847475605494949, 2.315943697200413 ] ] ] ] } },
{ "type": "Feature", "properties": { "Id": 62, "NEGERI": "SARAWAK", "KODPAR": "P.211", "PARLIMEN": "LANANG", "KODDUN": "N.62", "NAMADUN": "BUKIT ASSEK", "KODUNIK": "P.211_N.62", "BILANGAN_P": 29116, "PERATUS_EQ": 141.46 }, "geometry": { "type": "MultiPolygon", "coordinates": [ [ [ [ 111.874460177659614, 2.29671532107966 ], [ 111.860183411624632, 2.282438555044678 ], [ 111.852569136405918, 2.275776064228353 ], [ 111.847810214394258, 2.283390339446896 ], [ 111.839244154773326, 2.286245692653893 ], [ 111.827822741945397, 2.284342123849285 ], [ 111.827819751875325, 2.284349898031451 ], [ 111.825443280939567, 2.290528722464558 ], [ 111.829334736287763, 2.301056724709269 ], [ 111.83194434587233, 2.306781009987105 ], [ 111.843936829341715, 2.30049923293177 ], [ 111.853520920808307, 2.302426027493539 ], [ 111.857880470835994, 2.300903741302704 ], [ 111.874460177659614, 2.29671532107966 ] ] ] ] } },
{ "type": "Feature", "properties": { "Id": 9, "NEGERI": "SARAWAK", "KODPAR": "P.194", "PARLIMEN": "PETRA JAYA", "KODDUN": "N.09", "NAMADUN": "MATANG", "KODUNIK": "P.194_N.09", "BILANGAN_P": 23156, "PERATUS_EQ": 112.5 }, "geometry": { "type": "MultiPolygon", "coordinates": [ [ [ [ 110.297566527919088, 1.59174669944565 ], [ 110.296726708563696, 1.565607322009416 ], [ 110.299950000755373, 1.56295961770911 ], [ 110.298568589816085, 1.55823979699987 ], [ 110.297877884346448, 1.555707210277838 ], [ 110.296726708563668, 1.551562977459966 ], [ 110.293388298793715, 1.550411801677225 ], [ 110.298223237081231, 1.543504746980775 ], [ 110.290855712071689, 1.541202395415292 ], [ 110.28689180228514, 1.538491657004386 ], [ 110.277611904362345, 1.543488525116572 ], [ 110.2740427128536, 1.549913069832314 ], [ 110.267618168137801, 1.551340746435756 ], [ 110.250486048895766, 1.556337614548113 ], [ 110.242633827576583, 1.549913069832314 ], [ 110.2347816062574, 1.547057716625318 ], [ 110.227643223239909, 1.541347010211211 ], [ 110.221900282684146, 1.532913929777014 ], [ 110.212076916004747, 1.542737296456418 ], [ 110.214532757674604, 1.557472346475523 ], [ 110.224970084771471, 1.566067792320001 ], [ 110.220058401431757, 1.575891158999405 ], [ 110.199490727446758, 1.578960961086719 ], [ 110.191202261811, 1.576505119416868 ], [ 110.194886024315778, 1.583872644426421 ], [ 110.196727905568167, 1.591854129853436 ], [ 110.19918374723801, 1.60167749653284 ], [ 110.210848995169798, 1.603519377785228 ], [ 110.218268146876824, 1.607614999223699 ], [ 110.232544912911806, 1.602856077212039 ], [ 110.242062756935127, 1.597145370797989 ], [ 110.252532385360894, 1.592386448786328 ], [ 110.267760935798265, 1.588579311177057 ], [ 110.293459114661175, 1.590482879981721 ], [ 110.297566527919088, 1.59174669944565 ] ] ] ] } },
{ "type": "Feature", "properties": { "Id": 8, "NEGERI": "SARAWAK", "KODPAR": "P.193", "PARLIMEN": "SANTUBONG", "KODDUN": "N.08", "NAMADUN": "SAMARIANG", "KODUNIK": "P.193_N.08", "BILANGAN_P": 22157, "PERATUS_EQ": 107.65 }, "geometry": { "type": "MultiPolygon", "coordinates": [ [ [ [ 110.367270813620138, 1.608599226261165 ], [ 110.357566348681615, 1.603653681629028 ], [ 110.359293112355729, 1.598703625763239 ], [ 110.356990760790254, 1.595825686306385 ], [ 110.354227938911677, 1.591911688645063 ], [ 110.353882586176852, 1.588458161296838 ], [ 110.351695352189637, 1.584198810900694 ], [ 110.35100464672, 1.579824342926276 ], [ 110.34553656175197, 1.578903402300083 ], [ 110.331377099624248, 1.577637108939067 ], [ 110.329367032780283, 1.576186471730182 ], [ 110.326939982554222, 1.575758168748962 ], [ 110.323799094026469, 1.573902189164585 ], [ 110.3133038194498, 1.584177308316157 ], [ 110.3133038194498, 1.589174176428514 ], [ 110.317586849260238, 1.597740236049447 ], [ 110.317064147390852, 1.616719526760676 ], [ 110.323510731774206, 1.622552150726572 ], [ 110.33149221720123, 1.618561408013065 ], [ 110.341622564089363, 1.622859130935304 ], [ 110.35021800993384, 1.622859130935304 ], [ 110.359427416195786, 1.630226655944856 ], [ 110.363111178700564, 1.61978932884799 ], [ 110.366794941205342, 1.609965962168586 ], [ 110.367270813620138, 1.608599226261165 ] ] ] ] } },
{ "type": "Feature", "properties": { "Id": 15, "NEGERI": "SARAWAK", "KODPAR": "P.195", "PARLIMEN": "BANDAR KUCHING", "KODDUN": "N.15", "NAMADUN": "BATU LINTANG", "KODUNIK": "P.195_N.15", "BILANGAN_P": 28797, "PERATUS_EQ": 139.91 }, "geometry": { "type": "MultiPolygon", "coordinates": [ [ [ [ 110.360313808924104, 1.527309637782537 ], [ 110.363466124568177, 1.524049876252443 ], [ 110.364156830037814, 1.523128935626249 ], [ 110.364387065194364, 1.520826584060766 ], [ 110.364847535507465, 1.517718409447364 ], [ 110.361624243315788, 1.517718409447364 ], [ 110.361048655424412, 1.5162218809298 ], [ 110.3602428323765, 1.511386942642285 ], [ 110.360238208479842, 1.511183491189055 ], [ 110.358631186280661, 1.511156707485736 ], [ 110.354141600727971, 1.504134535211012 ], [ 110.347925251501167, 1.50378918247619 ], [ 110.353566012836566, 1.516739910032034 ], [ 110.351148543692801, 1.518466673706147 ], [ 110.34919154486218, 1.515876528194977 ], [ 110.342111044893272, 1.521544402054076 ], [ 110.333420436638619, 1.522323112578331 ], [ 110.323060485215422, 1.533321742590829 ], [ 110.314732371695015, 1.535106338345201 ], [ 110.310072593891903, 1.539355659124567 ], [ 110.311500270495344, 1.544352527236697 ], [ 110.314541153801628, 1.546958274329002 ], [ 110.323865677641834, 1.54580709854626 ], [ 110.331463437807926, 1.546037333702808 ], [ 110.333996024529952, 1.540511689945649 ], [ 110.336662118811546, 1.538452482351715 ], [ 110.340588229471223, 1.533812533390289 ], [ 110.347810133922891, 1.532913929779553 ], [ 110.356904422606547, 1.535561634079859 ], [ 110.360313808924104, 1.527309637782537 ] ] ] ] } },
{ "type": "Feature", "properties": { "Id": 19, "NEGERI": "SARAWAK", "KODPAR": "P.196", "PARLIMEN": "STAMPIN", "KODDUN": "N.19", "NAMADUN": "MAONG", "KODUNIK": "P.196_N.19", "BILANGAN_P": 29797, "PERATUS_EQ": 144.77 }, "geometry": { "type": "MultiPolygon", "coordinates": [ [ [ [ 110.324901735846325, 1.49411930590116 ], [ 110.319951679980463, 1.495961187153549 ], [ 110.317188858101872, 1.495961187153549 ], [ 110.314195801066745, 1.494810011370807 ], [ 110.311548096766444, 1.494119305901162 ], [ 110.309360862779229, 1.494004188322888 ], [ 110.300727044408674, 1.494464658635984 ], [ 110.294395577603666, 1.493313482853242 ], [ 110.293014166664378, 1.498954244188675 ], [ 110.298539810421531, 1.503328712163094 ], [ 110.30061192683047, 1.508509003185431 ], [ 110.316728387788842, 1.51484046999051 ], [ 110.320872620606721, 1.508163650450609 ], [ 110.327549440146626, 1.512423000846753 ], [ 110.326628499520439, 1.517948644603912 ], [ 110.333420436638619, 1.522323112578331 ], [ 110.342111044893272, 1.521544402054076 ], [ 110.34919154486218, 1.515876528194977 ], [ 110.351148543692801, 1.518466673706147 ], [ 110.353566012836566, 1.516739910032034 ], [ 110.347925251501167, 1.50378918247619 ], [ 110.342169372587449, 1.500796125441061 ], [ 110.339176315552322, 1.499184479345223 ], [ 110.335492553047558, 1.49826353871903 ], [ 110.331118085073129, 1.49826353871903 ], [ 110.324901735846325, 1.49411930590116 ] ] ] ] } }
]
}
