STATE,PARLIAMENTARY CONSTITUENCY CODE (2025),PARLIAMENTARY CONSTITUENCY NAME (2025),STATE CONSTITUENCY CODE (2025),STATE CONSTITUENCY NAME (2025),POLLING DISTRICT CODE (2025),POLLING DISTRICT NAME (2025),TOTAL ELECTORS (2025),PARLIAMENTARY CONSTITUENCY CODE (ORIGINAL MAP 2026),PARLIAMENTARY CONSTITUENCY NAME (ORIGINAL MAP 2026),STATE CONSTITUENCY CODE (ORIGINAL MAP 2026),STATE CONSTITUENCY NAME (ORIGINAL MAP 2026),POLLING DISTRICT CODE (ORIGINAL MAP 2026),POLLING DISTRICT NAME (ORIGINAL MAP 2026),TOTAL ELECTORS (ORIGINAL MAP 2025),DIFFERENCE IN ELECTORS,NOTES,PROPOSED POLLING DISTRICT CODE (DRAFT GAZETTE PLAN) (2026),PROPOSED POLLING DISTRICT CODE (1ST PROPOSAL MAP) (2026),PROPOSED POLLING DISTRICT NAME (2026),PROPOSED STATE CONSTITUENCY CODE (2026),PROPOSED STATE CONSTITUENCY NAME (2026),PROPOSED PARLIAMENTARY CONSTITUENCY CODE (2026),PROPOSED PARLIAMENTARY CONSTITUENCY NAME (2026),TOTAL ELECTORS (2025),SHIFTED STATE CONSTITUENCY,SHIFTED PARLIAMENTARY CONSTITUENCY,DIFFERENCE IN ELECTORS,NOTES
SARAWAK,P.192,MAS GADING,N.01,OPAR,192/01/01,SEBIRIS,759,P.192,MAS GADING,N.01,OPAR,192/01/04,SEBIRIS,759,0,,192/01/04,192/01/04,SEBIRIS,N.01,SERAYAN,P.192,MAS GADING,759,NO SHIFT,NO SHIFT,0,DUN OPAR RENAMED TO DUN SERAYAN
SARAWAK,P.192,MAS GADING,N.01,OPAR,192/01/02,JANGKAR,1371,P.192,MAS GADING,N.01,OPAR,192/01/05,JANGKAR,1371,0,,192/01/05,192/01/05,JANGKAR,N.01,SERAYAN,P.192,MAS GADING,1371,NO SHIFT,NO SHIFT,0,DUN OPAR RENAMED TO DUN SERAYAN
SARAWAK,P.192,MAS GADING,N.01,OPAR,192/01/03,SEBANDI,464,P.192,MAS GADING,N.01,OPAR,192/01/12,SEBANDI,464,0,,192/01/12,192/01/12,SEBANDI,N.01,SERAYAN,P.192,MAS GADING,464,NO SHIFT,NO SHIFT,0,DUN OPAR RENAMED TO DUN SERAYAN
SARAWAK,P.192,MAS GADING,N.01,OPAR,192/01/04,TEMAGA,1032,P.192,MAS GADING,N.01,OPAR,192/01/01,TEMAGA,1032,0,,192/01/01,192/01/01,TEMAGA,N.01,SERAYAN,P.192,MAS GADING,1032,NO SHIFT,NO SHIFT,0,DUN OPAR RENAMED TO DUN SERAYAN
SARAWAK,P.192,MAS GADING,N.01,OPAR,192/01/05,STUNGKOR,1078,P.192,MAS GADING,N.01,OPAR,,STUNGKOR,1078,0,,192/01/18,192/01/18,STUNGKOR,N.01,SERAYAN,P.192,MAS GADING,1078,NO SHIFT,NO SHIFT,0,DUN OPAR RENAMED TO DUN SERAYAN
SARAWAK,P.192,MAS GADING,N.01,OPAR,192/01/06,OPAR,1628,P.192,MAS GADING,N.01,OPAR,,OPAR,1628,0,,192/02/02,192/02/02,OPAR,N.02,JAGOI,P.192,MAS GADING,1628,SHIFTED,NO SHIFT,0,DUN JAGOI IS A NEW DUN
SARAWAK,P.192,MAS GADING,N.01,OPAR,192/01/07,SERAYAN,1335,P.192,MAS GADING,N.01,OPAR,192/01/03,SERAYAN,1335,0,,192/01/03,192/01/03,SERAYAN,N.01,SERAYAN,P.192,MAS GADING,1335,NO SHIFT,NO SHIFT,0,DUN OPAR RENAMED TO DUN SERAYAN
SARAWAK,P.192,MAS GADING,N.01,OPAR,192/01/08,RUKAM,864,P.192,MAS GADING,N.01,OPAR,192/01/08,RUKAM,864,0,,192/01/08,192/01/08,RUKAM,N.01,SERAYAN,P.192,MAS GADING,864,NO SHIFT,NO SHIFT,0,DUN OPAR RENAMED TO DUN SERAYAN
SARAWAK,P.192,MAS GADING,N.01,OPAR,192/01/09,SEMBAWANG,845,P.192,MAS GADING,N.01,OPAR,192/01/09,SEMBAWANG,845,0,,192/01/09,192/01/09,SEMBAWANG,N.01,SERAYAN,P.192,MAS GADING,845,NO SHIFT,NO SHIFT,0,DUN OPAR RENAMED TO DUN SERAYAN
SARAWAK,P.192,MAS GADING,N.01,OPAR,192/01/10,KANDAIE,563,P.192,MAS GADING,N.01,OPAR,192/01/10,KANDAIE,563,0,,192/01/10,192/01/10,KANDAIE,N.01,SERAYAN,P.192,MAS GADING,563,NO SHIFT,NO SHIFT,0,DUN OPAR RENAMED TO DUN SERAYAN
SARAWAK,P.192,MAS GADING,N.01,OPAR,192/01/11,PASIR TENGAH,413,P.192,MAS GADING,N.01,OPAR,192/01/11,PASIR TENGAH,413,0,,192/01/11,192/01/11,PASIR TENGAH,N.01,SERAYAN,P.192,MAS GADING,413,NO SHIFT,NO SHIFT,0,DUN OPAR RENAMED TO DUN SERAYAN
SARAWAK,P.192,MAS GADING,N.01,OPAR,192/01/12,SEDAING,172,P.192,MAS GADING,N.01,OPAR,192/01/07,SEDAING,172,0,,192/01/07,192/01/07,SEDAING,N.01,SERAYAN,P.192,MAS GADING,172,NO SHIFT,NO SHIFT,0,DUN OPAR RENAMED TO DUN SERAYAN
SARAWAK,P.192,MAS GADING,N.01,OPAR,192/01/13,BIAWAK,729,P.192,MAS GADING,N.01,OPAR,192/01/06,BIAWAK,729,0,,192/01/06,192/01/06,BIAWAK,N.01,SERAYAN,P.192,MAS GADING,729,NO SHIFT,NO SHIFT,0,DUN OPAR RENAMED TO DUN SERAYAN
SARAWAK,P.192,MAS GADING,N.01,OPAR,192/01/14,SENIBONG,798,P.192,MAS GADING,N.01,OPAR,192/01/13,SENIBONG,798,0,,192/01/13,192/01/13,SENIBONG,N.01,SERAYAN,P.192,MAS GADING,798,NO SHIFT,NO SHIFT,0,DUN OPAR RENAMED TO DUN SERAYAN
SARAWAK,P.192,MAS GADING,N.01,OPAR,192/01/15,SEBAKO,1030,P.192,MAS GADING,N.01,OPAR,192/01/02,SEBAKO,1030,0,,192/01/02,192/01/02,SEBAKO,N.01,SERAYAN,P.192,MAS GADING,1030,NO SHIFT,NO SHIFT,0,DUN OPAR RENAMED TO DUN SERAYAN
SARAWAK,P.192,MAS GADING,N.01,OPAR,192/01/16,RASO,267,P.192,MAS GADING,N.01,OPAR,192/01/16,RASO,267,0,,192/01/16,192/01/16,RASO,N.01,SERAYAN,P.192,MAS GADING,267,NO SHIFT,NO SHIFT,0,DUN OPAR RENAMED TO DUN SERAYAN
SARAWAK,P.192,MAS GADING,N.01,OPAR,192/01/17,RASO II,432,P.192,MAS GADING,N.01,OPAR,192/01/17,RASO II,432,0,,192/01/17,192/01/17,RASO II,N.01,SERAYAN,P.192,MAS GADING,432,NO SHIFT,NO SHIFT,0,DUN OPAR RENAMED TO DUN SERAYAN
SARAWAK,P.192,MAS GADING,N.01,OPAR,192/01/18,BOKAH,730,P.192,MAS GADING,N.01,OPAR,192/01/15,BOKAH,730,0,,192/01/15,192/01/15,BOKAH,N.01,SERAYAN,P.192,MAS GADING,730,NO SHIFT,NO SHIFT,0,DUN OPAR RENAMED TO DUN SERAYAN
SARAWAK,P.192,MAS GADING,N.01,OPAR,192/01/19,STOM MUDA,605,P.192,MAS GADING,N.01,OPAR,,STOM MUDA,605,0,,192/01/19,192/01/19,STOM MUDA,N.01,SERAYAN,P.192,MAS GADING,605,NO SHIFT,NO SHIFT,0,DUN OPAR RENAMED TO DUN SERAYAN
SARAWAK,P.192,MAS GADING,N.01,OPAR,192/01/20,SELAMPIT,1438,P.192,MAS GADING,N.01,OPAR,192/01/14,SELAMPIT,1438,0,,192/01/14,192/01/14,SELAMPIT,N.01,SERAYAN,P.192,MAS GADING,1438,NO SHIFT,NO SHIFT,0,DUN OPAR RENAMED TO DUN SERAYAN
SARAWAK,P.192,MAS GADING,N.01,OPAR,192/01/21,JUGAN,1132,P.192,MAS GADING,N.01,OPAR,192/01/21,JUGAN,1132,0,,192/02/01,192/02/01,JUGAN,N.02,JAGOI,P.192,MAS GADING,1132,SHIFTED,NO SHIFT,0,DUN JAGOI IS A NEW DUN
SARAWAK,P.192,MAS GADING,N.01,OPAR,192/01/22,STENGGANG,1953,P.192,MAS GADING,N.01,OPAR,192/01/22,STENGGANG,1953,0,,192/01/20,192/01/20,STENGGANG,N.01,SERAYAN,P.192,MAS GADING,1953,NO SHIFT,NO SHIFT,0,DUN OPAR RENAMED TO DUN SERAYAN
SARAWAK,P.192,MAS GADING,N.02,TASIK BIRU,192/02/01,SAJONG,1521,P.192,MAS GADING,N.02,TASIK BIRU,,SAJONG,1521,0,,192/03/16,192/03/16,SAJONG,N.03,SINGAI,P.192,MAS GADING,1521,NO SHIFT,NO SHIFT,0,DUN TASIK BIRU RENAMED TO DUN SINGAI
SARAWAK,P.192,MAS GADING,N.02,TASIK BIRU,192/02/02,APAR,1685,P.192,MAS GADING,N.02,TASIK BIRU,192/02/20,APAR,1685,0,,192/03/12,192/03/12,APAR,N.03,SINGAI,P.192,MAS GADING,1685,NO SHIFT,NO SHIFT,0,DUN TASIK BIRU RENAMED TO DUN SINGAI
SARAWAK,P.192,MAS GADING,N.02,TASIK BIRU,192/02/03,BUSO,1073,P.192,MAS GADING,N.02,TASIK BIRU,192/02/16,BUSO,1073,0,,192/03/04,192/03/04,BUSO,N.03,SINGAI,P.192,MAS GADING,1073,NO SHIFT,NO SHIFT,0,DUN TASIK BIRU RENAMED TO DUN SINGAI
SARAWAK,P.192,MAS GADING,N.02,TASIK BIRU,192/02/04,TONDONG,1324,P.192,MAS GADING,N.02,TASIK BIRU,192/02/18,TONDONG,1324,0,,192/03/10,192/03/10,TONDONG,N.03,SINGAI,P.192,MAS GADING,1324,NO SHIFT,NO SHIFT,0,DUN TASIK BIRU RENAMED TO DUN SINGAI
SARAWAK,P.192,MAS GADING,N.02,TASIK BIRU,192/02/05,GROGO,844,P.192,MAS GADING,N.02,TASIK BIRU,192/02/11,GROGO,844,0,,192/03/03,192/03/03,GROGO,N.03,SINGAI,P.192,MAS GADING,844,NO SHIFT,NO SHIFT,0,DUN TASIK BIRU RENAMED TO DUN SINGAI
SARAWAK,P.192,MAS GADING,N.02,TASIK BIRU,192/02/06,BAU,3619,P.192,MAS GADING,N.02,TASIK BIRU,,BAU,3619,0,,192/02/13,192/02/13,BAU,N.02,JAGOI,P.192,MAS GADING,3619,SHIFTED,NO SHIFT,0,DUN JAGOI IS A NEW DUN
SARAWAK,P.192,MAS GADING,N.02,TASIK BIRU,192/02/07,SKIAT,2602,P.192,MAS GADING,N.02,TASIK BIRU,,SKIAT,756,1846,,192/03/01,192/03/01,SKIAT,N.03,SINGAI,P.192,MAS GADING,756,NO SHIFT,NO SHIFT,0,DUN TASIK BIRU RENAMED TO DUN SINGAI
,,,,,,,,P.192,MAS GADING,N.02,TASIK BIRU,192/02/13,JAMBUSAN,1846,-1846,ORIGINATED FROM SKIAT,192/02/14,192/02/14,JAMBUSAN,N.02,JAGOI,P.192,MAS GADING,1846,SHIFTED,NO SHIFT,0,DUN JAGOI IS A NEW DUN
SARAWAK,P.192,MAS GADING,N.02,TASIK BIRU,192/02/08,JAGOI,1081,P.192,MAS GADING,N.02,TASIK BIRU,192/02/04,JAGOI,1081,0,,192/02/07,192/02/07,JAGOI,N.02,JAGOI,P.192,MAS GADING,1081,SHIFTED,NO SHIFT,0,DUN JAGOI IS A NEW DUN
SARAWAK,P.192,MAS GADING,N.02,TASIK BIRU,192/02/09,DAUN,1262,P.192,MAS GADING,N.02,TASIK BIRU,,DAUN,1262,0,,192/03/15,192/03/15,DAUN,N.03,SINGAI,P.192,MAS GADING,1262,NO SHIFT,NO SHIFT,0,DUN TASIK BIRU RENAMED TO DUN SINGAI
SARAWAK,P.192,MAS GADING,N.02,TASIK BIRU,192/02/10,TANJONG POTING,1299,P.192,MAS GADING,N.02,TASIK BIRU,,TANJONG POTING,1299,0,,192/03/07,192/03/07,TANJONG POTING,N.03,SINGAI,P.192,MAS GADING,1299,NO SHIFT,NO SHIFT,0,DUN TASIK BIRU RENAMED TO DUN SINGAI
SARAWAK,P.192,MAS GADING,N.02,TASIK BIRU,192/02/11,ATAS,997,P.192,MAS GADING,N.02,TASIK BIRU,,ATAS,997,0,,192/03/08,192/03/08,ATAS,N.03,SINGAI,P.192,MAS GADING,997,NO SHIFT,NO SHIFT,0,DUN TASIK BIRU RENAMED TO DUN SINGAI
SARAWAK,P.192,MAS GADING,N.02,TASIK BIRU,192/02/12,BARIENG,370,P.192,MAS GADING,N.02,TASIK BIRU,,BARIENG,370,0,,192/03/13,192/03/13,BARIENG,N.03,SINGAI,P.192,MAS GADING,370,NO SHIFT,NO SHIFT,0,DUN TASIK BIRU RENAMED TO DUN SINGAI
SARAWAK,P.192,MAS GADING,N.02,TASIK BIRU,192/02/13,SUDOH,693,P.192,MAS GADING,N.02,TASIK BIRU,,SUDOH,693,0,,192/03/09,192/03/09,SUDOH,N.03,SINGAI,P.192,MAS GADING,693,NO SHIFT,NO SHIFT,0,DUN TASIK BIRU RENAMED TO DUN SINGAI
SARAWAK,P.192,MAS GADING,N.02,TASIK BIRU,192/02/14,SEGONG,1305,P.192,MAS GADING,N.02,TASIK BIRU,,SEGONG,1305,0,,192/03/14,192/03/14,SEGONG,N.03,SINGAI,P.192,MAS GADING,1305,NO SHIFT,NO SHIFT,0,DUN TASIK BIRU RENAMED TO DUN SINGAI
SARAWAK,P.192,MAS GADING,N.02,TASIK BIRU,192/02/15,MUSI,320,P.192,MAS GADING,N.02,TASIK BIRU,192/02/17,MUSI,320,0,,192/03/05,192/03/05,MUSI,N.03,SINGAI,P.192,MAS GADING,320,NO SHIFT,NO SHIFT,0,DUN TASIK BIRU RENAMED TO DUN SINGAI
SARAWAK,P.192,MAS GADING,N.02,TASIK BIRU,192/02/16,SUBA BUAN,619,P.192,MAS GADING,N.02,TASIK BIRU,192/02/09,SUBA BUAN,619,0,,192/02/11,192/02/11,SUBA BUAN,N.02,JAGOI,P.192,MAS GADING,619,SHIFTED,NO SHIFT,0,DUN JAGOI IS A NEW DUN
SARAWAK,P.192,MAS GADING,N.02,TASIK BIRU,192/02/17,SUBA BAU,834,P.192,MAS GADING,N.02,TASIK BIRU,192/02/10,SUBA BAU,834,0,,192/02/12,192/02/12,SUBA BAU,N.02,JAGOI,P.192,MAS GADING,834,SHIFTED,NO SHIFT,0,DUN JAGOI IS A NEW DUN
SARAWAK,P.192,MAS GADING,N.02,TASIK BIRU,192/02/18,SIBULOH,1196,P.192,MAS GADING,N.02,TASIK BIRU,,SIBULOH,1196,0,,192/03/11,192/03/11,SIBULOH,N.03,SINGAI,P.192,MAS GADING,1196,NO SHIFT,NO SHIFT,0,DUN TASIK BIRU RENAMED TO DUN SINGAI
SARAWAK,P.192,MAS GADING,N.02,TASIK BIRU,192/02/19,SEBUKU,724,P.192,MAS GADING,N.02,TASIK BIRU,,SEBUKU,724,0,,192/03/02,192/03/02,SEBUKU,N.03,SINGAI,P.192,MAS GADING,724,NO SHIFT,NO SHIFT,0,DUN TASIK BIRU RENAMED TO DUN SINGAI
SARAWAK,P.192,MAS GADING,N.02,TASIK BIRU,192/02/20,TAI TON,904,P.192,MAS GADING,N.02,TASIK BIRU,192/02/08,TAI TON,904,0,,192/02/10,192/02/10,TAI TON,N.02,JAGOI,P.192,MAS GADING,904,SHIFTED,NO SHIFT,0,DUN JAGOI IS A NEW DUN
SARAWAK,P.192,MAS GADING,N.02,TASIK BIRU,192/02/21,STASS,1156,P.192,MAS GADING,N.02,TASIK BIRU,192/02/02,STASS,1156,0,,192/02/04,192/02/04,STASS,N.02,JAGOI,P.192,MAS GADING,1156,SHIFTED,NO SHIFT,0,DUN JAGOI IS A NEW DUN
SARAWAK,P.192,MAS GADING,N.02,TASIK BIRU,192/02/22,SKIBANG,843,P.192,MAS GADING,N.02,TASIK BIRU,192/02/01,SKIBANG,843,0,,192/02/03,192/02/03,SKIBANG,N.02,JAGOI,P.192,MAS GADING,843,SHIFTED,NO SHIFT,0,DUN JAGOI IS A NEW DUN
SARAWAK,P.192,MAS GADING,N.02,TASIK BIRU,192/02/23,SIBOBOG,537,P.192,MAS GADING,N.02,TASIK BIRU,192/02/03,SIBOBOG,537,0,,192/02/05,192/02/05,SIBOBOG,N.02,JAGOI,P.192,MAS GADING,537,SHIFTED,NO SHIFT,0,DUN JAGOI IS A NEW DUN
SARAWAK,P.192,MAS GADING,N.02,TASIK BIRU,192/02/24,SERASOT,1214,P.192,MAS GADING,N.02,TASIK BIRU,,SERASOT,1214,0,,192/02/09,192/02/09,SERASOT,N.02,JAGOI,P.192,MAS GADING,1214,SHIFTED,NO SHIFT,0,DUN JAGOI IS A NEW DUN
SARAWAK,P.192,MAS GADING,N.02,TASIK BIRU,192/02/25,SERIKIN,889,P.192,MAS GADING,N.02,TASIK BIRU,192/02/06,SERIKIN,889,0,,192/02/06,192/02/06,SERIKIN,N.02,JAGOI,P.192,MAS GADING,889,SHIFTED,NO SHIFT,0,DUN JAGOI IS A NEW DUN
SARAWAK,P.192,MAS GADING,N.02,TASIK BIRU,192/02/26,BOGAG,842,P.192,MAS GADING,N.02,TASIK BIRU,,BOGAG,842,0,,192/02/08,192/02/08,BOGAG,N.02,JAGOI,P.192,MAS GADING,842,SHIFTED,NO SHIFT,0,DUN JAGOI IS A NEW DUN
SARAWAK,P.193,SANTUBONG,N.03,TANJONG DATU,193/03/01,TELOK MELANO,290,P.193,SANTUBONG,N.03,TANJONG DATU,,TELOK MELANO,290,0,,193/05/01,193/05/01,TELOK MELANO,N.05,TANJONG DATU,P.193,SANTUBONG,290,NO SHIFT,NO SHIFT,0,
SARAWAK,P.193,SANTUBONG,N.03,TANJONG DATU,193/03/02,PUEH,1037,P.193,SANTUBONG,N.03,TANJONG DATU,,PUEH,1037,0,,193/05/02,193/05/02,PUEH,N.05,TANJONG DATU,P.193,SANTUBONG,1037,NO SHIFT,NO SHIFT,0,
SARAWAK,P.193,SANTUBONG,N.03,TANJONG DATU,193/03/03,SEBAT,1057,P.193,SANTUBONG,N.03,TANJONG DATU,,SEBAT,1057,0,,193/05/03,193/05/03,SEBAT,N.05,TANJONG DATU,P.193,SANTUBONG,1057,NO SHIFT,NO SHIFT,0,
SARAWAK,P.193,SANTUBONG,N.03,TANJONG DATU,193/03/04,SEMATAN,2109,P.193,SANTUBONG,N.03,TANJONG DATU,,SEMATAN,2109,0,,193/05/04,193/05/04,SEMATAN,N.05,TANJONG DATU,P.193,SANTUBONG,2109,NO SHIFT,NO SHIFT,0,
SARAWAK,P.193,SANTUBONG,N.03,TANJONG DATU,193/03/05,SELING,1637,P.193,SANTUBONG,N.03,TANJONG DATU,,SELING,1637,0,,193/05/09,193/05/09,SELING,N.05,TANJONG DATU,P.193,SANTUBONG,1637,NO SHIFT,NO SHIFT,0,
SARAWAK,P.193,SANTUBONG,N.03,TANJONG DATU,193/03/06,STUNGGANG,1856,P.193,SANTUBONG,N.03,TANJONG DATU,,STUNGGANG,1856,0,,193/05/11,193/05/11,STUNGGANG,N.05,TANJONG DATU,P.193,SANTUBONG,1856,NO SHIFT,NO SHIFT,0,
SARAWAK,P.193,SANTUBONG,N.03,TANJONG DATU,193/03/07,LUNDU,3044,P.193,SANTUBONG,N.03,TANJONG DATU,,LUNDU,3044,0,,193/05/10,193/05/10,LUNDU,N.05,TANJONG DATU,P.193,SANTUBONG,3044,NO SHIFT,NO SHIFT,0,
SARAWAK,P.193,SANTUBONG,N.03,TANJONG DATU,193/03/08,PERIGI,303,P.193,SANTUBONG,N.03,TANJONG DATU,,PERIGI,303,0,,193/05/05,193/05/05,PERIGI,N.05,TANJONG DATU,P.193,SANTUBONG,303,NO SHIFT,NO SHIFT,0,
SARAWAK,P.193,SANTUBONG,N.03,TANJONG DATU,193/03/09,SEKAMBAL,965,P.193,SANTUBONG,N.03,TANJONG DATU,,SEKAMBAL,965,0,,193/05/07,193/05/07,SEKAMBAL,N.05,TANJONG DATU,P.193,SANTUBONG,965,NO SHIFT,NO SHIFT,0,
SARAWAK,P.193,SANTUBONG,N.03,TANJONG DATU,193/03/10,BAJO,820,P.193,SANTUBONG,N.03,TANJONG DATU,,BAJO,820,0,,193/05/06,193/05/06,BAJO,N.05,TANJONG DATU,P.193,SANTUBONG,820,NO SHIFT,NO SHIFT,0,
SARAWAK,P.193,SANTUBONG,N.03,TANJONG DATU,193/03/11,KAMPUNG SEBEMBAN,622,P.193,SANTUBONG,N.03,TANJONG DATU,,KAMPUNG SEBEMBAN,622,0,,193/05/08,193/05/08,KAMPUNG SEBEMBAN,N.05,TANJONG DATU,P.193,SANTUBONG,622,NO SHIFT,NO SHIFT,0,
SARAWAK,P.193,SANTUBONG,N.03,TANJONG DATU,193/03/12,TEMELAN,631,P.193,SANTUBONG,N.03,TANJONG DATU,,TEMELAN,631,0,,193/05/12,193/05/12,TEMELAN,N.05,TANJONG DATU,P.193,SANTUBONG,631,NO SHIFT,NO SHIFT,0,
SARAWAK,P.193,SANTUBONG,N.03,TANJONG DATU,193/03/13,SAMPADI,1170,P.193,SANTUBONG,N.03,TANJONG DATU,,SAMPADI,1170,0,,193/05/13,193/05/13,SAMPADI,N.05,TANJONG DATU,P.193,SANTUBONG,1170,NO SHIFT,NO SHIFT,0,
SARAWAK,P.193,SANTUBONG,N.03,TANJONG DATU,193/03/14,STOH,367,P.193,SANTUBONG,N.03,TANJONG DATU,,STOH,367,0,,193/05/14,193/05/14,STOH,N.05,TANJONG DATU,P.193,SANTUBONG,367,NO SHIFT,NO SHIFT,0,
SARAWAK,P.193,SANTUBONG,N.03,TANJONG DATU,193/03/15,RAMBUNGAN,829,P.193,SANTUBONG,N.03,TANJONG DATU,,RAMBUNGAN,829,0,,193/05/15,193/05/15,RAMBUNGAN,N.05,TANJONG DATU,P.193,SANTUBONG,829,NO SHIFT,NO SHIFT,0,
SARAWAK,P.193,SANTUBONG,N.04,PANTAI DAMAI,193/04/01,TELAGA AIR,2613,P.193,SANTUBONG,N.04,PANTAI DAMAI,,TELAGA AIR,2613,0,,193/06/01,193/06/01,TELAGA AIR,N.06,PASIR PANDAK,P.193,SANTUBONG,2613,SHIFTED,NO SHIFT,0,DUN PASIR PANDAK IS A NEW DUN
SARAWAK,P.193,SANTUBONG,N.04,PANTAI DAMAI,193/04/02,SALAK,636,P.193,SANTUBONG,N.04,PANTAI DAMAI,,SALAK,636,0,,193/06/04,193/06/04,SALAK,N.06,PASIR PANDAK,P.193,SANTUBONG,636,SHIFTED,NO SHIFT,0,DUN PASIR PANDAK IS A NEW DUN
SARAWAK,P.193,SANTUBONG,N.04,PANTAI DAMAI,193/04/03,TEMENGGONG,907,P.193,SANTUBONG,N.04,PANTAI DAMAI,,TEMENGGONG,907,0,,193/06/03,193/06/03,TEMENGGONG,N.06,PASIR PANDAK,P.193,SANTUBONG,907,SHIFTED,NO SHIFT,0,DUN PASIR PANDAK IS A NEW DUN
SARAWAK,P.193,SANTUBONG,N.04,PANTAI DAMAI,193/04/04,JAYA BAKTI,451,P.193,SANTUBONG,N.04,PANTAI DAMAI,,JAYA BAKTI,451,0,,193/06/02,193/06/02,JAYA BAKTI,N.06,PASIR PANDAK,P.193,SANTUBONG,451,SHIFTED,NO SHIFT,0,DUN PASIR PANDAK IS A NEW DUN
SARAWAK,P.193,SANTUBONG,N.04,PANTAI DAMAI,193/04/05,SANTUBONG,1685,P.193,SANTUBONG,N.04,PANTAI DAMAI,,SANTUBONG,1685,0,,193/07/01,193/07/01,SANTUBONG,N.07,PANTAI DAMAI,P.193,SANTUBONG,1685,NO SHIFT,NO SHIFT,0,
SARAWAK,P.193,SANTUBONG,N.04,PANTAI DAMAI,193/04/06,BUNTAL,3376,P.193,SANTUBONG,N.04,PANTAI DAMAI,,BUNTAL,3376,0,,193/07/02,193/07/02,BUNTAL,N.07,PANTAI DAMAI,P.193,SANTUBONG,3376,NO SHIFT,NO SHIFT,0,
SARAWAK,P.193,SANTUBONG,N.04,PANTAI DAMAI,193/04/07,RAMPANGI,13441,P.193,SANTUBONG,N.04,PANTAI DAMAI,,RAMPANGI,3515,9926,RAMPANGI WAS SUBDIVIDED,193/06/06,193/06/06,RAMPANGI,N.06,PASIR PANDAK,P.193,SANTUBONG,3515,SHIFTED,NO SHIFT,0,DUN PASIR PANDAK IS A NEW DUN
,,,,,,,,P.193,SANTUBONG,N.04,PANTAI DAMAI,,BANDAR BARU SAMARIANG,9926,-9926,ORIGINATED FROM RAMPANGI,193/06/05,193/06/05,BANDAR BARU SAMARIANG,N.06,PASIR PANDAK,P.193,SANTUBONG,9926,SHIFTED,NO SHIFT,0,DUN PASIR PANDAK IS A NEW DUN
SARAWAK,P.193,SANTUBONG,N.04,PANTAI DAMAI,193/04/08,SEJINJANG,1273,P.193,SANTUBONG,N.04,PANTAI DAMAI,,SEJINJANG,1273,0,,193/06/07,193/06/07,SEJINJANG,N.06,PASIR PANDAK,P.193,SANTUBONG,1273,SHIFTED,NO SHIFT,0,DUN PASIR PANDAK IS A NEW DUN
SARAWAK,P.193,SANTUBONG,N.04,PANTAI DAMAI,193/04/09,ASTANA,4870,P.193,SANTUBONG,N.04,PANTAI DAMAI,,ASTANA,4870,0,,193/07/04,193/07/04,ASTANA,N.07,PANTAI DAMAI,P.193,SANTUBONG,4870,NO SHIFT,NO SHIFT,0,
SARAWAK,P.193,SANTUBONG,N.04,PANTAI DAMAI,193/04/10,DEMAK BARU,1597,P.193,SANTUBONG,N.04,PANTAI DAMAI,,DEMAK BARU,1597,0,,193/07/03,193/07/03,DEMAK BARU,N.07,PANTAI DAMAI,P.193,SANTUBONG,1597,NO SHIFT,NO SHIFT,0,
SARAWAK,P.193,SANTUBONG,N.04,PANTAI DAMAI,193/04/11,SEMARANG,3671,P.193,SANTUBONG,N.04,PANTAI DAMAI,,SEMARANG,3671,0,,193/07/05,193/07/05,SEMARANG,N.07,PANTAI DAMAI,P.193,SANTUBONG,3671,NO SHIFT,NO SHIFT,0,
SARAWAK,P.193,SANTUBONG,N.04,PANTAI DAMAI,193/04/12,BINTAWA,6274,P.193,SANTUBONG,N.04,PANTAI DAMAI,,BINTAWA,6274,0,,193/07/06,193/07/06,BINTAWA,N.07,PANTAI DAMAI,P.193,SANTUBONG,6274,NO SHIFT,NO SHIFT,0,
SARAWAK,P.193,SANTUBONG,N.05,DEMAK LAUT,193/05/01,TANJONG EMBANG,1413,P.193,SANTUBONG,N.05,DEMAK LAUT,,TANJONG EMBANG,1413,0,,197/21/05,197/21/05,TANJONG EMBANG,N.21,DEMAK LAUT,P.197,KOTA SAMARAHAN,1413,NO SHIFT,SHIFTED,0,
SARAWAK,P.193,SANTUBONG,N.05,DEMAK LAUT,193/05/02,MUARA TEBAS,1936,P.193,SANTUBONG,N.05,DEMAK LAUT,,MUARA TEBAS,1936,0,,197/21/02,197/21/02,MUARA TEBAS,N.21,DEMAK LAUT,P.197,KOTA SAMARAHAN,1936,NO SHIFT,SHIFTED,0,
SARAWAK,P.193,SANTUBONG,N.05,DEMAK LAUT,193/05/03,GEOBILT,1069,P.193,SANTUBONG,N.05,DEMAK LAUT,,GEOBILT,1069,0,,197/21/03,197/21/03,GEOBILT,N.21,DEMAK LAUT,P.197,KOTA SAMARAHAN,1069,NO SHIFT,SHIFTED,0,
SARAWAK,P.193,SANTUBONG,N.05,DEMAK LAUT,193/05/04,BAKO,3985,P.193,SANTUBONG,N.05,DEMAK LAUT,,BAKO,3985,0,,197/21/01,197/21/01,BAKO,N.21,DEMAK LAUT,P.197,KOTA SAMARAHAN,3985,NO SHIFT,SHIFTED,0,
SARAWAK,P.193,SANTUBONG,N.05,DEMAK LAUT,193/05/05,SEJINGKAT,3528,P.193,SANTUBONG,N.05,DEMAK LAUT,,SEJINGKAT,3528,0,,197/21/06,197/21/06,SEJINGKAT,N.21,DEMAK LAUT,P.197,KOTA SAMARAHAN,3528,NO SHIFT,SHIFTED,0,
SARAWAK,P.193,SANTUBONG,N.05,DEMAK LAUT,193/05/06,SENARI,828,P.193,SANTUBONG,N.05,DEMAK LAUT,,SENARI,828,0,,197/21/04,197/21/04,SENARI,N.21,DEMAK LAUT,P.197,KOTA SAMARAHAN,828,NO SHIFT,SHIFTED,0,
SARAWAK,P.193,SANTUBONG,N.05,DEMAK LAUT,193/05/07,TANJONG BAKO,903,P.193,SANTUBONG,N.05,DEMAK LAUT,,TANJONG BAKO,903,0,,197/21/07,197/21/07,TANJONG BAKO,N.21,DEMAK LAUT,P.197,KOTA SAMARAHAN,903,NO SHIFT,SHIFTED,0,
SARAWAK,P.193,SANTUBONG,N.05,DEMAK LAUT,193/05/08,PINGGAN JAYA,1064,P.193,SANTUBONG,N.05,DEMAK LAUT,,PINGGAN JAYA,1064,0,,197/21/08,197/21/08,PINGGAN JAYA,N.21,DEMAK LAUT,P.197,KOTA SAMARAHAN,1064,NO SHIFT,SHIFTED,0,
SARAWAK,P.193,SANTUBONG,N.05,DEMAK LAUT,193/05/09,TABUAN MELAYU,8141,P.193,SANTUBONG,N.05,DEMAK LAUT,,TABUAN MELAYU,8141,0,,197/21/10,197/21/10,TABUAN MELAYU,N.21,DEMAK LAUT,P.197,KOTA SAMARAHAN,8141,NO SHIFT,SHIFTED,0,
SARAWAK,P.193,SANTUBONG,N.05,DEMAK LAUT,193/05/10,MUARA TABUAN,1644,P.193,SANTUBONG,N.05,DEMAK LAUT,,MUARA TABUAN,1644,0,,197/21/09,197/21/09,MUARA TABUAN,N.21,DEMAK LAUT,P.197,KOTA SAMARAHAN,1644,NO SHIFT,SHIFTED,0,
SARAWAK,P.193,SANTUBONG,N.05,DEMAK LAUT,193/05/11,TABUAN HULU,2649,P.193,SANTUBONG,N.05,DEMAK LAUT,,TABUAN HULU,2649,0,,197/21/11,197/21/11,TABUAN HULU,N.21,DEMAK LAUT,P.197,KOTA SAMARAHAN,2649,NO SHIFT,SHIFTED,0,
SARAWAK,P.194,PETRA JAYA,N.06,TUPONG,194/06/01,TUPONG,3612,P.194,PETRA JAYA,N.06,TUPONG,,TUPONG,3612,0,,194/11/01,194/11/01,TUPONG,N.11,TUPONG,P.194,PETRA JAYA,3612,NO SHIFT,NO SHIFT,0,
SARAWAK,P.194,PETRA JAYA,N.06,TUPONG,194/06/02,GITA,8394,P.194,PETRA JAYA,N.06,TUPONG,,GITA,8394,0,,194/10/01,194/10/01,GITA,N.10,SEMARAK,P.194,PETRA JAYA,8394,SHIFTED,NO SHIFT,0,DUN SEMARAK IS A NEW DUN
SARAWAK,P.194,PETRA JAYA,N.06,TUPONG,194/06/03,SUNGAI TENGAH,12323,P.194,PETRA JAYA,N.06,TUPONG,,SUNGAI TENGAH,1471,10852,SUNGAI TENGAH SUBDIVIDED,194/09/04,194/09/04,SUNGAI TENGAH,N.09,MATANG,P.194,PETRA JAYA,1471,SHIFTED,NO SHIFT,0,DUN MATANG IS A NEW DUN
,,,,,,,,P.194,PETRA JAYA,N.06,TUPONG,,KOLONG 2,1141,-1141,ORIGINATED FROM SUNGAI TENGAH,194/09/03,194/09/03,KOLONG 2,N.09,MATANG,P.194,PETRA JAYA,1141,SHIFTED,NO SHIFT,0,DUN MATANG IS A NEW DUN
,,,,,,,,P.194,PETRA JAYA,N.06,TUPONG,,KOLONG 1,306,-306,ORIGINATED FROM SUNGAI TENGAH,194/09/01,194/09/01,KOLONG 1,N.09,MATANG,P.194,PETRA JAYA,306,SHIFTED,NO SHIFT,0,DUN MATANG IS A NEW DUN
,,,,,,,,P.194,PETRA JAYA,N.06,TUPONG,,MALIHAH,8598,-8598,ORIGINATED FROM SUNGAI TENGAH,194/09/02,194/09/02,MALIHAH,N.09,MATANG,P.194,PETRA JAYA,8598,SHIFTED,NO SHIFT,0,DUN MATANG IS A NEW DUN
,,,,,,,,P.194,PETRA JAYA,N.06,TUPONG,,BOBAK,807,-807,ORIGINATED FROM SUNGAI TENGAH,192/03/17,192/03/17,BOBAK,N.03,SINGAI,P.192,MAS GADING,807,SHIFTED,SHIFTED,0,DUN MATANG IS A NEW DUN
SARAWAK,P.194,PETRA JAYA,N.06,TUPONG,194/06/04,RAHMAT,1997,P.194,PETRA JAYA,N.06,TUPONG,,RAHMAT,1997,0,,194/10/07,194/10/07,RAHMAT,N.10,SEMARAK,P.194,PETRA JAYA,1997,SHIFTED,NO SHIFT,0,DUN SEMARAK IS A NEW DUN
SARAWAK,P.194,PETRA JAYA,N.06,TUPONG,194/06/05,SINJAN,1748,P.194,PETRA JAYA,N.06,TUPONG,,SINJAN,1748,0,,194/11/04,194/11/04,SINJAN,N.11,TUPONG,P.194,PETRA JAYA,1748,NO SHIFT,NO SHIFT,0,
SARAWAK,P.194,PETRA JAYA,N.06,TUPONG,194/06/06,SEJOLI,3229,P.194,PETRA JAYA,N.06,TUPONG,,SEJOLI,3229,0,,194/10/02,194/10/02,SEJOLI,N.10,SEMARAK,P.194,PETRA JAYA,3229,SHIFTED,NO SHIFT,0,DUN SEMARAK IS A NEW DUN
SARAWAK,P.194,PETRA JAYA,N.06,TUPONG,194/06/07,PAROH,1123,P.194,PETRA JAYA,N.06,TUPONG,,PAROH,1123,0,,194/09/09,194/09/09,PAROH,N.09,MATANG,P.194,PETRA JAYA,1123,SHIFTED,NO SHIFT,0,DUN MATANG IS A NEW DUN
SARAWAK,P.194,PETRA JAYA,N.06,TUPONG,194/06/08,MATANG,20470,P.194,PETRA JAYA,N.06,TUPONG,,MATANG,3583,16887,MATANG IS SUBDIVIDED,194/09/10,194/09/10,MATANG,N.09,MATANG,P.194,PETRA JAYA,3583,SHIFTED,NO SHIFT,0, DUN MATANG IS A NEW DUN
,,,,,,,,P.194,PETRA JAYA,N.06,TUPONG,,TAMAN YEN YEN,2979,-2979,ORIGINATED FROM MATANG,194/10/03,194/10/03,TAMAN YEN YEN,N.10,SEMARAK,P.194,PETRA JAYA,2979,SHIFTED,NO SHIFT,0,DUN SEMARAK IS A NEW DUN
,,,,,,,,P.194,PETRA JAYA,N.06,TUPONG,,MATANG JAYA,6199,-6199,ORIGINATED FROM MATANG,194/10/04,194/10/04,MATANG JAYA,N.10,SEMARAK,P.194,PETRA JAYA,6199,SHIFTED,NO SHIFT,0,DUN SEMARAK IS A NEW DUN
,,,,,,,,P.194,PETRA JAYA,N.06,TUPONG,,TAMAN WON,775,-775,ORIGINATED FROM MATANG,194/10/05,194/10/05,TAMAN WON,N.10,SEMARAK,P.194,PETRA JAYA,775,SHIFTED,NO SHIFT,0,DUN SEMARAK IS A NEW DUN
,,,,,,,,P.194,PETRA JAYA,N.06,TUPONG,,KAMPUNG MATANG,2351,-2351,ORIGINATED FROM MATANG,194/09/05,194/09/05,KAMPUNG MATANG,N.09,MATANG,P.194,PETRA JAYA,2351,SHIFTED,NO SHIFT,0,DUN SEMARAK IS A NEW DUN
,,,,,,,,P.194,PETRA JAYA,N.06,TUPONG,,PALMA INDAH,1640,-1640,ORIGINATED FROM MATANG,194/09/06,194/09/06,PALMA INDAH,N.09,MATANG,P.194,PETRA JAYA,1640,SHIFTED,NO SHIFT,0,DUN SEMARAK IS A NEW DUN
,,,,,,,,P.194,PETRA JAYA,N.06,TUPONG,,BATU TUJUH MATANG,1841,-1841,ORIGINATED FROM MATANG,194/09/07,194/09/07,BATU TUJUH MATANG,N.09,MATANG,P.194,PETRA JAYA,1841,SHIFTED,NO SHIFT,0,DUN SEMARAK IS A NEW DUN
,,,,,,,,P.194,PETRA JAYA,N.06,TUPONG,,TAMAN HENG GUAN,1102,-1102,ORIGINATED FROM MATANG,194/09/08,194/09/08,TAMAN HENG GUAN,N.09,MATANG,P.194,PETRA JAYA,1102,SHIFTED,NO SHIFT,0,DUN SEMARAK IS A NEW DUN
SARAWAK,P.194,PETRA JAYA,N.06,TUPONG,194/06/09,SRI WANGI,2502,P.194,PETRA JAYA,N.06,TUPONG,,SRI WANGI,2502,0,,194/10/06,194/10/06,SRI WANGI,N.10,SEMARAK,P.194,PETRA JAYA,2502,SHIFTED,NO SHIFT,0,DUN SEMARAK IS A NEW DUN
SARAWAK,P.194,PETRA JAYA,N.07,SAMARIANG,194/07/01,SAMARIANG,5810,P.194,PETRA JAYA,N.07,SAMARIANG,,SAMARIANG,5810,0,,193/08/01,193/08/01,SAMARIANG,N.08,SAMARIANG,P.193,SANTUBONG,5810,NO SHIFT,SHIFTED,0,
SARAWAK,P.194,PETRA JAYA,N.07,SAMARIANG,194/07/02,LINTANG,2635,P.194,PETRA JAYA,N.07,SAMARIANG,,LINTANG,2635,0,,194/11/03,194/11/03,LINTANG,N.11,TUPONG,P.194,PETRA JAYA,2635,SHIFTED,NO SHIFT,0,
SARAWAK,P.194,PETRA JAYA,N.07,SAMARIANG,194/07/03,KANDIS,6417,P.194,PETRA JAYA,N.07,SAMARIANG,,KANDIS,6417,0,,194/11/07,194/11/07,KANDIS,N.11,TUPONG,P.194,PETRA JAYA,6417,SHIFTED,NO SHIFT,0,
SARAWAK,P.194,PETRA JAYA,N.07,SAMARIANG,194/07/04,SEMERAH PADI,8044,P.194,PETRA JAYA,N.07,SAMARIANG,,SEMERAH PADI,8044,0,,193/08/02,193/08/02,SEMERAH PADI,N.08,SAMARIANG,P.193,SANTUBONG,8044,NO SHIFT,SHIFTED,0,
SARAWAK,P.194,PETRA JAYA,N.07,SAMARIANG,194/07/05,SUKMA,8303,P.194,PETRA JAYA,N.07,SAMARIANG,,SUKMA,8303,0,,193/08/03,193/08/03,SUKMA,N.08,SAMARIANG,P.193,SANTUBONG,8303,NO SHIFT,SHIFTED,0,
SARAWAK,P.194,PETRA JAYA,N.07,SAMARIANG,194/07/06,KAMPONG TUNKU,4430,P.194,PETRA JAYA,N.07,SAMARIANG,,KAMPONG TUNKU,4430,0,,194/11/02,194/11/02,KAMPONG TUNKU,N.11,TUPONG,P.194,PETRA JAYA,4430,SHIFTED,NO SHIFT,0,
SARAWAK,P.194,PETRA JAYA,N.07,SAMARIANG,194/07/07,BEDIL,1756,P.194,PETRA JAYA,N.07,SAMARIANG,,BEDIL,1756,0,,194/11/05,194/11/05,BEDIL,N.11,TUPONG,P.194,PETRA JAYA,1756,SHIFTED,NO SHIFT,0,
SARAWAK,P.194,PETRA JAYA,N.07,SAMARIANG,194/07/08,ASTANA LOT,2650,P.194,PETRA JAYA,N.07,SAMARIANG,,ASTANA LOT,2650,0,,194/11/06,194/11/06,ASTANA LOT,N.11,TUPONG,P.194,PETRA JAYA,2650,SHIFTED,NO SHIFT,0,
SARAWAK,P.194,PETRA JAYA,N.08,SATOK,194/08/01,SEGEDUP,2554,P.194,PETRA JAYA,N.08,SATOK,,SEGEDUP,2554,0,,194/12/01,194/12/01,SEGEDUP,N.12,SATOK,P.194,PETRA JAYA,2554,NO SHIFT,NO SHIFT,0,
SARAWAK,P.194,PETRA JAYA,N.08,SATOK,194/08/02,PATINGAN,1114,P.194,PETRA JAYA,N.08,SATOK,,PATINGAN,1114,0,,194/12/04,194/12/04,PATINGAN,N.12,SATOK,P.194,PETRA JAYA,1114,NO SHIFT,NO SHIFT,0,
SARAWAK,P.194,PETRA JAYA,N.08,SATOK,194/08/03,SATOK,3490,P.194,PETRA JAYA,N.08,SATOK,,SATOK,3490,0,,194/12/03,194/12/03,SATOK,N.12,SATOK,P.194,PETRA JAYA,3490,NO SHIFT,NO SHIFT,0,
SARAWAK,P.194,PETRA JAYA,N.08,SATOK,194/08/04,MASJID,1169,P.194,PETRA JAYA,N.08,SATOK,,MASJID,1169,0,,194/12/06,194/12/06,MASJID,N.12,SATOK,P.194,PETRA JAYA,1169,NO SHIFT,NO SHIFT,0,
SARAWAK,P.194,PETRA JAYA,N.08,SATOK,194/08/05,MADERASAH,101,P.194,PETRA JAYA,N.08,SATOK,,MADERASAH,101,0,,194/12/07,194/12/07,MADERASAH,N.12,SATOK,P.194,PETRA JAYA,101,NO SHIFT,NO SHIFT,0,
SARAWAK,P.194,PETRA JAYA,N.08,SATOK,194/08/06,RESERVOIR,1579,P.194,PETRA JAYA,N.08,SATOK,,RESERVOIR,1579,0,,194/12/08,194/12/08,RESERVOIR,N.12,SATOK,P.194,PETRA JAYA,1579,NO SHIFT,NO SHIFT,0,
SARAWAK,P.194,PETRA JAYA,N.08,SATOK,194/08/07,NANAS,6361,P.194,PETRA JAYA,N.08,SATOK,,NANAS,6361,0,,194/12/02,194/12/02,NANAS,N.12,SATOK,P.194,PETRA JAYA,6361,NO SHIFT,NO SHIFT,0,
SARAWAK,P.194,PETRA JAYA,N.08,SATOK,194/08/08,PATINGGI ALI,3916,P.194,PETRA JAYA,N.08,SATOK,,PATINGGI ALI,3916,0,,194/12/05,194/12/05,PATINGGI ALI,N.12,SATOK,P.194,PETRA JAYA,3916,NO SHIFT,NO SHIFT,0,
SARAWAK,P.195,BANDAR KUCHING,N.09,PADUNGAN,195/09/01,MARKET,2252,P.195,BANDAR KUCHING,N.09,PADUNGAN,,MARKET,2252,0,,195/13/01,195/13/01,MARKET,N.13,PADUNGAN,P.195,BANDAR KUCHING,2252,NO SHIFT,NO SHIFT,0,
SARAWAK,P.195,BANDAR KUCHING,N.09,PADUNGAN,195/09/02,BAZAAR,2314,P.195,BANDAR KUCHING,N.09,PADUNGAN,,BAZAAR,2314,0,,195/13/02,195/13/02,BAZAAR,N.13,PADUNGAN,P.195,BANDAR KUCHING,2314,NO SHIFT,NO SHIFT,0,
SARAWAK,P.195,BANDAR KUCHING,N.09,PADUNGAN,195/09/03,PADUNGAN,1908,P.195,BANDAR KUCHING,N.09,PADUNGAN,,PADUNGAN,1908,0,,195/13/03,195/13/03,PADUNGAN,N.13,PADUNGAN,P.195,BANDAR KUCHING,1908,NO SHIFT,NO SHIFT,0,
SARAWAK,P.195,BANDAR KUCHING,N.09,PADUNGAN,195/09/04,ABELL,2030,P.195,BANDAR KUCHING,N.09,PADUNGAN,,ABELL,2030,0,,195/13/05,195/13/05,ABELL,N.13,PADUNGAN,P.195,BANDAR KUCHING,2030,NO SHIFT,NO SHIFT,0,
SARAWAK,P.195,BANDAR KUCHING,N.09,PADUNGAN,195/09/05,DESHON,3673,P.195,BANDAR KUCHING,N.09,PADUNGAN,,DESHON,3673,0,,195/13/10,195/13/10,DESHON,N.13,PADUNGAN,P.195,BANDAR KUCHING,3673,NO SHIFT,NO SHIFT,0,
SARAWAK,P.195,BANDAR KUCHING,N.09,PADUNGAN,195/09/06,SEKAMA,1235,P.195,BANDAR KUCHING,N.09,PADUNGAN,,SEKAMA,1235,0,,195/13/08,195/13/08,SEKAMA,N.13,PADUNGAN,P.195,BANDAR KUCHING,1235,NO SHIFT,NO SHIFT,0,
SARAWAK,P.195,BANDAR KUCHING,N.09,PADUNGAN,195/09/07,BUKIT TUAN,2328,P.195,BANDAR KUCHING,N.09,PADUNGAN,,BUKIT TUAN,2328,0,,195/13/13,195/13/13,BUKIT TUAN,N.13,PADUNGAN,P.195,BANDAR KUCHING,2328,NO SHIFT,NO SHIFT,0,
SARAWAK,P.195,BANDAR KUCHING,N.09,PADUNGAN,195/09/08,KINYANG,827,P.195,BANDAR KUCHING,N.09,PADUNGAN,,KINYANG,827,0,,195/13/14,195/13/14,KINYANG,N.13,PADUNGAN,P.195,BANDAR KUCHING,827,NO SHIFT,NO SHIFT,0,
SARAWAK,P.195,BANDAR KUCHING,N.09,PADUNGAN,195/09/09,ELLIS,1376,P.195,BANDAR KUCHING,N.09,PADUNGAN,,ELLIS,1376,0,,195/13/11,195/13/11,ELLIS,N.13,PADUNGAN,P.195,BANDAR KUCHING,1376,NO SHIFT,NO SHIFT,0,
SARAWAK,P.195,BANDAR KUCHING,N.09,PADUNGAN,195/09/10,BAN HOCK,2339,P.195,BANDAR KUCHING,N.09,PADUNGAN,,BAN HOCK,2339,0,,195/13/04,195/13/04,BAN HOCK,N.13,PADUNGAN,P.195,BANDAR KUCHING,2339,NO SHIFT,NO SHIFT,0,
SARAWAK,P.195,BANDAR KUCHING,N.09,PADUNGAN,195/09/11,LUMBA KUDA,1326,P.195,BANDAR KUCHING,N.09,PADUNGAN,,LUMBA KUDA,1326,0,,195/13/09,195/13/09,LUMBA KUDA,N.13,PADUNGAN,P.195,BANDAR KUCHING,1326,NO SHIFT,NO SHIFT,0,
SARAWAK,P.195,BANDAR KUCHING,N.09,PADUNGAN,195/09/12,CENTRAL,879,P.195,BANDAR KUCHING,N.09,PADUNGAN,,CENTRAL,879,0,,195/13/07,195/13/07,CENTRAL,N.13,PADUNGAN,P.195,BANDAR KUCHING,879,NO SHIFT,NO SHIFT,0,
SARAWAK,P.195,BANDAR KUCHING,N.09,PADUNGAN,195/09/13,PETANAK,1800,P.195,BANDAR KUCHING,N.09,PADUNGAN,,PETANAK,1800,0,,195/13/06,195/13/06,PETANAK,N.13,PADUNGAN,P.195,BANDAR KUCHING,1800,NO SHIFT,NO SHIFT,0,
SARAWAK,P.195,BANDAR KUCHING,N.10,PENDING,195/10/01,PENDING,13082,P.195,BANDAR KUCHING,N.10,PENDING,,PENDING,3546,9536,PENDING WAS SUBDIVIDED,195/14/03,195/14/03,PENDING,N.14,PENDING,P.195,BANDAR KUCHING,3546,NO SHIFT,NO SHIFT,0,
,,,,,,,,P.195,BANDAR KUCHING,N.10,PENDING,,BINTAWA FISHING VILLAGE,5231,-5231,ORIGINATED FROM PENDING,195/14/01,195/14/01,BINTAWA FISHING VILLAGE,N.14,PENDING,P.195,BANDAR KUCHING,5231,NO SHIFT,NO SHIFT,0,
,,,,,,,,P.195,BANDAR KUCHING,N.10,PENDING,,SUNGAI APONG,4305,-4305,ORIGINATED FROM PENDING,195/14/02,195/14/02,SUNGAI APONG,N.14,PENDING,P.195,BANDAR KUCHING,4305,NO SHIFT,NO SHIFT,0,
SARAWAK,P.195,BANDAR KUCHING,N.10,PENDING,195/10/02,FOOCHOW,10262,P.195,BANDAR KUCHING,N.10,PENDING,,FOOCHOW,4260,6002,FOOCHOW WAS SUBDIVIDED,195/14/05,195/14/05,FOOCHOW,N.14,PENDING,P.195,BANDAR KUCHING,4260,NO SHIFT,NO SHIFT,0,
,,,,,,,,P.195,BANDAR KUCHING,N.10,PENDING,,PEACE ROAD,3427,-3427,ORIGINATED FROM FOOCHOW,195/14/04,195/14/04,PEACE ROAD,N.14,PENDING,P.195,BANDAR KUCHING,3427,NO SHIFT,NO SHIFT,0,
,,,,,,,,P.195,BANDAR KUCHING,N.10,PENDING,,PECKY PARK,2575,-2575,ORIGINATED FROM FOOCHOW,195/14/06,195/14/06,PECKY PARK,N.14,PENDING,P.195,BANDAR KUCHING,2575,NO SHIFT,NO SHIFT,0,
SARAWAK,P.195,BANDAR KUCHING,N.10,PENDING,195/10/03,KENYALANG,6578,P.195,BANDAR KUCHING,N.10,PENDING,,KENYALANG,6578,0,,195/16/01,195/16/01,KENYALANG,N.16,TABUAN JAYA,P.195,BANDAR KUCHING,6578,SHIFTED,NO SHIFT,0,DUN TABUAN JAYA IS A NEW DUN
SARAWAK,P.195,BANDAR KUCHING,N.10,PENDING,195/10/04,SUPREME,1845,P.195,BANDAR KUCHING,N.10,PENDING,,SUPREME,1845,0,,195/16/02,195/16/02,SUPREME,N.16,TABUAN JAYA,P.195,BANDAR KUCHING,1845,SHIFTED,NO SHIFT,0,DUN TABUAN JAYA IS A NEW DUN
SARAWAK,P.195,BANDAR KUCHING,N.10,PENDING,195/10/05,CHONG KIUN KONG,3660,P.195,BANDAR KUCHING,N.10,PENDING,,CHONG KIUN KONG,3660,0,,195/14/08,195/14/08,CHONG KIUN KONG,N.14,PENDING,P.195,BANDAR KUCHING,3660,NO SHIFT,NO SHIFT,0,
SARAWAK,P.195,BANDAR KUCHING,N.10,PENDING,195/10/06,CHAWAN,1808,P.195,BANDAR KUCHING,N.10,PENDING,,CHAWAN,1808,0,,195/14/07,195/14/07,CHAWAN,N.14,PENDING,P.195,BANDAR KUCHING,1808,NO SHIFT,NO SHIFT,0,
SARAWAK,P.195,BANDAR KUCHING,N.10,PENDING,195/10/07,SIMPANG TIGA,932,P.195,BANDAR KUCHING,N.10,PENDING,,SIMPANG TIGA,932,0,,195/13/12,195/13/12,SIMPANG TIGA,N.13,PADUNGAN,P.195,BANDAR KUCHING,932,SHIFTED,NO SHIFT,0,
SARAWAK,P.195,BANDAR KUCHING,N.11,BATU LINTANG,195/11/01,PISANG,1552,P.195,BANDAR KUCHING,N.11,BATU LINTANG,,PISANG,1552,0,,195/13/15,195/13/15,PISANG,N.13,PADUNGAN,P.195,BANDAR KUCHING,1552,SHIFTED,NO SHIFT,0,
SARAWAK,P.195,BANDAR KUCHING,N.11,BATU LINTANG,195/11/02,BATU LINTANG,7503,P.195,BANDAR KUCHING,N.11,BATU LINTANG,,BATU LINTANG,7503,0,,195/15/06,195/15/06,BATU LINTANG,N.15,BATU LINTANG,P.195,BANDAR KUCHING,7503,NO SHIFT,NO SHIFT,0,
SARAWAK,P.195,BANDAR KUCHING,N.11,BATU LINTANG,195/11/03,STAR GARDEN,2547,P.195,BANDAR KUCHING,N.11,BATU LINTANG,,STAR GARDEN,2547,0,,195/15/02,195/15/02,STAR GARDEN,N.15,BATU LINTANG,P.195,BANDAR KUCHING,2547,NO SHIFT,NO SHIFT,0,
SARAWAK,P.195,BANDAR KUCHING,N.11,BATU LINTANG,195/11/04,POH KWONG PARK,4758,P.195,BANDAR KUCHING,N.11,BATU LINTANG,,POH KWONG PARK,4758,0,,195/15/03,195/15/03,POH KWONG PARK,N.15,BATU LINTANG,P.195,BANDAR KUCHING,4758,NO SHIFT,NO SHIFT,0,
SARAWAK,P.195,BANDAR KUCHING,N.11,BATU LINTANG,195/11/05,SKY GARDEN,1910,P.195,BANDAR KUCHING,N.11,BATU LINTANG,,SKY GARDEN,1910,0,,195/15/04,195/15/04,SKY GARDEN,N.15,BATU LINTANG,P.195,BANDAR KUCHING,1910,NO SHIFT,NO SHIFT,0,
SARAWAK,P.195,BANDAR KUCHING,N.11,BATU LINTANG,195/11/06,BUKIT KENNY,1463,P.195,BANDAR KUCHING,N.11,BATU LINTANG,,BUKIT KENNY,1463,0,,195/15/07,195/15/07,BUKIT KENNY,N.15,BATU LINTANG,P.195,BANDAR KUCHING,1463,NO SHIFT,NO SHIFT,0,
SARAWAK,P.195,BANDAR KUCHING,N.11,BATU LINTANG,195/11/07,TABUAN DAYAK,2067,P.195,BANDAR KUCHING,N.11,BATU LINTANG,,TABUAN DAYAK,2067,0,,195/15/08,195/15/08,TABUAN DAYAK,N.15,BATU LINTANG,P.195,BANDAR KUCHING,2067,NO SHIFT,NO SHIFT,0,
SARAWAK,P.195,BANDAR KUCHING,N.11,BATU LINTANG,195/11/08,TABUAN JAYA,14196,P.195,BANDAR KUCHING,N.11,BATU LINTANG,,TABUAN JAYA,7835,6361,TABUAN JAYA WAS SUBDIVIDED,195/16/03,195/16/03,TABUAN JAYA,N.16,TABUAN JAYA,P.195,BANDAR KUCHING,7835,SHIFTED,NO SHIFT,0,DUN TABUAN JAYA IS A NEW DUN
,,,,,,,,P.195,BANDAR KUCHING,N.11,BATU LINTANG,,TABUAN HEIGHT,6361,-6361,ORIGINATED FROM TABUAN JAYA,195/16/05,195/16/05,TABUAN HEIGHT,N.16,TABUAN JAYA,P.195,BANDAR KUCHING,6361,SHIFTED,NO SHIFT,0,DUN TABUAN JAYA IS A NEW DUN
SARAWAK,P.195,BANDAR KUCHING,N.11,BATU LINTANG,195/11/09,TABUAN LARU,6218,P.195,BANDAR KUCHING,N.11,BATU LINTANG,,TABUAN LARU,6218,0,,195/16/04,195/16/04,TABUAN LARU,N.16,TABUAN JAYA,P.195,BANDAR KUCHING,6218,SHIFTED,NO SHIFT,0,DUN TABUAN JAYA IS A NEW DUN
SARAWAK,P.195,BANDAR KUCHING,N.11,BATU LINTANG,195/11/10,MAONG,2279,P.195,BANDAR KUCHING,N.11,BATU LINTANG,,MAONG,2279,0,,195/15/01,195/15/01,MAONG,N.15,BATU LINTANG,P.195,BANDAR KUCHING,2279,NO SHIFT,NO SHIFT,0,
SARAWAK,P.195,BANDAR KUCHING,N.11,BATU LINTANG,195/11/11,NANAS - PISANG,2688,P.195,BANDAR KUCHING,N.11,BATU LINTANG,,NANAS - PISANG,2688,0,,195/13/16,195/13/16,NANAS - PISANG,N.13,PADUNGAN,P.195,BANDAR KUCHING,2688,SHIFTED,NO SHIFT,0,
SARAWAK,P.196,STAMPIN,N.12,KOTA SENTOSA,196/12/01,STAMPIN,8694,P.196,STAMPIN,N.12,KOTA SENTOSA,,STAMPIN,682,8012,STAMPIN WAS SUBDIVIDED,196/20/08,196/20/08,STAMPIN,N.20,KOTA SENTOSA,P.196,STAMPIN,682,NO SHIFT,NO SHIFT,0,
,,,,,,,,P.196,STAMPIN,N.12,KOTA SENTOSA,,STUTONG BARU,8012,-8012,ORIGINATED FROM STAMPIN,196/20/09,196/20/09,STUTONG BARU,N.20,KOTA SENTOSA,P.196,STAMPIN,8012,NO SHIFT,NO SHIFT,0,
SARAWAK,P.196,STAMPIN,N.12,KOTA SENTOSA,196/12/02,SELEDAH,5011,P.196,STAMPIN,N.12,KOTA SENTOSA,196/12/01,SELEDAH,5011,0,,195/15/09,195/15/09,SELEDAH,N.15,BATU LINTANG,P.195,BANDAR KUCHING,5011,SHIFTED,SHIFTED,0,
SARAWAK,P.196,STAMPIN,N.12,KOTA SENTOSA,196/12/03,SATRIA JAYA,7774,P.196,STAMPIN,N.12,KOTA SENTOSA,196/12/11,SATRIA JAYA,7000,774,SATRIA JAYA WAS SUBDIVIDED,196/20/07,196/20/07,SATRIA JAYA,N.20,KOTA SENTOSA,P.196,STAMPIN,7000,NO SHIFT,NO SHIFT,0,
,,,,,,,,P.196,STAMPIN,N.12,KOTA SENTOSA,196/12/14,STUTONG,774,-774,ORIGINATED FROM SATRIA JAYA,195/16/06,195/16/06,STUTONG,N.16,TABUAN JAYA,P.195,BANDAR KUCHING,774,SHIFTED,SHIFTED,0,DUN TABUAN JAYA IS A NEW DUN
SARAWAK,P.196,STAMPIN,N.12,KOTA SENTOSA,196/12/04,BATU TUJOH,13027,P.196,STAMPIN,N.12,KOTA SENTOSA,,BATU TUJOH,4274,8753,BATU TUJOH WAS SUBDIVIDED,196/20/02,196/20/02,BATU TUJOH,N.20,KOTA SENTOSA,P.196,STAMPIN,4274,NO SHIFT,NO SHIFT,0,
,,,,,,,,P.196,STAMPIN,N.12,KOTA SENTOSA,196/12/04,SUNGAI LUBAK,4961,-4961,ORIGINATED FROM BATU TUJOH,196/20/01,196/20/01,SUNGAI LUBAK,N.20,KOTA SENTOSA,P.196,STAMPIN,4961,NO SHIFT,NO SHIFT,0,
,,,,,,,,P.196,STAMPIN,N.12,KOTA SENTOSA,,KEM TENTERA BATU TUJOH,2289,-2289,ORIGINATED FROM BATU TUJOH,196/20/03,196/20/03,KEM TENTERA BATU TUJOH,N.20,KOTA SENTOSA,P.196,STAMPIN,2289,NO SHIFT,NO SHIFT,0,
,,,,,,,,P.196,STAMPIN,N.12,KOTA SENTOSA,196/12/08,SUNGAI TAPANG,1238,-1238,ORIGINATED FROM BATU TUJOH,196/20/04,196/20/04,SUNGAI TAPANG,N.20,KOTA SENTOSA,P.196,STAMPIN,1238,NO SHIFT,NO SHIFT,0,
,,,,,,,,P.196,STAMPIN,N.12,KOTA SENTOSA,,KAMPUNG SUNGAI TAPANG,886,-886,ORIGINATED FROM BATU TUJOH,196/20/05,196/20/05,KAMPUNG SUNGAI TAPANG,N.20,KOTA SENTOSA,P.196,STAMPIN,886,NO SHIFT,NO SHIFT,0,
,,,,,,,,P.196,STAMPIN,N.12,KOTA SENTOSA,196/12/10,AIRPORT KUCHING,893,-893,ORIGINATED FROM BATU TUJOH,196/20/06,196/20/06,AIRPORT KUCHING,N.20,KOTA SENTOSA,P.196,STAMPIN,893,NO SHIFT,NO SHIFT,0,
,,,,,,,,P.196,STAMPIN,N.12,KOTA SENTOSA,196/12/07,JALAN STAKAN,2478,-2478,ORIGINATED FROM BATU TUJOH,196/17/01,196/17/01,JALAN STAKAN,N.17,BATU KITANG,P.196,STAMPIN,2478,SHIFTED,NO SHIFT,0,
SARAWAK,P.196,STAMPIN,N.12,KOTA SENTOSA,196/12/05,HUI SING,6569,P.196,STAMPIN,N.12,KOTA SENTOSA,196/12/02,HUI SING,6569,0,,196/19/07,196/19/07,HUI SING,N.19,MAONG,P.196,STAMPIN,6569,SHIFTED,NO SHIFT,0,DUN MAONG IS A NEW DUN
SARAWAK,P.196,STAMPIN,N.12,KOTA SENTOSA,196/12/06,BATU EMPAT,6839,P.196,STAMPIN,N.12,KOTA SENTOSA,196/12/03,BATU EMPAT,2847,3992,,196/19/06,196/19/06,BATU EMPAT,N.19,MAONG,P.196,STAMPIN,2847,SHIFTED,NO SHIFT,0,DUN MAONG IS A NEW DUN
SARAWAK,P.196,STAMPIN,N.13,BATU KITANG,196/13/01,ARANG,6989,P.196,STAMPIN,N.13,BATU KITANG,196/13/02,ARANG,6989,0,,196/19/04,196/19/04,ARANG,N.19,MAONG,P.196,STAMPIN,6989,SHIFTED,NO SHIFT,0,DUN MAONG IS A NEW DUN
SARAWAK,P.196,STAMPIN,N.13,BATU KITANG,196/13/02,PASAR MAONG,6164,P.196,STAMPIN,N.13,BATU KITANG,196/13/01,PASAR MAONG,6164,0,,196/19/05,196/19/05,PASAR MAONG,N.19,MAONG,P.196,STAMPIN,6164,SHIFTED,NO SHIFT,0,DUN MAONG IS A NEW DUN
SARAWAK,P.196,STAMPIN,N.13,BATU KITANG,196/13/03,HAJI BAKI,7266,P.196,STAMPIN,N.13,BATU KITANG,,HAJI BAKI,3609,3657,HAJI BAKI WAS SUBDIVIDED,196/17/03,196/17/03,HAJI BAKI,N.17,BATU KITANG,P.196,STAMPIN,3609,NO SHIFT,NO SHIFT,0,
,,,,,,,,P.196,STAMPIN,N.13,BATU KITANG,196/13/03,SUDAT,552,-552,ORIGINATED FROM HAJI BAKI,196/17/04,196/17/04,SUDAT,N.17,BATU KITANG,P.196,STAMPIN,552,NO SHIFT,NO SHIFT,0,
,,,,,,,,P.196,STAMPIN,N.13,BATU KITANG,196/13/04,SEMEBA,1207,-1207,ORIGINATED FROM HAJI BAKI,196/17/05,196/17/05,SEMEBA,N.17,BATU KITANG,P.196,STAMPIN,1207,NO SHIFT,NO SHIFT,0,
,,,,,,,,P.196,STAMPIN,N.13,BATU KITANG,196/13/05,TEMATU,840,-840,ORIGINATED FROM HAJI BAKI,196/17/06,196/17/06,TEMATU,N.17,BATU KITANG,P.196,STAMPIN,840,NO SHIFT,NO SHIFT,0,
,,,,,,,,P.196,STAMPIN,N.13,BATU KITANG,,PANGKALAN BARU,1058,-1058,ORIGINATED FROM HAJI BAKI,196/17/07,196/17/07,PANGKALAN BARU,N.17,BATU KITANG,P.196,STAMPIN,1058,NO SHIFT,NO SHIFT,0,
SARAWAK,P.196,STAMPIN,N.13,BATU KITANG,196/13/04,KITANG,17684,P.196,STAMPIN,N.13,BATU KITANG,196/13/07,KITANG,868,16816,KITANG WAS SUBDIVIDED,196/17/08,196/17/08,KITANG,N.17,BATU KITANG,P.196,STAMPIN,868,NO SHIFT,NO SHIFT,0,
,,,,,,,,P.196,STAMPIN,N.13,BATU KITANG,196/13/10,BATU KITANG,1343,-1343,ORIGINATED FROM KITANG,196/17/02,196/17/02,BATU KITANG,N.17,BATU KITANG,P.196,STAMPIN,1343,NO SHIFT,NO SHIFT,0,
,,,,,,,,P.196,STAMPIN,N.13,BATU KITANG,196/13/09,BUMBOK,1503,-1503,ORIGINATED FROM KITANG,196/17/11,196/17/11,BUMBOK,N.17,BATU KITANG,P.196,STAMPIN,1503,NO SHIFT,NO SHIFT,0,
,,,,,,,,P.196,STAMPIN,N.13,BATU KITANG,196/13/12,KOTA PADAWAN,9115,-9115,ORIGINATED FROM KITANG,196/17/12,196/17/12,KOTA PADAWAN,N.17,BATU KITANG,P.196,STAMPIN,9115,NO SHIFT,NO SHIFT,0,
,,,,,,,,P.196,STAMPIN,N.13,BATU KITANG,196/13/13,RCBM,214,-214,ORIGINATED FROM KITANG,196/17/13,196/17/13,RCBM,N.17,BATU KITANG,P.196,STAMPIN,214,NO SHIFT,NO SHIFT,0,
,,,,,,,,P.196,STAMPIN,N.13,BATU KITANG,196/13/14,PAYA MEBI,1240,-1240,ORIGINATED FROM KITANG,196/17/14,196/17/14,PAYA MEBI,N.17,BATU KITANG,P.196,STAMPIN,1240,NO SHIFT,NO SHIFT,0,
,,,,,,,,P.196,STAMPIN,N.13,BATU KITANG,,LANDEH,3401,-3401,ORIGINATED FROM KITANG,196/17/15,196/17/15,LANDEH,N.17,BATU KITANG,P.196,STAMPIN,3401,NO SHIFT,NO SHIFT,0,
SARAWAK,P.196,STAMPIN,N.13,BATU KITANG,196/13/05,LIDAH TANAH,1283,P.196,STAMPIN,N.13,BATU KITANG,196/13/08,LIDAH TANAH,1283,0,,196/17/10,196/17/10,LIDAH TANAH,N.17,BATU KITANG,P.196,STAMPIN,1283,NO SHIFT,NO SHIFT,0,
SARAWAK,P.196,STAMPIN,N.14,BATU KAWAH,196/14/01,RPR BATU KAWAH,1259,P.196,STAMPIN,N.14,BATU KAWAH,196/14/13,RPR BATU KAWAH,1259,0,,195/15/05,195/15/05,RPR BATU KAWAH,N.15,BATU LINTANG,P.195,BANDAR KUCHING,1259,SHIFTED,SHIFTED,0,
SARAWAK,P.196,STAMPIN,N.14,BATU KAWAH,196/14/02,KAWAH,2327,P.196,STAMPIN,N.14,BATU KAWAH,196/14/03,KAWAH,2327,0,,196/18/03,196/18/03,KAWAH,N.18,BATU KAWAH,P.196,STAMPIN,2327,NO SHIFT,NO SHIFT,0,
SARAWAK,P.196,STAMPIN,N.14,BATU KAWAH,196/14/03,STAPOK,28794,P.196,STAMPIN,N.14,BATU KAWAH,,STAPOK,6589,22205,STAPOK WAS SUBDIVIDED,196/18/07,196/18/07,STAPOK,N.18,BATU KAWAH,P.196,STAMPIN,6589,NO SHIFT,NO SHIFT,0,
,,,,,,,,P.196,STAMPIN,N.14,BATU KAWAH,196/14/04,RANTAU PANJANG BATU KAWA,734,-734,ORIGINATED FROM STAPOK,196/17/09,196/17/09,RANTAU PANJANG BATU KAWA,N.17,BATU KITANG,P.196,STAMPIN,734,SHIFTED,NO SHIFT,0,
,,,,,,,,P.196,STAMPIN,N.14,BATU KAWAH,,STEPHEN YONG,4004,-4004,ORIGINATED FROM STAPOK,196/18/04,196/18/04,STEPHEN YONG,N.18,BATU KAWAH,P.196,STAMPIN,4004,NO SHIFT,NO SHIFT,0,
,,,,,,,,P.196,STAMPIN,N.14,BATU KAWAH,,KAMPUNG STAPOK,979,-979,ORIGINATED FROM STAPOK,196/18/05,196/18/05,KAMPUNG STAPOK,N.18,BATU KAWAH,P.196,STAMPIN,979,NO SHIFT,NO SHIFT,0,
,,,,,,,,P.196,STAMPIN,N.14,BATU KAWAH,196/14/10,FIELD FORCE,2759,-2759,ORIGINATED FROM STAPOK,196/18/06,196/18/06,FIELD FORCE,N.18,BATU KAWAH,P.196,STAMPIN,2759,NO SHIFT,NO SHIFT,0,
,,,,,,,,P.196,STAMPIN,N.14,BATU KAWAH,,BATU KAWAH LOW-COST,6501,-6501,ORIGINATED FROM STAPOK,196/18/08,196/18/08,BATU KAWAH LOW-COST,N.18,BATU KAWAH,P.196,STAMPIN,6501,NO SHIFT,NO SHIFT,0,
,,,,,,,,P.196,STAMPIN,N.14,BATU KAWAH,,DESA WIRA,4173,-4173,ORIGINATED FROM STAPOK,196/19/01,196/19/01,DESA WIRA,N.19,MAONG,P.196,STAMPIN,4173,SHIFTED,NO SHIFT,0,DUN MAONG IS A NEW DUN
,,,,,,,,P.196,STAMPIN,N.14,BATU KAWAH,,SKIM PENEMPATAN BATU KAWA,1944,-1944,ORIGINATED FROM STAPOK,196/19/02,196/19/02,SKIM PENEMPATAN BATU KAWA,N.19,MAONG,P.196,STAMPIN,1944,SHIFTED,NO SHIFT,0,DUN MAONG IS A NEW DUN
,,,,,,,,P.196,STAMPIN,N.14,BATU KAWAH,,SINAR BUDI,1111,-1111,ORIGINATED FROM STAPOK,196/19/03,196/19/03,SINAR BUDI,N.19,MAONG,P.196,STAMPIN,1111,SHIFTED,NO SHIFT,0,DUN MAONG IS A NEW DUN
SARAWAK,P.196,STAMPIN,N.14,BATU KAWAH,196/14/04,SIN SAN TU,5771,P.196,STAMPIN,N.14,BATU KAWAH,196/14/01,SIN SAN TU,5771,0,,196/18/01,196/18/01,SIN SAN TU,N.18,BATU KAWAH,P.196,STAMPIN,5771,NO SHIFT,NO SHIFT,0,
SARAWAK,P.196,STAMPIN,N.14,BATU KAWAH,196/14/05,KIM CHU SHIN,2385,P.196,STAMPIN,N.14,BATU KAWAH,196/14/02,KIM CHU SHIN,2385,0,,196/18/02,196/18/02,KIM CHU SHIN,N.18,BATU KAWAH,P.196,STAMPIN,2385,NO SHIFT,NO SHIFT,0,
SARAWAK,P.197,KOTA SAMARAHAN,N.15,ASAJAYA,197/15/01,BELIONG,654,P.197,KOTA SAMARAHAN,N.15,ASAJAYA,197/15/01,BELIONG,654,0,,200/34/01,200/34/01,BELIONG,N.34,ASAJAYA,P.200,BATANG SADONG,654,NO SHIFT,SHIFTED,0,
SARAWAK,P.197,KOTA SAMARAHAN,N.15,ASAJAYA,197/15/02,TANJUNG APONG,1008,P.197,KOTA SAMARAHAN,N.15,ASAJAYA,197/15/02,TANJUNG APONG,1008,0,,200/34/02,200/34/02,TANJUNG APONG,N.34,ASAJAYA,P.200,BATANG SADONG,1008,NO SHIFT,SHIFTED,0,
SARAWAK,P.197,KOTA SAMARAHAN,N.15,ASAJAYA,197/15/03,TAMBIRAT,3159,P.197,KOTA SAMARAHAN,N.15,ASAJAYA,197/15/03,TAMBIRAT,3159,0,,200/34/03,200/34/03,TAMBIRAT,N.34,ASAJAYA,P.200,BATANG SADONG,3159,NO SHIFT,SHIFTED,0,
SARAWAK,P.197,KOTA SAMARAHAN,N.15,ASAJAYA,197/15/04,TAMBEY,867,P.197,KOTA SAMARAHAN,N.15,ASAJAYA,197/15/04,TAMBEY,867,0,,200/34/04,200/34/04,TAMBEY,N.34,ASAJAYA,P.200,BATANG SADONG,867,NO SHIFT,SHIFTED,0,
SARAWAK,P.197,KOTA SAMARAHAN,N.15,ASAJAYA,197/15/05,SUI,142,P.197,KOTA SAMARAHAN,N.15,ASAJAYA,197/15/05,SUI,142,0,,200/34/05,200/34/05,SUI,N.34,ASAJAYA,P.200,BATANG SADONG,142,NO SHIFT,SHIFTED,0,
SARAWAK,P.197,KOTA SAMARAHAN,N.15,ASAJAYA,197/15/06,SAMBIR,1335,P.197,KOTA SAMARAHAN,N.15,ASAJAYA,197/15/07,SAMBIR,1335,0,,200/34/07,200/34/07,SAMBIR,N.34,ASAJAYA,P.200,BATANG SADONG,1335,NO SHIFT,SHIFTED,0,
SARAWAK,P.197,KOTA SAMARAHAN,N.15,ASAJAYA,197/15/07,SEBANDI MATANG,841,P.197,KOTA SAMARAHAN,N.15,ASAJAYA,197/15/08,SEBANDI MATANG,841,0,,200/34/08,200/34/08,SEBANDI MATANG,N.34,ASAJAYA,P.200,BATANG SADONG,841,NO SHIFT,SHIFTED,0,
SARAWAK,P.197,KOTA SAMARAHAN,N.15,ASAJAYA,197/15/08,SEBANDI ULU,1022,P.197,KOTA SAMARAHAN,N.15,ASAJAYA,197/15/09,SEBANDI ULU,1022,0,,200/34/09,200/34/09,SEBANDI ULU,N.34,ASAJAYA,P.200,BATANG SADONG,1022,NO SHIFT,SHIFTED,0,
SARAWAK,P.197,KOTA SAMARAHAN,N.15,ASAJAYA,197/15/09,SUBI,137,P.197,KOTA SAMARAHAN,N.15,ASAJAYA,197/15/06,SUBI,137,0,,200/34/06,200/34/06,SUBI,N.34,ASAJAYA,P.200,BATANG SADONG,137,NO SHIFT,SHIFTED,0,
SARAWAK,P.197,KOTA SAMARAHAN,N.15,ASAJAYA,197/15/10,MOYAN,2060,P.197,KOTA SAMARAHAN,N.15,ASAJAYA,197/15/11,MOYAN,2060,0,,200/34/11,200/34/11,MOYAN,N.34,ASAJAYA,P.200,BATANG SADONG,2060,NO SHIFT,SHIFTED,0,
SARAWAK,P.197,KOTA SAMARAHAN,N.15,ASAJAYA,197/15/11,REBA,856,P.197,KOTA SAMARAHAN,N.15,ASAJAYA,197/15/15,REBA,856,0,,200/34/15,200/34/15,REBA,N.34,ASAJAYA,P.200,BATANG SADONG,856,NO SHIFT,SHIFTED,0,
SARAWAK,P.197,KOTA SAMARAHAN,N.15,ASAJAYA,197/15/12,MOYAN ULU,298,P.197,KOTA SAMARAHAN,N.15,ASAJAYA,197/15/12,MOYAN ULU,298,0,,200/34/12,200/34/12,MOYAN ULU,N.34,ASAJAYA,P.200,BATANG SADONG,298,NO SHIFT,SHIFTED,0,
SARAWAK,P.197,KOTA SAMARAHAN,N.15,ASAJAYA,197/15/13,MOYAN LEDANG,389,P.197,KOTA SAMARAHAN,N.15,ASAJAYA,197/15/10,MOYAN LEDANG,389,0,,200/34/10,200/34/10,MOYAN LEDANG,N.34,ASAJAYA,P.200,BATANG SADONG,389,NO SHIFT,SHIFTED,0,
SARAWAK,P.197,KOTA SAMARAHAN,N.15,ASAJAYA,197/15/14,SERPAN,1294,P.197,KOTA SAMARAHAN,N.15,ASAJAYA,197/15/14,SERPAN,1294,0,,200/34/14,200/34/14,SERPAN,N.34,ASAJAYA,P.200,BATANG SADONG,1294,NO SHIFT,SHIFTED,0,
SARAWAK,P.197,KOTA SAMARAHAN,N.15,ASAJAYA,197/15/15,SERPAN ULU,321,P.197,KOTA SAMARAHAN,N.15,ASAJAYA,197/15/13,SERPAN ULU,321,0,,200/34/13,200/34/13,SERPAN ULU,N.34,ASAJAYA,P.200,BATANG SADONG,321,NO SHIFT,SHIFTED,0,
SARAWAK,P.197,KOTA SAMARAHAN,N.15,ASAJAYA,197/15/16,ASAJAYA,2052,P.197,KOTA SAMARAHAN,N.15,ASAJAYA,197/15/17,ASAJAYA,2052,0,,200/34/17,200/34/17,ASAJAYA,N.34,ASAJAYA,P.200,BATANG SADONG,2052,NO SHIFT,SHIFTED,0,
SARAWAK,P.197,KOTA SAMARAHAN,N.15,ASAJAYA,197/15/17,ASAJAYA LAUT,1565,P.197,KOTA SAMARAHAN,N.15,ASAJAYA,197/15/16,ASAJAYA LAUT,1565,0,,200/34/16,200/34/16,ASAJAYA LAUT,N.34,ASAJAYA,P.200,BATANG SADONG,1565,NO SHIFT,SHIFTED,0,
SARAWAK,P.197,KOTA SAMARAHAN,N.15,ASAJAYA,197/15/18,TEBUN,433,P.197,KOTA SAMARAHAN,N.15,ASAJAYA,197/15/19,TEBUN,433,0,,200/34/19,200/34/19,TEBUN,N.34,ASAJAYA,P.200,BATANG SADONG,433,NO SHIFT,SHIFTED,0,
SARAWAK,P.197,KOTA SAMARAHAN,N.15,ASAJAYA,197/15/19,SAMPUN,897,P.197,KOTA SAMARAHAN,N.15,ASAJAYA,197/15/18,SAMPUN,897,0,,200/34/18,200/34/18,SAMPUN,N.34,ASAJAYA,P.200,BATANG SADONG,897,NO SHIFT,SHIFTED,0,
SARAWAK,P.197,KOTA SAMARAHAN,N.16,MUARA TUANG,197/16/01,EMPILA,7905,P.197,KOTA SAMARAHAN,N.16,MUARA TUANG,197/16/11,EMPILA,7905,0,,197/22/05,197/22/05,EMPILA,N.22,MUARA TUANG,P.197,KOTA SAMARAHAN,7905,NO SHIFT,NO SHIFT,0,
SARAWAK,P.197,KOTA SAMARAHAN,N.16,MUARA TUANG,197/16/02,TANJU,147,P.197,KOTA SAMARAHAN,N.16,MUARA TUANG,197/16/01,TANJU,147,0,,197/23/01,197/23/01,TANJU,N.23,SAMARINDAH,P.197,KOTA SAMARAHAN,147,SHIFTED,NO SHIFT,0,DUN SAMARINDAH IS A NEW DUN
SARAWAK,P.197,KOTA SAMARAHAN,N.16,MUARA TUANG,197/16/03,BATU BLAT,3040,P.197,KOTA SAMARAHAN,N.16,MUARA TUANG,197/16/03,BATU BLAT,3040,0,,197/23/02,197/23/02,BATU BLAT,N.23,SAMARINDAH,P.197,KOTA SAMARAHAN,3040,SHIFTED,NO SHIFT,0,DUN SAMARINDAH IS A NEW DUN
SARAWAK,P.197,KOTA SAMARAHAN,N.16,MUARA TUANG,197/16/04,TUANG,14381,P.197,KOTA SAMARAHAN,N.16,MUARA TUANG,,TUANG,1225,13156,TUANG WAS SUBDIVIDED,197/22/04,197/22/04,TUANG,N.22,MUARA TUANG,P.197,KOTA SAMARAHAN,1225,NO SHIFT,NO SHIFT,0,
,,,,,,,,P.197,KOTA SAMARAHAN,N.16,MUARA TUANG,197/16/09,ENDAP,1104,-1104,ORIGINATED FROM TUANG,197/22/01,197/22/01,ENDAP,N.22,MUARA TUANG,P.197,KOTA SAMARAHAN,1104,NO SHIFT,NO SHIFT,0,
,,,,,,,,P.197,KOTA SAMARAHAN,N.16,MUARA TUANG,197/16/10,MERANEK,1384,-1384,ORIGINATED FROM TUANG,197/22/02,197/22/02,MERANEK,N.22,MUARA TUANG,P.197,KOTA SAMARAHAN,1384,NO SHIFT,NO SHIFT,0,
,,,,,,,,P.197,KOTA SAMARAHAN,N.16,MUARA TUANG,,UNIMAS,4915,-4915,ORIGINATED FROM TUANG,197/22/03,197/22/03,UNIMAS,N.22,MUARA TUANG,P.197,KOTA SAMARAHAN,4915,NO SHIFT,NO SHIFT,0,
,,,,,,,,P.197,KOTA SAMARAHAN,N.16,MUARA TUANG,197/16/04,REMBUS,774,-774,ORIGINATED FROM TUANG,197/23/03,197/23/03,REMBUS,N.23,SAMARINDAH,P.197,KOTA SAMARAHAN,774,SHIFTED,NO SHIFT,0,DUN SAMARINDAH IS A NEW DUN
,,,,,,,,P.197,KOTA SAMARAHAN,N.16,MUARA TUANG,197/16/05,TANJUNG BUNDONG,3676,-3676,ORIGINATED FROM TUANG,197/23/04,197/23/04,TANJUNG BUNDONG,N.23,SAMARINDAH,P.197,KOTA SAMARAHAN,3676,SHIFTED,NO SHIFT,0,DUN SAMARINDAH IS A NEW DUN
,,,,,,,,P.197,KOTA SAMARAHAN,N.16,MUARA TUANG,197/16/08,PINANG,1303,-1303,ORIGINATED FROM TUANG,197/23/05,197/23/05,PINANG,N.23,SAMARINDAH,P.197,KOTA SAMARAHAN,1303,SHIFTED,NO SHIFT,0,DUN SAMARINDAH IS A NEW DUN
SARAWAK,P.197,KOTA SAMARAHAN,N.16,MUARA TUANG,197/16/05,SEMARAN,2086,P.197,KOTA SAMARAHAN,N.16,MUARA TUANG,197/16/13,SEMARAN,2086,0,,197/22/07,197/22/07,SEMARAN,N.22,MUARA TUANG,P.197,KOTA SAMARAHAN,2086,NO SHIFT,NO SHIFT,0,
SARAWAK,P.197,KOTA SAMARAHAN,N.16,MUARA TUANG,197/16/06,LADANG SAMARAHAN,3924,P.197,KOTA SAMARAHAN,N.16,MUARA TUANG,197/16/12,LADANG SAMARAHAN,3924,0,,197/22/06,197/22/06,LADANG SAMARAHAN,N.22,MUARA TUANG,P.197,KOTA SAMARAHAN,3924,NO SHIFT,NO SHIFT,0,
SARAWAK,P.197,KOTA SAMARAHAN,N.16,MUARA TUANG,197/16/07,MELABAN,2793,P.197,KOTA SAMARAHAN,N.16,MUARA TUANG,197/16/02,MELABAN,2793,0,,197/23/06,197/23/06,MELABAN,N.23,SAMARINDAH,P.197,KOTA SAMARAHAN,2793,SHIFTED,NO SHIFT,0,DUN SAMARINDAH IS A NEW DUN
SARAWAK,P.197,KOTA SAMARAHAN,N.17,STAKAN,197/17/01,MERDANG,10243,P.197,KOTA SAMARAHAN,N.17,STAKAN,197/17/02,MERDANG,1813,8430,MERDANG WAS SUBDIVIDED,197/23/08,197/23/08,MERDANG,N.23,SAMARINDAH,P.197,KOTA SAMARAHAN,1813,SHIFTED,NO SHIFT,0,DUN SAMARINDAH IS A NEW DUN
,,,,,,,,P.197,KOTA SAMARAHAN,N.17,STAKAN,197/17/03,SAMAR INDAH,5646,-5646,ORIGINATED FROM MERDANG,197/23/09,197/23/09,SAMAR INDAH,N.23,SAMARINDAH,P.197,KOTA SAMARAHAN,5646,SHIFTED,NO SHIFT,0,DUN SAMARINDAH IS A NEW DUN
,,,,,,,,P.197,KOTA SAMARAHAN,N.17,STAKAN,,MERDANG GAYAM,709,-709,ORIGINATED FROM MERDANG,197/23/10,197/23/10,MERDANG GAYAM,N.23,SAMARINDAH,P.197,KOTA SAMARAHAN,709,SHIFTED,NO SHIFT,0,DUN SAMARINDAH IS A NEW DUN
,,,,,,,,P.197,KOTA SAMARAHAN,N.17,STAKAN,,MERDANG LUMUT,1283,-1283,ORIGINATED FROM MERDANG,197/23/11,197/23/11,MERDANG LUMUT,N.23,SAMARINDAH,P.197,KOTA SAMARAHAN,1283,SHIFTED,NO SHIFT,0,DUN SAMARINDAH IS A NEW DUN
,,,,,,,,P.197,KOTA SAMARAHAN,N.17,STAKAN,197/17/01,BINYU,353,-353,ORIGINATED FROM MERDANG,197/23/07,197/23/07,BINYU,N.23,SAMARINDAH,P.197,KOTA SAMARAHAN,353,SHIFTED,NO SHIFT,0,DUN SAMARINDAH IS A NEW DUN
,,,,,,,,P.197,KOTA SAMARAHAN,N.17,STAKAN,197/17/06,SUNGAI EMPIT,439,-439,ORIGINATED FROM MERDANG,197/24/01,197/24/01,SUNGAI EMPIT,N.24,STAKAN,P.197,KOTA SAMARAHAN,439,NO SHIFT,NO SHIFT,0,
SARAWAK,P.197,KOTA SAMARAHAN,N.17,STAKAN,197/17/02,QUOP,2616,P.197,KOTA SAMARAHAN,N.17,STAKAN,197/17/10,QUOP,2616,0,,197/24/05,197/24/05,QUOP,N.24,STAKAN,P.197,KOTA SAMARAHAN,2616,NO SHIFT,NO SHIFT,0,
SARAWAK,P.197,KOTA SAMARAHAN,N.17,STAKAN,197/17/03,SIDANU,7236,P.197,KOTA SAMARAHAN,N.17,STAKAN,197/17/11,SIDANU,7236,0,,197/24/06,197/24/06,SIDANU,N.24,STAKAN,P.197,KOTA SAMARAHAN,7236,NO SHIFT,NO SHIFT,0,
SARAWAK,P.197,KOTA SAMARAHAN,N.17,STAKAN,197/17/04,PENGKALAN KUAP,1991,P.197,KOTA SAMARAHAN,N.17,STAKAN,197/17/09,PENGKALAN KUAP,1991,0,,197/24/04,197/24/04,PENGKALAN KUAP,N.24,STAKAN,P.197,KOTA SAMARAHAN,1991,NO SHIFT,NO SHIFT,0,
SARAWAK,P.197,KOTA SAMARAHAN,N.17,STAKAN,197/17/05,STAKAN,13618,P.197,KOTA SAMARAHAN,N.17,STAKAN,197/17/07,STAKAN,2033,11585,STAKAN WAS SUBDIVIDED,197/24/02,197/24/02,STAKAN,N.24,STAKAN,P.197,KOTA SAMARAHAN,2033,NO SHIFT,NO SHIFT,0,
,,,,,,,,P.197,KOTA SAMARAHAN,N.17,STAKAN,,JALAN MUARA TUANG,11585,-11585,ORIGINATED FROM STAKAN,197/24/03,197/24/03,JALAN MUARA TUANG,N.24,STAKAN,P.197,KOTA SAMARAHAN,11585,NO SHIFT,NO SHIFT,0,
SARAWAK,P.198,PUNCAK BORNEO,N.18,SEREMBU,198/18/01,SINIAWAN,1883,P.198,PUNCAK BORNEO,N.18,SEREMBU,,SINIAWAN,1883,0,,192/04/03,192/04/03,SINIAWAN,N.04,SEREMBU,P.192,MAS GADING,1883,NO SHIFT,SHIFTED,0,
SARAWAK,P.198,PUNCAK BORNEO,N.18,SEREMBU,198/18/02,KRANJI,620,P.198,PUNCAK BORNEO,N.18,SEREMBU,198/18/09,KRANJI,620,0,,192/04/08,192/04/08,KRANJI,N.04,SEREMBU,P.192,MAS GADING,620,NO SHIFT,SHIFTED,0,
SARAWAK,P.198,PUNCAK BORNEO,N.18,SEREMBU,198/18/03,KOPIT,989,P.198,PUNCAK BORNEO,N.18,SEREMBU,198/18/10,KOPIT,989,0,,192/04/09,192/04/09,KOPIT,N.04,SEREMBU,P.192,MAS GADING,989,NO SHIFT,SHIFTED,0,
SARAWAK,P.198,PUNCAK BORNEO,N.18,SEREMBU,198/18/04,KROKONG,1624,P.198,PUNCAK BORNEO,N.18,SEREMBU,198/18/14,KROKONG,1624,0,,192/04/13,192/04/13,KROKONG,N.04,SEREMBU,P.192,MAS GADING,1624,NO SHIFT,SHIFTED,0,
SARAWAK,P.198,PUNCAK BORNEO,N.18,SEREMBU,198/18/05,PODAM,826,P.198,PUNCAK BORNEO,N.18,SEREMBU,198/18/06,PODAM,826,0,,192/04/05,192/04/05,PODAM,N.04,SEREMBU,P.192,MAS GADING,826,NO SHIFT,SHIFTED,0,
SARAWAK,P.198,PUNCAK BORNEO,N.18,SEREMBU,198/18/06,PENINJAU BARU,867,P.198,PUNCAK BORNEO,N.18,SEREMBU,,PENINJAU BARU,867,0,,192/04/04,192/04/04,PENINJAU BARU,N.04,SEREMBU,P.192,MAS GADING,867,NO SHIFT,SHIFTED,0,
SARAWAK,P.198,PUNCAK BORNEO,N.18,SEREMBU,198/18/07,MEREMBEH,525,P.198,PUNCAK BORNEO,N.18,SEREMBU,198/18/08,MEREMBEH,525,0,,192/04/07,192/04/07,MEREMBEH,N.04,SEREMBU,P.192,MAS GADING,525,NO SHIFT,SHIFTED,0,
SARAWAK,P.198,PUNCAK BORNEO,N.18,SEREMBU,198/18/08,KANDIS,685,P.198,PUNCAK BORNEO,N.18,SEREMBU,198/18/02,KANDIS,685,0,,192/04/01,192/04/01,KANDIS,N.04,SEREMBU,P.192,MAS GADING,685,NO SHIFT,SHIFTED,0,
SARAWAK,P.198,PUNCAK BORNEO,N.18,SEREMBU,198/18/09,SUNGAI PINANG,841,P.198,PUNCAK BORNEO,N.18,SEREMBU,198/18/01,SUNGAI PINANG,841,0,,192/03/06,192/03/06,SUNGAI PINANG,N.03,SINGAI,P.192,MAS GADING,841,SHIFTED,SHIFTED,0,
SARAWAK,P.198,PUNCAK BORNEO,N.18,SEREMBU,198/18/10,PAKU,741,P.198,PUNCAK BORNEO,N.18,SEREMBU,,PAKU,741,0,,192/04/06,192/04/06,PAKU,N.04,SEREMBU,P.192,MAS GADING,741,NO SHIFT,SHIFTED,0,
SARAWAK,P.198,PUNCAK BORNEO,N.18,SEREMBU,198/18/11,TANJUNG DURIAN,814,P.198,PUNCAK BORNEO,N.18,SEREMBU,198/18/03,TANJUNG DURIAN,814,0,,192/04/02,192/04/02,TANJUNG DURIAN,N.04,SEREMBU,P.192,MAS GADING,814,NO SHIFT,SHIFTED,0,
SARAWAK,P.198,PUNCAK BORNEO,N.18,SEREMBU,198/18/12,SEROPAK,328,P.198,PUNCAK BORNEO,N.18,SEREMBU,198/18/17,SEROPAK,328,0,,192/04/16,192/04/16,SEROPAK,N.04,SEREMBU,P.192,MAS GADING,328,NO SHIFT,SHIFTED,0,
SARAWAK,P.198,PUNCAK BORNEO,N.18,SEREMBU,198/18/13,SEROMAH,603,P.198,PUNCAK BORNEO,N.18,SEREMBU,198/18/13,SEROMAH,603,0,,192/04/12,192/04/12,SEROMAH,N.04,SEREMBU,P.192,MAS GADING,603,NO SHIFT,SHIFTED,0,
SARAWAK,P.198,PUNCAK BORNEO,N.18,SEREMBU,198/18/14,SEGUBANG,473,P.198,PUNCAK BORNEO,N.18,SEREMBU,198/18/12,SEGUBANG,473,0,,192/04/11,192/04/11,SEGUBANG,N.04,SEREMBU,P.192,MAS GADING,473,NO SHIFT,SHIFTED,0,
SARAWAK,P.198,PUNCAK BORNEO,N.18,SEREMBU,198/18/15,SOGO,899,P.198,PUNCAK BORNEO,N.18,SEREMBU,198/18/11,SOGO,899,0,,192/04/10,192/04/10,SOGO,N.04,SEREMBU,P.192,MAS GADING,899,NO SHIFT,SHIFTED,0,
SARAWAK,P.198,PUNCAK BORNEO,N.18,SEREMBU,198/18/16,RABAK ROTAN,718,P.198,PUNCAK BORNEO,N.18,SEREMBU,198/18/22,RABAK ROTAN,718,0,,192/04/21,192/04/21,RABAK ROTAN,N.04,SEREMBU,P.192,MAS GADING,718,NO SHIFT,SHIFTED,0,
SARAWAK,P.198,PUNCAK BORNEO,N.18,SEREMBU,198/18/17,PANGKALAN TEBANG,429,P.198,PUNCAK BORNEO,N.18,SEREMBU,198/18/21,PANGKALAN TEBANG,429,0,,192/04/20,192/04/20,PANGKALAN TEBANG,N.04,SEREMBU,P.192,MAS GADING,429,NO SHIFT,SHIFTED,0,
SARAWAK,P.198,PUNCAK BORNEO,N.18,SEREMBU,198/18/18,MONGGAK,917,P.198,PUNCAK BORNEO,N.18,SEREMBU,198/18/18,MONGGAK,917,0,,192/04/17,192/04/17,MONGGAK,N.04,SEREMBU,P.192,MAS GADING,917,NO SHIFT,SHIFTED,0,
SARAWAK,P.198,PUNCAK BORNEO,N.18,SEREMBU,198/18/19,BLIMBIN,553,P.198,PUNCAK BORNEO,N.18,SEREMBU,198/18/16,BLIMBIN,553,0,,192/04/15,192/04/15,BLIMBIN,N.04,SEREMBU,P.192,MAS GADING,553,NO SHIFT,SHIFTED,0,
SARAWAK,P.198,PUNCAK BORNEO,N.18,SEREMBU,198/18/20,GUMBANG,523,P.198,PUNCAK BORNEO,N.18,SEREMBU,198/18/20,GUMBANG,523,0,,192/04/19,192/04/19,GUMBANG,N.04,SEREMBU,P.192,MAS GADING,523,NO SHIFT,SHIFTED,0,
SARAWAK,P.198,PUNCAK BORNEO,N.18,SEREMBU,198/18/21,PADANG PAN,398,P.198,PUNCAK BORNEO,N.18,SEREMBU,198/18/19,PADANG PAN,398,0,,192/04/18,192/04/18,PADANG PAN,N.04,SEREMBU,P.192,MAS GADING,398,NO SHIFT,SHIFTED,0,
SARAWAK,P.198,PUNCAK BORNEO,N.18,SEREMBU,198/18/22,PUAK KROKONG,342,P.198,PUNCAK BORNEO,N.18,SEREMBU,198/18/15,PUAK KROKONG,342,0,,192/04/14,192/04/14,PUAK KROKONG,N.04,SEREMBU,P.192,MAS GADING,342,NO SHIFT,SHIFTED,0,
SARAWAK,P.198,PUNCAK BORNEO,N.19,MAMBONG,198/19/01,MAMBONG,1303,P.198,PUNCAK BORNEO,N.19,MAMBONG,198/19/27,MAMBONG,1303,0,,198/25/23,198/25/23,MAMBONG,N.25,MAMBONG,P.198,PUNCAK BORNEO,1303,NO SHIFT,NO SHIFT,0,
SARAWAK,P.198,PUNCAK BORNEO,N.19,MAMBONG,198/19/02,SIBURAN,10296,P.198,PUNCAK BORNEO,N.19,MAMBONG,198/19/32,SIBURAN,4792,5504,SIBURAN WAS SUBDIVIDED 463 VOTERS SHIFTED TO TIJIRAK,198/25/25,198/25/25,SIBURAN,N.25,MAMBONG,P.198,PUNCAK BORNEO,4792,NO SHIFT,NO SHIFT,0,
,,,,,,,,P.198,PUNCAK BORNEO,N.19,MAMBONG,198/19/33,SIBURAN VILLAGE,5041,-5041,ORIGINATED FROM SIBURAN,198/26/01,198/26/01,SIBURAN VILLAGE,N.26,SUNGAI SERIN,P.198,PUNCAK BORNEO,5041,SHIFTED,NO SHIFT,0,DUN SUNGAI SERIN IS A NEW DUN
SARAWAK,P.198,PUNCAK BORNEO,N.19,MAMBONG,198/19/03,BRAANG,764,P.198,PUNCAK BORNEO,N.19,MAMBONG,198/19/12,BRAANG,764,0,,198/26/10,198/26/10,BRAANG,N.26,SUNGAI SERIN,P.198,PUNCAK BORNEO,764,SHIFTED,NO SHIFT,0,DUN SUNGAI SERIN IS A NEW DUN
SARAWAK,P.198,PUNCAK BORNEO,N.19,MAMBONG,198/19/04,DURAS,847,P.198,PUNCAK BORNEO,N.19,MAMBONG,198/19/29,DURAS,847,0,,198/26/02,198/26/02,DURAS,N.26,SUNGAI SERIN,P.198,PUNCAK BORNEO,847,SHIFTED,NO SHIFT,0,DUN SUNGAI SERIN IS A NEW DUN
SARAWAK,P.198,PUNCAK BORNEO,N.19,MAMBONG,198/19/05,PULASAR,1696,P.198,PUNCAK BORNEO,N.19,MAMBONG,198/19/24,PULASAR,1696,0,,198/25/20,198/25/20,PULASAR,N.25,MAMBONG,P.198,PUNCAK BORNEO,1696,NO SHIFT,NO SHIFT,0,
SARAWAK,P.198,PUNCAK BORNEO,N.19,MAMBONG,198/19/06,NYIRU,637,P.198,PUNCAK BORNEO,N.19,MAMBONG,198/19/22,NYIRU,637,0,,198/25/18,198/25/18,NYIRU,N.25,MAMBONG,P.198,PUNCAK BORNEO,637,NO SHIFT,NO SHIFT,0,
SARAWAK,P.198,PUNCAK BORNEO,N.19,MAMBONG,198/19/07,GIAM,604,P.198,PUNCAK BORNEO,N.19,MAMBONG,198/19/21,GIAM,604,0,,198/25/17,198/25/17,GIAM,N.25,MAMBONG,P.198,PUNCAK BORNEO,604,NO SHIFT,NO SHIFT,0,
SARAWAK,P.198,PUNCAK BORNEO,N.19,MAMBONG,198/19/08,SIKOG,1200,P.198,PUNCAK BORNEO,N.19,MAMBONG,198/19/26,SIKOG,1200,0,,198/25/22,198/25/22,SIKOG,N.25,MAMBONG,P.198,PUNCAK BORNEO,1200,NO SHIFT,NO SHIFT,0,
SARAWAK,P.198,PUNCAK BORNEO,N.19,MAMBONG,198/19/09,STAANG,252,P.198,PUNCAK BORNEO,N.19,MAMBONG,198/19/19,STAANG,252,0,,198/25/15,198/25/15,STAANG,N.25,MAMBONG,P.198,PUNCAK BORNEO,252,NO SHIFT,NO SHIFT,0,
SARAWAK,P.198,PUNCAK BORNEO,N.19,MAMBONG,198/19/10,PETAG,514,P.198,PUNCAK BORNEO,N.19,MAMBONG,198/19/25,PETAG,514,0,,198/25/21,198/25/21,PETAG,N.25,MAMBONG,P.198,PUNCAK BORNEO,514,NO SHIFT,NO SHIFT,0,
SARAWAK,P.198,PUNCAK BORNEO,N.19,MAMBONG,198/19/11,BAYOR,265,P.198,PUNCAK BORNEO,N.19,MAMBONG,198/19/18,BAYOR,265,0,,198/25/13,198/25/13,BAYOR,N.25,MAMBONG,P.198,PUNCAK BORNEO,265,NO SHIFT,NO SHIFT,0,
SARAWAK,P.198,PUNCAK BORNEO,N.19,MAMBONG,198/19/12,JAMBU,619,P.198,PUNCAK BORNEO,N.19,MAMBONG,198/19/13,JAMBU,619,0,,198/25/08,198/25/08,JAMBU,N.25,MAMBONG,P.198,PUNCAK BORNEO,619,NO SHIFT,NO SHIFT,0,
SARAWAK,P.198,PUNCAK BORNEO,N.19,MAMBONG,198/19/13,SEMBAN,473,P.198,PUNCAK BORNEO,N.19,MAMBONG,198/19/09,SEMBAN,473,0,,198/25/05,198/25/05,SEMBAN,N.25,MAMBONG,P.198,PUNCAK BORNEO,473,NO SHIFT,NO SHIFT,0,
SARAWAK,P.198,PUNCAK BORNEO,N.19,MAMBONG,198/19/14,TEBIA,470,P.198,PUNCAK BORNEO,N.19,MAMBONG,,TEBIA,470,0,,198/25/06,198/25/06,TEBIA,N.25,MAMBONG,P.198,PUNCAK BORNEO,470,NO SHIFT,NO SHIFT,0,
SARAWAK,P.198,PUNCAK BORNEO,N.19,MAMBONG,198/19/15,DANU,268,P.198,PUNCAK BORNEO,N.19,MAMBONG,198/19/10,DANU,268,0,,198/25/10,198/25/10,DANU,N.25,MAMBONG,P.198,PUNCAK BORNEO,268,NO SHIFT,NO SHIFT,0,
SARAWAK,P.198,PUNCAK BORNEO,N.19,MAMBONG,198/19/16,TEMURANG,329,P.198,PUNCAK BORNEO,N.19,MAMBONG,198/19/11,TEMURANG,329,0,,198/25/07,198/25/07,TEMURANG,N.25,MAMBONG,P.198,PUNCAK BORNEO,329,NO SHIFT,NO SHIFT,0,
SARAWAK,P.198,PUNCAK BORNEO,N.19,MAMBONG,198/19/17,BENGOH,546,P.198,PUNCAK BORNEO,N.19,MAMBONG,198/19/14,BENGOH,546,0,,198/25/09,198/25/09,BENGOH,N.25,MAMBONG,P.198,PUNCAK BORNEO,546,NO SHIFT,NO SHIFT,0,
SARAWAK,P.198,PUNCAK BORNEO,N.19,MAMBONG,198/19/18,GERUNG,717,P.198,PUNCAK BORNEO,N.19,MAMBONG,198/19/17,GERUNG,717,0,,198/25/12,198/25/12,GERUNG,N.25,MAMBONG,P.198,PUNCAK BORNEO,717,NO SHIFT,NO SHIFT,0,
SARAWAK,P.198,PUNCAK BORNEO,N.19,MAMBONG,198/19/19,SEMADANG,593,P.198,PUNCAK BORNEO,N.19,MAMBONG,,SEMADANG,593,0,,198/25/11,198/25/11,SEMADANG,N.25,MAMBONG,P.198,PUNCAK BORNEO,593,NO SHIFT,NO SHIFT,0,
SARAWAK,P.198,PUNCAK BORNEO,N.19,MAMBONG,198/19/20,KARU,858,P.198,PUNCAK BORNEO,N.19,MAMBONG,198/19/16,KARU,858,0,,198/25/14,198/25/14,KARU,N.25,MAMBONG,P.198,PUNCAK BORNEO,858,NO SHIFT,NO SHIFT,0,
SARAWAK,P.198,PUNCAK BORNEO,N.19,MAMBONG,198/19/21,SERATAU,2164,P.198,PUNCAK BORNEO,N.19,MAMBONG,198/19/28,SERATAU,2164,0,,198/25/24,198/25/24,SERATAU,N.25,MAMBONG,P.198,PUNCAK BORNEO,2164,NO SHIFT,NO SHIFT,0,
SARAWAK,P.198,PUNCAK BORNEO,N.19,MAMBONG,198/19/22,PUNAU,1514,P.198,PUNCAK BORNEO,N.19,MAMBONG,198/19/23,PUNAU,1514,0,,198/25/19,198/25/19,PUNAU,N.25,MAMBONG,P.198,PUNCAK BORNEO,1514,NO SHIFT,NO SHIFT,0,
SARAWAK,P.198,PUNCAK BORNEO,N.19,MAMBONG,198/19/23,BUNUK,2047,P.198,PUNCAK BORNEO,N.19,MAMBONG,198/19/20,BUNUK,2047,0,,198/25/16,198/25/16,BUNUK,N.25,MAMBONG,P.198,PUNCAK BORNEO,2047,NO SHIFT,NO SHIFT,0,
SARAWAK,P.198,PUNCAK BORNEO,N.19,MAMBONG,198/19/24,BATU GONG,789,P.198,PUNCAK BORNEO,N.19,MAMBONG,,BATU GONG,789,0,,198/26/21,198/26/21,BATU GONG,N.26,SUNGAI SERIN,P.198,PUNCAK BORNEO,789,SHIFTED,NO SHIFT,0,DUN SUNGAI SERIN IS A NEW DUN
SARAWAK,P.198,PUNCAK BORNEO,N.19,MAMBONG,198/19/25,ANAH RAIS,691,P.198,PUNCAK BORNEO,N.19,MAMBONG,198/19/03,ANAH RAIS,691,0,,199/28/03,199/28/03,ANAH RAIS,N.28,TEBEDU,P.199,SERIAN,691,SHIFTED,SHIFTED,0,
SARAWAK,P.198,PUNCAK BORNEO,N.19,MAMBONG,198/19/26,SEPIT,772,P.198,PUNCAK BORNEO,N.19,MAMBONG,198/19/04,SEPIT,772,0,,198/25/01,198/25/01,SEPIT,N.25,MAMBONG,P.198,PUNCAK BORNEO,772,NO SHIFT,NO SHIFT,0,
SARAWAK,P.198,PUNCAK BORNEO,N.19,MAMBONG,198/19/27,KIDING,531,P.198,PUNCAK BORNEO,N.19,MAMBONG,198/19/06,KIDING,531,0,,198/25/04,198/25/04,KIDING,N.25,MAMBONG,P.198,PUNCAK BORNEO,531,NO SHIFT,NO SHIFT,0,
SARAWAK,P.198,PUNCAK BORNEO,N.19,MAMBONG,198/19/28,SIMUTI,544,P.198,PUNCAK BORNEO,N.19,MAMBONG,198/19/01,SIMUTI,544,0,,199/28/05,199/28/05,SIMUTI,N.28,TEBEDU,P.199,SERIAN,544,SHIFTED,SHIFTED,0,
SARAWAK,P.198,PUNCAK BORNEO,N.19,MAMBONG,198/19/29,MARAS,232,P.198,PUNCAK BORNEO,N.19,MAMBONG,198/19/05,MARAS,232,0,,198/25/02,198/25/02,MARAS,N.25,MAMBONG,P.198,PUNCAK BORNEO,232,NO SHIFT,NO SHIFT,0,
SARAWAK,P.198,PUNCAK BORNEO,N.19,MAMBONG,198/19/30,SADIR,473,P.198,PUNCAK BORNEO,N.19,MAMBONG,198/19/02,SADIR,473,0,,199/28/04,199/28/04,SADIR,N.28,TEBEDU,P.199,SERIAN,473,SHIFTED,SHIFTED,0,
SARAWAK,P.198,PUNCAK BORNEO,N.19,MAMBONG,198/19/31,PENGKALAN AMPAT,419,P.198,PUNCAK BORNEO,N.19,MAMBONG,198/19/07,PENGKALAN AMPAT,419,0,,198/25/03,198/25/03,PENGKALAN AMPAT,N.25,MAMBONG,P.198,PUNCAK BORNEO,419,NO SHIFT,NO SHIFT,0,
SARAWAK,P.198,PUNCAK BORNEO,N.19,MAMBONG,198/19/32,MASAAN,1873,P.198,PUNCAK BORNEO,N.19,MAMBONG,,MASAAN,1873,0,,198/26/03,198/26/03,MASAAN,N.26,SUNGAI SERIN,P.198,PUNCAK BORNEO,1873,SHIFTED,NO SHIFT,0,DUN SUNGAI SERIN IS A NEW DUN
SARAWAK,P.198,PUNCAK BORNEO,N.20,TARAT,198/20/01,TIJIRAK,1219,P.198,PUNCAK BORNEO,N.20,TARAT,198/20/18,TIJIRAK,1682,-463,463 VOTERS FROM SIBURAN SHIFTED TO TIJIRAK,198/26/04,198/26/04,TIJIRAK,N.26,SUNGAI SERIN,P.198,PUNCAK BORNEO,1682,SHIFTED,NO SHIFT,0,DUN SUNGAI SERIN IS A NEW DUN
SARAWAK,P.198,PUNCAK BORNEO,N.20,TARAT,198/20/02,PETUNG,1237,P.198,PUNCAK BORNEO,N.20,TARAT,198/20/17,PETUNG,1237,0,,198/26/05,198/26/05,PETUNG,N.26,SUNGAI SERIN,P.198,PUNCAK BORNEO,1237,SHIFTED,NO SHIFT,0,DUN SUNGAI SERIN IS A NEW DUN
SARAWAK,P.198,PUNCAK BORNEO,N.20,TARAT,198/20/03,TABUAN RABAK,428,P.198,PUNCAK BORNEO,N.20,TARAT,198/20/16,TABUAN RABAK,428,0,,198/26/06,198/26/06,TABUAN RABAK,N.26,SUNGAI SERIN,P.198,PUNCAK BORNEO,428,SHIFTED,NO SHIFT,0,DUN SUNGAI SERIN IS A NEW DUN
SARAWAK,P.198,PUNCAK BORNEO,N.20,TARAT,198/20/04,SIMPUK,1941,P.198,PUNCAK BORNEO,N.20,TARAT,198/20/14,SIMPUK,1941,0,,198/26/09,198/26/09,SIMPUK,N.26,SUNGAI SERIN,P.198,PUNCAK BORNEO,1941,SHIFTED,NO SHIFT,0,DUN SUNGAI SERIN IS A NEW DUN
SARAWAK,P.198,PUNCAK BORNEO,N.20,TARAT,198/20/05,SEKUDUK,895,P.198,PUNCAK BORNEO,N.20,TARAT,198/20/24,SEKUDUK,895,0,,198/26/17,198/26/17,SEKUDUK,N.26,SUNGAI SERIN,P.198,PUNCAK BORNEO,895,SHIFTED,NO SHIFT,0,DUN SUNGAI SERIN IS A NEW DUN
SARAWAK,P.198,PUNCAK BORNEO,N.20,TARAT,198/20/06,PANCHOR,1037,P.198,PUNCAK BORNEO,N.20,TARAT,198/20/25,PANCHOR,1037,0,,198/27/03,198/27/03,PANCHOR,N.27,BUNG SADUNG,P.198,PUNCAK BORNEO,1037,NO SHIFT,NO SHIFT,0,DUN TARAT RENAMED TO DUN BUNG SADUNG
SARAWAK,P.198,PUNCAK BORNEO,N.20,TARAT,198/20/07,PEKAN TARAT,480,P.198,PUNCAK BORNEO,N.20,TARAT,198/20/28,PEKAN TARAT,480,0,,198/27/10,198/27/10,PEKAN TARAT,N.27,BUNG SADUNG,P.198,PUNCAK BORNEO,480,NO SHIFT,NO SHIFT,0,DUN TARAT RENAMED TO DUN BUNG SADUNG
SARAWAK,P.198,PUNCAK BORNEO,N.20,TARAT,198/20/08,BAKI,1205,P.198,PUNCAK BORNEO,N.20,TARAT,198/20/29,BAKI,1205,0,,198/27/15,198/27/15,BAKI,N.27,BUNG SADUNG,P.198,PUNCAK BORNEO,1205,NO SHIFT,NO SHIFT,0,DUN TARAT RENAMED TO DUN BUNG SADUNG
SARAWAK,P.198,PUNCAK BORNEO,N.20,TARAT,198/20/09,AMPUNGAN,1291,P.198,PUNCAK BORNEO,N.20,TARAT,,AMPUNGAN,1291,0,,199/30/18,199/30/18,AMPUNGAN,N.30,BUKIT SEMUJA,P.199,SERIAN,1291,SHIFTED,SHIFTED,0,
SARAWAK,P.198,PUNCAK BORNEO,N.20,TARAT,198/20/10,TAPAH,3224,P.198,PUNCAK BORNEO,N.20,TARAT,198/20/20,TAPAH,3224,0,,198/26/19,198/26/19,TAPAH,N.26,SUNGAI SERIN,P.198,PUNCAK BORNEO,3224,SHIFTED,NO SHIFT,0,DUN SUNGAI SERIN IS A NEW DUN
SARAWAK,P.198,PUNCAK BORNEO,N.20,TARAT,198/20/11,MUNDAI,712,P.198,PUNCAK BORNEO,N.20,TARAT,198/20/21,MUNDAI,712,0,,198/26/07,198/26/07,MUNDAI,N.26,SUNGAI SERIN,P.198,PUNCAK BORNEO,712,SHIFTED,NO SHIFT,0,DUN SUNGAI SERIN IS A NEW DUN
SARAWAK,P.198,PUNCAK BORNEO,N.20,TARAT,198/20/12,BERATOK,2274,P.198,PUNCAK BORNEO,N.20,TARAT,,BERATOK,2274,0,,198/26/20,198/26/20,BERATOK,N.26,SUNGAI SERIN,P.198,PUNCAK BORNEO,2274,SHIFTED,NO SHIFT,0,DUN SUNGAI SERIN IS A NEW DUN
SARAWAK,P.198,PUNCAK BORNEO,N.20,TARAT,198/20/13,PESANG,1054,P.198,PUNCAK BORNEO,N.20,TARAT,198/20/09,PESANG,1054,0,,198/26/12,198/26/12,PESANG,N.26,SUNGAI SERIN,P.198,PUNCAK BORNEO,1054,SHIFTED,NO SHIFT,0,DUN SUNGAI SERIN IS A NEW DUN
SARAWAK,P.198,PUNCAK BORNEO,N.20,TARAT,198/20/14,GAYU,694,P.198,PUNCAK BORNEO,N.20,TARAT,198/20/10,GAYU,694,0,,198/26/11,198/26/11,GAYU,N.26,SUNGAI SERIN,P.198,PUNCAK BORNEO,694,SHIFTED,NO SHIFT,0,DUN SUNGAI SERIN IS A NEW DUN
SARAWAK,P.198,PUNCAK BORNEO,N.20,TARAT,198/20/15,SARIG,358,P.198,PUNCAK BORNEO,N.20,TARAT,198/20/15,SARIG,358,0,,198/26/08,198/26/08,SARIG,N.26,SUNGAI SERIN,P.198,PUNCAK BORNEO,358,SHIFTED,NO SHIFT,0,DUN SUNGAI SERIN IS A NEW DUN
SARAWAK,P.198,PUNCAK BORNEO,N.20,TARAT,198/20/16,SIRA,693,P.198,PUNCAK BORNEO,N.20,TARAT,198/20/07,SIRA,693,0,,198/27/06,198/27/06,SIRA,N.27,BUNG SADUNG,P.198,PUNCAK BORNEO,693,NO SHIFT,NO SHIFT,0,DUN TARAT RENAMED TO DUN BUNG SADUNG
SARAWAK,P.198,PUNCAK BORNEO,N.20,TARAT,198/20/17,TENG BUKAP,511,P.198,PUNCAK BORNEO,N.20,TARAT,,TENG BUKAP,511,0,,198/26/14,198/26/14,TENG BUKAP,N.26,SUNGAI SERIN,P.198,PUNCAK BORNEO,511,SHIFTED,NO SHIFT,0,DUN SUNGAI SERIN IS A NEW DUN
SARAWAK,P.198,PUNCAK BORNEO,N.20,TARAT,198/20/18,SUBANG,617,P.198,PUNCAK BORNEO,N.20,TARAT,198/20/08,SUBANG,617,0,,198/26/13,198/26/13,SUBANG,N.26,SUNGAI SERIN,P.198,PUNCAK BORNEO,617,SHIFTED,NO SHIFT,0,DUN SUNGAI SERIN IS A NEW DUN
SARAWAK,P.198,PUNCAK BORNEO,N.20,TARAT,198/20/19,STABUT,409,P.198,PUNCAK BORNEO,N.20,TARAT,198/20/12,STABUT,409,0,,198/26/16,198/26/16,STABUT,N.26,SUNGAI SERIN,P.198,PUNCAK BORNEO,409,SHIFTED,NO SHIFT,0,DUN SUNGAI SERIN IS A NEW DUN
SARAWAK,P.198,PUNCAK BORNEO,N.20,TARAT,198/20/20,PERAYA,565,P.198,PUNCAK BORNEO,N.20,TARAT,198/20/11,PERAYA,565,0,,198/26/15,198/26/15,PERAYA,N.26,SUNGAI SERIN,P.198,PUNCAK BORNEO,565,SHIFTED,NO SHIFT,0,DUN SUNGAI SERIN IS A NEW DUN
SARAWAK,P.198,PUNCAK BORNEO,N.20,TARAT,198/20/21,MAANG,779,P.198,PUNCAK BORNEO,N.20,TARAT,198/20/13,MAANG,779,0,,198/26/18,198/26/18,MAANG,N.26,SUNGAI SERIN,P.198,PUNCAK BORNEO,779,SHIFTED,NO SHIFT,0,DUN SUNGAI SERIN IS A NEW DUN
SARAWAK,P.198,PUNCAK BORNEO,N.20,TARAT,198/20/22,MERAKEP,530,P.198,PUNCAK BORNEO,N.20,TARAT,198/20/01,MERAKEP,530,0,,199/28/08,199/28/08,MERAKEP,N.28,TEBEDU,P.199,SERIAN,530,SHIFTED,SHIFTED,0,
SARAWAK,P.198,PUNCAK BORNEO,N.20,TARAT,198/20/23,BISIRA,229,P.198,PUNCAK BORNEO,N.20,TARAT,198/20/02,BISIRA,229,0,,199/28/06,199/28/06,BISIRA,N.28,TEBEDU,P.199,SERIAN,229,SHIFTED,SHIFTED,0,
SARAWAK,P.198,PUNCAK BORNEO,N.20,TARAT,198/20/24,DUNUK,474,P.198,PUNCAK BORNEO,N.20,TARAT,198/20/03,DUNUK,474,0,,199/28/07,199/28/07,DUNUK,N.28,TEBEDU,P.199,SERIAN,474,SHIFTED,SHIFTED,0,
SARAWAK,P.198,PUNCAK BORNEO,N.20,TARAT,198/20/25,SEMARU,324,P.198,PUNCAK BORNEO,N.20,TARAT,198/20/04,SEMARU,324,0,,199/28/02,199/28/02,SEMARU,N.28,TEBEDU,P.199,SERIAN,324,SHIFTED,SHIFTED,0,
SARAWAK,P.198,PUNCAK BORNEO,N.20,TARAT,198/20/26,BELIMBING,567,P.198,PUNCAK BORNEO,N.20,TARAT,198/20/05,BELIMBING,567,0,,199/28/01,199/28/01,BELIMBING,N.28,TEBEDU,P.199,SERIAN,567,SHIFTED,SHIFTED,0,
SARAWAK,P.198,PUNCAK BORNEO,N.20,TARAT,198/20/27,RETOH,419,P.198,PUNCAK BORNEO,N.20,TARAT,198/20/22,RETOH,419,0,,198/27/01,198/27/01,RETOH,N.27,BUNG SADUNG,P.198,PUNCAK BORNEO,419,NO SHIFT,NO SHIFT,0,DUN TARAT RENAMED TO DUN BUNG SADUNG
SARAWAK,P.198,PUNCAK BORNEO,N.20,TARAT,198/20/28,SUNGAI BARIE,1451,P.198,PUNCAK BORNEO,N.20,TARAT,,SUNGAI BARIE,1451,0,,198/27/02,198/27/02,SUNGAI BARIE,N.27,BUNG SADUNG,P.198,PUNCAK BORNEO,1451,NO SHIFT,NO SHIFT,0,DUN TARAT RENAMED TO DUN BUNG SADUNG
SARAWAK,P.198,PUNCAK BORNEO,N.20,TARAT,198/20/29,TARAT BARU,1570,P.198,PUNCAK BORNEO,N.20,TARAT,198/20/27,TARAT BARU,1570,0,,198/27/11,198/27/11,TARAT BARU,N.27,BUNG SADUNG,P.198,PUNCAK BORNEO,1570,NO SHIFT,NO SHIFT,0,DUN TARAT RENAMED TO DUN BUNG SADUNG
SARAWAK,P.198,PUNCAK BORNEO,N.20,TARAT,198/20/30,MUNGGU LALANG,1248,P.198,PUNCAK BORNEO,N.20,TARAT,198/20/26,MUNGGU LALANG,1248,0,,198/27/09,198/27/09,MUNGGU LALANG,N.27,BUNG SADUNG,P.198,PUNCAK BORNEO,1248,NO SHIFT,NO SHIFT,0,DUN TARAT RENAMED TO DUN BUNG SADUNG
SARAWAK,P.198,PUNCAK BORNEO,N.20,TARAT,198/20/31,RAYANG,2030,P.198,PUNCAK BORNEO,N.20,TARAT,198/20/30,RAYANG,2030,0,,198/27/14,198/27/14,RAYANG,N.27,BUNG SADUNG,P.198,PUNCAK BORNEO,2030,NO SHIFT,NO SHIFT,0,DUN TARAT RENAMED TO DUN BUNG SADUNG
SARAWAK,P.198,PUNCAK BORNEO,N.20,TARAT,198/20/32,SEBEMBAN,385,P.198,PUNCAK BORNEO,N.20,TARAT,198/20/31,SEBEMBAN,385,0,,198/27/16,198/27/16,SEBEMBAN,N.27,BUNG SADUNG,P.198,PUNCAK BORNEO,385,NO SHIFT,NO SHIFT,0,DUN TARAT RENAMED TO DUN BUNG SADUNG
SARAWAK,P.198,PUNCAK BORNEO,N.20,TARAT,198/20/33,TANAH PUTEH,772,P.198,PUNCAK BORNEO,N.20,TARAT,198/20/32,TANAH PUTEH,772,0,,198/27/17,198/27/17,TANAH PUTEH,N.27,BUNG SADUNG,P.198,PUNCAK BORNEO,772,NO SHIFT,NO SHIFT,0,DUN TARAT RENAMED TO DUN BUNG SADUNG
SARAWAK,P.199,SERIAN,N.21,TEBEDU,199/21/01,BENTANG,3779,P.199,SERIAN,N.21,TEBEDU,199/21/03,BENTANG,1587,2192,BENTANG WAS SUBDIVIDED,198/27/08,198/27/08,BENTANG,N.27,BUNG SADUNG,P.198,PUNCAK BORNEO,1587,SHIFTED,SHIFTED,0,
,,,,,,,,P.199,SERIAN,N.21,TEBEDU,199/21/01,TAEE,1762,-1762,ORIGINATED FROM BENTANG,198/27/04,198/27/04,TAEE,N.27,BUNG SADUNG,P.198,PUNCAK BORNEO,1762,SHIFTED,SHIFTED,0,
,,,,,,,,P.199,SERIAN,N.21,TEBEDU,199/21/02,PLAMAN NYABET,430,-430,ORIGINATED FROM BENTANG,198/27/05,198/27/05,PLAMAN NYABET,N.27,BUNG SADUNG,P.198,PUNCAK BORNEO,430,SHIFTED,SHIFTED,0,
SARAWAK,P.199,SERIAN,N.21,TEBEDU,199/21/02,LANCHANG,2360,P.199,SERIAN,N.21,TEBEDU,199/21/04,LANCHANG,792,1568,LANCHANG WAS SUBDIVIDED,198/27/07,198/27/07,LANCHANG,N.27,BUNG SADUNG,P.198,PUNCAK BORNEO,792,SHIFTED,SHIFTED,0,
,,,,,,,,P.199,SERIAN,N.21,TEBEDU,199/21/06,PICHIN,1568,-1568,ORIGINATED FROM LANCHANG,199/28/30,199/28/30,PICHIN,N.28,TEBEDU,P.199,SERIAN,1568,NO SHIFT,NO SHIFT,0,
SARAWAK,P.199,SERIAN,N.21,TEBEDU,199/21/03,TEBEDU,7313,P.199,SERIAN,N.21,TEBEDU,199/21/25,TEBEDU,1624,5689,TEBEDU WAS SUBDIVIDED,199/28/15,199/28/15,TEBEDU,N.28,TEBEDU,P.199,SERIAN,1624,NO SHIFT,NO SHIFT,0,
,,,,,,,,P.199,SERIAN,N.21,TEBEDU,199/21/08,TUBIH,1105,-1105,ORIGINATED FROM TEBEDU,199/28/09,199/28/09,TUBIH,N.28,TEBEDU,P.199,SERIAN,1105,NO SHIFT,NO SHIFT,0,
,,,,,,,,P.199,SERIAN,N.21,TEBEDU,199/21/09,SEJIJAK,563,-563,ORIGINATED FROM TEBEDU,199/28/10,199/28/10,SEJIJAK,N.28,TEBEDU,P.199,SERIAN,563,NO SHIFT,NO SHIFT,0,
,,,,,,,,P.199,SERIAN,N.21,TEBEDU,199/21/27,TEPOI,503,-503,ORIGINATED FROM TEBEDU,199/28/11,199/28/11,TEPOI,N.28,TEBEDU,P.199,SERIAN,503,NO SHIFT,NO SHIFT,0,
,,,,,,,,P.199,SERIAN,N.21,TEBEDU,199/21/26,TEMONG,1672,-1672,ORIGINATED FROM TEBEDU,199/28/12,199/28/12,TEMONG,N.28,TEBEDU,P.199,SERIAN,1672,NO SHIFT,NO SHIFT,0,
,,,,,,,,P.199,SERIAN,N.21,TEBEDU,199/21/10,SUNGAN,449,-449,ORIGINATED FROM TEBEDU,199/28/13,199/28/13,SUNGAN,N.28,TEBEDU,P.199,SERIAN,449,NO SHIFT,NO SHIFT,0,
,,,,,,,,P.199,SERIAN,N.21,TEBEDU,199/21/11,TEMA,765,-765,ORIGINATED FROM TEBEDU,199/28/14,199/28/14,TEMA,N.28,TEBEDU,P.199,SERIAN,765,NO SHIFT,NO SHIFT,0,
,,,,,,,,P.199,SERIAN,N.21,TEBEDU,199/21/24,ENTUBUH,632,-632,ORIGINATED FROM TEBEDU,199/28/16,199/28/16,ENTUBUH,N.28,TEBEDU,P.199,SERIAN,632,NO SHIFT,NO SHIFT,0,
SARAWAK,P.199,SERIAN,N.21,TEBEDU,199/21/04,AMO,4916,P.199,SERIAN,N.21,TEBEDU,199/21/21,AMO,209,4707,AMO WAS SUBDIVIDED,199/28/22,199/28/22,AMO,N.28,TEBEDU,P.199,SERIAN,209,NO SHIFT,NO SHIFT,0,
,,,,,,,,P.199,SERIAN,N.21,TEBEDU,199/21/23,TESU,670,-670,ORIGINATED FROM AMO,199/28/17,199/28/17,TESU,N.28,TEBEDU,P.199,SERIAN,670,NO SHIFT,NO SHIFT,0,
,,,,,,,,P.199,SERIAN,N.21,TEBEDU,199/21/20,KUJANG MAWANG,415,-415,ORIGINATED FROM AMO,199/28/18,199/28/18,KUJANG MAWANG,N.28,TEBEDU,P.199,SERIAN,415,NO SHIFT,NO SHIFT,0,
,,,,,,,,P.199,SERIAN,N.21,TEBEDU,199/21/19,KUJANG SAIN,338,-338,ORIGINATED FROM AMO,199/28/19,199/28/19,KUJANG SAIN,N.28,TEBEDU,P.199,SERIAN,338,NO SHIFT,NO SHIFT,0,
,,,,,,,,P.199,SERIAN,N.21,TEBEDU,199/21/18,DAHA KISAU,564,-564,ORIGINATED FROM AMO,199/28/20,199/28/20,DAHA KISAU,N.28,TEBEDU,P.199,SERIAN,564,NO SHIFT,NO SHIFT,0,
,,,,,,,,P.199,SERIAN,N.21,TEBEDU,199/21/17,DAHA SEROBAN,492,-492,ORIGINATED FROM AMO,199/28/21,199/28/21,DAHA SEROBAN,N.28,TEBEDU,P.199,SERIAN,492,NO SHIFT,NO SHIFT,0,
,,,,,,,,P.199,SERIAN,N.21,TEBEDU,199/21/22,GAHAT MAWANG,534,-534,ORIGINATED FROM AMO,199/28/23,199/28/23,GAHAT MAWANG,N.28,TEBEDU,P.199,SERIAN,534,NO SHIFT,NO SHIFT,0,
,,,,,,,,P.199,SERIAN,N.21,TEBEDU,199/21/13,BIDAK,582,-582,ORIGINATED FROM AMO,199/28/27,199/28/27,BIDAK,N.28,TEBEDU,P.199,SERIAN,582,NO SHIFT,NO SHIFT,0,
,,,,,,,,P.199,SERIAN,N.21,TEBEDU,199/21/12,MAWANG TAUP,534,-534,ORIGINATED FROM AMO,199/28/28,199/28/28,MAWANG TAUP,N.28,TEBEDU,P.199,SERIAN,534,NO SHIFT,NO SHIFT,0,
,,,,,,,,P.199,SERIAN,N.21,TEBEDU,199/21/07,RETEH,578,-578,ORIGINATED FROM AMO,199/28/29,199/28/29,RETEH,N.28,TEBEDU,P.199,SERIAN,578,NO SHIFT,NO SHIFT,0,
SARAWAK,P.199,SERIAN,N.21,TEBEDU,199/21/05,MENGARAT,2916,,,,,,,,2916,MENGARAT WAS SUBDIVIDED AND ABOLISHED,,,,,,,,,,,0,
,,,,,,,,P.199,SERIAN,N.21,TEBEDU,199/21/16,LOBANG BATU,993,-993,ORIGINATED FROM MENGARAT,199/28/24,199/28/24,LOBANG BATU,N.28,TEBEDU,P.199,SERIAN,993,NO SHIFT,NO SHIFT,0,
,,,,,,,,P.199,SERIAN,N.21,TEBEDU,199/21/15,SEBINTIN,453,-453,ORIGINATED FROM MENGARAT,199/28/25,199/28/25,SEBINTIN,N.28,TEBEDU,P.199,SERIAN,453,NO SHIFT,NO SHIFT,0,
,,,,,,,,P.199,SERIAN,N.21,TEBEDU,199/21/14,PAYAU,579,-579,ORIGINATED FROM MENGARAT,199/28/26,199/28/26,PAYAU,N.28,TEBEDU,P.199,SERIAN,579,NO SHIFT,NO SHIFT,0,
,,,,,,,,P.199,SERIAN,N.21,TEBEDU,,KRUSEN,891,-891,ORIGINATED FROM MENGARAT,199/28/31,199/28/31,KRUSEN,N.28,TEBEDU,P.199,SERIAN,891,NO SHIFT,NO SHIFT,0,
SARAWAK,P.199,SERIAN,N.22,KEDUP,199/22/01,SIBAUH,6423,,,,,,,,6423,SIBAUH WAS SUBDIVIDED AND ABOLISHED,,,,,,,,,,,0,
,,,,,,,,P.199,SERIAN,N.22,KEDUP,199/22/01,SANGAI MERINGU,747,-747,ORIGINATED FROM SIBAUH,199/29/01,199/29/01,SANGAI MERINGU,N.29,KEDUP,P.199,SERIAN,747,NO SHIFT,NO SHIFT,0,
,,,,,,,,P.199,SERIAN,N.22,KEDUP,199/22/02,PRANGKAN,373,-373,ORIGINATED FROM SIBAUH,199/29/02,199/29/02,PRANGKAN,N.29,KEDUP,P.199,SERIAN,373,NO SHIFT,NO SHIFT,0,
,,,,,,,,P.199,SERIAN,N.22,KEDUP,199/22/03,ENGKEROH,866,-866,ORIGINATED FROM SIBAUH,199/29/03,199/29/03,ENGKEROH,N.29,KEDUP,P.199,SERIAN,866,NO SHIFT,NO SHIFT,0,
,,,,,,,,P.199,SERIAN,N.22,KEDUP,199/22/04,BUGU,565,-565,ORIGINATED FROM SIBAUH,199/29/04,199/29/04,BUGU,N.29,KEDUP,P.199,SERIAN,565,NO SHIFT,NO SHIFT,0,
,,,,,,,,P.199,SERIAN,N.22,KEDUP,199/22/05,PRIDAN,1025,-1025,ORIGINATED FROM SIBAUH,199/29/05,199/29/05,PRIDAN,N.29,KEDUP,P.199,SERIAN,1025,NO SHIFT,NO SHIFT,0,
,,,,,,,,P.199,SERIAN,N.22,KEDUP,199/22/12,MUBOK BERAWAN,577,-577,ORIGINATED FROM SIBAUH,199/29/14,199/29/14,MUBOK BERAWAN,N.29,KEDUP,P.199,SERIAN,577,NO SHIFT,NO SHIFT,0,
,,,,,,,,P.199,SERIAN,N.22,KEDUP,199/22/13,MAYANG MAWANG,494,-494,ORIGINATED FROM SIBAUH,199/29/15,199/29/15,MAYANG MAWANG,N.29,KEDUP,P.199,SERIAN,494,NO SHIFT,NO SHIFT,0,
,,,,,,,,P.199,SERIAN,N.22,KEDUP,199/22/14,MAYANG KAWAN,668,-668,ORIGINATED FROM SIBAUH,199/29/16,199/29/16,MAYANG KAWAN,N.29,KEDUP,P.199,SERIAN,668,NO SHIFT,NO SHIFT,0,
,,,,,,,,P.199,SERIAN,N.22,KEDUP,199/22/15,MENTONG MERAU,600,-600,ORIGINATED FROM SIBAUH,199/29/17,199/29/17,MENTONG MERAU,N.29,KEDUP,P.199,SERIAN,600,NO SHIFT,NO SHIFT,0,
,,,,,,,,P.199,SERIAN,N.22,KEDUP,,SUNGAI RIMU,508,-508,ORIGINATED FROM SIBAUH,199/29/18,199/29/18,SUNGAI RIMU,N.29,KEDUP,P.199,SERIAN,508,NO SHIFT,NO SHIFT,0,
SARAWAK,P.199,SERIAN,N.22,KEDUP,199/22/02,MONGKOS,4855,P.199,SERIAN,N.22,KEDUP,199/22/21,MONGKOS,919,3936,MONGKOS WAS SUBDIVIDED,199/29/24,199/29/24,MONGKOS,N.29,KEDUP,P.199,SERIAN,919,NO SHIFT,NO SHIFT,0,
,,,,,,,,P.199,SERIAN,N.22,KEDUP,199/22/18,TONG NIBONG,425,-425,ORIGINATED FROM MONGKOS,199/29/20,199/29/20,TONG NIBONG,N.29,KEDUP,P.199,SERIAN,425,NO SHIFT,NO SHIFT,0,
,,,,,,,,P.199,SERIAN,N.22,KEDUP,199/22/16,PAON GAHAT,517,-517,ORIGINATED FROM MONGKOS,199/29/21,199/29/21,PAON GAHAT,N.29,KEDUP,P.199,SERIAN,517,NO SHIFT,NO SHIFT,0,
,,,,,,,,P.199,SERIAN,N.22,KEDUP,199/22/20,MENTU TAPU,1033,-1033,ORIGINATED FROM MONGKOS,199/29/22,199/29/22,MENTU TAPU,N.29,KEDUP,P.199,SERIAN,1033,NO SHIFT,NO SHIFT,0,
,,,,,,,,P.199,SERIAN,N.22,KEDUP,199/22/24,MENTU PUNDOK,940,-940,ORIGINATED FROM MONGKOS,199/29/23,199/29/23,MENTU PUNDOK,N.29,KEDUP,P.199,SERIAN,940,NO SHIFT,NO SHIFT,0,
,,,,,,,,P.199,SERIAN,N.22,KEDUP,199/22/22,MUJAT,1021,-1021,ORIGINATED FROM MONGKOS,199/29/25,199/29/25,MUJAT,N.29,KEDUP,P.199,SERIAN,1021,NO SHIFT,NO SHIFT,0,
SARAWAK,P.199,SERIAN,N.22,KEDUP,199/22/03,KEDUP,3462,,,,,,,,3462,KEDUP WAS SUBDIVIDED AND ABOLISHED,,,,,,,,,,,0,
,,,,,,,,P.199,SERIAN,N.22,KEDUP,199/22/25,TERBAT,620,-620,ORIGINATED FROM KEDUP,199/29/27,199/29/27,TERBAT,N.29,KEDUP,P.199,SERIAN,620,NO SHIFT,NO SHIFT,0,
,,,,,,,,P.199,SERIAN,N.22,KEDUP,199/22/23,BUNAN GEGA,1718,-1718,ORIGINATED FROM KEDUP,199/29/26,199/29/26,BUNAN GEGA,N.29,KEDUP,P.199,SERIAN,1718,NO SHIFT,NO SHIFT,0,
,,,,,,,,P.199,SERIAN,N.22,KEDUP,199/22/26,MAPU,1124,-1124,ORIGINATED FROM KEDUP,199/29/28,199/29/28,MAPU,N.29,KEDUP,P.199,SERIAN,1124,NO SHIFT,NO SHIFT,0,
SARAWAK,P.199,SERIAN,N.22,KEDUP,199/22/04,ANTAYAN,5186,P.199,SERIAN,N.22,KEDUP,199/22/08,ANTAYAN,753,4433,ANTAYAN WAS SUBDIVIDED,199/29/10,199/29/10,ANTAYAN,N.29,KEDUP,P.199,SERIAN,753,NO SHIFT,NO SHIFT,0,
,,,,,,,,P.199,SERIAN,N.22,KEDUP,199/22/06,SUMPAS TAMPEK,273,-273,ORIGINATED FROM ANTAYAN,199/29/06,199/29/06,SUMPAS TAMPEK,N.29,KEDUP,P.199,SERIAN,273,NO SHIFT,NO SHIFT,0,
,,,,,,,,P.199,SERIAN,N.22,KEDUP,199/22/07,SEMUKOI,871,-871,ORIGINATED FROM ANTAYAN,199/29/07,199/29/07,SEMUKOI,N.29,KEDUP,P.199,SERIAN,871,NO SHIFT,NO SHIFT,0,
,,,,,,,,P.199,SERIAN,N.22,KEDUP,199/22/09,JUNGGU MAWANG,903,-903,ORIGINATED FROM ANTAYAN,199/29/11,199/29/11,JUNGGU MAWANG,N.29,KEDUP,P.199,SERIAN,903,NO SHIFT,NO SHIFT,0,
,,,,,,,,P.199,SERIAN,N.22,KEDUP,199/22/10,SUNGAI ENGKABANG,950,-950,ORIGINATED FROM ANTAYAN,199/29/12,199/29/12,SUNGAI ENGKABANG,N.29,KEDUP,P.199,SERIAN,950,NO SHIFT,NO SHIFT,0,
,,,,,,,,P.199,SERIAN,N.22,KEDUP,199/22/11,KRAIT,500,-500,ORIGINATED FROM ANTAYAN,199/29/13,199/29/13,KRAIT,N.29,KEDUP,P.199,SERIAN,500,NO SHIFT,NO SHIFT,0,
,,,,,,,,P.199,SERIAN,N.22,KEDUP,199/22/17,KERANGAN,936,-936,ORIGINATED FROM ANTAYAN,199/29/19,199/29/19,KERANGAN,N.29,KEDUP,P.199,SERIAN,936,NO SHIFT,NO SHIFT,0,
SARAWAK,P.199,SERIAN,N.23,BUKIT SEMUJA,199/23/01,SEDIHAN,5371,P.199,SERIAN,N.23,BUKIT SEMUJA,199/23/04,SEDIHAN,1279,4092,SEDIHAN WAS SUBDIVIDED,199/30/05,199/30/05,SEDIHAN,N.30,BUKIT SEMUJA,P.199,SERIAN,1279,NO SHIFT,NO SHIFT,0,
,,,,,,,,P.199,SERIAN,N.23,BUKIT SEMUJA,,TEBAKANG,1100,-1100,ORIGINATED FROM SEDIHAN,199/30/04,199/30/04,TEBAKANG,N.30,BUKIT SEMUJA,P.199,SERIAN,1100,NO SHIFT,NO SHIFT,0,
,,,,,,,,P.199,SERIAN,N.23,BUKIT SEMUJA,199/23/24,KORAN,1748,-1748,ORIGINATED FROM SEDIHAN,199/30/06,199/30/06,KORAN,N.30,BUKIT SEMUJA,P.199,SERIAN,1748,NO SHIFT,NO SHIFT,0,
,,,,,,,,P.199,SERIAN,N.23,BUKIT SEMUJA,,SORAK DAYAK,930,-930,ORIGINATED FROM SEDIHAN,199/30/07,199/30/07,SORAK DAYAK,N.30,BUKIT SEMUJA,P.199,SERIAN,930,NO SHIFT,NO SHIFT,0,
,,,,,,,,P.199,SERIAN,N.23,BUKIT SEMUJA,199/23/07,SORAK MELAYU,314,-314,ORIGINATED FROM SEDIHAN,199/30/08,199/30/08,SORAK MELAYU,N.30,BUKIT SEMUJA,P.199,SERIAN,314,NO SHIFT,NO SHIFT,0,
SARAWAK,P.199,SERIAN,N.23,BUKIT SEMUJA,199/23/02,TRIBOH,5200,P.199,SERIAN,N.23,BUKIT SEMUJA,199/23/21,TRIBOH,869,4331,TRIBOH WAS SUBDIVIDED,199/29/09,199/29/09,TRIBOH,N.29,KEDUP,P.199,SERIAN,869,SHIFTED,NO SHIFT,0,
,,,,,,,,P.199,SERIAN,N.23,BUKIT SEMUJA,199/23/22,PANGKALAN BEDUP,736,-736,ORIGINATED FROM TRIBOH,199/29/08,199/29/08,PANGKALAN BEDUP,N.29,KEDUP,P.199,SERIAN,736,SHIFTED,NO SHIFT,0,
,,,,,,,,P.199,SERIAN,N.23,BUKIT SEMUJA,199/23/23,MERIAN,1557,-1557,ORIGINATED FROM TRIBOH,199/30/10,199/30/10,MERIAN,N.30,BUKIT SEMUJA,P.199,SERIAN,1557,NO SHIFT,NO SHIFT,0,
,,,,,,,,P.199,SERIAN,N.23,BUKIT SEMUJA,199/23/18,LEBOR REMUN,1541,-1541,ORIGINATED FROM TRIBOH,199/30/19,199/30/19,LEBOR REMUN,N.30,BUKIT SEMUJA,P.199,SERIAN,1541,NO SHIFT,NO SHIFT,0,
,,,,,,,,P.199,SERIAN,N.23,BUKIT SEMUJA,199/23/19,KUALA,200,-200,ORIGINATED FROM TRIBOH,199/30/20,199/30/20,KUALA,N.30,BUKIT SEMUJA,P.199,SERIAN,200,NO SHIFT,NO SHIFT,0,
,,,,,,,,P.199,SERIAN,N.23,BUKIT SEMUJA,199/23/20,MERAKAI,297,-297,ORIGINATED FROM TRIBOH,199/30/21,199/30/21,MERAKAI,N.30,BUKIT SEMUJA,P.199,SERIAN,297,NO SHIFT,NO SHIFT,0,
SARAWAK,P.199,SERIAN,N.23,BUKIT SEMUJA,199/23/03,SELABI,7542,P.199,SERIAN,N.23,BUKIT SEMUJA,199/23/06,SELABI,1059,6483,SELABI WAS SUBDIVIDED,199/30/09,199/30/09,SELABI,N.30,BUKIT SEMUJA,P.199,SERIAN,1059,NO SHIFT,NO SHIFT,0,
,,,,,,,,P.199,SERIAN,N.23,BUKIT SEMUJA,199/23/01,TANGGA,1680,-1680,ORIGINATED FROM SELABI,199/30/01,199/30/01,TANGGA,N.30,BUKIT SEMUJA,P.199,SERIAN,1680,NO SHIFT,NO SHIFT,0,
,,,,,,,,P.199,SERIAN,N.23,BUKIT SEMUJA,199/23/02,RIIH MAWANG,974,-974,ORIGINATED FROM SELABI,199/30/02,199/30/02,RIIH MAWANG,N.30,BUKIT SEMUJA,P.199,SERIAN,974,NO SHIFT,NO SHIFT,0,
,,,,,,,,P.199,SERIAN,N.23,BUKIT SEMUJA,199/23/03,RIIH DASO,981,-981,ORIGINATED FROM SELABI,199/30/03,199/30/03,RIIH DASO,N.30,BUKIT SEMUJA,P.199,SERIAN,981,NO SHIFT,NO SHIFT,0,
,,,,,,,,P.199,SERIAN,N.23,BUKIT SEMUJA,,KAMPUNG RASAU,850,-850,ORIGINATED FROM SELABI,199/30/11,199/30/11,KAMPUNG RASAU,N.30,BUKIT SEMUJA,P.199,SERIAN,850,NO SHIFT,NO SHIFT,0,
,,,,,,,,P.199,SERIAN,N.23,BUKIT SEMUJA,,SEROBAN,613,-613,ORIGINATED FROM SELABI,199/30/12,199/30/12,SEROBAN,N.30,BUKIT SEMUJA,P.199,SERIAN,613,NO SHIFT,NO SHIFT,0,
,,,,,,,,P.199,SERIAN,N.23,BUKIT SEMUJA,,RANCHAN,291,-291,ORIGINATED FROM SELABI,199/30/13,199/30/13,RANCHAN,N.30,BUKIT SEMUJA,P.199,SERIAN,291,NO SHIFT,NO SHIFT,0,
,,,,,,,,P.199,SERIAN,N.23,BUKIT SEMUJA,,MUNGGU LIMO,1094,-1094,ORIGINATED FROM SELABI,199/30/14,199/30/14,MUNGGU LIMO,N.30,BUKIT SEMUJA,P.199,SERIAN,1094,NO SHIFT,NO SHIFT,0,
SARAWAK,P.199,SERIAN,N.23,BUKIT SEMUJA,199/23/04,PASAR SERIAN,5411,P.199,SERIAN,N.23,BUKIT SEMUJA,,PASAR SERIAN,5411,0,,198/27/13,198/27/13,PASAR SERIAN,N.27,BUNG SADUNG,P.198,PUNCAK BORNEO,5411,SHIFTED,SHIFTED,0,
SARAWAK,P.199,SERIAN,N.23,BUKIT SEMUJA,199/23/05,KAKAI,884,P.199,SERIAN,N.23,BUKIT SEMUJA,,KAKAI,884,0,,198/27/12,198/27/12,KAKAI,N.27,BUNG SADUNG,P.198,PUNCAK BORNEO,884,SHIFTED,SHIFTED,0,
SARAWAK,P.199,SERIAN,N.23,BUKIT SEMUJA,199/23/06,SERIAN HULU,2353,P.199,SERIAN,N.23,BUKIT SEMUJA,,SERIAN HULU,1090,1263,SERIAN HULU WAS SUBDIVIDED,199/30/15,199/30/15,SERIAN HULU,N.30,BUKIT SEMUJA,P.199,SERIAN,1090,NO SHIFT,NO SHIFT,0,
,,,,,,,,P.199,SERIAN,N.23,BUKIT SEMUJA,,GOVERNMENT RESIDENTIAL AREA SERIAN,157,-157,ORIGINATED FROM SERIAN HULU,199/30/16,199/30/16,GOVERNMENT RESIDENTIAL AREA SERIAN,N.30,BUKIT SEMUJA,P.199,SERIAN,157,NO SHIFT,NO SHIFT,0,
,,,,,,,,P.199,SERIAN,N.23,BUKIT SEMUJA,,SERIAN HILIR,1106,-1106,ORIGINATED FROM SERIAN HULU,199/30/17,199/30/17,SERIAN HILIR,N.30,BUKIT SEMUJA,P.199,SERIAN,1106,NO SHIFT,NO SHIFT,0,
SARAWAK,P.200,BATANG SADONG,N.24,SADONG JAYA,200/24/01,SEPAYOR,413,P.200,BATANG SADONG,N.24,SADONG JAYA,200/24/01,SEPAYOR,413,0,,200/33/01,200/33/01,SEPAYOR,N.33,SADONG JAYA,P.200,BATANG SADONG,413,NO SHIFT,NO SHIFT,0,
SARAWAK,P.200,BATANG SADONG,N.24,SADONG JAYA,200/24/02,SEMERA,3554,P.200,BATANG SADONG,N.24,SADONG JAYA,200/24/02,SEMERA,3554,0,,200/33/02,200/33/02,SEMERA,N.33,SADONG JAYA,P.200,BATANG SADONG,3554,NO SHIFT,NO SHIFT,0,
SARAWAK,P.200,BATANG SADONG,N.24,SADONG JAYA,200/24/03,JEMUKAN,1364,P.200,BATANG SADONG,N.24,SADONG JAYA,200/24/03,JEMUKAN,1364,0,,200/33/03,200/33/03,JEMUKAN,N.33,SADONG JAYA,P.200,BATANG SADONG,1364,NO SHIFT,NO SHIFT,0,
SARAWAK,P.200,BATANG SADONG,N.24,SADONG JAYA,200/24/04,JEMUKAN ULU,588,P.200,BATANG SADONG,N.24,SADONG JAYA,200/24/04,JEMUKAN ULU,588,0,,200/33/04,200/33/04,JEMUKAN ULU,N.33,SADONG JAYA,P.200,BATANG SADONG,588,NO SHIFT,NO SHIFT,0,
SARAWAK,P.200,BATANG SADONG,N.24,SADONG JAYA,200/24/05,SADONG JAYA,1615,P.200,BATANG SADONG,N.24,SADONG JAYA,,SADONG JAYA,1615,0,,200/33/08,200/33/08,SADONG JAYA,N.33,SADONG JAYA,P.200,BATANG SADONG,1615,NO SHIFT,NO SHIFT,0,
SARAWAK,P.200,BATANG SADONG,N.24,SADONG JAYA,200/24/06,SADONG JAYA ULU,343,P.200,BATANG SADONG,N.24,SADONG JAYA,,SADONG JAYA ULU,343,0,,200/33/09,200/33/09,SADONG JAYA ULU,N.33,SADONG JAYA,P.200,BATANG SADONG,343,NO SHIFT,NO SHIFT,0,
SARAWAK,P.200,BATANG SADONG,N.24,SADONG JAYA,200/24/07,JAIE,1416,P.200,BATANG SADONG,N.24,SADONG JAYA,,JAIE,1416,0,,200/33/05,200/33/05,JAIE,N.33,SADONG JAYA,P.200,BATANG SADONG,1416,NO SHIFT,NO SHIFT,0,
SARAWAK,P.200,BATANG SADONG,N.24,SADONG JAYA,200/24/08,IBOI,835,P.200,BATANG SADONG,N.24,SADONG JAYA,,IBOI,835,0,,200/33/07,200/33/07,IBOI,N.33,SADONG JAYA,P.200,BATANG SADONG,835,NO SHIFT,NO SHIFT,0,
SARAWAK,P.200,BATANG SADONG,N.24,SADONG JAYA,200/24/09,PELANDOK,726,P.200,BATANG SADONG,N.24,SADONG JAYA,,PELANDOK,726,0,,200/33/06,200/33/06,PELANDOK,N.33,SADONG JAYA,P.200,BATANG SADONG,726,NO SHIFT,NO SHIFT,0,
SARAWAK,P.200,BATANG SADONG,N.25,SIMUNJAN,200/25/01,RANGKANG,677,P.200,BATANG SADONG,N.25,SIMUNJAN,200/25/01,RANGKANG,677,0,,200/32/01,200/32/01,RANGKANG,N.32,SIMUNJAN,P.200,BATANG SADONG,677,NO SHIFT,NO SHIFT,0,
SARAWAK,P.200,BATANG SADONG,N.25,SIMUNJAN,200/25/02,PUTIN,261,P.200,BATANG SADONG,N.25,SIMUNJAN,,PUTIN,261,0,,200/32/02,200/32/02,PUTIN,N.32,SIMUNJAN,P.200,BATANG SADONG,261,NO SHIFT,NO SHIFT,0,
SARAWAK,P.200,BATANG SADONG,N.25,SIMUNJAN,200/25/03,RANGAWAN,795,P.200,BATANG SADONG,N.25,SIMUNJAN,,RANGAWAN,795,0,,200/32/03,200/32/03,RANGAWAN,N.32,SIMUNJAN,P.200,BATANG SADONG,795,NO SHIFT,NO SHIFT,0,
SARAWAK,P.200,BATANG SADONG,N.25,SIMUNJAN,200/25/04,TERASI,516,P.200,BATANG SADONG,N.25,SIMUNJAN,200/25/04,TERASI,516,0,,200/32/04,200/32/04,TERASI,N.32,SIMUNJAN,P.200,BATANG SADONG,516,NO SHIFT,NO SHIFT,0,
SARAWAK,P.200,BATANG SADONG,N.25,SIMUNJAN,200/25/05,SENANGEH,230,P.200,BATANG SADONG,N.25,SIMUNJAN,200/25/05,SENANGEH,230,0,,200/32/05,200/32/05,SENANGEH,N.32,SIMUNJAN,P.200,BATANG SADONG,230,NO SHIFT,NO SHIFT,0,
SARAWAK,P.200,BATANG SADONG,N.25,SIMUNJAN,200/25/06,SUNGAI BULOH,345,P.200,BATANG SADONG,N.25,SIMUNJAN,200/25/06,SUNGAI BULOH,345,0,,200/32/06,200/32/06,SUNGAI BULOH,N.32,SIMUNJAN,P.200,BATANG SADONG,345,NO SHIFT,NO SHIFT,0,
SARAWAK,P.200,BATANG SADONG,N.25,SIMUNJAN,200/25/07,ENSENGEI,367,P.200,BATANG SADONG,N.25,SIMUNJAN,200/25/07,ENSENGEI,367,0,,200/32/07,200/32/07,ENSENGEI,N.32,SIMUNJAN,P.200,BATANG SADONG,367,NO SHIFT,NO SHIFT,0,
SARAWAK,P.200,BATANG SADONG,N.25,SIMUNJAN,200/25/08,SIMUNJAN,3036,P.200,BATANG SADONG,N.25,SIMUNJAN,200/25/11,SIMUNJAN,3036,0,,200/32/11,200/32/11,SIMUNJAN,N.32,SIMUNJAN,P.200,BATANG SADONG,3036,NO SHIFT,NO SHIFT,0,
SARAWAK,P.200,BATANG SADONG,N.25,SIMUNJAN,200/25/09,TEMIANG,1661,P.200,BATANG SADONG,N.25,SIMUNJAN,200/25/14,TEMIANG,1661,0,,200/32/14,200/32/14,TEMIANG,N.32,SIMUNJAN,P.200,BATANG SADONG,1661,NO SHIFT,NO SHIFT,0,
SARAWAK,P.200,BATANG SADONG,N.25,SIMUNJAN,200/25/10,SAGENG,2966,P.200,BATANG SADONG,N.25,SIMUNJAN,200/25/12,SAGENG,2966,0,,200/32/12,200/32/12,SAGENG,N.32,SIMUNJAN,P.200,BATANG SADONG,2966,NO SHIFT,NO SHIFT,0,
SARAWAK,P.200,BATANG SADONG,N.25,SIMUNJAN,200/25/11,SEKENDU,659,P.200,BATANG SADONG,N.25,SIMUNJAN,200/25/13,SEKENDU,659,0,,200/32/13,200/32/13,SEKENDU,N.32,SIMUNJAN,P.200,BATANG SADONG,659,NO SHIFT,NO SHIFT,0,
SARAWAK,P.200,BATANG SADONG,N.25,SIMUNJAN,200/25/12,SUNGAI APIN,528,P.200,BATANG SADONG,N.25,SIMUNJAN,200/25/10,SUNGAI APIN,528,0,,200/32/10,200/32/10,SUNGAI APIN,N.32,SIMUNJAN,P.200,BATANG SADONG,528,NO SHIFT,NO SHIFT,0,
SARAWAK,P.200,BATANG SADONG,N.25,SIMUNJAN,200/25/13,TANJONG BELUKU,243,P.200,BATANG SADONG,N.25,SIMUNJAN,200/25/08,TANJONG HARAPAN,243,0,POLLING DISTRICT NAME CHANGED FROM TANJONG BELUKU TO TANJONG HARAPAN,200/32/08,200/32/08,TANJONG HARAPAN,N.32,SIMUNJAN,P.200,BATANG SADONG,243,NO SHIFT,NO SHIFT,0,
SARAWAK,P.200,BATANG SADONG,N.25,SIMUNJAN,200/25/14,SLANGKING,429,P.200,BATANG SADONG,N.25,SIMUNJAN,200/25/09,SLANGKING,429,0,,200/32/09,200/32/09,SLANGKING,N.32,SIMUNJAN,P.200,BATANG SADONG,429,NO SHIFT,NO SHIFT,0,
SARAWAK,P.200,BATANG SADONG,N.26,GEDONG,200/26/01,KEPAYANG,490,P.200,BATANG SADONG,N.26,GEDONG,200/26/07,KEPAYANG,490,0,,200/31/07,200/31/07,KEPAYANG,N.31,GEDONG,P.200,BATANG SADONG,490,NO SHIFT,NO SHIFT,0,
SARAWAK,P.200,BATANG SADONG,N.26,GEDONG,200/26/02,ENSENGAI,353,P.200,BATANG SADONG,N.26,GEDONG,200/26/02,ENSENGAI,353,0,,200/31/02,200/31/02,ENSENGAI,N.31,GEDONG,P.200,BATANG SADONG,353,NO SHIFT,NO SHIFT,0,
SARAWAK,P.200,BATANG SADONG,N.26,GEDONG,200/26/03,SATEMAN,541,P.200,BATANG SADONG,N.26,GEDONG,200/26/01,SATEMAN,541,0,,200/31/01,200/31/01,SATEMAN,N.31,GEDONG,P.200,BATANG SADONG,541,NO SHIFT,NO SHIFT,0,
SARAWAK,P.200,BATANG SADONG,N.26,GEDONG,200/26/04,PANGKOR,1853,P.200,BATANG SADONG,N.26,GEDONG,200/26/03,PANGKOR,1853,0,,200/31/03,200/31/03,PANGKOR,N.31,GEDONG,P.200,BATANG SADONG,1853,NO SHIFT,NO SHIFT,0,
SARAWAK,P.200,BATANG SADONG,N.26,GEDONG,200/26/05,GEDONG,4665,P.200,BATANG SADONG,N.26,GEDONG,200/26/05,GEDONG,4665,0,,200/31/05,200/31/05,GEDONG,N.31,GEDONG,P.200,BATANG SADONG,4665,NO SHIFT,NO SHIFT,0,
SARAWAK,P.200,BATANG SADONG,N.26,GEDONG,200/26/06,TEGELAM,293,P.200,BATANG SADONG,N.26,GEDONG,200/26/04,TEGELAM,293,0,,200/31/04,200/31/04,TEGELAM,N.31,GEDONG,P.200,BATANG SADONG,293,NO SHIFT,NO SHIFT,0,
SARAWAK,P.200,BATANG SADONG,N.26,GEDONG,200/26/07,KENIONG,2286,P.200,BATANG SADONG,N.26,GEDONG,200/26/06,KENIONG,2286,0,,200/31/06,200/31/06,KENIONG,N.31,GEDONG,P.200,BATANG SADONG,2286,NO SHIFT,NO SHIFT,0,
SARAWAK,P.201,BATANG LUPAR,N.27,SEBUYAU,201/27/01,SERUYU,305,P.201,BATANG LUPAR,N.27,SEBUYAU,201/27/01,SERUYU,305,0,,201/35/01,201/35/01,SERUYU,N.35,SEBUYAU,P.201,BATANG LUPAR,305,NO SHIFT,NO SHIFT,0,
SARAWAK,P.201,BATANG LUPAR,N.27,SEBUYAU,201/27/02,SEBANGAN,3448,P.201,BATANG LUPAR,N.27,SEBUYAU,201/27/02,SEBANGAN,3448,0,,201/35/02,201/35/02,SEBANGAN,N.35,SEBUYAU,P.201,BATANG LUPAR,3448,NO SHIFT,NO SHIFT,0,
SARAWAK,P.201,BATANG LUPAR,N.27,SEBUYAU,201/27/03,SEBUYAU,6045,P.201,BATANG LUPAR,N.27,SEBUYAU,201/27/03,SEBUYAU,6045,0,,201/35/03,201/35/03,SEBUYAU,N.35,SEBUYAU,P.201,BATANG LUPAR,6045,NO SHIFT,NO SHIFT,0,
SARAWAK,P.201,BATANG LUPAR,N.27,SEBUYAU,201/27/04,ENTANGOR,281,P.201,BATANG LUPAR,N.27,SEBUYAU,201/27/05,ENTANGOR,281,0,,201/35/05,201/35/05,ENTANGOR,N.35,SEBUYAU,P.201,BATANG LUPAR,281,NO SHIFT,NO SHIFT,0,
SARAWAK,P.201,BATANG LUPAR,N.27,SEBUYAU,201/27/05,SENAYANG,1757,P.201,BATANG LUPAR,N.27,SEBUYAU,201/27/06,SENAYANG,1757,0,,201/35/06,201/35/06,SENAYANG,N.35,SEBUYAU,P.201,BATANG LUPAR,1757,NO SHIFT,NO SHIFT,0,
SARAWAK,P.201,BATANG LUPAR,N.27,SEBUYAU,201/27/06,TUNGKAH,2462,P.201,BATANG LUPAR,N.27,SEBUYAU,201/27/04,TUNGKAH,2462,0,,201/35/04,201/35/04,TUNGKAH,N.35,SEBUYAU,P.201,BATANG LUPAR,2462,NO SHIFT,NO SHIFT,0,
SARAWAK,P.201,BATANG LUPAR,N.28,LINGGA,201/28/01,LINGGA,1759,P.201,BATANG LUPAR,N.28,LINGGA,201/28/02,LINGGA,1759,0,,201/36/02,201/36/02,LINGGA,N.36,LINGGA,P.201,BATANG LUPAR,1759,NO SHIFT,NO SHIFT,0,
SARAWAK,P.201,BATANG LUPAR,N.28,LINGGA,201/28/02,MELUDAM,4195,P.201,BATANG LUPAR,N.28,LINGGA,201/28/01,MELUDAM,4195,0,,201/36/01,201/36/01,MELUDAM,N.36,LINGGA,P.201,BATANG LUPAR,4195,NO SHIFT,NO SHIFT,0,
SARAWAK,P.201,BATANG LUPAR,N.28,LINGGA,201/28/03,SEDUKU,1249,P.201,BATANG LUPAR,N.28,LINGGA,201/28/03,SEDUKU,1249,0,,201/36/03,201/36/03,SEDUKU,N.36,LINGGA,P.201,BATANG LUPAR,1249,NO SHIFT,NO SHIFT,0,
SARAWAK,P.201,BATANG LUPAR,N.28,LINGGA,201/28/04,STUMBIN,1984,P.201,BATANG LUPAR,N.28,LINGGA,201/28/04,STUMBIN,1984,0,,201/36/04,201/36/04,STUMBIN,N.36,LINGGA,P.201,BATANG LUPAR,1984,NO SHIFT,NO SHIFT,0,
SARAWAK,P.201,BATANG LUPAR,N.28,LINGGA,201/28/05,LADONG,2925,P.201,BATANG LUPAR,N.28,LINGGA,201/28/05,LADONG,2925,0,,201/36/05,201/36/05,LADONG,N.36,LINGGA,P.201,BATANG LUPAR,2925,NO SHIFT,NO SHIFT,0,
SARAWAK,P.201,BATANG LUPAR,N.28,LINGGA,201/28/06,LAMANAK,2443,P.201,BATANG LUPAR,N.28,LINGGA,201/28/06,LAMANAK,2443,0,,201/36/06,201/36/06,LAMANAK,N.36,LINGGA,P.201,BATANG LUPAR,2443,NO SHIFT,NO SHIFT,0,
SARAWAK,P.201,BATANG LUPAR,N.29,BETING MARO,201/29/01,BELADIN,7654,P.201,BATANG LUPAR,N.29,BETING MARO,201/29/01,BELADIN,7654,0,,201/37/01,201/37/01,BELADIN,N.37,BETING MARO,P.201,BATANG LUPAR,7654,NO SHIFT,NO SHIFT,0,
SARAWAK,P.201,BATANG LUPAR,N.29,BETING MARO,201/29/02,UNDAI,3855,P.201,BATANG LUPAR,N.29,BETING MARO,201/29/02,UNDAI,3855,0,,201/37/02,201/37/02,UNDAI,N.37,BETING MARO,P.201,BATANG LUPAR,3855,NO SHIFT,NO SHIFT,0,
SARAWAK,P.201,BATANG LUPAR,N.29,BETING MARO,201/29/03,PUSA,4554,P.201,BATANG LUPAR,N.29,BETING MARO,201/29/03,PUSA,4554,0,,201/37/03,201/37/03,PUSA,N.37,BETING MARO,P.201,BATANG LUPAR,4554,NO SHIFT,NO SHIFT,0,
SARAWAK,P.202,SRI AMAN,N.30,BALAI RINGIN,202/30/01,ISU,3673,P.202,SRI AMAN,N.30,BALAI RINGIN,202/30/03,ISU,3673,0,,202/38/03,202/38/03,ISU,N.38,BALAI RINGIN,P.202,SRI AMAN,3673,NO SHIFT,NO SHIFT,0,
SARAWAK,P.202,SRI AMAN,N.30,BALAI RINGIN,202/30/02,BALAI RINGIN,4405,P.202,SRI AMAN,N.30,BALAI RINGIN,202/30/01,BALAI RINGIN,4405,0,,202/38/01,202/38/01,BALAI RINGIN,N.38,BALAI RINGIN,P.202,SRI AMAN,4405,NO SHIFT,NO SHIFT,0,
SARAWAK,P.202,SRI AMAN,N.30,BALAI RINGIN,202/30/03,RUAN,1287,P.202,SRI AMAN,N.30,BALAI RINGIN,202/30/02,RUAN,1287,0,,202/38/02,202/38/02,RUAN,N.38,BALAI RINGIN,P.202,SRI AMAN,1287,NO SHIFT,NO SHIFT,0,
SARAWAK,P.202,SRI AMAN,N.30,BALAI RINGIN,202/30/04,KEDUMPAI,2184,P.202,SRI AMAN,N.30,BALAI RINGIN,202/30/07,KEDUMPAI,2184,0,,202/38/07,202/38/07,KEDUMPAI,N.38,BALAI RINGIN,P.202,SRI AMAN,2184,NO SHIFT,NO SHIFT,0,
SARAWAK,P.202,SRI AMAN,N.30,BALAI RINGIN,202/30/05,UBAH,2639,P.202,SRI AMAN,N.30,BALAI RINGIN,202/30/04,UBAH,2639,0,,202/38/04,202/38/04,UBAH,N.38,BALAI RINGIN,P.202,SRI AMAN,2639,NO SHIFT,NO SHIFT,0,
SARAWAK,P.202,SRI AMAN,N.30,BALAI RINGIN,202/30/06,PANTU,1920,P.202,SRI AMAN,N.30,BALAI RINGIN,202/30/05,PANTU,1920,0,,202/38/05,202/38/05,PANTU,N.38,BALAI RINGIN,P.202,SRI AMAN,1920,NO SHIFT,NO SHIFT,0,
SARAWAK,P.202,SRI AMAN,N.30,BALAI RINGIN,202/30/07,KERANGGAS,579,P.202,SRI AMAN,N.30,BALAI RINGIN,202/30/06,KERANGGAS,579,0,,202/38/06,202/38/06,KERANGGAS,N.38,BALAI RINGIN,P.202,SRI AMAN,579,NO SHIFT,NO SHIFT,0,
SARAWAK,P.202,SRI AMAN,N.31,BUKIT BEGUNAN,202/31/01,BANTING,1345,P.202,SRI AMAN,N.31,BUKIT BEGUNAN,202/31/06,BANTING,1345,0,,202/39/04,202/39/04,BANTING,N.39,BUKIT BEGUNAN,P.202,SRI AMAN,1345,NO SHIFT,NO SHIFT,0,
SARAWAK,P.202,SRI AMAN,N.31,BUKIT BEGUNAN,202/31/02,KARA,3598,P.202,SRI AMAN,N.31,BUKIT BEGUNAN,202/31/07,KARA,3598,0,,202/39/05,202/39/05,KARA,N.39,BUKIT BEGUNAN,P.202,SRI AMAN,3598,NO SHIFT,NO SHIFT,0,
SARAWAK,P.202,SRI AMAN,N.31,BUKIT BEGUNAN,202/31/03,MELUGU,2577,P.202,SRI AMAN,N.31,BUKIT BEGUNAN,202/31/08,MELUGU,2577,0,,202/39/06,202/39/06,MELUGU,N.39,BUKIT BEGUNAN,P.202,SRI AMAN,2577,NO SHIFT,NO SHIFT,0,
SARAWAK,P.202,SRI AMAN,N.31,BUKIT BEGUNAN,202/31/04,KLAUH,4040,P.202,SRI AMAN,N.31,BUKIT BEGUNAN,202/31/09,KLAUH,4040,0,,202/39/07,202/39/07,KLAUH,N.39,BUKIT BEGUNAN,P.202,SRI AMAN,4040,NO SHIFT,NO SHIFT,0,
SARAWAK,P.202,SRI AMAN,N.31,BUKIT BEGUNAN,202/31/05,BUKIT BALAU,2848,P.202,SRI AMAN,N.31,BUKIT BEGUNAN,202/31/02,BUKIT BALAU,1164,1684,BUKIT BALAU WAS SUBDIVIDED,202/39/01,202/39/01,BUKIT BALAU,N.39,BUKIT BEGUNAN,P.202,SRI AMAN,1164,NO SHIFT,NO SHIFT,0,
,,,,,,,,P.202,SRI AMAN,N.31,BUKIT BEGUNAN,,BAKONG AI,281,-281,ORIGINATED FROM BUKIT BALAU,202/39/02,202/39/02,BAKONG AI,N.39,BUKIT BEGUNAN,P.202,SRI AMAN,281,NO SHIFT,NO SHIFT,0,
,,,,,,,,P.202,SRI AMAN,N.31,BUKIT BEGUNAN,202/31/05,EMPALANJAU,247,-247,ORIGINATED FROM BUKIT BALAU,202/39/03,202/39/03,EMPALANJAU,N.39,BUKIT BEGUNAN,P.202,SRI AMAN,247,NO SHIFT,NO SHIFT,0,EC HAS ALTERNATE SPELLING OF EMPELANJAU
,,,,,,,,P.202,SRI AMAN,N.31,BUKIT BEGUNAN,,TANJUNG BIJAT,262,-262,ORIGINATED FROM BUKIT BALAU,201/36/08,201/36/08,TANJUNG BIJAT,N.36,LINGGA,P.201,BATANG LUPAR,262,SHIFTED,SHIFTED,0,
,,,,,,,,P.202,SRI AMAN,N.31,BUKIT BEGUNAN,,BAKONG,894,-894,ORIGINATED FROM BUKIT BALAU,201/36/07,201/36/07,BAKONG,N.36,LINGGA,P.201,BATANG LUPAR,894,SHIFTED,SHIFTED,0,
SARAWAK,P.202,SRI AMAN,N.32,SIMANGGANG,202/32/01,SABU,690,P.202,SRI AMAN,N.32,SIMANGGANG,202/32/03,SABU,690,0,,202/40/03,202/40/03,SABU,N.40,SIMANGGANG,P.202,SRI AMAN,690,NO SHIFT,NO SHIFT,0,
SARAWAK,P.202,SRI AMAN,N.32,SIMANGGANG,202/32/02,SIMANGGANG,11347,P.202,SRI AMAN,N.32,SIMANGGANG,202/32/01,SIMANGGANG,11347,0,,202/40/01,202/40/01,SIMANGGANG,N.40,SIMANGGANG,P.202,SRI AMAN,9786,NO SHIFT,NO SHIFT,-1561,SOME OF VOTERS WERE SHIFTED TO LAMANAK SEBERANG
SARAWAK,P.202,SRI AMAN,N.32,SIMANGGANG,202/32/03,LAMANAK SEBERANG,3944,P.202,SRI AMAN,N.32,SIMANGGANG,202/32/04,LAMANAK SEBERANG,3944,0,,202/40/04,202/40/04,LAMANAK SEBERANG,N.40,SIMANGGANG,P.202,SRI AMAN,5505,NO SHIFT,NO SHIFT,1561,SOME VOTERS FROM LAMANAK SEBERANG ENTERED SIMANGGANG
SARAWAK,P.202,SRI AMAN,N.32,SIMANGGANG,202/32/04,MUNGGU SABUN,492,P.202,SRI AMAN,N.32,SIMANGGANG,202/32/02,MUNGGU SABUN,492,0,,202/40/02,202/40/02,MUNGGU SABUN,N.40,SIMANGGANG,P.202,SRI AMAN,492,NO SHIFT,NO SHIFT,0,
SARAWAK,P.202,SRI AMAN,N.32,SIMANGGANG,202/32/05,SENGAT,1384,P.202,SRI AMAN,N.32,SIMANGGANG,202/32/05,SENGAT,1384,0,,202/40/05,202/40/05,SENGAT,N.40,SIMANGGANG,P.202,SRI AMAN,1384,NO SHIFT,NO SHIFT,0,
SARAWAK,P.202,SRI AMAN,N.32,SIMANGGANG,202/32/06,UNDUP,2165,P.202,SRI AMAN,N.32,SIMANGGANG,202/32/07,UNDUP,2165,0,,202/40/07,202/40/07,UNDUP,N.40,SIMANGGANG,P.202,SRI AMAN,2165,NO SHIFT,NO SHIFT,0,
SARAWAK,P.202,SRI AMAN,N.32,SIMANGGANG,202/32/07,BAYAI,1511,P.202,SRI AMAN,N.32,SIMANGGANG,202/32/06,BAYAI,1511,0,,202/40/06,202/40/06,BAYAI,N.40,SIMANGGANG,P.202,SRI AMAN,1511,NO SHIFT,NO SHIFT,0,
SARAWAK,P.203,LUBOK ANTU,N.33,ENGKILILI,203/33/01,SKRANG,720,P.203,LUBOK ANTU,N.33,ENGKILILI,,SKRANG,720,0,,204/44/01,204/44/01,SKRANG,N.44,LAYAR,P.204,BETONG,720,SHIFTED,SHIFTED,0,
SARAWAK,P.203,LUBOK ANTU,N.33,ENGKILILI,203/33/02,ENTEBAN,727,P.203,LUBOK ANTU,N.33,ENGKILILI,,ENTEBAN,727,0,,204/44/03,204/44/03,ENTEBAN,N.44,LAYAR,P.204,BETONG,727,SHIFTED,SHIFTED,0,
SARAWAK,P.203,LUBOK ANTU,N.33,ENGKILILI,203/33/03,ENTALAU,165,P.203,LUBOK ANTU,N.33,ENGKILILI,,ENTALAU,165,0,,203/41/19,203/41/19,ENTALAU,N.41,ENGKILILI,P.203,LUBOK ANTU,165,NO SHIFT,NO SHIFT,0,
SARAWAK,P.203,LUBOK ANTU,N.33,ENGKILILI,203/33/04,SEMANJU,1270,P.203,LUBOK ANTU,N.33,ENGKILILI,,SEMANJU,1270,0,,203/41/12,203/41/12,SEMANJU,N.41,ENGKILILI,P.203,LUBOK ANTU,1270,NO SHIFT,NO SHIFT,0,
SARAWAK,P.203,LUBOK ANTU,N.33,ENGKILILI,203/33/05,KASENDUH,721,P.203,LUBOK ANTU,N.33,ENGKILILI,,KASENDUH,721,0,,203/41/02,203/41/02,KASENDUH,N.41,ENGKILILI,P.203,LUBOK ANTU,721,NO SHIFT,NO SHIFT,0,
SARAWAK,P.203,LUBOK ANTU,N.33,ENGKILILI,203/33/06,ENGKILILI,1055,P.203,LUBOK ANTU,N.33,ENGKILILI,,ENGKILILI,1055,0,,203/41/07,203/41/07,ENGKILILI,N.41,ENGKILILI,P.203,LUBOK ANTU,1055,NO SHIFT,NO SHIFT,0,
SARAWAK,P.203,LUBOK ANTU,N.33,ENGKILILI,203/33/07,TABUT,627,P.203,LUBOK ANTU,N.33,ENGKILILI,,TABUT,627,0,,203/41/03,203/41/03,TABUT,N.41,ENGKILILI,P.203,LUBOK ANTU,627,NO SHIFT,NO SHIFT,0,
SARAWAK,P.203,LUBOK ANTU,N.33,ENGKILILI,203/33/08,AUR,688,P.203,LUBOK ANTU,N.33,ENGKILILI,,AUR,688,0,,204/44/02,204/44/02,AUR,N.44,LAYAR,P.204,BETONG,688,SHIFTED,SHIFTED,0,
SARAWAK,P.203,LUBOK ANTU,N.33,ENGKILILI,203/33/09,PENTIK,2028,P.203,LUBOK ANTU,N.33,ENGKILILI,,PENTIK,2028,0,,203/41/14,203/41/14,PENTIK,N.41,ENGKILILI,P.203,LUBOK ANTU,2028,NO SHIFT,NO SHIFT,0,
SARAWAK,P.203,LUBOK ANTU,N.33,ENGKILILI,203/33/10,JUKAT,447,P.203,LUBOK ANTU,N.33,ENGKILILI,,JUKAT,447,0,,203/41/21,203/41/21,JUKAT,N.41,ENGKILILI,P.203,LUBOK ANTU,447,NO SHIFT,NO SHIFT,0,
SARAWAK,P.203,LUBOK ANTU,N.33,ENGKILILI,203/33/11,SELADONG,144,P.203,LUBOK ANTU,N.33,ENGKILILI,,SELADONG,144,0,,203/41/20,203/41/20,SELADONG,N.41,ENGKILILI,P.203,LUBOK ANTU,144,NO SHIFT,NO SHIFT,0,
SARAWAK,P.203,LUBOK ANTU,N.33,ENGKILILI,203/33/12,AKUP,229,P.203,LUBOK ANTU,N.33,ENGKILILI,,AKUP,229,0,,203/41/18,203/41/18,AKUP,N.41,ENGKILILI,P.203,LUBOK ANTU,229,NO SHIFT,NO SHIFT,0,
SARAWAK,P.203,LUBOK ANTU,N.33,ENGKILILI,203/33/13,MARUTIH,329,P.203,LUBOK ANTU,N.33,ENGKILILI,,MARUTIH,329,0,,203/41/16,203/41/16,MARUTIH,N.41,ENGKILILI,P.203,LUBOK ANTU,329,NO SHIFT,NO SHIFT,0,
SARAWAK,P.203,LUBOK ANTU,N.33,ENGKILILI,203/33/14,MUJAN,367,P.203,LUBOK ANTU,N.33,ENGKILILI,,MUJAN,367,0,,203/41/15,203/41/15,MUJAN,N.41,ENGKILILI,P.203,LUBOK ANTU,367,NO SHIFT,NO SHIFT,0,
SARAWAK,P.203,LUBOK ANTU,N.33,ENGKILILI,203/33/15,KUJOH,260,P.203,LUBOK ANTU,N.33,ENGKILILI,,KUJOH,260,0,,203/41/17,203/41/17,KUJOH,N.41,ENGKILILI,P.203,LUBOK ANTU,260,NO SHIFT,NO SHIFT,0,
SARAWAK,P.203,LUBOK ANTU,N.33,ENGKILILI,203/33/16,SPLU,583,P.203,LUBOK ANTU,N.33,ENGKILILI,,SPLU,583,0,,203/41/13,203/41/13,SPLU,N.41,ENGKILILI,P.203,LUBOK ANTU,583,NO SHIFT,NO SHIFT,0,
SARAWAK,P.203,LUBOK ANTU,N.33,ENGKILILI,203/33/17,MERINDUN,570,P.203,LUBOK ANTU,N.33,ENGKILILI,,MERINDUN,570,0,,203/41/11,203/41/11,MERINDUN,N.41,ENGKILILI,P.203,LUBOK ANTU,570,NO SHIFT,NO SHIFT,0,
SARAWAK,P.203,LUBOK ANTU,N.33,ENGKILILI,203/33/18,TAWAI,221,P.203,LUBOK ANTU,N.33,ENGKILILI,,TAWAI,221,0,,203/41/01,203/41/01,TAWAI,N.41,ENGKILILI,P.203,LUBOK ANTU,221,NO SHIFT,NO SHIFT,0,
SARAWAK,P.203,LUBOK ANTU,N.33,ENGKILILI,203/33/19,BASI,560,P.203,LUBOK ANTU,N.33,ENGKILILI,,BASI,560,0,,203/41/04,203/41/04,BASI,N.41,ENGKILILI,P.203,LUBOK ANTU,560,NO SHIFT,NO SHIFT,0,
SARAWAK,P.203,LUBOK ANTU,N.33,ENGKILILI,203/33/20,GELIGAU,368,P.203,LUBOK ANTU,N.33,ENGKILILI,,GELIGAU,368,0,,203/41/05,203/41/05,GELIGAU,N.41,ENGKILILI,P.203,LUBOK ANTU,368,NO SHIFT,NO SHIFT,0,
SARAWAK,P.203,LUBOK ANTU,N.33,ENGKILILI,203/33/21,SEDARAT,1178,P.203,LUBOK ANTU,N.33,ENGKILILI,,SEDARAT,1178,0,,203/41/06,203/41/06,SEDARAT,N.41,ENGKILILI,P.203,LUBOK ANTU,1178,NO SHIFT,NO SHIFT,0,
SARAWAK,P.203,LUBOK ANTU,N.33,ENGKILILI,203/33/22,MAROP,948,P.203,LUBOK ANTU,N.33,ENGKILILI,,MAROP,948,0,,203/41/08,203/41/08,MAROP,N.41,ENGKILILI,P.203,LUBOK ANTU,948,NO SHIFT,NO SHIFT,0,
SARAWAK,P.203,LUBOK ANTU,N.33,ENGKILILI,203/33/23,MERIO,506,P.203,LUBOK ANTU,N.33,ENGKILILI,,MERIO,506,0,,203/41/10,203/41/10,MERIO,N.41,ENGKILILI,P.203,LUBOK ANTU,506,NO SHIFT,NO SHIFT,0,
SARAWAK,P.203,LUBOK ANTU,N.33,ENGKILILI,203/33/24,MERBONG,901,P.203,LUBOK ANTU,N.33,ENGKILILI,,MERBONG,901,0,,203/41/09,203/41/09,MERBONG,N.41,ENGKILILI,P.203,LUBOK ANTU,901,NO SHIFT,NO SHIFT,0,
SARAWAK,P.203,LUBOK ANTU,N.34,BATANG AI,203/34/01,SEBANGKI,920,P.203,LUBOK ANTU,N.34,BATANG AI,,SEBANGKI,920,0,,203/42/20,203/42/20,SEBANGKI,N.42,BATANG AI,P.203,LUBOK ANTU,920,NO SHIFT,NO SHIFT,0,
SARAWAK,P.203,LUBOK ANTU,N.34,BATANG AI,203/34/02,LUBOK ANTU,996,P.203,LUBOK ANTU,N.34,BATANG AI,,LUBOK ANTU,996,0,,203/42/11,203/42/11,LUBOK ANTU,N.42,BATANG AI,P.203,LUBOK ANTU,996,NO SHIFT,NO SHIFT,0,
SARAWAK,P.203,LUBOK ANTU,N.34,BATANG AI,203/34/03,SEKAROK,576,P.203,LUBOK ANTU,N.34,BATANG AI,,SEKAROK,576,0,,203/42/16,203/42/16,SEKAROK,N.42,BATANG AI,P.203,LUBOK ANTU,576,NO SHIFT,NO SHIFT,0,
SARAWAK,P.203,LUBOK ANTU,N.34,BATANG AI,203/34/04,KESIT,1380,P.203,LUBOK ANTU,N.34,BATANG AI,,KESIT,1380,0,,203/42/08,203/42/08,KESIT,N.42,BATANG AI,P.203,LUBOK ANTU,1380,NO SHIFT,NO SHIFT,0,
SARAWAK,P.203,LUBOK ANTU,N.34,BATANG AI,203/34/05,ENGKARI,189,P.203,LUBOK ANTU,N.34,BATANG AI,,ENGKARI,189,0,,203/42/06,203/42/06,ENGKARI,N.42,BATANG AI,P.203,LUBOK ANTU,189,NO SHIFT,NO SHIFT,0,
SARAWAK,P.203,LUBOK ANTU,N.34,BATANG AI,203/34/06,DELOK,458,P.203,LUBOK ANTU,N.34,BATANG AI,,DELOK,458,0,,203/42/04,203/42/04,DELOK,N.42,BATANG AI,P.203,LUBOK ANTU,458,NO SHIFT,NO SHIFT,0,
SARAWAK,P.203,LUBOK ANTU,N.34,BATANG AI,203/34/07,KAONG,766,P.203,LUBOK ANTU,N.34,BATANG AI,,KAONG,766,0,,203/42/21,203/42/21,KAONG,N.42,BATANG AI,P.203,LUBOK ANTU,766,NO SHIFT,NO SHIFT,0,
SARAWAK,P.203,LUBOK ANTU,N.34,BATANG AI,203/34/08,EMPIT,842,P.203,LUBOK ANTU,N.34,BATANG AI,,EMPIT,842,0,,203/42/13,203/42/13,EMPIT,N.42,BATANG AI,P.203,LUBOK ANTU,842,NO SHIFT,NO SHIFT,0,
SARAWAK,P.203,LUBOK ANTU,N.34,BATANG AI,203/34/09,KUMPANG,301,P.203,LUBOK ANTU,N.34,BATANG AI,,KUMPANG,301,0,,203/42/24,203/42/24,KUMPANG,N.42,BATANG AI,P.203,LUBOK ANTU,301,NO SHIFT,NO SHIFT,0,
SARAWAK,P.203,LUBOK ANTU,N.34,BATANG AI,203/34/10,KLAMPU,346,P.203,LUBOK ANTU,N.34,BATANG AI,,KLAMPU,346,0,,203/42/23,203/42/23,KLAMPU,N.42,BATANG AI,P.203,LUBOK ANTU,346,NO SHIFT,NO SHIFT,0,
SARAWAK,P.203,LUBOK ANTU,N.34,BATANG AI,203/34/11,SAYAT,914,P.203,LUBOK ANTU,N.34,BATANG AI,,SAYAT,914,0,,203/42/22,203/42/22,SAYAT,N.42,BATANG AI,P.203,LUBOK ANTU,914,NO SHIFT,NO SHIFT,0,
SARAWAK,P.203,LUBOK ANTU,N.34,BATANG AI,203/34/12,KUTAI,946,P.203,LUBOK ANTU,N.34,BATANG AI,,KUTAI,946,0,,203/42/12,203/42/12,KUTAI,N.42,BATANG AI,P.203,LUBOK ANTU,946,NO SHIFT,NO SHIFT,0,
SARAWAK,P.203,LUBOK ANTU,N.34,BATANG AI,203/34/13,MEPI,790,P.203,LUBOK ANTU,N.34,BATANG AI,,MEPI,790,0,,203/42/15,203/42/15,MEPI,N.42,BATANG AI,P.203,LUBOK ANTU,790,NO SHIFT,NO SHIFT,0,
SARAWAK,P.203,LUBOK ANTU,N.34,BATANG AI,203/34/14,JELA,765,P.203,LUBOK ANTU,N.34,BATANG AI,,JELA,765,0,,203/42/19,203/42/19,JELA,N.42,BATANG AI,P.203,LUBOK ANTU,765,NO SHIFT,NO SHIFT,0,
SARAWAK,P.203,LUBOK ANTU,N.34,BATANG AI,203/34/15,SEMPANG,357,P.203,LUBOK ANTU,N.34,BATANG AI,,SEMPANG,357,0,,203/42/18,203/42/18,SEMPANG,N.42,BATANG AI,P.203,LUBOK ANTU,357,NO SHIFT,NO SHIFT,0,
SARAWAK,P.203,LUBOK ANTU,N.34,BATANG AI,203/34/16,BERTIK,289,P.203,LUBOK ANTU,N.34,BATANG AI,,BERTIK,289,0,,203/42/17,203/42/17,BERTIK,N.42,BATANG AI,P.203,LUBOK ANTU,289,NO SHIFT,NO SHIFT,0,
SARAWAK,P.203,LUBOK ANTU,N.34,BATANG AI,203/34/17,KRANGAN MONG,253,P.203,LUBOK ANTU,N.34,BATANG AI,,KRANGAN MONG,253,0,,203/42/14,203/42/14,KRANGAN MONG,N.42,BATANG AI,P.203,LUBOK ANTU,253,NO SHIFT,NO SHIFT,0,
SARAWAK,P.203,LUBOK ANTU,N.34,BATANG AI,203/34/18,ENSAWANG,1191,P.203,LUBOK ANTU,N.34,BATANG AI,,ENSAWANG,1191,0,,203/42/10,203/42/10,ENSAWANG,N.42,BATANG AI,P.203,LUBOK ANTU,1191,NO SHIFT,NO SHIFT,0,
SARAWAK,P.203,LUBOK ANTU,N.34,BATANG AI,203/34/19,KACHONG,451,P.203,LUBOK ANTU,N.34,BATANG AI,,KACHONG,451,0,,203/42/07,203/42/07,KACHONG,N.42,BATANG AI,P.203,LUBOK ANTU,451,NO SHIFT,NO SHIFT,0,
SARAWAK,P.203,LUBOK ANTU,N.34,BATANG AI,203/34/20,PATOH,336,P.203,LUBOK ANTU,N.34,BATANG AI,,PATOH,336,0,,203/42/02,203/42/02,PATOH,N.42,BATANG AI,P.203,LUBOK ANTU,336,NO SHIFT,NO SHIFT,0,
SARAWAK,P.203,LUBOK ANTU,N.34,BATANG AI,203/34/21,BILARARAP,347,P.203,LUBOK ANTU,N.34,BATANG AI,,BILARARAP,347,0,,203/42/01,203/42/01,BILARARAP,N.42,BATANG AI,P.203,LUBOK ANTU,347,NO SHIFT,NO SHIFT,0,
SARAWAK,P.203,LUBOK ANTU,N.34,BATANG AI,203/34/22,SEPAYA,610,P.203,LUBOK ANTU,N.34,BATANG AI,,SEPAYA,610,0,,203/42/03,203/42/03,SEPAYA,N.42,BATANG AI,P.203,LUBOK ANTU,610,NO SHIFT,NO SHIFT,0,
SARAWAK,P.203,LUBOK ANTU,N.34,BATANG AI,203/34/23,GUGU,829,P.203,LUBOK ANTU,N.34,BATANG AI,,GUGU,829,0,,203/42/05,203/42/05,GUGU,N.42,BATANG AI,P.203,LUBOK ANTU,829,NO SHIFT,NO SHIFT,0,
SARAWAK,P.203,LUBOK ANTU,N.34,BATANG AI,203/34/24,NENYANG,129,P.203,LUBOK ANTU,N.34,BATANG AI,,NENYANG,129,0,,203/42/09,203/42/09,NENYANG,N.42,BATANG AI,P.203,LUBOK ANTU,129,NO SHIFT,NO SHIFT,0,
SARAWAK,P.204,BETONG,N.35,SARIBAS,204/35/01,MANGGUT,1016,P.204,BETONG,N.35,SARIBAS,204/35/20,MANGGUT,1016,0,,204/43/19,204/43/19,MANGGUT,N.43,SARIBAS,P.204,BETONG,1016,NO SHIFT,NO SHIFT,0,
SARAWAK,P.204,BETONG,N.35,SARIBAS,204/35/02,TUI,1839,P.204,BETONG,N.35,SARIBAS,204/35/16,TUI,1839,0,,204/43/14,204/43/14,TUI,N.43,SARIBAS,P.204,BETONG,1839,NO SHIFT,NO SHIFT,0,
SARAWAK,P.204,BETONG,N.35,SARIBAS,204/35/03,DEBAK,678,P.204,BETONG,N.35,SARIBAS,204/35/08,DEBAK,678,0,,204/43/08,204/43/08,DEBAK,N.43,SARIBAS,P.204,BETONG,678,NO SHIFT,NO SHIFT,0,
SARAWAK,P.204,BETONG,N.35,SARIBAS,204/35/04,BUNGIN,1453,P.204,BETONG,N.35,SARIBAS,204/35/04,BUNGIN,1453,0,,204/43/04,204/43/04,BUNGIN,N.43,SARIBAS,P.204,BETONG,1453,NO SHIFT,NO SHIFT,0,
SARAWAK,P.204,BETONG,N.35,SARIBAS,204/35/05,LIKIS,844,P.204,BETONG,N.35,SARIBAS,204/35/10,LIKIS,844,0,,204/43/09,204/43/09,LIKIS,N.43,SARIBAS,P.204,BETONG,844,NO SHIFT,NO SHIFT,0,
SARAWAK,P.204,BETONG,N.35,SARIBAS,204/35/06,SUPA,1656,P.204,BETONG,N.35,SARIBAS,204/35/19,SUPA,1656,0,,204/43/18,204/43/18,SUPA,N.43,SARIBAS,P.204,BETONG,1656,NO SHIFT,NO SHIFT,0,
SARAWAK,P.204,BETONG,N.35,SARIBAS,204/35/07,ENGKARAS,603,P.204,BETONG,N.35,SARIBAS,204/35/18,ENGKARAS,603,0,,204/43/17,204/43/17,ENGKARAS,N.43,SARIBAS,P.204,BETONG,603,NO SHIFT,NO SHIFT,0,
SARAWAK,P.204,BETONG,N.35,SARIBAS,204/35/08,BUDA,482,P.204,BETONG,N.35,SARIBAS,204/35/21,BUDA,482,0,,204/43/20,204/43/20,BUDA,N.43,SARIBAS,P.204,BETONG,482,NO SHIFT,NO SHIFT,0,
SARAWAK,P.204,BETONG,N.35,SARIBAS,204/35/09,SERABANG,753,P.204,BETONG,N.35,SARIBAS,204/35/17,SERABANG,753,0,,204/43/16,204/43/16,SERABANG,N.43,SARIBAS,P.204,BETONG,753,NO SHIFT,NO SHIFT,0,
SARAWAK,P.204,BETONG,N.35,SARIBAS,204/35/10,BELASAU,172,P.204,BETONG,N.35,SARIBAS,204/35/12,BELASAU,172,0,,204/43/11,204/43/11,BELASAU,N.43,SARIBAS,P.204,BETONG,172,NO SHIFT,NO SHIFT,0,
SARAWAK,P.204,BETONG,N.35,SARIBAS,204/35/11,SABAR,212,P.204,BETONG,N.35,SARIBAS,204/35/11,SABAR,212,0,,204/43/10,204/43/10,SABAR,N.43,SARIBAS,P.204,BETONG,212,NO SHIFT,NO SHIFT,0,
SARAWAK,P.204,BETONG,N.35,SARIBAS,204/35/12,DIT,509,P.204,BETONG,N.35,SARIBAS,204/35/13,DIT,509,0,,204/43/12,204/43/12,DIT,N.43,SARIBAS,P.204,BETONG,509,NO SHIFT,NO SHIFT,0,
SARAWAK,P.204,BETONG,N.35,SARIBAS,204/35/13,DIT HULU,329,P.204,BETONG,N.35,SARIBAS,204/35/15,DIT HULU,329,0,,204/43/15,204/43/15,DIT HULU,N.43,SARIBAS,P.204,BETONG,329,NO SHIFT,NO SHIFT,0,
SARAWAK,P.204,BETONG,N.35,SARIBAS,204/35/14,BUNGEI,2877,P.204,BETONG,N.35,SARIBAS,204/35/09,BUNGEI,2877,0,,204/45/21,204/45/21,BUNGEI,N.45,BUKIT SABAN,P.204,BETONG,2877,SHIFTED,NO SHIFT,0,
SARAWAK,P.204,BETONG,N.35,SARIBAS,204/35/15,JERAI,233,P.204,BETONG,N.35,SARIBAS,204/35/06,JERAI,233,0,,204/43/06,204/43/06,JERAI,N.43,SARIBAS,P.204,BETONG,233,NO SHIFT,NO SHIFT,0,
SARAWAK,P.204,BETONG,N.35,SARIBAS,204/35/16,DEBAK LAUT,1267,P.204,BETONG,N.35,SARIBAS,204/35/07,DEBAK LAUT,1267,0,,204/43/07,204/43/07,DEBAK LAUT,N.43,SARIBAS,P.204,BETONG,1267,NO SHIFT,NO SHIFT,0,
SARAWAK,P.204,BETONG,N.35,SARIBAS,204/35/17,SEREMBANG,625,P.204,BETONG,N.35,SARIBAS,204/35/05,SEREMBANG,625,0,,204/43/05,204/43/05,SEREMBANG,N.43,SARIBAS,P.204,BETONG,625,NO SHIFT,NO SHIFT,0,
SARAWAK,P.204,BETONG,N.35,SARIBAS,204/35/18,TANJONG ASSAM,591,P.204,BETONG,N.35,SARIBAS,204/35/03,TANJONG ASSAM,591,0,,204/43/03,204/43/03,TANJONG ASSAM,N.43,SARIBAS,P.204,BETONG,591,NO SHIFT,NO SHIFT,0,
SARAWAK,P.204,BETONG,N.35,SARIBAS,204/35/19,SEBEMBAN,566,P.204,BETONG,N.35,SARIBAS,204/35/02,SEBEMBAN,566,0,,204/43/02,204/43/02,SEBEMBAN,N.43,SARIBAS,P.204,BETONG,566,NO SHIFT,NO SHIFT,0,
SARAWAK,P.204,BETONG,N.35,SARIBAS,204/35/20,BELINGAN,434,P.204,BETONG,N.35,SARIBAS,204/35/01,BELINGAN,434,0,,204/43/01,204/43/01,BELINGAN,N.43,SARIBAS,P.204,BETONG,434,NO SHIFT,NO SHIFT,0,
SARAWAK,P.204,BETONG,N.35,SARIBAS,204/35/21,BUDAK,95,P.204,BETONG,N.35,SARIBAS,204/35/14,BUDAK,95,0,,204/43/13,204/43/13,BUDAK,N.43,SARIBAS,P.204,BETONG,95,NO SHIFT,NO SHIFT,0,
SARAWAK,P.204,BETONG,N.36,LAYAR,204/36/01,SPAK,389,P.204,BETONG,N.36,LAYAR,204/36/22,SPAK,389,0,,204/44/23,204/44/23,SPAK,N.44,LAYAR,P.204,BETONG,389,NO SHIFT,NO SHIFT,0,
SARAWAK,P.204,BETONG,N.36,LAYAR,204/36/02,PADEH,638,P.204,BETONG,N.36,LAYAR,204/36/09,PADEH,638,0,,204/44/16,204/44/16,PADEH,N.44,LAYAR,P.204,BETONG,638,NO SHIFT,NO SHIFT,0,
SARAWAK,P.204,BETONG,N.36,LAYAR,204/36/03,BEBANGGAI,207,P.204,BETONG,N.36,LAYAR,204/36/07,BEBANGGAI,207,0,,204/44/12,204/44/12,BEBANGGAI,N.44,LAYAR,P.204,BETONG,207,NO SHIFT,NO SHIFT,0,
SARAWAK,P.204,BETONG,N.36,LAYAR,204/36/04,BETONG,2498,P.204,BETONG,N.36,LAYAR,204/36/04,BETONG,2498,0,,204/44/10,204/44/10,BETONG,N.44,LAYAR,P.204,BETONG,2498,NO SHIFT,NO SHIFT,0,
SARAWAK,P.204,BETONG,N.36,LAYAR,204/36/05,KAMPUNG BETONG,1877,P.204,BETONG,N.36,LAYAR,,KAMPUNG BETONG,1877,0,,204/44/09,204/44/09,KAMPUNG BETONG,N.44,LAYAR,P.204,BETONG,1877,NO SHIFT,NO SHIFT,0,
SARAWAK,P.204,BETONG,N.36,LAYAR,204/36/06,LUBAU,422,P.204,BETONG,N.36,LAYAR,204/36/23,LUBAU,422,0,,204/44/22,204/44/22,LUBAU,N.44,LAYAR,P.204,BETONG,422,NO SHIFT,NO SHIFT,0,
SARAWAK,P.204,BETONG,N.36,LAYAR,204/36/07,PENYALANEH,337,P.204,BETONG,N.36,LAYAR,204/36/21,PENYALANEH,337,0,,204/44/24,204/44/24,PENYALANEH,N.44,LAYAR,P.204,BETONG,337,NO SHIFT,NO SHIFT,0,
SARAWAK,P.204,BETONG,N.36,LAYAR,204/36/08,JELAU,309,P.204,BETONG,N.36,LAYAR,204/36/24,JELAU,309,0,,204/44/21,204/44/21,JELAU,N.44,LAYAR,P.204,BETONG,309,NO SHIFT,NO SHIFT,0,
SARAWAK,P.204,BETONG,N.36,LAYAR,204/36/09,MELANJAN,174,P.204,BETONG,N.36,LAYAR,204/36/20,MELANJAN,174,0,,204/44/25,204/44/25,MELANJAN,N.44,LAYAR,P.204,BETONG,174,NO SHIFT,NO SHIFT,0,
SARAWAK,P.204,BETONG,N.36,LAYAR,204/36/10,TAPEH,319,P.204,BETONG,N.36,LAYAR,204/36/15,TAPEH,319,0,,204/44/26,204/44/26,TAPEH,N.44,LAYAR,P.204,BETONG,319,NO SHIFT,NO SHIFT,0,
SARAWAK,P.204,BETONG,N.36,LAYAR,204/36/11,LUING,353,P.204,BETONG,N.36,LAYAR,204/36/19,LUING,353,0,,204/44/29,204/44/29,LUING,N.44,LAYAR,P.204,BETONG,353,NO SHIFT,NO SHIFT,0,
SARAWAK,P.204,BETONG,N.36,LAYAR,204/36/12,KRAPA,209,P.204,BETONG,N.36,LAYAR,204/36/18,KRAPA,209,0,,204/44/30,204/44/30,KRAPA,N.44,LAYAR,P.204,BETONG,209,NO SHIFT,NO SHIFT,0,
SARAWAK,P.204,BETONG,N.36,LAYAR,204/36/13,TEGUYU,151,P.204,BETONG,N.36,LAYAR,204/36/16,TEGUYU,151,0,,204/44/28,204/44/28,TEGUYU,N.44,LAYAR,P.204,BETONG,151,NO SHIFT,NO SHIFT,0,
SARAWAK,P.204,BETONG,N.36,LAYAR,204/36/14,PERDU,224,P.204,BETONG,N.36,LAYAR,204/36/17,PERDU,224,0,,204/44/31,204/44/31,PERDU,N.44,LAYAR,P.204,BETONG,224,NO SHIFT,NO SHIFT,0,
SARAWAK,P.204,BETONG,N.36,LAYAR,204/36/15,DABOK,1091,P.204,BETONG,N.36,LAYAR,204/36/25,DABOK,1091,0,,204/44/15,204/44/15,DABOK,N.44,LAYAR,P.204,BETONG,1091,NO SHIFT,NO SHIFT,0,
SARAWAK,P.204,BETONG,N.36,LAYAR,204/36/16,GAWIS,175,P.204,BETONG,N.36,LAYAR,204/36/10,GAWIS,175,0,,204/44/20,204/44/20,GAWIS,N.44,LAYAR,P.204,BETONG,175,NO SHIFT,NO SHIFT,0,
SARAWAK,P.204,BETONG,N.36,LAYAR,204/36/17,BALINGAM,156,P.204,BETONG,N.36,LAYAR,204/36/11,BALINGAM,156,0,,204/44/17,204/44/17,BALINGAM,N.44,LAYAR,P.204,BETONG,156,NO SHIFT,NO SHIFT,0,
SARAWAK,P.204,BETONG,N.36,LAYAR,204/36/18,KRON,210,P.204,BETONG,N.36,LAYAR,204/36/13,KRON,210,0,,204/44/19,204/44/19,KRON,N.44,LAYAR,P.204,BETONG,210,NO SHIFT,NO SHIFT,0,
SARAWAK,P.204,BETONG,N.36,LAYAR,204/36/19,PLEPOK,118,P.204,BETONG,N.36,LAYAR,204/36/12,PLEPOK,118,0,,204/44/18,204/44/18,PLEPOK,N.44,LAYAR,P.204,BETONG,118,NO SHIFT,NO SHIFT,0,
SARAWAK,P.204,BETONG,N.36,LAYAR,204/36/20,MERUNJAU,152,P.204,BETONG,N.36,LAYAR,204/36/14,MERUNJAU,152,0,,204/44/27,204/44/27,MERUNJAU,N.44,LAYAR,P.204,BETONG,152,NO SHIFT,NO SHIFT,0,
SARAWAK,P.204,BETONG,N.36,LAYAR,204/36/21,ENTANAK,343,P.204,BETONG,N.36,LAYAR,204/36/08,ENTANAK,343,0,,204/44/11,204/44/11,ENTANAK,N.44,LAYAR,P.204,BETONG,343,NO SHIFT,NO SHIFT,0,
SARAWAK,P.204,BETONG,N.36,LAYAR,204/36/22,SAKA,566,P.204,BETONG,N.36,LAYAR,204/36/03,SAKA,566,0,,204/44/05,204/44/05,SAKA,N.44,LAYAR,P.204,BETONG,566,NO SHIFT,NO SHIFT,0,
SARAWAK,P.204,BETONG,N.36,LAYAR,204/36/23,PENURIN,203,P.204,BETONG,N.36,LAYAR,204/36/08,PENURIN,203,0,,204/44/04,204/44/04,PENURIN,N.44,LAYAR,P.204,BETONG,203,NO SHIFT,NO SHIFT,0,
SARAWAK,P.204,BETONG,N.36,LAYAR,204/36/24,TANU,358,P.204,BETONG,N.36,LAYAR,204/36/26,TANU,358,0,,204/44/13,204/44/13,TANU,N.44,LAYAR,P.204,BETONG,358,NO SHIFT,NO SHIFT,0,
SARAWAK,P.204,BETONG,N.36,LAYAR,204/36/25,JUGIR,719,P.204,BETONG,N.36,LAYAR,204/36/02,JUGIR,719,0,,204/44/06,204/44/06,JUGIR,N.44,LAYAR,P.204,BETONG,719,NO SHIFT,NO SHIFT,0,
SARAWAK,P.204,BETONG,N.36,LAYAR,204/36/26,PASA,304,P.204,BETONG,N.36,LAYAR,204/36/27,PASA,304,0,,204/44/14,204/44/14,PASA,N.44,LAYAR,P.204,BETONG,304,NO SHIFT,NO SHIFT,0,
SARAWAK,P.204,BETONG,N.36,LAYAR,204/36/27,SELULAP,234,P.204,BETONG,N.36,LAYAR,204/36/28,SELULAP,234,0,,204/44/08,204/44/08,SELULAP,N.44,LAYAR,P.204,BETONG,234,NO SHIFT,NO SHIFT,0,
SARAWAK,P.204,BETONG,N.36,LAYAR,204/36/28,STAMBAK,212,P.204,BETONG,N.36,LAYAR,204/36/01,STAMBAK,212,0,,204/44/07,204/44/07,STAMBAK,N.44,LAYAR,P.204,BETONG,212,NO SHIFT,NO SHIFT,0,
SARAWAK,P.204,BETONG,N.37,BUKIT SABAN,204/37/01,PENUNUS,104,P.204,BETONG,N.37,BUKIT SABAN,204/37/21,PENUNUS,104,0,,204/45/22,204/45/22,PENUNUS,N.45,BUKIT SABAN,P.204,BETONG,104,NO SHIFT,NO SHIFT,0,
SARAWAK,P.204,BETONG,N.37,BUKIT SABAN,204/37/02,RIMBAS,133,P.204,BETONG,N.37,BUKIT SABAN,204/37/14,RIMBAS,133,0,,204/45/14,204/45/14,RIMBAS,N.45,BUKIT SABAN,P.204,BETONG,133,NO SHIFT,NO SHIFT,0,
SARAWAK,P.204,BETONG,N.37,BUKIT SABAN,204/37/03,SPAOH,511,P.204,BETONG,N.37,BUKIT SABAN,204/37/33,SPAOH,511,0,,204/45/36,204/45/36,SPAOH,N.45,BUKIT SABAN,P.204,BETONG,511,NO SHIFT,NO SHIFT,0,
SARAWAK,P.204,BETONG,N.37,BUKIT SABAN,204/37/04,SURI,486,P.204,BETONG,N.37,BUKIT SABAN,204/37/26,SURI,486,0,,204/45/27,204/45/27,SURI,N.45,BUKIT SABAN,P.204,BETONG,486,NO SHIFT,NO SHIFT,0,
SARAWAK,P.204,BETONG,N.37,BUKIT SABAN,204/37/05,BUKIT SABAN,180,P.204,BETONG,N.37,BUKIT SABAN,204/37/25,BUKIT SABAN,180,0,,204/45/26,204/45/26,BUKIT SABAN,N.45,BUKIT SABAN,P.204,BETONG,180,NO SHIFT,NO SHIFT,0,
SARAWAK,P.204,BETONG,N.37,BUKIT SABAN,204/37/06,KUBAL,331,P.204,BETONG,N.37,BUKIT SABAN,204/37/07,KUBAL,331,0,,204/45/08,204/45/08,KUBAL,N.45,BUKIT SABAN,P.204,BETONG,331,NO SHIFT,NO SHIFT,0,
SARAWAK,P.204,BETONG,N.37,BUKIT SABAN,204/37/07,BRUTAN,715,P.204,BETONG,N.37,BUKIT SABAN,204/37/34,BRUTAN,715,0,,204/45/35,204/45/35,BRUTAN,N.45,BUKIT SABAN,P.204,BETONG,715,NO SHIFT,NO SHIFT,0,
SARAWAK,P.204,BETONG,N.37,BUKIT SABAN,204/37/08,BAYOR,133,P.204,BETONG,N.37,BUKIT SABAN,204/37/13,BAYOR,133,0,,204/45/13,204/45/13,BAYOR,N.45,BUKIT SABAN,P.204,BETONG,133,NO SHIFT,NO SHIFT,0,
SARAWAK,P.204,BETONG,N.37,BUKIT SABAN,204/37/09,ULU TERU,162,P.204,BETONG,N.37,BUKIT SABAN,204/37/16,ULU TERU,162,0,,204/45/16,204/45/16,ULU TERU,N.45,BUKIT SABAN,P.204,BETONG,162,NO SHIFT,NO SHIFT,0,
SARAWAK,P.204,BETONG,N.37,BUKIT SABAN,204/37/10,METONG,168,P.204,BETONG,N.37,BUKIT SABAN,204/37/22,METONG,168,0,,204/45/23,204/45/23,METONG,N.45,BUKIT SABAN,P.204,BETONG,168,NO SHIFT,NO SHIFT,0,
SARAWAK,P.204,BETONG,N.37,BUKIT SABAN,204/37/11,DELIT,602,P.204,BETONG,N.37,BUKIT SABAN,204/37/19,DELIT,602,0,,204/45/19,204/45/19,DELIT,N.45,BUKIT SABAN,P.204,BETONG,602,NO SHIFT,NO SHIFT,0,
SARAWAK,P.204,BETONG,N.37,BUKIT SABAN,204/37/12,BABU,214,P.204,BETONG,N.37,BUKIT SABAN,204/37/17,BABU,214,0,,204/45/17,204/45/17,BABU,N.45,BUKIT SABAN,P.204,BETONG,214,NO SHIFT,NO SHIFT,0,
SARAWAK,P.204,BETONG,N.37,BUKIT SABAN,204/37/13,TRAIE,250,P.204,BETONG,N.37,BUKIT SABAN,204/37/20,TRAIE,250,0,,204/45/20,204/45/20,TRAIE,N.45,BUKIT SABAN,P.204,BETONG,250,NO SHIFT,NO SHIFT,0,
SARAWAK,P.204,BETONG,N.37,BUKIT SABAN,204/37/14,RAPONG,253,P.204,BETONG,N.37,BUKIT SABAN,204/37/18,RAPONG,253,0,,204/45/18,204/45/18,RAPONG,N.45,BUKIT SABAN,P.204,BETONG,253,NO SHIFT,NO SHIFT,0,
SARAWAK,P.204,BETONG,N.37,BUKIT SABAN,204/37/15,TOT,413,P.204,BETONG,N.37,BUKIT SABAN,204/37/15,TOT,413,0,,204/45/15,204/45/15,TOT,N.45,BUKIT SABAN,P.204,BETONG,413,NO SHIFT,NO SHIFT,0,
SARAWAK,P.204,BETONG,N.37,BUKIT SABAN,204/37/16,SPAOH HULU,3028,P.204,BETONG,N.37,BUKIT SABAN,204/37/32,SPAOH HULU,3028,0,,204/45/34,204/45/34,SPAOH HULU,N.45,BUKIT SABAN,P.204,BETONG,3028,NO SHIFT,NO SHIFT,0,
SARAWAK,P.204,BETONG,N.37,BUKIT SABAN,204/37/17,SPAOH HILIR,1264,P.204,BETONG,N.37,BUKIT SABAN,204/37/31,SPAOH HILIR,1264,0,,204/45/33,204/45/33,SPAOH HILIR,N.45,BUKIT SABAN,P.204,BETONG,1264,NO SHIFT,NO SHIFT,0,
SARAWAK,P.204,BETONG,N.37,BUKIT SABAN,204/37/18,BELABAK,100,P.204,BETONG,N.37,BUKIT SABAN,204/37/24,BELABAK,100,0,,204/45/25,204/45/25,BELABAK,N.45,BUKIT SABAN,P.204,BETONG,100,NO SHIFT,NO SHIFT,0,
SARAWAK,P.204,BETONG,N.37,BUKIT SABAN,204/37/19,LINGIT,196,P.204,BETONG,N.37,BUKIT SABAN,204/37/11,LINGIT,196,0,,204/45/11,204/45/11,LINGIT,N.45,BUKIT SABAN,P.204,BETONG,196,NO SHIFT,NO SHIFT,0,
SARAWAK,P.204,BETONG,N.37,BUKIT SABAN,204/37/20,PENOM,166,P.204,BETONG,N.37,BUKIT SABAN,204/37/09,PENOM,166,0,,204/45/10,204/45/10,PENOM,N.45,BUKIT SABAN,P.204,BETONG,166,NO SHIFT,NO SHIFT,0,
SARAWAK,P.204,BETONG,N.37,BUKIT SABAN,204/37/21,MEROH,173,P.204,BETONG,N.37,BUKIT SABAN,204/37/08,MEROH,173,0,,204/45/07,204/45/07,MEROH,N.45,BUKIT SABAN,P.204,BETONG,173,NO SHIFT,NO SHIFT,0,
SARAWAK,P.204,BETONG,N.37,BUKIT SABAN,204/37/22,SEPUNA,170,P.204,BETONG,N.37,BUKIT SABAN,204/37/12,SEPUNA,170,0,,204/45/12,204/45/12,SEPUNA,N.45,BUKIT SABAN,P.204,BETONG,170,NO SHIFT,NO SHIFT,0,
SARAWAK,P.204,BETONG,N.37,BUKIT SABAN,204/37/23,SAMU,224,P.204,BETONG,N.37,BUKIT SABAN,204/37/23,SAMU,224,0,,204/45/24,204/45/24,SAMU,N.45,BUKIT SABAN,P.204,BETONG,224,NO SHIFT,NO SHIFT,0,
SARAWAK,P.204,BETONG,N.37,BUKIT SABAN,204/37/24,MUTOK,265,P.204,BETONG,N.37,BUKIT SABAN,204/37/06,MUTOK,265,0,,204/45/06,204/45/06,MUTOK,N.45,BUKIT SABAN,P.204,BETONG,265,NO SHIFT,NO SHIFT,0,
SARAWAK,P.204,BETONG,N.37,BUKIT SABAN,204/37/25,PENEBAK,721,P.204,BETONG,N.37,BUKIT SABAN,204/37/01,PENEBAK,721,0,,204/45/03,204/45/03,PENEBAK,N.45,BUKIT SABAN,P.204,BETONG,721,NO SHIFT,NO SHIFT,0,
SARAWAK,P.204,BETONG,N.37,BUKIT SABAN,204/37/26,BAIR,107,P.204,BETONG,N.37,BUKIT SABAN,204/37/02,BAIR,107,0,,204/45/01,204/45/01,BAIR,N.45,BUKIT SABAN,P.204,BETONG,107,NO SHIFT,NO SHIFT,0,
SARAWAK,P.204,BETONG,N.37,BUKIT SABAN,204/37/27,JAMBU,175,P.204,BETONG,N.37,BUKIT SABAN,204/37/03,JAMBU,175,0,,204/45/02,204/45/02,JAMBU,N.45,BUKIT SABAN,P.204,BETONG,175,NO SHIFT,NO SHIFT,0,
SARAWAK,P.204,BETONG,N.37,BUKIT SABAN,204/37/28,TIPUT,184,P.204,BETONG,N.37,BUKIT SABAN,204/37/04,TIPUT,184,0,,204/45/04,204/45/04,TIPUT,N.45,BUKIT SABAN,P.204,BETONG,184,NO SHIFT,NO SHIFT,0,
SARAWAK,P.204,BETONG,N.37,BUKIT SABAN,204/37/29,PELIKOI,253,P.204,BETONG,N.37,BUKIT SABAN,204/37/05,PELIKOI,253,0,,204/45/05,204/45/05,PELIKOI,N.45,BUKIT SABAN,P.204,BETONG,253,NO SHIFT,NO SHIFT,0,
SARAWAK,P.204,BETONG,N.37,BUKIT SABAN,204/37/30,JALOH,286,P.204,BETONG,N.37,BUKIT SABAN,204/37/10,JALOH,286,0,,204/45/09,204/45/09,JALOH,N.45,BUKIT SABAN,P.204,BETONG,286,NO SHIFT,NO SHIFT,0,
SARAWAK,P.204,BETONG,N.37,BUKIT SABAN,204/37/31,SERUDIT,339,P.204,BETONG,N.37,BUKIT SABAN,,SERUDIT,339,0,,204/45/30,204/45/30,SERUDIT,N.45,BUKIT SABAN,P.204,BETONG,339,NO SHIFT,NO SHIFT,0,
SARAWAK,P.204,BETONG,N.37,BUKIT SABAN,204/37/32,MATOP,170,P.204,BETONG,N.37,BUKIT SABAN,,MATOP,170,0,,204/45/29,204/45/29,MATOP,N.45,BUKIT SABAN,P.204,BETONG,170,NO SHIFT,NO SHIFT,0,
SARAWAK,P.204,BETONG,N.37,BUKIT SABAN,204/37/33,TEBERU,359,P.204,BETONG,N.37,BUKIT SABAN,204/37/29,TEBERU,359,0,,204/45/31,204/45/31,TEBERU,N.45,BUKIT SABAN,P.204,BETONG,359,NO SHIFT,NO SHIFT,0,
SARAWAK,P.204,BETONG,N.37,BUKIT SABAN,204/37/34,REMBAI,338,P.204,BETONG,N.37,BUKIT SABAN,,REMBAI,338,0,,204/45/28,204/45/28,REMBAI,N.45,BUKIT SABAN,P.204,BETONG,338,NO SHIFT,NO SHIFT,0,
SARAWAK,P.204,BETONG,N.37,BUKIT SABAN,204/37/35,BANGKIT,116,P.204,BETONG,N.37,BUKIT SABAN,204/37/30,BANGKIT,116,0,,204/45/32,204/45/32,BANGKIT,N.45,BUKIT SABAN,P.204,BETONG,116,NO SHIFT,NO SHIFT,0,
SARAWAK,P.205,SARATOK,N.38,KALAKA,205/38/01,PELUNGA,2078,P.205,SARATOK,N.38,KALAKA,,PELUNGA,2078,0,,205/47/02,N/A,PELUNGA,N.47,KALAKA,P.205,SARATOK,2078,NO SHIFT,NO SHIFT,0,
SARAWAK,P.205,SARATOK,N.38,KALAKA,205/38/02,PERPAT,1397,P.205,SARATOK,N.38,KALAKA,,PERPAT,1397,0,,205/47/01,N/A,PERPAT,N.47,KALAKA,P.205,SARATOK,1397,NO SHIFT,NO SHIFT,0,
SARAWAK,P.205,SARATOK,N.38,KALAKA,205/38/03,KABA,3916,P.205,SARATOK,N.38,KALAKA,,KABA,3916,0,,205/47/03,N/A,KABA,N.47,KALAKA,P.205,SARATOK,3916,NO SHIFT,NO SHIFT,0,
SARAWAK,P.205,SARATOK,N.38,KALAKA,205/38/04,SARATOK,4262,P.205,SARATOK,N.38,KALAKA,,SARATOK,4262,0,,205/47/04,N/A,SARATOK,N.47,KALAKA,P.205,SARATOK,4262,NO SHIFT,NO SHIFT,0,
SARAWAK,P.205,SARATOK,N.38,KALAKA,205/38/05,TENGALAT,483,P.205,SARATOK,N.38,KALAKA,,TENGALAT,483,0,,205/47/06,N/A,TENGALAT,N.47,KALAKA,P.205,SARATOK,483,NO SHIFT,NO SHIFT,0,
SARAWAK,P.205,SARATOK,N.38,KALAKA,205/38/06,SENYAWAN,309,P.205,SARATOK,N.38,KALAKA,,SENYAWAN,309,0,,205/47/05,N/A,SENYAWAN,N.47,KALAKA,P.205,SARATOK,309,NO SHIFT,NO SHIFT,0,
SARAWAK,P.205,SARATOK,N.39,KRIAN,205/39/01,MUDONG,1265,P.205,SARATOK,N.39,KRIAN,,MUDONG,1265,0,,205/46/01,N/A,MUDONG,N.46,KRIAN,P.205,SARATOK,1265,NO SHIFT,NO SHIFT,0,
SARAWAK,P.205,SARATOK,N.39,KRIAN,205/39/02,BRAYANG,1784,P.205,SARATOK,N.39,KRIAN,,BRAYANG,1784,0,,205/46/02,N/A,BRAYANG,N.46,KRIAN,P.205,SARATOK,1784,NO SHIFT,NO SHIFT,0,
SARAWAK,P.205,SARATOK,N.39,KRIAN,205/39/03,BATU ANAM,2475,P.205,SARATOK,N.39,KRIAN,,BATU ANAM,2475,0,,205/46/03,N/A,BATU ANAM,N.46,KRIAN,P.205,SARATOK,2475,NO SHIFT,NO SHIFT,0,
SARAWAK,P.205,SARATOK,N.39,KRIAN,205/39/04,DISO,2962,P.205,SARATOK,N.39,KRIAN,,DISO,2962,0,,205/46/04,N/A,DISO,N.46,KRIAN,P.205,SARATOK,2962,NO SHIFT,NO SHIFT,0,
SARAWAK,P.205,SARATOK,N.39,KRIAN,205/39/05,AWIK,2090,P.205,SARATOK,N.39,KRIAN,,AWIK,2090,0,,205/46/08,N/A,AWIK,N.46,KRIAN,P.205,SARATOK,2090,NO SHIFT,NO SHIFT,0,
SARAWAK,P.205,SARATOK,N.39,KRIAN,205/39/06,MELUPA,1906,P.205,SARATOK,N.39,KRIAN,,MELUPA,1906,0,,205/46/07,N/A,MELUPA,N.46,KRIAN,P.205,SARATOK,1906,NO SHIFT,NO SHIFT,0,
SARAWAK,P.205,SARATOK,N.39,KRIAN,205/39/07,KABO,2585,P.205,SARATOK,N.39,KRIAN,,KABO,2585,0,,205/46/09,N/A,KABO,N.46,KRIAN,P.205,SARATOK,2585,NO SHIFT,NO SHIFT,0,
SARAWAK,P.205,SARATOK,N.39,KRIAN,205/39/08,GERENJANG,2274,P.205,SARATOK,N.39,KRIAN,,GERENJANG,2274,0,,205/46/10,N/A,GERENJANG,N.46,KRIAN,P.205,SARATOK,2274,NO SHIFT,NO SHIFT,0,
SARAWAK,P.205,SARATOK,N.39,KRIAN,205/39/09,BAJAU,629,P.205,SARATOK,N.39,KRIAN,,BAJAU,629,0,,205/46/06,N/A,BAJAU,N.46,KRIAN,P.205,SARATOK,629,NO SHIFT,NO SHIFT,0,
SARAWAK,P.205,SARATOK,N.39,KRIAN,205/39/10,KRANGAN,935,P.205,SARATOK,N.39,KRIAN,,KRANGAN,935,0,,205/46/05,N/A,KRANGAN,N.46,KRIAN,P.205,SARATOK,935,NO SHIFT,NO SHIFT,0,
SARAWAK,P.205,SARATOK,N.40,KABONG,205/40/01,NYABOR,5888,P.205,SARATOK,N.40,KABONG,,NYABOR,5888,0,,205/48/02,N/A,NYABOR,N.48,KABONG,P.205,SARATOK,5888,NO SHIFT,NO SHIFT,0,
SARAWAK,P.205,SARATOK,N.40,KABONG,205/40/02,ROBAN,2620,P.205,SARATOK,N.40,KABONG,,ROBAN,2620,0,,205/48/03,N/A,ROBAN,N.48,KABONG,P.205,SARATOK,2620,NO SHIFT,NO SHIFT,0,
SARAWAK,P.205,SARATOK,N.40,KABONG,205/40/03,KABONG,6604,P.205,SARATOK,N.40,KABONG,,KABONG,6604,0,,205/48/01,N/A,KABONG,N.48,KABONG,P.205,SARATOK,6604,NO SHIFT,NO SHIFT,0,
SARAWAK,P.206,TANJONG MANIS,N.41,KUALA RAJANG,206/41/01,SELALANG,1144,P.206,TANJONG MANIS,N.41,KUALA RAJANG,208/41/06,SELALANG,1144,0,,206/49/03,206/49/03,SELALANG,N.49,KUALA RAJANG,P.206,TANJONG MANIS,1144,NO SHIFT,NO SHIFT,0,
SARAWAK,P.206,TANJONG MANIS,N.41,KUALA RAJANG,206/41/02,BELAWAI,3659,P.206,TANJONG MANIS,N.41,KUALA RAJANG,208/41/01,BELAWAI,3659,0,,206/49/01,206/49/01,BELAWAI,N.49,KUALA RAJANG,P.206,TANJONG MANIS,3659,NO SHIFT,NO SHIFT,0,
SARAWAK,P.206,TANJONG MANIS,N.41,KUALA RAJANG,206/41/03,RAJANG,2971,P.206,TANJONG MANIS,N.41,KUALA RAJANG,208/41/02,RAJANG,2971,0,,206/49/02,206/49/02,RAJANG,N.49,KUALA RAJANG,P.206,TANJONG MANIS,2971,NO SHIFT,NO SHIFT,0,
SARAWAK,P.206,TANJONG MANIS,N.41,KUALA RAJANG,206/41/04,SARI,2996,P.206,TANJONG MANIS,N.41,KUALA RAJANG,208/41/07,SARI,2996,0,,206/49/04,206/49/04,SARI,N.49,KUALA RAJANG,P.206,TANJONG MANIS,2996,NO SHIFT,NO SHIFT,0,
SARAWAK,P.206,TANJONG MANIS,N.41,KUALA RAJANG,206/41/05,SEBERANG,8046,P.206,TANJONG MANIS,N.41,KUALA RAJANG,,SEBERANG,5704,2342,SEBERANG WAS SUBDIVIDED. THE VOTER COUNT FOR SEBERANG IS GUESSED AS DETAILS OF VOTERS MOVING TO MERUDU IS NOT PRESENT,206/49/05,206/49/05,SEBERANG,N.49,KUALA RAJANG,P.206,TANJONG MANIS,5704,NO SHIFT,NO SHIFT,0,RESHAPED TO INCLUDE PART OF MERUDU IN THE FIRST PROPOSAL
,,,,,,,,P.206,TANJONG MANIS,N.41,KUALA RAJANG,,MASJID BARU,2152,-2152,ORIGINATED FROM SEBERANG,206/49/06,206/49/06,MASJID BARU,N.49,KUALA RAJANG,P.206,TANJONG MANIS,2152,NO SHIFT,NO SHIFT,0,
,,,,,,,,P.206,TANJONG MANIS,N.41,KUALA RAJANG,,MUARA PAYANG,190,-190,ORIGINATED FROM SEBERANG,206/49/07,206/49/07,MUARA PAYANG,N.49,KUALA RAJANG,P.206,TANJONG MANIS,190,NO SHIFT,NO SHIFT,0,
SARAWAK,P.206,TANJONG MANIS,N.41,KUALA RAJANG,206/41/06,NANGA LEPA,188,P.206,TANJONG MANIS,N.41,KUALA RAJANG,208/41/03,NANGA LEPA,188,0,,206/50/06,206/50/06,NANGA LEPA,N.50,MUARA LASSA,P.206,TANJONG MANIS,188,SHIFTED,NO SHIFT,0,
SARAWAK,P.206,TANJONG MANIS,N.42,SEMOP,206/42/01,PALOH,1567,P.206,TANJONG MANIS,N.42,SEMOP,208/42/04,PALOH,1567,0,,206/50/01,206/50/01,PALOH,N.50,MUARA LASSA,P.206,TANJONG MANIS,1567,NO SHIFT,NO SHIFT,0,DUN SEMOP RENAMED TO DUN MUARA LASSA
SARAWAK,P.206,TANJONG MANIS,N.42,SEMOP,206/42/02,MUPONG,740,P.206,TANJONG MANIS,N.42,SEMOP,208/42/06,MUPONG,740,0,,206/50/07,206/50/07,MUPONG,N.50,MUARA LASSA,P.206,TANJONG MANIS,740,NO SHIFT,NO SHIFT,0,DUN SEMOP RENAMED TO DUN MUARA LASSA
SARAWAK,P.206,TANJONG MANIS,N.42,SEMOP,206/42/03,SEMOP,2143,P.206,TANJONG MANIS,N.42,SEMOP,208/42/05,SEMOP,2143,0,,206/50/05,206/50/05,SEMOP,N.50,MUARA LASSA,P.206,TANJONG MANIS,2143,NO SHIFT,NO SHIFT,0,DUN SEMOP RENAMED TO DUN MUARA LASSA
SARAWAK,P.206,TANJONG MANIS,N.42,SEMOP,206/42/04,SAAI,551,P.206,TANJONG MANIS,N.42,SEMOP,208/42/03,SAAI,551,0,,206/50/04,206/50/04,SAAI,N.50,MUARA LASSA,P.206,TANJONG MANIS,551,NO SHIFT,NO SHIFT,0,DUN SEMOP RENAMED TO DUN MUARA LASSA
SARAWAK,P.206,TANJONG MANIS,N.42,SEMOP,206/42/05,TEKAJONG,4357,P.206,TANJONG MANIS,N.42,SEMOP,208/42/02,TEKAJONG,4357,0,,206/50/02,206/50/02,TEKAJONG,N.50,MUARA LASSA,P.206,TANJONG MANIS,4357,NO SHIFT,NO SHIFT,0,DUN SEMOP RENAMED TO DUN MUARA LASSA
SARAWAK,P.206,TANJONG MANIS,N.42,SEMOP,206/42/06,BRUIT,1384,P.206,TANJONG MANIS,N.42,SEMOP,208/42/01,BRUIT,1384,0,,206/50/03,206/50/03,BRUIT,N.50,MUARA LASSA,P.206,TANJONG MANIS,1384,NO SHIFT,NO SHIFT,0,DUN SEMOP RENAMED TO DUN MUARA LASSA
SARAWAK,P.206,TANJONG MANIS,N.42,SEMOP,206/42/07,BUNUT,1471,P.206,TANJONG MANIS,N.42,SEMOP,208/42/07,BUNUT,1471,0,,206/50/11,206/50/11,BUNUT,N.50,MUARA LASSA,P.206,TANJONG MANIS,1471,NO SHIFT,NO SHIFT,0,DUN SEMOP RENAMED TO DUN MUARA LASSA
SARAWAK,P.206,TANJONG MANIS,N.42,SEMOP,206/42/08,BINTANGOR,2844,P.206,TANJONG MANIS,N.42,SEMOP,,BINTANGOR,2844,0,,206/50/12,206/50/12,BINTANGOR,N.50,MUARA LASSA,P.206,TANJONG MANIS,2844,NO SHIFT,NO SHIFT,0,DUN SEMOP RENAMED TO DUN MUARA LASSA
SARAWAK,P.207,IGAN,N.43,DARO,207/43/01,SEMAH,1497,P.207,IGAN,N.43,DARO,207/43/04,SEMAH,394,1103,SEMAH WAS SUBDIVIDED,207/51/04,207/51/04,SEMAH,N.51,DARO,P.207,BATANG LASSA,394,NO SHIFT,NO SHIFT,0,PARLIAMENTARY SEAT OF IGAN RENAMED TO BATANG LASSA
,,,,,,,,P.207,IGAN,N.43,DARO,207/43/05,KAMPUNG SEBENA,275,-275,ORIGINATED FROM SEMAH,207/51/05,207/51/05,KAMPUNG SEBENA,N.51,DARO,P.207,BATANG LASSA,275,NO SHIFT,NO SHIFT,0,PARLIAMENTARY SEAT OF IGAN RENAMED TO BATANG LASSA
,,,,,,,,P.207,IGAN,N.43,DARO,207/43/06,KAMPUNG PENASU,636,-636,ORIGINATED FROM SEMAH,207/51/06,207/51/06,KAMPUNG PENASU,N.51,DARO,P.207,BATANG LASSA,636,NO SHIFT,NO SHIFT,0,PARLIAMENTARY SEAT OF IGAN RENAMED TO BATANG LASSA
,,,,,,,,P.207,IGAN,N.43,DARO,207/43/07,STUBAH,192,-192,ORIGINATED FROM SEMAH,206/50/08,206/50/08,STUBAH,N.50,MUARA LASSA,P.206,TANJONG MANIS,192,SHIFTED,SHIFTED,0,
SARAWAK,P.207,IGAN,N.43,DARO,207/43/02,TEBAANG,2132,P.207,IGAN,N.43,DARO,207/43/03,TEBAANG,2132,0,,207/51/03,207/51/03,TEBAANG,N.51,DARO,P.207,BATANG LASSA,2132,NO SHIFT,NO SHIFT,0,PARLIAMENTARY SEAT OF IGAN RENAMED TO BATANG LASSA
SARAWAK,P.207,IGAN,N.43,DARO,207/43/03,DARO,5548,P.207,IGAN,N.43,DARO,207/43/01,DARO,5548,0,,207/51/01,207/51/01,DARO,N.51,DARO,P.207,BATANG LASSA,5548,NO SHIFT,NO SHIFT,0,PARLIAMENTARY SEAT OF IGAN RENAMED TO BATANG LASSA
SARAWAK,P.207,IGAN,N.43,DARO,207/43/04,LEMANG PEH,2159,P.207,IGAN,N.43,DARO,207/43/02,LEMANG PEH,2159,0,,207/51/02,207/51/02,LEMANG PEH,N.51,DARO,P.207,BATANG LASSA,2159,NO SHIFT,NO SHIFT,0,PARLIAMENTARY SEAT OF IGAN RENAMED TO BATANG LASSA
SARAWAK,P.207,IGAN,N.43,DARO,207/43/05,LASSA,2926,P.207,IGAN,N.43,DARO,207/43/11,LASSA,815,2111,LASSA WAS SUBDIVIDED,207/51/09,207/51/09,LASSA,N.51,DARO,P.207,BATANG LASSA,815,NO SHIFT,NO SHIFT,0,PARLIAMENTARY SEAT OF IGAN RENAMED TO BATANG LASSA
,,,,,,,,P.207,IGAN,N.43,DARO,207/43/09,SUNGAI LENGAN,587,-587,ORIGINATED FROM LASSA,207/51/07,207/51/07,SUNGAI LENGAN,N.51,DARO,P.207,BATANG LASSA,587,NO SHIFT,NO SHIFT,0,PARLIAMENTARY SEAT OF IGAN RENAMED TO BATANG LASSA
,,,,,,,,P.207,IGAN,N.43,DARO,207/43/10,NANGA SINGAT,360,-360,LASSA WAS SUBDIVIDED,207/51/08,207/51/08,NANGA SINGAT,N.51,DARO,P.207,BATANG LASSA,360,NO SHIFT,NO SHIFT,0,PARLIAMENTARY SEAT OF IGAN RENAMED TO BATANG LASSA
,,,,,,,,P.207,IGAN,N.43,DARO,207/43/12,KAMPUNG SAWAI,516,-516,ORIGINATED FROM LASSA,207/51/10,207/51/10,KAMPUNG SAWAI,N.51,DARO,P.207,BATANG LASSA,516,NO SHIFT,NO SHIFT,0,PARLIAMENTARY SEAT OF IGAN RENAMED TO BATANG LASSA
,,,,,,,,P.207,IGAN,N.43,DARO,207/43/13,PASSIN,648,-648,LASSA WAS SUBDIVIDED,207/51/11,207/51/11,PASSIN,N.51,DARO,P.207,BATANG LASSA,648,NO SHIFT,NO SHIFT,0,PARLIAMENTARY SEAT OF IGAN RENAMED TO BATANG LASSA
SARAWAK,P.207,IGAN,N.43,DARO,207/43/06,LEBAAN,581,P.207,IGAN,N.43,DARO,207/43/08,LEBAAN,581,0,,206/50/09,206/50/09,LEBAAN,N.50,MUARA LASSA,P.206,TANJONG MANIS,581,SHIFTED,SHIFTED,0,
SARAWAK,P.207,IGAN,N.44,JEMORENG,207/44/01,KUALA MATU,2808,P.207,IGAN,N.44,JEMORENG,207/44/01,KUALA MATU,2808,0,,207/52/01,207/52/01,KUALA MATU,N.52,MATU,P.207,BATANG LASSA,2808,NO SHIFT,NO SHIFT,0,DUN JEMORENG RENAMED TO DUN MATU. PARLIAMENTARY SEAT OF IGAN RENAMED TO BATANG LASSA
SARAWAK,P.207,IGAN,N.44,JEMORENG,207/44/02,SOK,407,P.207,IGAN,N.44,JEMORENG,207/44/03,SOK,407,0,,207/52/03,207/52/03,SOK,N.52,MATU,P.207,BATANG LASSA,407,NO SHIFT,NO SHIFT,0,DUN JEMORENG RENAMED TO DUN MATU. PARLIAMENTARY SEAT OF IGAN RENAMED TO BATANG LASSA
SARAWAK,P.207,IGAN,N.44,JEMORENG,207/44/03,MATU,248,P.207,IGAN,N.44,JEMORENG,,MATU,248,0,,207/52/04,207/52/04,MATU,N.52,MATU,P.207,BATANG LASSA,248,NO SHIFT,NO SHIFT,0,DUN JEMORENG RENAMED TO DUN MATU. PARLIAMENTARY SEAT OF IGAN RENAMED TO BATANG LASSA
SARAWAK,P.207,IGAN,N.44,JEMORENG,207/44/04,SEKAAN BESAR,1227,P.207,IGAN,N.44,JEMORENG,,SEKAAN BESAR,1227,0,,207/52/05,207/52/05,SEKAAN BESAR,N.52,MATU,P.207,BATANG LASSA,1227,NO SHIFT,NO SHIFT,0,DUN JEMORENG RENAMED TO DUN MATU. PARLIAMENTARY SEAT OF IGAN RENAMED TO BATANG LASSA
SARAWAK,P.207,IGAN,N.44,JEMORENG,207/44/05,JEMORENG,1519,P.207,IGAN,N.44,JEMORENG,207/44/07,JEMORENG,1519,0,,207/52/07,207/52/07,JEMORENG,N.52,MATU,P.207,BATANG LASSA,1519,NO SHIFT,NO SHIFT,0,DUN JEMORENG RENAMED TO DUN MATU. PARLIAMENTARY SEAT OF IGAN RENAMED TO BATANG LASSA
SARAWAK,P.207,IGAN,N.44,JEMORENG,207/44/06,BAWANG,1702,P.207,IGAN,N.44,JEMORENG,207/44/06,BAWANG,1702,0,,207/52/06,207/52/06,BAWANG,N.52,MATU,P.207,BATANG LASSA,1702,NO SHIFT,NO SHIFT,0,DUN JEMORENG RENAMED TO DUN MATU. PARLIAMENTARY SEAT OF IGAN RENAMED TO BATANG LASSA
SARAWAK,P.207,IGAN,N.44,JEMORENG,207/44/07,TIAN,3255,P.207,IGAN,N.44,JEMORENG,207/44/02,TIAN,3255,0,,207/52/02,207/52/02,TIAN,N.52,MATU,P.207,BATANG LASSA,3255,NO SHIFT,NO SHIFT,0,DUN JEMORENG RENAMED TO DUN MATU. PARLIAMENTARY SEAT OF IGAN RENAMED TO BATANG LASSA
SARAWAK,P.207,IGAN,N.44,JEMORENG,207/44/08,BEKUMAH,750,P.207,IGAN,N.44,JEMORENG,207/44/08,BEKUMAH,750,0,,207/52/08,207/52/08,BEKUMAH,N.52,MATU,P.207,BATANG LASSA,750,NO SHIFT,NO SHIFT,0,DUN JEMORENG RENAMED TO DUN MATU. PARLIAMENTARY SEAT OF IGAN RENAMED TO BATANG LASSA
SARAWAK,P.207,IGAN,N.44,JEMORENG,207/44/09,ILAS,285,P.207,IGAN,N.44,JEMORENG,207/44/10,ILAS,285,0,,207/53/02,207/53/02,ILAS,N.53,IGAN,P.207,BATANG LASSA,285,SHIFTED,NO SHIFT,0,DUN IGAN IS A NEW DUN. PARLIAMENTARY SEAT OF IGAN RENAMED TO BATANG LASSA
SARAWAK,P.207,IGAN,N.44,JEMORENG,207/44/10,IGAN,2465,P.207,IGAN,N.44,JEMORENG,207/44/09,IGAN,2465,0,,207/53/01,207/53/01,IGAN,N.53,IGAN,P.207,BATANG LASSA,2465,SHIFTED,NO SHIFT,0,DUN IGAN IS A NEW DUN. PARLIAMENTARY SEAT OF IGAN RENAMED TO BATANG LASSA
SARAWAK,P.208,SARIKEI,N.45,REPOK,208/45/01,BULAT,4465,P.208,SARIKEI,N.45,REPOK,,BULAT,4465,0,,208/55/01,208/55/01,BULAT,N.55,MERADONG,P.208,SARIKEI,4465,SHIFTED,NO SHIFT,0,
SARAWAK,P.208,SARIKEI,N.45,REPOK,208/45/02,PANTAK,2441,P.208,SARIKEI,N.45,REPOK,,PANTAK,2441,0,,208/54/07,208/54/07,PANTAK,N.54,REPOK,P.208,SARIKEI,2441,NO SHIFT,NO SHIFT,0,
SARAWAK,P.208,SARIKEI,N.45,REPOK,208/45/03,REPOK,8161,P.208,SARIKEI,N.45,REPOK,,REPOK,8161,0,,208/54/03,208/54/03,REPOK,N.54,REPOK,P.208,SARIKEI,8161,NO SHIFT,NO SHIFT,0,
SARAWAK,P.208,SARIKEI,N.45,REPOK,208/45/04,SARIKEI,3081,P.208,SARIKEI,N.45,REPOK,,SARIKEI,3081,0,,208/54/01,208/54/01,SARIKEI,N.54,REPOK,P.208,SARIKEI,3081,NO SHIFT,NO SHIFT,0,
SARAWAK,P.208,SARIKEI,N.45,REPOK,208/45/05,MERUDU,2732,P.208,SARIKEI,N.45,REPOK,,MERUDU,2732,0,VOTER COUNT SHOWN FOR MERUDU IS GUESSED AS PRE-RESHAPED MERUDU VOTER COUNT IS NOT AVAILABLE,208/54/04,208/54/04,MERUDU,N.54,REPOK,P.208,SARIKEI,2732,NO SHIFT,NO SHIFT,0,MERUDU WAS RESHAPED. PART OF MERUDU MERGED WITH SEBERANG. VOTER COUNT SHOWN FOR MERUDU IS GUESSED AS PRE-RESHAPED MERUDU VOTER COUNT IS NOT AVAILABLE
SARAWAK,P.208,SARIKEI,N.45,REPOK,208/45/06,PENINJAU,1370,P.208,SARIKEI,N.45,REPOK,,PENINJAU,1370,0,,208/54/06,208/54/06,PENINJAU,N.54,REPOK,P.208,SARIKEI,1370,NO SHIFT,NO SHIFT,0,
SARAWAK,P.208,SARIKEI,N.45,REPOK,208/45/07,PAOH,2764,P.208,SARIKEI,N.45,REPOK,,PAOH,2764,0,,208/54/05,208/54/05,PAOH,N.54,REPOK,P.208,SARIKEI,2764,NO SHIFT,NO SHIFT,0,
SARAWAK,P.208,SARIKEI,N.45,REPOK,208/45/08,NYELONG PARK,7599,P.208,SARIKEI,N.45,REPOK,,NYELONG PARK,7599,0,,208/54/02,208/54/02,NYELONG PARK,N.54,REPOK,P.208,SARIKEI,7599,NO SHIFT,NO SHIFT,0,
SARAWAK,P.208,SARIKEI,N.46,MERADONG,208/46/01,NARASIT,1025,P.208,SARIKEI,N.46,MERADONG,208/46/11,NARASIT,1025,0,,208/55/02,208/55/02,NARASIT,N.55,MERADONG,P.208,SARIKEI,1025,NO SHIFT,NO SHIFT,0,
SARAWAK,P.208,SARIKEI,N.46,MERADONG,208/46/02,TULAI,905,P.208,SARIKEI,N.46,MERADONG,208/46/10,TULAI,905,0,,208/55/03,208/55/03,TULAI,N.55,MERADONG,P.208,SARIKEI,905,NO SHIFT,NO SHIFT,0,
SARAWAK,P.208,SARIKEI,N.46,MERADONG,208/46/03,KERTONG,1843,P.208,SARIKEI,N.46,MERADONG,208/46/09,KERTONG,1843,0,,208/55/04,208/55/04,KERTONG,N.55,MERADONG,P.208,SARIKEI,1843,NO SHIFT,NO SHIFT,0,
SARAWAK,P.208,SARIKEI,N.46,MERADONG,208/46/04,KELUPU,3688,P.208,SARIKEI,N.46,MERADONG,208/46/04,KELUPU,3688,0,,208/55/05,208/55/05,KELUPU,N.55,MERADONG,P.208,SARIKEI,3688,NO SHIFT,NO SHIFT,0,
SARAWAK,P.208,SARIKEI,N.46,MERADONG,208/46/05,BANDAR,4936,P.208,SARIKEI,N.46,MERADONG,208/46/03,BANDAR,4936,0,,208/55/06,208/55/06,BANDAR,N.55,MERADONG,P.208,SARIKEI,4936,NO SHIFT,NO SHIFT,0,
SARAWAK,P.208,SARIKEI,N.46,MERADONG,208/46/06,MERADONG,763,P.208,SARIKEI,N.46,MERADONG,208/46/02,MERADONG,763,0,,208/55/07,208/55/07,MERADONG,N.55,MERADONG,P.208,SARIKEI,763,NO SHIFT,NO SHIFT,0,
SARAWAK,P.208,SARIKEI,N.46,MERADONG,208/46/07,KEMANTAN,918,P.208,SARIKEI,N.46,MERADONG,208/46/07,KEMANTAN,918,0,,208/55/08,208/55/08,KEMANTAN,N.55,MERADONG,P.208,SARIKEI,918,NO SHIFT,NO SHIFT,0,
SARAWAK,P.208,SARIKEI,N.46,MERADONG,208/46/08,MADOR,1907,P.208,SARIKEI,N.46,MERADONG,208/46/08,MADOR,1907,0,,208/55/09,208/55/09,MADOR,N.55,MERADONG,P.208,SARIKEI,1907,NO SHIFT,NO SHIFT,0,
SARAWAK,P.208,SARIKEI,N.46,MERADONG,208/46/09,LEMAYONG,4003,P.208,SARIKEI,N.46,MERADONG,208/46/06,LEMAYONG,4003,0,,208/55/10,208/55/10,LEMAYONG,N.55,MERADONG,P.208,SARIKEI,4003,NO SHIFT,NO SHIFT,0,
SARAWAK,P.208,SARIKEI,N.46,MERADONG,208/46/10,SELEMAS,386,P.208,SARIKEI,N.46,MERADONG,208/46/13,SELEMAS,283,103,SELEMAS WAS SUBDIVIDED 283 VOTER COUNT FOR ORIGINAL MAP IS GUESSED,206/50/10,206/50/10,SELEMAS,N.50,MUARA LASSA,P.206,TANJONG MANIS,283,SHIFTED,SHIFTED,0,REPOSITIONED FOR THE 1ST PROPOSAL
,,,,,,,,P.208,SARIKEI,N.46,MERADONG,208/46/12,SUNGAI PANDAN,103,-103,ORIGINATED FROM SELEMAS,208/55/13,208/55/13,SUNGAI PANDAN,N.55,MERADONG,P.208,SARIKEI,103,NO SHIFT,NO SHIFT,0,RESHAPED FOR THE 1ST PROPOSAL DUE TO SELEMAS REPOSITIONING
SARAWAK,P.208,SARIKEI,N.46,MERADONG,208/46/11,SELIDAP,1245,P.208,SARIKEI,N.46,MERADONG,208/46/01,SELIDAP,1245,0,,208/55/11,208/55/11,SELIDAP,N.55,MERADONG,P.208,SARIKEI,1245,NO SHIFT,NO SHIFT,0,
SARAWAK,P.208,SARIKEI,N.46,MERADONG,208/46/12,NYELONG,3343,P.208,SARIKEI,N.46,MERADONG,208/46/05,NYELONG,3343,0,,208/55/12,208/55/12,NYELONG,N.55,MERADONG,P.208,SARIKEI,3343,NO SHIFT,NO SHIFT,0,
SARAWAK,P.209,JULAU,N.47,PAKAN,209/47/01,BAYONG,1574,P.209,JULAU,N.47,PAKAN,209/47/01,BAYONG,1574,0,,209/56/01,209/56/01,BAYONG,N.56,PAKAN,P.209,JULAU,1574,NO SHIFT,NO SHIFT,0,
SARAWAK,P.209,JULAU,N.47,PAKAN,209/47/02,SUNGAI RUSA,891,P.209,JULAU,N.47,PAKAN,209/47/02,SUNGAI RUSA,891,0,,209/56/02,209/56/02,SUNGAI RUSA,N.56,PAKAN,P.209,JULAU,891,NO SHIFT,NO SHIFT,0,
SARAWAK,P.209,JULAU,N.47,PAKAN,209/47/03,BABAI,3080,P.209,JULAU,N.47,PAKAN,209/47/03,BABAI,3080,0,,209/56/03,209/56/03,BABAI,N.56,PAKAN,P.209,JULAU,3080,NO SHIFT,NO SHIFT,0,
SARAWAK,P.209,JULAU,N.47,PAKAN,209/47/04,LAMUJAN,5083,P.209,JULAU,N.47,PAKAN,209/47/05,LAMUJAN,5083,0,,209/56/06,209/56/06,LAMUJAN,N.56,PAKAN,P.209,JULAU,5083,NO SHIFT,NO SHIFT,0,
SARAWAK,P.209,JULAU,N.47,PAKAN,209/47/05,WUAK,2137,P.209,JULAU,N.47,PAKAN,209/47/04,WUAK,2137,0,,209/56/04,209/56/04,WUAK,N.56,PAKAN,P.209,JULAU,2137,NO SHIFT,NO SHIFT,0,
SARAWAK,P.209,JULAU,N.47,PAKAN,209/47/06,DAYU,2172,P.209,JULAU,N.47,PAKAN,209/47/06,DAYU,2172,0,,209/56/05,209/56/05,DAYU,N.56,PAKAN,P.209,JULAU,2172,NO SHIFT,NO SHIFT,0,
SARAWAK,P.209,JULAU,N.48,MELUAN,209/48/01,BALUT,2509,P.209,JULAU,N.48,MELUAN,209/48/01,BALUT,2509,0,,209/56/07,209/56/07,BALUT,N.56,PAKAN,P.209,JULAU,2509,SHIFTED,NO SHIFT,0,
SARAWAK,P.209,JULAU,N.48,MELUAN,209/48/02,JULAU,3385,P.209,JULAU,N.48,MELUAN,209/48/02,JULAU,3385,0,,209/57/01,209/57/01,JULAU,N.57,MELUAN,P.209,JULAU,3385,NO SHIFT,NO SHIFT,0,
SARAWAK,P.209,JULAU,N.48,MELUAN,209/48/03,RAYAH,1979,P.209,JULAU,N.48,MELUAN,209/48/03,RAYAH,1979,0,,209/57/02,209/57/02,RAYAH,N.57,MELUAN,P.209,JULAU,1979,NO SHIFT,NO SHIFT,0,
SARAWAK,P.209,JULAU,N.48,MELUAN,209/48/04,MELUAN,3155,P.209,JULAU,N.48,MELUAN,209/48/04,MELUAN,3155,0,,209/57/03,209/57/03,MELUAN,N.57,MELUAN,P.209,JULAU,3155,NO SHIFT,NO SHIFT,0,
SARAWAK,P.209,JULAU,N.48,MELUAN,209/48/05,ENGKAMUP,2438,P.209,JULAU,N.48,MELUAN,209/48/05,ENGKAMUP,2438,0,,209/57/04,209/57/04,ENGKAMUP,N.57,MELUAN,P.209,JULAU,2438,NO SHIFT,NO SHIFT,0,
SARAWAK,P.209,JULAU,N.48,MELUAN,209/48/06,ENTABAI,3105,P.209,JULAU,N.48,MELUAN,209/48/06,ENTABAI,3105,0,,209/57/05,209/57/05,ENTABAI,N.57,MELUAN,P.209,JULAU,3105,NO SHIFT,NO SHIFT,0,
SARAWAK,P.209,JULAU,N.48,MELUAN,209/48/07,BEKETAN,4834,P.209,JULAU,N.48,MELUAN,209/48/07,BEKETAN,4834,0,,209/57/06,209/57/06,BEKETAN,N.57,MELUAN,P.209,JULAU,4834,NO SHIFT,NO SHIFT,0,
SARAWAK,P.210,KANOWIT,N.49,NGEMAH,210/49/01,KAJAH,1181,P.210,KANOWIT,N.49,NGEMAH,210/49/06,KAJAH,1181,0,,210/59/07,210/59/07,KAJAH,N.59,NGEMAH,P.210,KANOWIT,1181,NO SHIFT,NO SHIFT,0,
SARAWAK,P.210,KANOWIT,N.49,NGEMAH,210/49/02,BAT,3477,P.210,KANOWIT,N.49,NGEMAH,210/49/05,BAT,3477,0,,210/59/06,210/59/06,BAT,N.59,NGEMAH,P.210,KANOWIT,3477,NO SHIFT,NO SHIFT,0,
SARAWAK,P.210,KANOWIT,N.49,NGEMAH,210/49/03,SENGAYAN,2621,P.210,KANOWIT,N.49,NGEMAH,210/49/04,SENGAYAN,2621,0,,210/59/05,210/59/05,SENGAYAN,N.59,NGEMAH,P.210,KANOWIT,2621,NO SHIFT,NO SHIFT,0,
SARAWAK,P.210,KANOWIT,N.49,NGEMAH,210/49/04,MAPAI,3343,P.210,KANOWIT,N.49,NGEMAH,210/49/03,MAPAI,3343,0,,210/59/04,210/59/04,MAPAI,N.59,NGEMAH,P.210,KANOWIT,3343,NO SHIFT,NO SHIFT,0,
SARAWAK,P.210,KANOWIT,N.49,NGEMAH,210/49/05,BAWAN,2326,P.210,KANOWIT,N.49,NGEMAH,210/49/02,BAWAN,2326,0,,210/59/03,210/59/03,BAWAN,N.59,NGEMAH,P.210,KANOWIT,2326,NO SHIFT,NO SHIFT,0,
SARAWAK,P.210,KANOWIT,N.49,NGEMAH,210/49/06,PIDAI,1779,P.210,KANOWIT,N.49,NGEMAH,210/49/01,PIDAI,1779,0,,210/59/02,210/59/02,PIDAI,N.59,NGEMAH,P.210,KANOWIT,1779,NO SHIFT,NO SHIFT,0,
SARAWAK,P.210,KANOWIT,N.50,MACHAN,210/50/01,LUKUT,989,P.210,KANOWIT,N.50,MACHAN,210/50/01,LUKUT,989,0,,210/58/01,210/58/01,LUKUT,N.58,MACHAN,P.210,KANOWIT,989,NO SHIFT,NO SHIFT,0,
SARAWAK,P.210,KANOWIT,N.50,MACHAN,210/50/02,KANOWIT,4085,P.210,KANOWIT,N.50,MACHAN,210/50/02,KANOWIT,4085,0,,210/58/02,210/58/02,KANOWIT,N.58,MACHAN,P.210,KANOWIT,4085,NO SHIFT,NO SHIFT,0,
SARAWAK,P.210,KANOWIT,N.50,MACHAN,210/50/03,MAJAU,3537,P.210,KANOWIT,N.50,MACHAN,210/50/03,MAJAU,3537,0,,210/58/03,210/58/03,MAJAU,N.58,MACHAN,P.210,KANOWIT,3537,NO SHIFT,NO SHIFT,0,
SARAWAK,P.210,KANOWIT,N.50,MACHAN,210/50/04,PERANAN,1177,P.210,KANOWIT,N.50,MACHAN,210/50/04,PERANAN,1177,0,,210/59/01,210/59/01,PERANAN,N.59,NGEMAH,P.210,KANOWIT,1177,SHIFTED,NO SHIFT,0,
SARAWAK,P.210,KANOWIT,N.50,MACHAN,210/50/05,POI,1050,P.210,KANOWIT,N.50,MACHAN,210/50/05,POI,1050,0,,210/58/04,210/58/04,POI,N.58,MACHAN,P.210,KANOWIT,1050,NO SHIFT,NO SHIFT,0,
SARAWAK,P.210,KANOWIT,N.50,MACHAN,210/50/06,BUKONG,2302,P.210,KANOWIT,N.50,MACHAN,210/50/06,BUKONG,2302,0,,210/58/05,210/58/05,BUKONG,N.58,MACHAN,P.210,KANOWIT,2302,NO SHIFT,NO SHIFT,0,
SARAWAK,P.210,KANOWIT,N.50,MACHAN,210/50/07,LATONG,4298,P.210,KANOWIT,N.50,MACHAN,210/50/07,LATONG,4298,0,,210/58/06,210/58/06,LATONG,N.58,MACHAN,P.210,KANOWIT,4298,NO SHIFT,NO SHIFT,0,
SARAWAK,P.211,LANANG,N.51,BUKIT ASSEK,211/51/01,TIONG HUA,3312,P.211,LANANG,N.51,BUKIT ASSEK,,TIONG HUA,3312,0,,211/62/08,211/62/08,TIONG HUA,N.62,BUKIT ASSEK,P.211,LANANG,3312,NO SHIFT,NO SHIFT,0,
SARAWAK,P.211,LANANG,N.51,BUKIT ASSEK,211/51/02,TONG SANG,3131,P.211,LANANG,N.51,BUKIT ASSEK,,TONG SANG,3131,0,,211/62/10,211/62/10,TONG SANG,N.62,BUKIT ASSEK,P.211,LANANG,3131,NO SHIFT,NO SHIFT,0,
SARAWAK,P.211,LANANG,N.51,BUKIT ASSEK,211/51/03,KELADI,5722,P.211,LANANG,N.51,BUKIT ASSEK,,KELADI,166,5556,KELADI WAS SUBDIVIDED,211/61/10,211/61/10,KELADI,N.61,TANAH MAS,P.211,LANANG,166,SHIFTED,NO SHIFT,0,DUN TANAH MAS IS A NEW DUN
,,,,,,,,P.211,LANANG,N.51,BUKIT ASSEK,,BUKIT PENYAU,665,-665,ORIGINATED FROM KELADI,211/60/03,211/60/03,BUKIT PENYAU,N.60,DUDONG,P.211,LANANG,665,SHIFTED,NO SHIFT,0,
,,,,,,,,P.211,LANANG,N.51,BUKIT ASSEK,,NANGA SALIM,483,-483,ORIGINATED FROM KELADI,211/60/04,211/60/04,NANGA SALIM,N.60,DUDONG,P.211,LANANG,483,SHIFTED,NO SHIFT,0,
,,,,,,,,P.211,LANANG,N.51,BUKIT ASSEK,,SENTOSA,4408,-4408,ORIGINATED FROM KELADI,212/66/01,212/66/01,SENTOSA,N.66,BUKIT KEMUYANG,P.212,SIBU,4408,SHIFTED,SHIFTED,0,DUN BUKIT KEMUYANG IS A NEW DUN
SARAWAK,P.211,LANANG,N.51,BUKIT ASSEK,211/51/04,KAPOR LIMA,3841,P.211,LANANG,N.51,BUKIT ASSEK,,KAPOR LIMA,3841,0,,211/62/12,211/62/12,KAPOR LIMA,N.62,BUKIT ASSEK,P.211,LANANG,3841,NO SHIFT,NO SHIFT,0,
SARAWAK,P.211,LANANG,N.51,BUKIT ASSEK,211/51/05,LEMBANGAN,649,P.211,LANANG,N.51,BUKIT ASSEK,,LEMBANGAN,649,0,,211/61/02,211/61/02,LEMBANGAN,N.61,TANAH MAS,P.211,LANANG,649,SHIFTED,NO SHIFT,0,DUN TANAH MAS IS A NEW DUN
SARAWAK,P.211,LANANG,N.51,BUKIT ASSEK,211/51/06,UK DAIK,4060,P.211,LANANG,N.51,BUKIT ASSEK,,UK DAIK,4060,0,,211/62/11,211/62/11,UK DAIK,N.62,BUKIT ASSEK,P.211,LANANG,4060,NO SHIFT,NO SHIFT,0,
SARAWAK,P.211,LANANG,N.51,BUKIT ASSEK,211/51/07,HARDIN,2456,P.211,LANANG,N.51,BUKIT ASSEK,,HARDIN,2456,0,,211/62/09,211/62/09,HARDIN,N.62,BUKIT ASSEK,P.211,LANANG,2456,NO SHIFT,NO SHIFT,0,
SARAWAK,P.211,LANANG,N.51,BUKIT ASSEK,211/51/08,LAI CHEE,1599,P.211,LANANG,N.51,BUKIT ASSEK,,LAI CHEE,1599,0,,211/62/06,211/62/06,LAI CHEE,N.62,BUKIT ASSEK,P.211,LANANG,1599,NO SHIFT,NO SHIFT,0,
SARAWAK,P.211,LANANG,N.51,BUKIT ASSEK,211/51/09,MERLIN,1268,P.211,LANANG,N.51,BUKIT ASSEK,,MERLIN,1268,0,,211/62/07,211/62/07,MERLIN,N.62,BUKIT ASSEK,P.211,LANANG,1268,NO SHIFT,NO SHIFT,0,
SARAWAK,P.211,LANANG,N.51,BUKIT ASSEK,211/51/10,HUA KIEW,2936,P.211,LANANG,N.51,BUKIT ASSEK,,HUA KIEW,2936,0,,211/62/04,211/62/04,HUA KIEW,N.62,BUKIT ASSEK,P.211,LANANG,2936,NO SHIFT,NO SHIFT,0,
SARAWAK,P.211,LANANG,N.51,BUKIT ASSEK,211/51/11,HIN YU,3777,P.211,LANANG,N.51,BUKIT ASSEK,,HIN YU,3777,0,,211/62/01,211/62/01,HIN YU,N.62,BUKIT ASSEK,P.211,LANANG,3777,NO SHIFT,NO SHIFT,0,
SARAWAK,P.211,LANANG,N.51,BUKIT ASSEK,211/51/12,LAYANG - LAYANG,1508,P.211,LANANG,N.51,BUKIT ASSEK,,LAYANG - LAYANG,1508,0,,211/62/03,211/62/03,LAYANG - LAYANG,N.62,BUKIT ASSEK,P.211,LANANG,1508,NO SHIFT,NO SHIFT,0,
SARAWAK,P.211,LANANG,N.51,BUKIT ASSEK,211/51/13,MANGGIS,558,P.211,LANANG,N.51,BUKIT ASSEK,,MANGGIS,558,0,,211/62/05,211/62/05,MANGGIS,N.62,BUKIT ASSEK,P.211,LANANG,558,NO SHIFT,NO SHIFT,0,
SARAWAK,P.211,LANANG,N.51,BUKIT ASSEK,211/51/14,MALING,670,P.211,LANANG,N.51,BUKIT ASSEK,,MALING,670,0,,211/62/02,211/62/02,MALING,N.62,BUKIT ASSEK,P.211,LANANG,670,NO SHIFT,NO SHIFT,0,
SARAWAK,P.211,LANANG,N.52,DUDONG,211/52/01,ASSAN,3960,P.211,LANANG,N.52,DUDONG,,ASSAN,1139,2821,ASSAN WAS SUBDIVIDED,211/61/09,211/61/09,ASSAN,N.61,TANAH MAS,P.211,LANANG,1139,SHIFTED,NO SHIFT,0,DUN TANAH MAS IS A NEW DUN
,,,,,,,,P.211,LANANG,N.52,DUDONG,,PULAU KERTO,749,-749,ORIGINATED FROM ASSAN,211/61/03,211/61/03,PULAU KERTO,N.61,TANAH MAS,P.211,LANANG,749,SHIFTED,NO SHIFT,0,DUN TANAH MAS IS A NEW DUN
,,,,,,,,P.211,LANANG,N.52,DUDONG,,TANJUNG LATAP,732,-732,ORIGINATED FROM ASSAN,211/61/11,211/61/11,TANJUNG LATAP,N.61,TANAH MAS,P.211,LANANG,732,SHIFTED,NO SHIFT,0,DUN TANAH MAS IS A NEW DUN
,,,,,,,,P.211,LANANG,N.52,DUDONG,211/52/12,BATU WONG,1340,-1340,ORIGINATED FROM ASSAN,211/61/12,211/61/12,BATU WONG,N.61,TANAH MAS,P.211,LANANG,1340,SHIFTED,NO SHIFT,0,DUN TANAH MAS IS A NEW DUN
SARAWAK,P.211,LANANG,N.52,DUDONG,211/52/02,NAMAN,1957,P.211,LANANG,N.52,DUDONG,,NAMAN,1957,0,,211/61/13,211/61/13,NAMAN,N.61,TANAH MAS,P.211,LANANG,1957,SHIFTED,NO SHIFT,0,DUN TANAH MAS IS A NEW DUN
SARAWAK,P.211,LANANG,N.52,DUDONG,211/52/03,PAK,3343,P.211,LANANG,N.52,DUDONG,,PAK,419,2924,PAK WAS SUBDIVIDED,211/61/16,211/61/16,PAK,N.61,TANAH MAS,P.211,LANANG,419,SHIFTED,NO SHIFT,0,DUN TANAH MAS IS A NEW DUN
,,,,,,,,P.211,LANANG,N.52,DUDONG,,SUNGAI DURIN,2025,-2025,ORIGINATED FROM PAK,211/61/14,211/61/14,SUNGAI DURIN,N.61,TANAH MAS,P.211,LANANG,2025,SHIFTED,NO SHIFT,0,DUN TANAH MAS IS A NEW DUN
,,,,,,,,P.211,LANANG,N.52,DUDONG,,SUNGAI TELIAN,244,-244,ORIGINATED FROM PAK,211/61/15,211/61/15,SUNGAI TELIAN,N.61,TANAH MAS,P.211,LANANG,244,SHIFTED,NO SHIFT,0,DUN TANAH MAS IS A NEW DUN
,,,,,,,,P.211,LANANG,N.52,DUDONG,,SUNGAI NIBONG,655,-655,ORIGINATED FROM PAK,211/60/07,211/60/07,SUNGAI NIBONG,N.60,DUDONG,P.211,LANANG,655,NO SHIFT,NO SHIFT,0,
SARAWAK,P.211,LANANG,N.52,DUDONG,211/52/04,DUDONG,2047,P.211,LANANG,N.52,DUDONG,,DUDONG,921,1126,DUDONG WAS SUBDIVIDED,211/60/06,211/60/06,DUDONG,N.60,DUDONG,P.211,LANANG,921,NO SHIFT,NO SHIFT,0,
,,,,,,,,P.211,LANANG,N.52,DUDONG,,SUNGAI SALIM,1126,-1126,ORIGINATED FROM DUDONG,211/60/05,211/60/05,SUNGAI SALIM,N.60,DUDONG,P.211,LANANG,1126,NO SHIFT,NO SHIFT,0,
SARAWAK,P.211,LANANG,N.52,DUDONG,211/52/05,SALIM,11135,P.211,LANANG,N.52,DUDONG,,SALIM,3942,7193,SALIM WAS SUBDIVIDED,211/60/02,211/60/02,SALIM,N.60,DUDONG,P.211,LANANG,3942,NO SHIFT,NO SHIFT,0,
,,,,,,,,P.211,LANANG,N.52,DUDONG,,MALUDAN,4360,-4360,ORIGINATED FROM SALIM,211/60/01,211/60/01,MALUDAN,N.60,DUDONG,P.211,LANANG,4360,NO SHIFT,NO SHIFT,0,
,,,,,,,,P.211,LANANG,N.52,DUDONG,,BUKIT LIMA TIMUR,2833,-2833,ORIGINATED FROM SALIM,211/61/06,211/61/06,BUKIT LIMA TIMUR,N.61,TANAH MAS,P.211,LANANG,2833,SHIFTED,NO SHIFT,0,DUN TANAH MAS IS A NEW DUN
SARAWAK,P.211,LANANG,N.52,DUDONG,211/52/06,LANANG,2203,P.211,LANANG,N.52,DUDONG,,LANANG,2203,0,,211/61/04,211/61/04,LANANG,N.61,TANAH MAS,P.211,LANANG,2203,SHIFTED,NO SHIFT,0,DUN TANAH MAS IS A NEW DUN
SARAWAK,P.211,LANANG,N.52,DUDONG,211/52/07,AIK DEE,3981,P.211,LANANG,N.52,DUDONG,,AIK DEE,3981,0,,211/61/05,211/61/05,AIK DEE,N.61,TANAH MAS,P.211,LANANG,3981,SHIFTED,NO SHIFT,0,DUN TANAH MAS IS A NEW DUN
SARAWAK,P.211,LANANG,N.52,DUDONG,211/52/08,MENYAN,3330,P.211,LANANG,N.52,DUDONG,,MENYAN,3330,0,,211/60/12,211/60/12,MENYAN,N.60,DUDONG,P.211,LANANG,3330,NO SHIFT,NO SHIFT,0,
SARAWAK,P.211,LANANG,N.52,DUDONG,211/52/09,SIBU JAYA,12416,P.211,LANANG,N.52,DUDONG,,SIBU JAYA,4455,7961,SIBU JAYA WAS SUBDIVIDED,211/60/11,211/60/11,SIBU JAYA,N.60,DUDONG,P.211,LANANG,4455,NO SHIFT,NO SHIFT,0,
,,,,,,,,P.211,LANANG,N.52,DUDONG,,DURIN,1037,-1037,ORIGINATED FROM SIBU JAYA,211/60/08,211/60/08,DURIN,N.60,DUDONG,P.211,LANANG,1037,NO SHIFT,NO SHIFT,0,
,,,,,,,,P.211,LANANG,N.52,DUDONG,,BANDAR BARU SIBU JAYA,4424,-4424,ORIGINATED FROM SIBU JAYA,211/60/09,211/60/09,BANDAR BARU SIBU JAYA,N.60,DUDONG,P.211,LANANG,4424,NO SHIFT,NO SHIFT,0,
,,,,,,,,P.211,LANANG,N.52,DUDONG,,SIBU JAYA II,2500,-2500,ORIGINATED FROM SIBU JAYA,211/60/10,211/60/10,SIBU JAYA II,N.60,DUDONG,P.211,LANANG,2500,NO SHIFT,NO SHIFT,0,
SARAWAK,P.211,LANANG,N.52,DUDONG,211/52/10,LADA,5825,P.211,LANANG,N.52,DUDONG,,LADA,5825,0,,211/61/08,211/61/08,LADA,N.61,TANAH MAS,P.211,LANANG,5825,SHIFTED,NO SHIFT,0,DUN TANAH MAS IS A NEW DUN
SARAWAK,P.211,LANANG,N.52,DUDONG,211/52/11,USAHA JAYA,1088,P.211,LANANG,N.52,DUDONG,,USAHA JAYA,1088,0,,212/66/02,212/66/02,USAHA JAYA,N.66,BUKIT KEMUYANG,P.212,SIBU,1088,SHIFTED,SHIFTED,0,DUN BUKIT KEMUYANG IS A NEW DUN
SARAWAK,P.211,LANANG,N.52,DUDONG,211/52/12,MANTIS,4712,P.211,LANANG,N.52,DUDONG,,MANTIS,4712,0,,211/61/07,211/61/07,MANTIS,N.61,TANAH MAS,P.211,LANANG,4712,SHIFTED,NO SHIFT,0,DUN TANAH MAS IS A NEW DUN
SARAWAK,P.212,SIBU,N.53,BAWANG ASSAN,212/53/01,RASSAU,4786,P.212,SIBU,N.53,BAWANG ASSAN,212/53/01,RASSAU,736,4050,RASSAU WAS SUBDIVIDED,212/67/03,212/67/01,RASSAU,N.67,RASSAU,P.212,SIBU,736,NO SHIFT,NO SHIFT,0,DUN BAWANG ASSAN RENAMED TO DUN RASSAU
,,,,,,,,P.212,SIBU,N.53,BAWANG ASSAN,212/53/05,PASSAI,1476,-1476,ORIGINATED FROM RASSAU,212/67/01,212/67/05,PASSAI,N.67,RASSAU,P.212,SIBU,1476,NO SHIFT,NO SHIFT,0,DUN BAWANG ASSAN RENAMED TO DUN RASSAU
,,,,,,,,P.212,SIBU,N.53,BAWANG ASSAN,212/53/02,BUNGAN,1645,-1645,ORIGINATED FROM RASSAU,212/67/02,212/67/02,BUNGAN,N.67,RASSAU,P.212,SIBU,1645,NO SHIFT,NO SHIFT,0,DUN BAWANG ASSAN RENAMED TO DUN RASSAU
,,,,,,,,P.212,SIBU,N.53,BAWANG ASSAN,212/53/03,SEBEDIL,373,-373,ORIGINATED FROM RASSAU,212/67/04,212/67/03,SEBEDIL,N.67,RASSAU,P.212,SIBU,373,NO SHIFT,NO SHIFT,0,DUN BAWANG ASSAN RENAMED TO DUN RASSAU
,,,,,,,,P.212,SIBU,N.53,BAWANG ASSAN,212/53/04,NANGA TUTUS,556,-556,ORIGINATED FROM RASSAU,212/67/05,212/67/04,NANGA TUTUS,N.67,RASSAU,P.212,SIBU,556,NO SHIFT,NO SHIFT,0,DUN BAWANG ASSAN RENAMED TO DUN RASSAU
SARAWAK,P.212,SIBU,N.53,BAWANG ASSAN,212/53/02,PENASU,4257,P.212,SIBU,N.53,BAWANG ASSAN,212/53/08,PENASU,1305,2952,PENASU WAS SUBDIVIDED,212/65/02,212/65/02,PENASU,N.65,NANGKA,P.212,SIBU,1305,SHIFTED,NO SHIFT,0,
,,,,,,,,P.212,SIBU,N.53,BAWANG ASSAN,212/53/06,RANTAU PANJANG,1297,-1297,ORIGINATED FROM PENASU,212/65/01,212/65/01,RANTAU PANJANG,N.65,NANGKA,P.212,SIBU,1297,SHIFTED,NO SHIFT,0,
,,,,,,,,P.212,SIBU,N.53,BAWANG ASSAN,212/53/07,SUNGAI PANGAI,70,-70,ORIGINATED FROM PENASU,212/67/06,212/67/06,SUNGAI PANGAI,N.67,RASSAU,P.212,SIBU,70,NO SHIFT,NO SHIFT,0,DUN BAWANG ASSAN RENAMED TO DUN RASSAU
,,,,,,,,P.212,SIBU,N.53,BAWANG ASSAN,212/53/09,SUNGAI AUP,1585,-1585,ORIGINATED FROM PENASU,212/67/07,212/67/07,SUNGAI AUP,N.67,RASSAU,P.212,SIBU,1585,NO SHIFT,NO SHIFT,0,DUN BAWANG ASSAN RENAMED TO DUN RASSAU
SARAWAK,P.212,SIBU,N.53,BAWANG ASSAN,212/53/03,BAWANG ASSAN,3240,P.212,SIBU,N.53,BAWANG ASSAN,212/53/10,BAWANG ASSAN,3240,0,,212/67/08,212/67/08,BAWANG ASSAN,N.67,RASSAU,P.212,SIBU,3240,NO SHIFT,NO SHIFT,0,DUN BAWANG ASSAN RENAMED TO DUN RASSAU
SARAWAK,P.212,SIBU,N.53,BAWANG ASSAN,212/53/04,KUNYIT,356,P.212,SIBU,N.53,BAWANG ASSAN,212/53/15,KUNYIT,356,0,,212/67/15,212/67/13,KUNYIT,N.67,RASSAU,P.212,SIBU,356,NO SHIFT,NO SHIFT,0,DUN BAWANG ASSAN RENAMED TO DUN RASSAU
SARAWAK,P.212,SIBU,N.53,BAWANG ASSAN,212/53/05,MA'AW,1106,P.212,SIBU,N.53,BAWANG ASSAN,212/53/16,MA'AW,1106,0,,212/67/16,212/67/14,MA'AW,N.67,RASSAU,P.212,SIBU,1106,NO SHIFT,NO SHIFT,0,DUN BAWANG ASSAN RENAMED TO DUN RASSAU
SARAWAK,P.212,SIBU,N.53,BAWANG ASSAN,212/53/06,SELALO,327,P.212,SIBU,N.53,BAWANG ASSAN,212/53/17,SELALO,327,0,,212/67/17,212/67/15,SELALO,N.67,RASSAU,P.212,SIBU,327,NO SHIFT,NO SHIFT,0,DUN BAWANG ASSAN RENAMED TO DUN RASSAU
SARAWAK,P.212,SIBU,N.53,BAWANG ASSAN,212/53/07,DASSAN,1320,P.212,SIBU,N.53,BAWANG ASSAN,212/53/12,DASSAN,1320,0,,212/67/12,212/67/10,DASSAN,N.67,RASSAU,P.212,SIBU,1320,NO SHIFT,NO SHIFT,0,DUN BAWANG ASSAN RENAMED TO DUN RASSAU
SARAWAK,P.212,SIBU,N.53,BAWANG ASSAN,212/53/08,ENSURAI,198,P.212,SIBU,N.53,BAWANG ASSAN,212/53/13,ENSURAI,198,0,,212/67/13,212/67/11,ENSURAI,N.67,RASSAU,P.212,SIBU,198,NO SHIFT,NO SHIFT,0,DUN BAWANG ASSAN RENAMED TO DUN RASSAU
SARAWAK,P.212,SIBU,N.53,BAWANG ASSAN,212/53/09,LAN,762,P.212,SIBU,N.53,BAWANG ASSAN,212/53/14,LAN,762,0,,212/67/14,212/67/12,LAN,N.67,RASSAU,P.212,SIBU,762,NO SHIFT,NO SHIFT,0,DUN BAWANG ASSAN RENAMED TO DUN RASSAU
SARAWAK,P.212,SIBU,N.53,BAWANG ASSAN,212/53/10,ENGKILO,2736,P.212,SIBU,N.53,BAWANG ASSAN,212/53/11,ENGKILO,2736,0,,212/67/09,212/67/09,ENGKILO,N.67,RASSAU,P.212,SIBU,2736,NO SHIFT,NO SHIFT,0,DUN BAWANG ASSAN RENAMED TO DUN RASSAU
SARAWAK,P.212,SIBU,N.53,BAWANG ASSAN,212/53/11,LOWER ISLAND,1702,P.212,SIBU,N.53,BAWANG ASSAN,,LOWER ISLAND,1702,0,,212/67/10,212/67/16,LOWER ISLAND,N.67,RASSAU,P.212,SIBU,1702,NO SHIFT,NO SHIFT,0,DUN BAWANG ASSAN RENAMED TO DUN RASSAU
SARAWAK,P.212,SIBU,N.53,BAWANG ASSAN,212/53/12,UPPER ISLAND,1569,P.212,SIBU,N.53,BAWANG ASSAN,,UPPER ISLAND,1569,0,,212/67/11,212/67/17,UPPER ISLAND,N.67,RASSAU,P.212,SIBU,1569,NO SHIFT,NO SHIFT,0,DUN BAWANG ASSAN RENAMED TO DUN RASSAU
SARAWAK,P.212,SIBU,N.53,BAWANG ASSAN,212/53/13,TANAH MAS,397,P.212,SIBU,N.53,BAWANG ASSAN,,TANAH MAS,397,0,,211/61/01,211/61/01,TANAH MAS,N.61,TANAH MAS,P.211,LANANG,397,SHIFTED,SHIFTED,0,DUN TANAH MAS IS A NEW DUN
SARAWAK,P.212,SIBU,N.54,PELAWAN,212/54/01,RAJANG PARK,4611,P.212,SIBU,N.54,PELAWAN,,RAJANG PARK,4611,0,,212/63/07,212/63/04,RAJANG PARK,N.63,PELAWAN,P.212,SIBU,4611,NO SHIFT,NO SHIFT,0,
SARAWAK,P.212,SIBU,N.54,PELAWAN,212/54/02,PELAWAN,4569,P.212,SIBU,N.54,PELAWAN,,PELAWAN,2906,1663,PELAWAN WAS SUBDIVIDED,212/63/08,212/63/05,PELAWAN,N.63,PELAWAN,P.212,SIBU,2906,NO SHIFT,NO SHIFT,0,
,,,,,,,,P.212,SIBU,N.54,PELAWAN,,KWONG ANN,1663,-1663,ORIGINATED FROM PELAWAN,212/64/02,212/64/02,KWONG ANN,N.64,SUNGAI MERAH,P.212,SIBU,1663,SHIFTED,NO SHIFT,0,DUN SUNGAI MERAH IS A NEW DUN
SARAWAK,P.212,SIBU,N.54,PELAWAN,212/54/03,SUNGAI MERAH,7776,P.212,SIBU,N.54,PELAWAN,,SUNGAI MERAH,7776,0,,212/64/06,212/64/05,SUNGAI MERAH,N.64,SUNGAI MERAH,P.212,SIBU,7776,SHIFTED,NO SHIFT,0,DUN SUNGAI MERAH IS A NEW DUN
SARAWAK,P.212,SIBU,N.54,PELAWAN,212/54/04,DISA,1210,P.212,SIBU,N.54,PELAWAN,,DISA,1210,0,,212/64/08,212/64/06,DISA,N.64,SUNGAI MERAH,P.212,SIBU,1210,SHIFTED,NO SHIFT,0,DUN SUNGAI MERAH IS A NEW DUN
SARAWAK,P.212,SIBU,N.54,PELAWAN,212/54/05,SUNGAI ANTU,4412,P.212,SIBU,N.54,PELAWAN,,SUNGAI ANTU,4412,0,,212/64/04,212/64/04,SUNGAI ANTU,N.64,SUNGAI MERAH,P.212,SIBU,4412,SHIFTED,NO SHIFT,0,DUN SUNGAI MERAH IS A NEW DUN
SARAWAK,P.212,SIBU,N.54,PELAWAN,212/54/06,GAMBIR,8490,P.212,SIBU,N.54,PELAWAN,,GAMBIR,3868,4622,GAMBIR WAS SUBDIVIDED,212/64/03,212/64/03,GAMBIR,N.64,SUNGAI MERAH,P.212,SIBU,3868,SHIFTED,NO SHIFT,0,DUN SUNGAI MERAH IS A NEW DUN
,,,,,,,,P.212,SIBU,N.54,PELAWAN,,CHERRY,2298,-2298,ORIGINATED FROM GAMBIR,212/63/04,212/63/08,CHERRY,N.63,PELAWAN,P.212,SIBU,2298,NO SHIFT,NO SHIFT,0,
,,,,,,,,P.212,SIBU,N.54,PELAWAN,,AU YONG,2324,-2324,ORIGINATED FROM GAMBIR,212/63/05,212/63/07,AU YONG,N.63,PELAWAN,P.212,SIBU,2324,NO SHIFT,NO SHIFT,0,
SARAWAK,P.212,SIBU,N.54,PELAWAN,212/54/07,CAMAR,2489,P.212,SIBU,N.54,PELAWAN,,CAMAR,2489,0,,212/63/03,212/63/02,CAMAR,N.63,PELAWAN,P.212,SIBU,2489,NO SHIFT,NO SHIFT,0,
SARAWAK,P.212,SIBU,N.54,PELAWAN,212/54/08,MERDEKA,4757,P.212,SIBU,N.54,PELAWAN,,MERDEKA,4757,0,,212/63/06,212/63/03,MERDEKA,N.63,PELAWAN,P.212,SIBU,4757,NO SHIFT,NO SHIFT,0,
SARAWAK,P.212,SIBU,N.54,PELAWAN,212/54/09,OYA LANE,5221,P.212,SIBU,N.54,PELAWAN,,OYA LANE,5221,0,,212/63/02,212/63/01,OYA LANE,N.63,PELAWAN,P.212,SIBU,5221,NO SHIFT,NO SHIFT,0,
SARAWAK,P.212,SIBU,N.54,PELAWAN,212/54/10,INDAH,4605,P.212,SIBU,N.54,PELAWAN,,INDAH,4605,0,,212/64/07,212/64/07,INDAH,N.64,SUNGAI MERAH,P.212,SIBU,4605,SHIFTED,NO SHIFT,0,DUN SUNGAI MERAH IS A NEW DUN
SARAWAK,P.212,SIBU,N.54,PELAWAN,212/54/11,NIBONG,4060,P.212,SIBU,N.54,PELAWAN,,NIBONG,1851,2209,NIBONG WAS SUBDIVIDED,212/63/09,212/63/06,NIBONG,N.63,PELAWAN,P.212,SIBU,1851,NO SHIFT,NO SHIFT,0,
,,,,,,,,P.212,SIBU,N.54,PELAWAN,,LOTUS,2209,-2209,ORIGINATED FROM NIBONG,212/64/01,212/64/01,LOTUS,N.64,SUNGAI MERAH,P.212,SIBU,2209,SHIFTED,NO SHIFT,0,DUN SUNGAI MERAH IS A NEW DUN
SARAWAK,P.212,SIBU,N.55,NANGKA,212/55/01,BANDONG,957,P.212,SIBU,N.55,NANGKA,,BANDONG,957,0,,212/65/06,212/65/07,BANDONG,N.65,NANGKA,P.212,SIBU,957,NO SHIFT,NO SHIFT,0,
SARAWAK,P.212,SIBU,N.55,NANGKA,212/55/02,BAHAGIA JAYA,3420,P.212,SIBU,N.55,NANGKA,212/55/09,BAHAGIA JAYA,3420,0,,212/66/03,212/66/03,BAHAGIA JAYA,N.66,BUKIT KEMUYANG,P.212,SIBU,3420,SHIFTED,NO SHIFT,0,DUN BUKIT KEMUYANG IS A NEW DUN
SARAWAK,P.212,SIBU,N.55,NANGKA,212/55/03,DATU NYABOR,1668,P.212,SIBU,N.55,NANGKA,,DATU NYABOR,1668,0,,212/65/10,212/65/03,DATU NYABOR,N.65,NANGKA,P.212,SIBU,1668,NO SHIFT,NO SHIFT,0,
SARAWAK,P.212,SIBU,N.55,NANGKA,212/55/04,ILIR NANGKA,7573,P.212,SIBU,N.55,NANGKA,,ILIR NANGKA,3722,3851,ILIR NANGKA WAS SUBDIVIDED,212/65/07,212/65/06,ILIR NANGKA,N.65,NANGKA,P.212,SIBU,3722,NO SHIFT,NO SHIFT,0,
,,,,,,,,P.212,SIBU,N.55,NANGKA,,KAMPUNG HILIR,3851,-3851,ORIGINATED FROM ILIR NANGKA,212/65/08,212/65/04,KAMPUNG HILIR,N.65,NANGKA,P.212,SIBU,3851,NO SHIFT,NO SHIFT,0,
SARAWAK,P.212,SIBU,N.55,NANGKA,212/55/05,TEKU,2130,P.212,SIBU,N.55,NANGKA,,SUNGAI TEKU,1244,886,TEKU WAS RENAMED TO SUNGAI TEKU. TEKU WAS SUBDIVIDED,212/65/03,212/65/10,SUNGAI TEKU,N.65,NANGKA,P.212,SIBU,1244,NO SHIFT,NO SHIFT,0,
,,,,,,,,P.212,SIBU,N.55,NANGKA,,WAWASAN,627,-627,ORIGINATED FROM TEKU,212/65/04,212/65/09,WAWASAN,N.65,NANGKA,P.212,SIBU,627,NO SHIFT,NO SHIFT,0,
,,,,,,,,P.212,SIBU,N.55,NANGKA,,SUNGAI BIDUT (NORTH),259,-259,ORIGINATED FROM TEKU,212/65/05,212/65/08,SUNGAI BIDUT (NORTH),N.65,NANGKA,P.212,SIBU,259,NO SHIFT,NO SHIFT,0,
SARAWAK,P.212,SIBU,N.55,NANGKA,212/55/06,SEDUAN,14111,P.212,SIBU,N.55,NANGKA,212/55/14,SEDUAN,5344,8767,SEDUAN WAS SUBDIVIDED,212/66/06,212/66/06,SEDUAN,N.66,BUKIT KEMUYANG,P.212,SIBU,5344,SHIFTED,NO SHIFT,0,DUN BUKIT KEMUYANG IS A NEW DUN
,,,,,,,,P.212,SIBU,N.55,NANGKA,212/55/10,KEMUYANG,2148,-2148,SUBDIVIDED FROM SEDUAN,212/66/04,212/66/04,KEMUYANG,N.66,BUKIT KEMUYANG,P.212,SIBU,2148,SHIFTED,NO SHIFT,0,DUN BUKIT KEMUYANG IS A NEW DUN
,,,,,,,,P.212,SIBU,N.55,NANGKA,,PERMAI,5679,-5679,SUBDIVIDED FROM SEDUAN,212/66/05,212/66/05,PERMAI,N.66,BUKIT KEMUYANG,P.212,SIBU,5679,SHIFTED,NO SHIFT,0,DUN BUKIT KEMUYANG IS A NEW DUN
,,,,,,,,P.212,SIBU,N.55,NANGKA,,DUNG SANG,758,-758,SUBDIVIDED FROM SEDUAN,212/63/01,212/63/09,DUNG SANG,N.63,PELAWAN,P.212,SIBU,758,SHIFTED,NO SHIFT,0,
,,,,,,,,P.212,SIBU,N.55,NANGKA,,NANG SANG,182,-182,SUBDIVIDED FROM SEDUAN,212/64/05,212/64/08,NANG SANG,N.64,SUNGAI MERAH,P.212,SIBU,182,SHIFTED,NO SHIFT,0,DUN SUNGAI MERAH IS A NEW DUN
SARAWAK,P.212,SIBU,N.55,NANGKA,212/55/07,TANGGI,3479,P.212,SIBU,N.55,NANGKA,212/55/16,TANGGI,686,2793,TANGGI WAS SUBDIVIDED,211/60/13,211/60/13,TANGGI,N.60,DUDONG,P.211,LANANG,686,SHIFTED,SHIFTED,0,
,,,,,,,,P.212,SIBU,N.55,NANGKA,212/55/15,RASCOM,2793,-2793,ORIGINATED FROM TANGGI,212/66/07,212/66/07,RASCOM,N.66,BUKIT KEMUYANG,P.212,SIBU,2793,SHIFTED,NO SHIFT,0,DUN BUKIT KEMUYANG IS A NEW DUN
SARAWAK,P.212,SIBU,N.55,NANGKA,212/55/08,RACE COURSE,2563,P.212,SIBU,N.55,NANGKA,,RACE COURSE,2563,0,,212/65/09,212/65/05,RACE COURSE,N.65,NANGKA,P.212,SIBU,2563,NO SHIFT,NO SHIFT,0,
SARAWAK,P.213,MUKAH,N.56,DALAT,213/56/01,TANAM,1785,P.213,MUKAH,N.56,DALAT,,TANAM,1785,0,,207/53/08,207/53/08,TANAM,N.53,IGAN,P.207,BATANG LASSA,1785,SHIFTED,SHIFTED,0,DUN IGAN IS A NEW DUN. PARLIAMENTARY SEAT OF IGAN RENAMED TO BATANG LASSA
SARAWAK,P.213,MUKAH,N.56,DALAT,213/56/02,DALAT,1349,P.213,MUKAH,N.56,DALAT,,DALAT,1349,0,,213/68/03,213/68/03,DALAT,N.68,DALAT,P.213,MUKAH,1349,NO SHIFT,NO SHIFT,0,
SARAWAK,P.213,MUKAH,N.56,DALAT,213/56/03,KUT,537,P.213,MUKAH,N.56,DALAT,,KUT,537,0,,213/68/05,213/68/05,KUT,N.68,DALAT,P.213,MUKAH,537,NO SHIFT,NO SHIFT,0,
SARAWAK,P.213,MUKAH,N.56,DALAT,213/56/04,BALAN,712,P.213,MUKAH,N.56,DALAT,,BALAN,712,0,,207/53/07,207/53/07,BALAN,N.53,IGAN,P.207,BATANG LASSA,712,SHIFTED,SHIFTED,0,DUN IGAN IS A NEW DUN. PARLIAMENTARY SEAT OF IGAN RENAMED TO BATANG LASSA
SARAWAK,P.213,MUKAH,N.56,DALAT,213/56/05,UD,2766,P.213,MUKAH,N.56,DALAT,,UD,2766,0,,213/68/02,213/68/02,UD,N.68,DALAT,P.213,MUKAH,2766,NO SHIFT,NO SHIFT,0,
SARAWAK,P.213,MUKAH,N.56,DALAT,213/56/06,BARU DALAT,545,P.213,MUKAH,N.56,DALAT,,BARU DALAT,545,0,,213/68/04,213/68/04,BARU DALAT,N.68,DALAT,P.213,MUKAH,545,NO SHIFT,NO SHIFT,0,
SARAWAK,P.213,MUKAH,N.56,DALAT,213/56/07,SUNGAI DALAM,463,P.213,MUKAH,N.56,DALAT,,SUNGAI DALAM,463,0,,213/68/01,213/68/01,SUNGAI DALAM,N.68,DALAT,P.213,MUKAH,463,NO SHIFT,NO SHIFT,0,
SARAWAK,P.213,MUKAH,N.56,DALAT,213/56/08,KLID,355,P.213,MUKAH,N.56,DALAT,,KLID,355,0,,213/68/09,213/68/09,KLID,N.68,DALAT,P.213,MUKAH,355,NO SHIFT,NO SHIFT,0,
SARAWAK,P.213,MUKAH,N.56,DALAT,213/56/09,KEKAN,874,P.213,MUKAH,N.56,DALAT,,KEKAN,874,0,,213/68/07,213/68/07,KEKAN,N.68,DALAT,P.213,MUKAH,874,NO SHIFT,NO SHIFT,0,
SARAWAK,P.213,MUKAH,N.56,DALAT,213/56/10,MEDONG,2546,P.213,MUKAH,N.56,DALAT,,MEDONG,2546,0,,213/68/08,213/68/08,MEDONG,N.68,DALAT,P.213,MUKAH,2546,NO SHIFT,NO SHIFT,0,
SARAWAK,P.213,MUKAH,N.56,DALAT,213/56/11,KUT MUARA,1270,P.213,MUKAH,N.56,DALAT,,KUT MUARA,1270,0,,213/68/06,213/68/06,KUT MUARA,N.68,DALAT,P.213,MUKAH,1270,NO SHIFT,NO SHIFT,0,
SARAWAK,P.213,MUKAH,N.56,DALAT,213/56/12,NARUB,204,P.213,MUKAH,N.56,DALAT,,NARUB,204,0,,213/68/10,213/68/10,NARUB,N.68,DALAT,P.213,MUKAH,204,NO SHIFT,NO SHIFT,0,
SARAWAK,P.213,MUKAH,N.56,DALAT,213/56/13,OYA,2631,P.213,MUKAH,N.56,DALAT,,OYA,2631,0,,207/53/04,207/53/04,OYA,N.53,IGAN,P.207,BATANG LASSA,2631,SHIFTED,SHIFTED,0,DUN IGAN IS A NEW DUN. PARLIAMENTARY SEAT OF IGAN RENAMED TO BATANG LASSA
SARAWAK,P.213,MUKAH,N.56,DALAT,213/56/14,TERUS,942,P.213,MUKAH,N.56,DALAT,,TERUS,942,0,,207/53/05,207/53/05,TERUS,N.53,IGAN,P.207,BATANG LASSA,942,SHIFTED,SHIFTED,0,DUN IGAN IS A NEW DUN. PARLIAMENTARY SEAT OF IGAN RENAMED TO BATANG LASSA
SARAWAK,P.213,MUKAH,N.56,DALAT,213/56/15,TEH OYA,436,P.213,MUKAH,N.56,DALAT,,TEH OYA,436,0,,207/53/06,207/53/06,TEH OYA,N.53,IGAN,P.207,BATANG LASSA,436,SHIFTED,SHIFTED,0,DUN IGAN IS A NEW DUN. PARLIAMENTARY SEAT OF IGAN RENAMED TO BATANG LASSA
SARAWAK,P.213,MUKAH,N.56,DALAT,213/56/16,SENAU,1104,P.213,MUKAH,N.56,DALAT,,SENAU,1104,0,,207/53/03,207/53/03,SENAU,N.53,IGAN,P.207,BATANG LASSA,1104,SHIFTED,SHIFTED,0,DUN IGAN IS A NEW DUN. PARLIAMENTARY SEAT OF IGAN RENAMED TO BATANG LASSA
SARAWAK,P.213,MUKAH,N.57,TELLIAN,213/57/01,BAOH,694,P.213,MUKAH,N.57,TELLIAN,,BAOH,694,0,,213/68/11,213/68/11,BAOH,N.68,DALAT,P.213,MUKAH,694,SHIFTED,NO SHIFT,0,
SARAWAK,P.213,MUKAH,N.57,TELLIAN,213/57/02,PENAT,618,P.213,MUKAH,N.57,TELLIAN,,PENAT,618,0,,207/53/09,207/53/09,PENAT,N.53,IGAN,P.207,BATANG LASSA,618,SHIFTED,SHIFTED,0,DUN IGAN IS A NEW DUN. PARLIAMENTARY SEAT OF IGAN RENAMED TO BATANG LASSA
SARAWAK,P.213,MUKAH,N.57,TELLIAN,213/57/03,SEBAKONG,761,P.213,MUKAH,N.57,TELLIAN,,SEBAKONG,761,0,,213/69/05,213/69/05,SEBAKONG,N.69,TELLIAN,P.213,MUKAH,761,NO SHIFT,NO SHIFT,0,
SARAWAK,P.213,MUKAH,N.57,TELLIAN,213/57/04,ULU BAOH,1006,P.213,MUKAH,N.57,TELLIAN,,ULU BAOH,1006,0,,213/68/12,213/68/12,ULU BAOH,N.68,DALAT,P.213,MUKAH,1006,SHIFTED,NO SHIFT,0,
SARAWAK,P.213,MUKAH,N.57,TELLIAN,213/57/05,DIJIH,822,P.213,MUKAH,N.57,TELLIAN,,DIJIH,822,0,,213/69/01,213/69/01,DIJIH,N.69,TELLIAN,P.213,MUKAH,822,NO SHIFT,NO SHIFT,0,
SARAWAK,P.213,MUKAH,N.57,TELLIAN,213/57/06,ULU SIKAT,466,P.213,MUKAH,N.57,TELLIAN,,ULU SIKAT,466,0,,213/69/03,213/69/03,ULU SIKAT,N.69,TELLIAN,P.213,MUKAH,466,NO SHIFT,NO SHIFT,0,
SARAWAK,P.213,MUKAH,N.57,TELLIAN,213/57/07,NANGA SIKAT,641,P.213,MUKAH,N.57,TELLIAN,,NANGA SIKAT,641,0,,213/69/04,213/69/04,NANGA SIKAT,N.69,TELLIAN,P.213,MUKAH,641,NO SHIFT,NO SHIFT,0,
SARAWAK,P.213,MUKAH,N.57,TELLIAN,213/57/08,ENGKERBAI,390,P.213,MUKAH,N.57,TELLIAN,,ENGKERBAI,390,0,,213/69/02,213/69/02,ENGKERBAI,N.69,TELLIAN,P.213,MUKAH,390,NO SHIFT,NO SHIFT,0,
SARAWAK,P.213,MUKAH,N.57,TELLIAN,213/57/09,PETANAK MUKAH,2273,P.213,MUKAH,N.57,TELLIAN,,PETANAK MUKAH,2273,0,,213/69/11,213/69/11,PETANAK MUKAH,N.69,TELLIAN,P.213,MUKAH,2273,NO SHIFT,NO SHIFT,0,
SARAWAK,P.213,MUKAH,N.57,TELLIAN,213/57/10,TELLIAN,1622,P.213,MUKAH,N.57,TELLIAN,,TELLIAN,1622,0,,213/69/06,213/69/06,TELLIAN,N.69,TELLIAN,P.213,MUKAH,1622,NO SHIFT,NO SHIFT,0,
SARAWAK,P.213,MUKAH,N.57,TELLIAN,213/57/11,JUDAN,701,P.213,MUKAH,N.57,TELLIAN,,JUDAN,701,0,,213/69/12,213/69/12,JUDAN,N.69,TELLIAN,P.213,MUKAH,701,NO SHIFT,NO SHIFT,0,
SARAWAK,P.213,MUKAH,N.57,TELLIAN,213/57/12,KUALA LAMA,2773,P.213,MUKAH,N.57,TELLIAN,,KUALA LAMA,2773,0,,213/69/10,213/69/10,KUALA LAMA,N.69,TELLIAN,P.213,MUKAH,2773,NO SHIFT,NO SHIFT,0,
SARAWAK,P.213,MUKAH,N.57,TELLIAN,213/57/13,TELLIAN LAUT,1893,P.213,MUKAH,N.57,TELLIAN,,TELLIAN LAUT,1893,0,,213/69/07,213/69/07,TELLIAN LAUT,N.69,TELLIAN,P.213,MUKAH,1893,NO SHIFT,NO SHIFT,0,
SARAWAK,P.213,MUKAH,N.57,TELLIAN,213/57/14,MUKAH,1389,P.213,MUKAH,N.57,TELLIAN,,MUKAH,1389,0,,213/69/09,213/69/09,MUKAH,N.69,TELLIAN,P.213,MUKAH,1389,NO SHIFT,NO SHIFT,0,
SARAWAK,P.213,MUKAH,N.57,TELLIAN,213/57/15,PENAKOP PERMAI,744,P.213,MUKAH,N.57,TELLIAN,,PENAKOP PERMAI,744,0,,213/69/08,213/69/08,PENAKOP PERMAI,N.69,TELLIAN,P.213,MUKAH,744,NO SHIFT,NO SHIFT,0,
SARAWAK,P.213,MUKAH,N.58,BALINGIAN,213/58/01,LITONG,2044,P.213,MUKAH,N.58,BALINGIAN,,LITONG,2044,0,,213/70/02,213/70/02,LITONG,N.70,BALINGIAN,P.213,MUKAH,2044,NO SHIFT,NO SHIFT,0,
SARAWAK,P.213,MUKAH,N.58,BALINGIAN,213/58/02,PENAKOP,746,P.213,MUKAH,N.58,BALINGIAN,,PENAKOP,746,0,,213/70/04,213/70/04,PENAKOP,N.70,BALINGIAN,P.213,MUKAH,746,NO SHIFT,NO SHIFT,0,
SARAWAK,P.213,MUKAH,N.58,BALINGIAN,213/58/03,TEMESU,377,P.213,MUKAH,N.58,BALINGIAN,,TEMESU,377,0,,213/70/07,213/70/07,TEMESU,N.70,BALINGIAN,P.213,MUKAH,377,NO SHIFT,NO SHIFT,0,
SARAWAK,P.213,MUKAH,N.58,BALINGIAN,213/58/04,BALINGIAN,618,P.213,MUKAH,N.58,BALINGIAN,,BALINGIAN,618,0,,213/70/11,213/70/11,BALINGIAN,N.70,BALINGIAN,P.213,MUKAH,618,NO SHIFT,NO SHIFT,0,
SARAWAK,P.213,MUKAH,N.58,BALINGIAN,213/58/05,TUTUS,879,P.213,MUKAH,N.58,BALINGIAN,,TUTUS,879,0,,213/70/01,213/70/01,TUTUS,N.70,BALINGIAN,P.213,MUKAH,879,NO SHIFT,NO SHIFT,0,
SARAWAK,P.213,MUKAH,N.58,BALINGIAN,213/58/06,JEBUNGAN,1100,P.213,MUKAH,N.58,BALINGIAN,,JEBUNGAN,1100,0,,213/70/03,213/70/03,JEBUNGAN,N.70,BALINGIAN,P.213,MUKAH,1100,NO SHIFT,NO SHIFT,0,
SARAWAK,P.213,MUKAH,N.58,BALINGIAN,213/58/07,KENYANA,206,P.213,MUKAH,N.58,BALINGIAN,,KENYANA,206,0,,213/70/06,213/70/06,KENYANA,N.70,BALINGIAN,P.213,MUKAH,206,NO SHIFT,NO SHIFT,0,
SARAWAK,P.213,MUKAH,N.58,BALINGIAN,213/58/08,SESOK,1959,P.213,MUKAH,N.58,BALINGIAN,,SESOK,1959,0,,213/70/05,213/70/05,SESOK,N.70,BALINGIAN,P.213,MUKAH,1959,NO SHIFT,NO SHIFT,0,
SARAWAK,P.213,MUKAH,N.58,BALINGIAN,213/58/09,ULU BEDENGAN,446,P.213,MUKAH,N.58,BALINGIAN,,ULU BEDENGAN,446,0,,213/70/09,213/70/09,ULU BEDENGAN,N.70,BALINGIAN,P.213,MUKAH,446,NO SHIFT,NO SHIFT,0,
SARAWAK,P.213,MUKAH,N.58,BALINGIAN,213/58/10,BEDENGAN,902,P.213,MUKAH,N.58,BALINGIAN,,BEDENGAN,902,0,,213/70/10,213/70/10,BEDENGAN,N.70,BALINGIAN,P.213,MUKAH,902,NO SHIFT,NO SHIFT,0,
SARAWAK,P.213,MUKAH,N.58,BALINGIAN,213/58/11,PENIPAH,672,P.213,MUKAH,N.58,BALINGIAN,,PENIPAH,672,0,,213/70/08,213/70/08,PENIPAH,N.70,BALINGIAN,P.213,MUKAH,672,NO SHIFT,NO SHIFT,0,
SARAWAK,P.213,MUKAH,N.58,BALINGIAN,213/58/12,KUALA BALINGIAN,1550,P.213,MUKAH,N.58,BALINGIAN,,KUALA BALINGIAN,1550,0,,213/70/14,213/70/14,KUALA BALINGIAN,N.70,BALINGIAN,P.213,MUKAH,1550,NO SHIFT,NO SHIFT,0,
SARAWAK,P.213,MUKAH,N.58,BALINGIAN,213/58/13,SUYONG,1588,P.213,MUKAH,N.58,BALINGIAN,,SUYONG,1588,0,,213/70/13,213/70/13,SUYONG,N.70,BALINGIAN,P.213,MUKAH,1588,NO SHIFT,NO SHIFT,0,
SARAWAK,P.213,MUKAH,N.58,BALINGIAN,213/58/14,LIOK,637,P.213,MUKAH,N.58,BALINGIAN,,LIOK,637,0,,213/70/12,213/70/12,LIOK,N.70,BALINGIAN,P.213,MUKAH,637,NO SHIFT,NO SHIFT,0,
SARAWAK,P.214,SELANGAU,N.59,TAMIN,214/59/01,SIONG,2840,P.214,SELANGAU,N.59,TAMIN,,SIONG,2840,0,,214/71/01,N/A,SIONG,N.71,TAMIN,P.214,SELANGAU,2840,NO SHIFT,NO SHIFT,0,
SARAWAK,P.214,SELANGAU,N.59,TAMIN,214/59/02,TAMIN,3100,P.214,SELANGAU,N.59,TAMIN,,TAMIN,3100,0,,214/71/02,N/A,TAMIN,N.71,TAMIN,P.214,SELANGAU,3100,NO SHIFT,NO SHIFT,0,
SARAWAK,P.214,SELANGAU,N.59,TAMIN,214/59/03,SEKUAU,5815,P.214,SELANGAU,N.59,TAMIN,,SEKUAU,5815,0,,214/71/03,N/A,SEKUAU,N.71,TAMIN,P.214,SELANGAU,5815,NO SHIFT,NO SHIFT,0,
SARAWAK,P.214,SELANGAU,N.59,TAMIN,214/59/04,SELANGAU,8057,P.214,SELANGAU,N.59,TAMIN,,SELANGAU,8057,0,,214/71/04,N/A,SELANGAU,N.71,TAMIN,P.214,SELANGAU,8057,NO SHIFT,NO SHIFT,0,
SARAWAK,P.214,SELANGAU,N.59,TAMIN,214/59/05,LEMAI,5499,P.214,SELANGAU,N.59,TAMIN,,LEMAI,5499,0,,214/71/05,N/A,LEMAI,N.71,TAMIN,P.214,SELANGAU,5499,NO SHIFT,NO SHIFT,0,
SARAWAK,P.214,SELANGAU,N.60,KAKUS,214/60/01,BAWAN,2437,P.214,SELANGAU,N.60,KAKUS,,BAWAN,2437,0,,214/72/01,N/A,BAWAN,N.72,KAKUS,P.214,SELANGAU,2437,NO SHIFT,NO SHIFT,0,
SARAWAK,P.214,SELANGAU,N.60,KAKUS,214/60/02,ARIP,3508,P.214,SELANGAU,N.60,KAKUS,,ARIP,3508,0,,214/72/02,N/A,ARIP,N.72,KAKUS,P.214,SELANGAU,3508,NO SHIFT,NO SHIFT,0,
SARAWAK,P.214,SELANGAU,N.60,KAKUS,214/60/03,TATAU-BUAN,1801,P.214,SELANGAU,N.60,KAKUS,,TATAU-BUAN,1801,0,,214/72/04,N/A,TATAU-BUAN,N.72,KAKUS,P.214,SELANGAU,1801,NO SHIFT,NO SHIFT,0,
SARAWAK,P.214,SELANGAU,N.60,KAKUS,214/60/04,KAKUS,1013,P.214,SELANGAU,N.60,KAKUS,,KAKUS,1013,0,,214/72/18,N/A,KAKUS,N.72,KAKUS,P.214,SELANGAU,1013,NO SHIFT,NO SHIFT,0,
SARAWAK,P.214,SELANGAU,N.60,KAKUS,214/60/05,ANAP,613,P.214,SELANGAU,N.60,KAKUS,,ANAP,613,0,,214/72/24,N/A,ANAP,N.72,KAKUS,P.214,SELANGAU,613,NO SHIFT,NO SHIFT,0,
SARAWAK,P.214,SELANGAU,N.60,KAKUS,214/60/06,TATAU,2168,P.214,SELANGAU,N.60,KAKUS,,TATAU,2168,0,,214/72/05,N/A,TATAU,N.72,KAKUS,P.214,SELANGAU,2168,NO SHIFT,NO SHIFT,0,
SARAWAK,P.214,SELANGAU,N.60,KAKUS,214/60/07,LUBOK KUMPAI,714,P.214,SELANGAU,N.60,KAKUS,,LUBOK KUMPAI,714,0,,214/72/08,N/A,LUBOK KUMPAI,N.72,KAKUS,P.214,SELANGAU,714,NO SHIFT,NO SHIFT,0,
SARAWAK,P.214,SELANGAU,N.60,KAKUS,214/60/08,BEKIRAN,256,P.214,SELANGAU,N.60,KAKUS,,BEKIRAN,256,0,,214/72/06,N/A,BEKIRAN,N.72,KAKUS,P.214,SELANGAU,256,NO SHIFT,NO SHIFT,0,
SARAWAK,P.214,SELANGAU,N.60,KAKUS,214/60/09,TEKALIT,721,P.214,SELANGAU,N.60,KAKUS,,TEKALIT,721,0,,214/72/07,N/A,TEKALIT,N.72,KAKUS,P.214,SELANGAU,721,NO SHIFT,NO SHIFT,0,
SARAWAK,P.214,SELANGAU,N.60,KAKUS,214/60/10,RUNGAN,619,P.214,SELANGAU,N.60,KAKUS,,RUNGAN,619,0,,214/72/10,N/A,RUNGAN,N.72,KAKUS,P.214,SELANGAU,619,NO SHIFT,NO SHIFT,0,
SARAWAK,P.214,SELANGAU,N.60,KAKUS,214/60/11,GIRI,193,P.214,SELANGAU,N.60,KAKUS,,GIRI,193,0,,214/72/19,N/A,GIRI,N.72,KAKUS,P.214,SELANGAU,193,NO SHIFT,NO SHIFT,0,
SARAWAK,P.214,SELANGAU,N.60,KAKUS,214/60/12,KELEBU,335,P.214,SELANGAU,N.60,KAKUS,,KELEBU,335,0,,214/72/09,N/A,KELEBU,N.72,KAKUS,P.214,SELANGAU,335,NO SHIFT,NO SHIFT,0,
SARAWAK,P.214,SELANGAU,N.60,KAKUS,214/60/13,ENTAJUM,512,P.214,SELANGAU,N.60,KAKUS,,ENTAJUM,512,0,,214/72/13,N/A,ENTAJUM,N.72,KAKUS,P.214,SELANGAU,512,NO SHIFT,NO SHIFT,0,
SARAWAK,P.214,SELANGAU,N.60,KAKUS,214/60/14,ULU SANGAN,554,P.214,SELANGAU,N.60,KAKUS,,ULU SANGAN,554,0,,214/72/14,N/A,ULU SANGAN,N.72,KAKUS,P.214,SELANGAU,554,NO SHIFT,NO SHIFT,0,
SARAWAK,P.214,SELANGAU,N.60,KAKUS,214/60/15,SANGAN,952,P.214,SELANGAU,N.60,KAKUS,,SANGAN,952,0,,214/72/12,N/A,SANGAN,N.72,KAKUS,P.214,SELANGAU,952,NO SHIFT,NO SHIFT,0,
SARAWAK,P.214,SELANGAU,N.60,KAKUS,214/60/16,PENYARAI,841,P.214,SELANGAU,N.60,KAKUS,,PENYARAI,841,0,,214/72/21,N/A,PENYARAI,N.72,KAKUS,P.214,SELANGAU,841,NO SHIFT,NO SHIFT,0,
SARAWAK,P.214,SELANGAU,N.60,KAKUS,214/60/17,KULAU BELUNGAI,607,P.214,SELANGAU,N.60,KAKUS,,KULAU BELUNGAI,607,0,,214/72/20,N/A,KULAU BELUNGAI,N.72,KAKUS,P.214,SELANGAU,607,NO SHIFT,NO SHIFT,0,
SARAWAK,P.214,SELANGAU,N.60,KAKUS,214/60/18,MUPUT,665,P.214,SELANGAU,N.60,KAKUS,,MUPUT,665,0,,214/72/15,N/A,MUPUT,N.72,KAKUS,P.214,SELANGAU,665,NO SHIFT,NO SHIFT,0,
SARAWAK,P.214,SELANGAU,N.60,KAKUS,214/60/19,PASIR NANGKA,499,P.214,SELANGAU,N.60,KAKUS,,PASIR NANGKA,499,0,,214/72/17,N/A,PASIR NANGKA,N.72,KAKUS,P.214,SELANGAU,499,NO SHIFT,NO SHIFT,0,
SARAWAK,P.214,SELANGAU,N.60,KAKUS,214/60/20,NANGA EMPANG,108,P.214,SELANGAU,N.60,KAKUS,,NANGA EMPANG,108,0,,214/72/11,N/A,NANGA EMPANG,N.72,KAKUS,P.214,SELANGAU,108,NO SHIFT,NO SHIFT,0,
SARAWAK,P.214,SELANGAU,N.60,KAKUS,214/60/21,KANA,681,P.214,SELANGAU,N.60,KAKUS,,KANA,681,0,,214/72/16,N/A,KANA,N.72,KAKUS,P.214,SELANGAU,681,NO SHIFT,NO SHIFT,0,
SARAWAK,P.214,SELANGAU,N.60,KAKUS,214/60/22,SETUSOR,338,P.214,SELANGAU,N.60,KAKUS,,SETUSOR,338,0,,214/72/23,N/A,SETUSOR,N.72,KAKUS,P.214,SELANGAU,338,NO SHIFT,NO SHIFT,0,
SARAWAK,P.214,SELANGAU,N.60,KAKUS,214/60/23,TAU,808,P.214,SELANGAU,N.60,KAKUS,,TAU,808,0,,214/72/22,N/A,TAU,N.72,KAKUS,P.214,SELANGAU,808,NO SHIFT,NO SHIFT,0,
SARAWAK,P.214,SELANGAU,N.60,KAKUS,214/60/24,TAKAN,342,P.214,SELANGAU,N.60,KAKUS,,TAKAN,342,0,,214/72/25,N/A,TAKAN,N.72,KAKUS,P.214,SELANGAU,342,NO SHIFT,NO SHIFT,0,
SARAWAK,P.214,SELANGAU,N.60,KAKUS,214/60/25,ANNAU,2670,P.214,SELANGAU,N.60,KAKUS,,ANNAU,2670,0,,214/72/03,N/A,ANNAU,N.72,KAKUS,P.214,SELANGAU,2670,NO SHIFT,NO SHIFT,0,
SARAWAK,P.215,KAPIT,N.61,PELAGUS,215/61/01,PELAGUS,3376,P.215,KAPIT,N.61,PELAGUS,215/61/02,PELAGUS,3376,0,,215/76/04,215/76/02,PELAGUS,N.76,PELAGUS,P.215,KAPIT,3376,NO SHIFT,NO SHIFT,0,
SARAWAK,P.215,KAPIT,N.61,PELAGUS,215/61/02,SUNGAI AMANG,1206,P.215,KAPIT,N.61,PELAGUS,215/61/05,SUNGAI AMANG,1206,0,,215/75/13,215/75/04,SUNGAI AMANG,N.75,MELEKUN,P.215,KAPIT,1206,SHIFTED,NO SHIFT,0,DUN MELEKUN IS A NEW DUN
SARAWAK,P.215,KAPIT,N.61,PELAGUS,215/61/03,NANGA PERARAN,1695,P.215,KAPIT,N.61,PELAGUS,215/61/01,NANGA PERARAN,1695,0,,215/76/05,215/76/01,NANGA PERARAN,N.76,PELAGUS,P.215,KAPIT,1695,NO SHIFT,NO SHIFT,0,
SARAWAK,P.215,KAPIT,N.61,PELAGUS,215/61/04,SUT,5871,P.215,KAPIT,N.61,PELAGUS,,SUT,127,5744,SUT WAS SUBDIVIDED,215/75/10,215/75/07,SUT,N.75,MELEKUN,P.215,KAPIT,127,SHIFTED,NO SHIFT,0,DUN MELEKUN IS A NEW DUN
,,,,,,,,P.215,KAPIT,N.61,PELAGUS,,TELUK GIMANG,525,-525,SUT WAS SUBDIVIDED,215/76/03,215/76/03,TELUK GIMANG,N.76,PELAGUS,P.215,KAPIT,525,NO SHIFT,NO SHIFT,0,DUN MELEKUN IS A NEW DUN
,,,,,,,,P.215,KAPIT,N.61,PELAGUS,,NANGA SUT,1190,-1190,ORIGINATED FROM SUT,215/76/01,215/76/04,NANGA SUT,N.76,PELAGUS,P.215,KAPIT,1190,NO SHIFT,NO SHIFT,0,
,,,,,,,,P.215,KAPIT,N.61,PELAGUS,,NANGA BANYAU,326,-326,ORIGINATED FROM SUT,215/76/02,215/76/05,NANGA BANYAU,N.76,PELAGUS,P.215,KAPIT,326,NO SHIFT,NO SHIFT,0,
,,,,,,,,P.215,KAPIT,N.61,PELAGUS,215/61/04,KEBIAW,483,-483,SUT WAS SUBDIVIDED,215/75/06,215/75/01,KEBIAW,N.75,MELEKUN,P.215,KAPIT,483,SHIFTED,NO SHIFT,0,DUN MELEKUN IS A NEW DUN
,,,,,,,,P.215,KAPIT,N.61,PELAGUS,,NANGA BENA,328,-328,SUT WAS SUBDIVIDED,215/75/07,215/75/02,NANGA BENA,N.75,MELEKUN,P.215,KAPIT,328,SHIFTED,NO SHIFT,0,DUN MELEKUN IS A NEW DUN
,,,,,,,,P.215,KAPIT,N.61,PELAGUS,,NANGA BAWAI,1108,-1108,SUT WAS SUBDIVIDED,215/75/12,215/75/03,NANGA BAWAI,N.75,MELEKUN,P.215,KAPIT,1108,SHIFTED,NO SHIFT,0,DUN MELEKUN IS A NEW DUN
,,,,,,,,P.215,KAPIT,N.61,PELAGUS,215/61/10,TEMBAWAI SANDONG,719,-719,SUT WAS SUBDIVIDED,215/75/03,215/75/05,TEMBAWAI SANDONG,N.75,MELEKUN,P.215,KAPIT,719,SHIFTED,NO SHIFT,0,DUN MELEKUN IS A NEW DUN
,,,,,,,,P.215,KAPIT,N.61,PELAGUS,215/61/11,ANTAROH,270,-270,SUT WAS SUBDIVIDED,215/75/11,215/75/06,ANTAROH,N.75,MELEKUN,P.215,KAPIT,270,SHIFTED,NO SHIFT,0,DUN MELEKUN IS A NEW DUN
,,,,,,,,P.215,KAPIT,N.61,PELAGUS,,ENTAWAU ULU,148,-148,SUT WAS SUBDIVIDED,215/75/09,215/75/08,ENTAWAU ULU,N.75,MELEKUN,P.215,KAPIT,148,SHIFTED,NO SHIFT,0,DUN MELEKUN IS A NEW DUN
,,,,,,,,P.215,KAPIT,N.61,PELAGUS,,MERATING,121,-121,SUT WAS SUBDIVIDED,215/75/08,215/75/09,MERATING,N.75,MELEKUN,P.215,KAPIT,121,SHIFTED,NO SHIFT,0,DUN MELEKUN IS A NEW DUN
,,,,,,,,P.215,KAPIT,N.61,PELAGUS,,ENTAWAU ILI,163,-163,SUT WAS SUBDIVIDED,215/75/05,215/75/10,ENTAWAU ILI,N.75,MELEKUN,P.215,KAPIT,163,SHIFTED,NO SHIFT,0,DUN MELEKUN IS A NEW DUN
,,,,,,,,P.215,KAPIT,N.61,PELAGUS,215/61/16,LUN ILI,363,-363,SUT WAS SUBDIVIDED,215/75/04,215/75/11,LUN ILI,N.75,MELEKUN,P.215,KAPIT,363,SHIFTED,NO SHIFT,0,DUN MELEKUN IS A NEW DUN
SARAWAK,P.215,KAPIT,N.62,KATIBAS,215/62/01,MANAP,2463,P.215,KAPIT,N.62,KATIBAS,215/62/02,MANAP,2463,0,,215/73/06,215/73/02,MANAP,N.73,KATIBAS,P.215,KAPIT,2463,NO SHIFT,NO SHIFT,0,
SARAWAK,P.215,KAPIT,N.62,KATIBAS,215/62/02,TEMELAT,3448,P.215,KAPIT,N.62,KATIBAS,215/62/01,TEMELAT,3448,0,,215/73/07,215/73/01,TEMELAT,N.73,KATIBAS,P.215,KAPIT,3448,NO SHIFT,NO SHIFT,0,
SARAWAK,P.215,KAPIT,N.62,KATIBAS,215/62/03,SONG,1737,P.215,KAPIT,N.62,KATIBAS,215/62/03,SONG,1737,0,,215/73/05,215/73/03,SONG,N.73,KATIBAS,P.215,KAPIT,1737,NO SHIFT,NO SHIFT,0,
SARAWAK,P.215,KAPIT,N.62,KATIBAS,215/62/04,KATIBAS,3132,P.215,KAPIT,N.62,KATIBAS,215/62/04,KATIBAS,3132,0,,215/73/04,215/73/04,KATIBAS,N.73,KATIBAS,P.215,KAPIT,3132,NO SHIFT,NO SHIFT,0,
SARAWAK,P.215,KAPIT,N.62,KATIBAS,215/62/05,TAPANG,1618,P.215,KAPIT,N.62,KATIBAS,215/62/07,TAPANG,1618,0,,215/73/01,215/73/07,TAPANG,N.73,KATIBAS,P.215,KAPIT,1618,NO SHIFT,NO SHIFT,0,
SARAWAK,P.215,KAPIT,N.62,KATIBAS,215/62/06,BANGKIT,2392,P.215,KAPIT,N.62,KATIBAS,215/62/06,BANGKIT,2392,0,,215/73/02,215/73/06,BANGKIT,N.73,KATIBAS,P.215,KAPIT,2392,NO SHIFT,NO SHIFT,0,
SARAWAK,P.215,KAPIT,N.62,KATIBAS,215/62/07,TEKALIT,1737,P.215,KAPIT,N.62,KATIBAS,215/62/05,TEKALIT,1737,0,,215/73/03,215/73/05,TEKALIT,N.73,KATIBAS,P.215,KAPIT,1737,NO SHIFT,NO SHIFT,0,
SARAWAK,P.215,KAPIT,N.63,BUKIT GORAM,215/63/01,SUNGAI KAPIT,2286,P.215,KAPIT,N.63,BUKIT GORAM,215/63/06,SUNGAI KAPIT,2286,0,,215/75/02,215/75/13,SUNGAI KAPIT,N.75,MELEKUN,P.215,KAPIT,2286,SHIFTED,NO SHIFT,0,DUN MELEKUN IS A NEW DUN
SARAWAK,P.215,KAPIT,N.63,BUKIT GORAM,215/63/02,KAPIT,2248,P.215,KAPIT,N.63,BUKIT GORAM,215/63/02,KAPIT,2248,0,,215/74/04,215/74/04,KAPIT,N.74,BUKIT GORAM,P.215,KAPIT,2248,NO SHIFT,NO SHIFT,0,
SARAWAK,P.215,KAPIT,N.63,BUKIT GORAM,215/63/03,MENUAN,1911,P.215,KAPIT,N.63,BUKIT GORAM,215/63/03,MENUAN,1911,0,,215/74/03,215/74/03,MENUAN,N.74,BUKIT GORAM,P.215,KAPIT,1911,NO SHIFT,NO SHIFT,0,
SARAWAK,P.215,KAPIT,N.63,BUKIT GORAM,215/63/04,IBAU,4440,P.215,KAPIT,N.63,BUKIT GORAM,215/63/02,IBAU,4440,0,,215/74/02,215/74/02,IBAU,N.74,BUKIT GORAM,P.215,KAPIT,4440,NO SHIFT,NO SHIFT,0,
SARAWAK,P.215,KAPIT,N.63,BUKIT GORAM,215/63/05,KAMPUNG BARU,2386,P.215,KAPIT,N.63,BUKIT GORAM,215/63/04,KAMPUNG BARU,2386,0,,215/74/05,215/74/05,KAMPUNG BARU,N.74,BUKIT GORAM,P.215,KAPIT,2386,NO SHIFT,NO SHIFT,0,
SARAWAK,P.215,KAPIT,N.63,BUKIT GORAM,215/63/06,SELIRIK,3677,P.215,KAPIT,N.63,BUKIT GORAM,215/63/05,SELIRIK,3677,0,,215/75/01,215/75/12,SELIRIK,N.75,MELEKUN,P.215,KAPIT,3677,SHIFTED,NO SHIFT,0,DUN MELEKUN IS A NEW DUN
SARAWAK,P.215,KAPIT,N.63,BUKIT GORAM,215/63/07,SIBAU,535,P.215,KAPIT,N.63,BUKIT GORAM,215/63/07,SIBAU,535,0,,215/74/06,215/74/06,SIBAU,N.74,BUKIT GORAM,P.215,KAPIT,535,NO SHIFT,NO SHIFT,0,
SARAWAK,P.215,KAPIT,N.63,BUKIT GORAM,215/63/08,ENTANGAI,1154,P.215,KAPIT,N.63,BUKIT GORAM,215/63/01,ENTANGAI,1154,0,,215/74/01,215/74/01,ENTANGAI,N.74,BUKIT GORAM,P.215,KAPIT,1154,NO SHIFT,NO SHIFT,0,
SARAWAK,P.216,HULU RAJANG,N.64,BALEH,216/64/01,GAAT,1180,P.216,HULU RAJANG,N.64,BALEH,216/64/01,GAAT,1180,0,,216/77/01,216/77/01,GAAT,N.77,BALEH,P.216,HULU RAJANG,1180,NO SHIFT,NO SHIFT,0,
SARAWAK,P.216,HULU RAJANG,N.64,BALEH,216/64/02,MUJONG,4896,P.216,HULU RAJANG,N.64,BALEH,216/64/05,MUJONG,4896,0,,216/77/05,216/77/05,MUJONG,N.77,BALEH,P.216,HULU RAJANG,4896,NO SHIFT,NO SHIFT,0,
SARAWAK,P.216,HULU RAJANG,N.64,BALEH,216/64/03,MELINAU,3208,P.216,HULU RAJANG,N.64,BALEH,216/64/04,MELINAU,3208,0,,216/77/04,216/77/04,MELINAU,N.77,BALEH,P.216,HULU RAJANG,3208,NO SHIFT,NO SHIFT,0,
SARAWAK,P.216,HULU RAJANG,N.64,BALEH,216/64/04,BALEH,3809,P.216,HULU RAJANG,N.64,BALEH,216/64/03,BALEH,3809,0,,216/77/03,216/77/03,BALEH,N.77,BALEH,P.216,HULU RAJANG,3809,NO SHIFT,NO SHIFT,0,
SARAWAK,P.216,HULU RAJANG,N.64,BALEH,216/64/05,MERIRAI,3207,P.216,HULU RAJANG,N.64,BALEH,216/64/02,MERIRAI,3207,0,,216/77/02,216/77/02,MERIRAI,N.77,BALEH,P.216,HULU RAJANG,3207,NO SHIFT,NO SHIFT,0,
SARAWAK,P.216,HULU RAJANG,N.65,BELAGA,216/65/01,DATA KAKUS,1228,P.216,HULU RAJANG,N.65,BELAGA,216/65/10,DATA KAKUS,1228,0,,216/78/08,216/78/08,DATA KAKUS,N.78,BELAGA,P.216,HULU RAJANG,1228,NO SHIFT,NO SHIFT,0,
SARAWAK,P.216,HULU RAJANG,N.65,BELAGA,216/65/02,MERIT,3260,P.216,HULU RAJANG,N.65,BELAGA,216/65/07,MERIT,538,2722,MERIT WAS SUBDIVIDED,215/76/10,215/76/10,MERIT,N.76,PELAGUS,P.215,KAPIT,538,SHIFTED,SHIFTED,0,
,,,,,,,,P.216,HULU RAJANG,N.65,BELAGA,216/65/08,ULU METAH,420,-420,SUBDIVIDED FROM MERIT,215/76/11,215/76/11,ULU METAH,N.76,PELAGUS,P.215,KAPIT,420,SHIFTED,SHIFTED,0,
,,,,,,,,P.216,HULU RAJANG,N.65,BELAGA,216/65/04,NANGA METAH,464,-464,SUBDIVIDED FROM MERIT,215/76/07,215/76/07,NANGA METAH,N.76,PELAGUS,P.215,KAPIT,464,SHIFTED,SHIFTED,0,
,,,,,,,,P.216,HULU RAJANG,N.65,BELAGA,216/65/05,NANGA PILLA,725,-725,SUBDIVIDED FROM MERIT,215/76/08,215/76/08,NANGA PILLA,N.76,PELAGUS,P.215,KAPIT,725,SHIFTED,SHIFTED,0,
,,,,,,,,P.216,HULU RAJANG,N.65,BELAGA,,NANGA ENSAWI,676,-676,SUBDIVIDED FROM MERIT,215/76/09,215/76/09,NANGA ENSAWI,N.76,PELAGUS,P.215,KAPIT,676,SHIFTED,SHIFTED,0,
,,,,,,,,P.216,HULU RAJANG,N.65,BELAGA,216/65/03,LUBOK DABAI,437,-437,SUBDIVIDED FROM MERIT,215/76/06,215/76/06,LUBOK DABAI,N.76,PELAGUS,P.215,KAPIT,437,SHIFTED,SHIFTED,0,
SARAWAK,P.216,HULU RAJANG,N.65,BELAGA,216/65/03,BA,2830,P.216,HULU RAJANG,N.65,BELAGA,216/65/09,BA,2830,0,,216/78/07,216/78/07,BA,N.78,BELAGA,P.216,HULU RAJANG,2830,NO SHIFT,NO SHIFT,0,
SARAWAK,P.216,HULU RAJANG,N.65,BELAGA,216/65/04,BELAGA,3561,P.216,HULU RAJANG,N.65,BELAGA,216/65/02,BELAGA,3561,0,,216/78/06,216/78/06,BELAGA,N.78,BELAGA,P.216,HULU RAJANG,3561,NO SHIFT,NO SHIFT,0,
SARAWAK,P.216,HULU RAJANG,N.65,BELAGA,216/65/05,LONG BUSANG,887,P.216,HULU RAJANG,N.65,BELAGA,216/65/01,LONG BUSANG,887,0,,216/78/01,216/78/01,LONG BUSANG,N.78,BELAGA,P.216,HULU RAJANG,887,NO SHIFT,NO SHIFT,0,
SARAWAK,P.216,HULU RAJANG,N.65,BELAGA,216/65/06,LONG BANGAN,395,P.216,HULU RAJANG,N.65,BELAGA,216/65/11,LONG BANGAN,395,0,,216/78/09,216/78/09,LONG BANGAN,N.78,BELAGA,P.216,HULU RAJANG,395,NO SHIFT,NO SHIFT,0,
SARAWAK,P.216,HULU RAJANG,N.65,BELAGA,216/65/07,LONG SEMUTUT,683,P.216,HULU RAJANG,N.65,BELAGA,216/65/12,LONG SEMUTUT,683,0,,216/78/10,216/78/10,LONG SEMUTUT,N.78,BELAGA,P.216,HULU RAJANG,683,NO SHIFT,NO SHIFT,0,
SARAWAK,P.216,HULU RAJANG,N.66,MURUM,216/66/01,LONG MURUM,2270,,,,,,,,2270,LONG MURUM WAS SUBDIVIDED AND ABOLISHED,,,,,,,,,,,0,
,,,,,,,,P.216,HULU RAJANG,N.66,MURUM,216/66/01,LONG LIDAM,94,-94,ORIGINATED FROM LONG MURUM,216/78/02,216/78/02,LONG LIDAM,N.78,BELAGA,P.216,HULU RAJANG,94,SHIFTED,NO SHIFT,0,
,,,,,,,,P.216,HULU RAJANG,N.66,MURUM,216/66/04,LONG LUAR,618,-618,ORIGINATED FROM LONG MURUM,216/78/03,216/78/03,LONG LUAR,N.78,BELAGA,P.216,HULU RAJANG,618,SHIFTED,NO SHIFT,0,
,,,,,,,,P.216,HULU RAJANG,N.66,MURUM,216/66/02,LONG TANYIT,339,-339,ORIGINATED FROM LONG MURUM,216/78/04,216/78/04,LONG TANYIT,N.78,BELAGA,P.216,HULU RAJANG,339,SHIFTED,NO SHIFT,0,
,,,,,,,,P.216,HULU RAJANG,N.66,MURUM,216/66/03,LONG WAT,936,-936,ORIGINATED FROM LONG MURUM,216/78/05,216/78/05,LONG WAT,N.78,BELAGA,P.216,HULU RAJANG,936,SHIFTED,NO SHIFT,0,
,,,,,,,,P.216,HULU RAJANG,N.66,MURUM,216/66/05,LONG PERAN,283,-283,ORIGINATED FROM LONG MURUM,216/79/01,216/79/01,LONG PERAN,N.79,MURUM,P.216,HULU RAJANG,283,NO SHIFT,NO SHIFT,0,
SARAWAK,P.216,HULU RAJANG,N.66,MURUM,216/66/02,ASAP,9745,P.216,HULU RAJANG,N.66,MURUM,216/66/06,ASAP,9745,0,,216/79/02,216/79/02,ASAP,N.79,MURUM,P.216,HULU RAJANG,9745,NO SHIFT,NO SHIFT,0,
SARAWAK,P.216,HULU RAJANG,N.66,MURUM,216/66/03,TUBAU,4964,P.216,HULU RAJANG,N.66,MURUM,216/66/12,TUBAU,2800,2164,TUBAU WAS SUBDIVIDED,217/83/01,217/83/01,TUBAU,N.83,KEMENA,P.217,BINTULU,2800,SHIFTED,SHIFTED,0,
,,,,,,,,P.216,HULU RAJANG,N.66,MURUM,216/66/07,LONG TEBILA,419,-419,ORIGINATED FROM TUBAU,216/79/03,216/79/03,LONG TEBILA,N.79,MURUM,P.216,HULU RAJANG,419,NO SHIFT,NO SHIFT,0,
,,,,,,,,P.216,HULU RAJANG,N.66,MURUM,,LONG UNAN,357,-357,ORIGINATED FROM TUBAU,216/79/04,216/79/04,LONG UNAN,N.79,MURUM,P.216,HULU RAJANG,357,NO SHIFT,NO SHIFT,0,
,,,,,,,,P.216,HULU RAJANG,N.66,MURUM,216/66/09,JELALONG,269,-269,ORIGINATED FROM TUBAU,216/79/05,216/79/05,JELALONG,N.79,MURUM,P.216,HULU RAJANG,269,NO SHIFT,NO SHIFT,0,
,,,,,,,,P.216,HULU RAJANG,N.66,MURUM,216/66/10,SUNGAI DUSAN,616,-616,ORIGINATED FROM TUBAU,216/79/06,216/79/06,SUNGAI DUSAN,N.79,MURUM,P.216,HULU RAJANG,616,NO SHIFT,NO SHIFT,0,
,,,,,,,,P.216,HULU RAJANG,N.66,MURUM,216/66/11,SUNGAI PESU,503,-503,ORIGINATED FROM TUBAU,216/79/07,216/79/07,SUNGAI PESU,N.79,MURUM,P.216,HULU RAJANG,503,NO SHIFT,NO SHIFT,0,
SARAWAK,P.217,BINTULU,N.67,JEPAK,217/67/01,KUALA TATAU,2256,P.217,BINTULU,N.67,JEPAK,217/67/01,KUALA TATAU,2256,0,,217/80/01,217/80/01,KUALA TATAU,N.80,JEPAK JAYA,P.217,BINTULU,2256,NO SHIFT,NO SHIFT,0,DUN JEPAK RENAMED TO DUN JEPAK JAYA
SARAWAK,P.217,BINTULU,N.67,JEPAK,217/67/02,SRI DAGANG,2194,P.217,BINTULU,N.67,JEPAK,,SRI DAGANG,2194,0,,217/80/04,217/80/04,SRI DAGANG,N.80,JEPAK JAYA,P.217,BINTULU,2194,NO SHIFT,NO SHIFT,0,DUN JEPAK RENAMED TO DUN JEPAK JAYA
SARAWAK,P.217,BINTULU,N.67,JEPAK,217/67/03,JEPAK,9242,P.217,BINTULU,N.67,JEPAK,217/67/03,JEPAK,9242,0,,217/80/02,217/80/02,JEPAK JAYA,N.80,JEPAK JAYA,P.217,BINTULU,9242,NO SHIFT,NO SHIFT,0,POLLING DISTRICT JEPAK WAS RENAMED TO JEPAK JAYA IN THE 1ST PROPOSAL. DUN JEPAK RENAMED TO DUN JEPAK JAYA
SARAWAK,P.217,BINTULU,N.67,JEPAK,217/67/04,SEGAN,2817,P.217,BINTULU,N.67,JEPAK,217/67/02,SEGAN,2817,0,,217/80/03,217/80/03,SEGAN,N.80,JEPAK JAYA,P.217,BINTULU,2817,NO SHIFT,NO SHIFT,0,DUN JEPAK RENAMED TO DUN JEPAK JAYA
SARAWAK,P.217,BINTULU,N.67,JEPAK,217/67/05,SUNGAI NYIGU,3892,P.217,BINTULU,N.67,JEPAK,,SUNGAI NYIGU,3892,0,,217/80/06,217/80/06,SUNGAI NYIGU,N.80,JEPAK JAYA,P.217,BINTULU,3892,NO SHIFT,NO SHIFT,0,DUN JEPAK RENAMED TO DUN JEPAK JAYA
SARAWAK,P.217,BINTULU,N.67,JEPAK,217/67/06,RPR SEBIEW,3414,P.217,BINTULU,N.67,JEPAK,,RPR SEBIEW,3414,0,,217/80/05,217/80/05,RPR SEBIEW,N.80,JEPAK JAYA,P.217,BINTULU,3414,NO SHIFT,NO SHIFT,0,DUN JEPAK RENAMED TO DUN JEPAK JAYA
SARAWAK,P.217,BINTULU,N.68,TANJONG BATU,217/68/01,BINTULU TOWN,2980,P.217,BINTULU,N.68,TANJONG BATU,,BINTULU TOWN,2980,0,,217/81/01,217/81/01,BINTULU TOWN,N.81,TANJONG BATU,P.217,BINTULU,2980,NO SHIFT,NO SHIFT,0,
SARAWAK,P.217,BINTULU,N.68,TANJONG BATU,217/68/02,BUKIT ORANG,4281,P.217,BINTULU,N.68,TANJONG BATU,,BUKIT ORANG,4281,0,,217/81/03,217/81/03,BUKIT ORANG,N.81,TANJONG BATU,P.217,BINTULU,4281,NO SHIFT,NO SHIFT,0,
SARAWAK,P.217,BINTULU,N.68,TANJONG BATU,217/68/03,TANJUNG BATU,7339,P.217,BINTULU,N.68,TANJONG BATU,,TANJUNG BATU,7339,0,,217/81/02,217/81/02,TANJUNG BATU,N.81,TANJONG BATU,P.217,BINTULU,7339,NO SHIFT,NO SHIFT,0,
SARAWAK,P.217,BINTULU,N.68,TANJONG BATU,217/68/04,LI HUA,20990,P.217,BINTULU,N.68,TANJONG BATU,,LI HUA,3963,17027,LI HUA WAS SUBDIVIDED,217/82/01,217/82/01,LI HUA,N.82,SAMALAJU,P.217,BINTULU,3963,SHIFTED,NO SHIFT,0,
,,,,,,,,P.217,BINTULU,N.68,TANJONG BATU,,ASSYAKIRIN,6079,-6079,ORIGINATED FROM LI HUA,217/81/04,217/81/04,ASSYAKIRIN,N.81,TANJONG BATU,P.217,BINTULU,6079,NO SHIFT,NO SHIFT,0,
,,,,,,,,P.217,BINTULU,N.68,TANJONG BATU,,BANDAR JAYA,6863,-6863,ORIGINATED FROM LI HUA,217/81/06,217/81/06,BANDAR JAYA,N.81,TANJONG BATU,P.217,BINTULU,6863,NO SHIFT,NO SHIFT,0,
,,,,,,,,P.217,BINTULU,N.68,TANJONG BATU,,BINTULU-MIRI ROAD,4085,-4085,ORIGINATED FROM LI HUA,217/82/07,217/82/07,BINTULU-MIRI ROAD,N.82,SAMALAJU,P.217,BINTULU,4085,SHIFTED,NO SHIFT,0,
SARAWAK,P.217,BINTULU,N.68,TANJONG BATU,217/68/05,DESA DAMAI,4515,P.217,BINTULU,N.68,TANJONG BATU,,DESA DAMAI,4515,0,,217/81/05,217/81/05,DESA DAMAI,N.81,TANJONG BATU,P.217,BINTULU,4515,NO SHIFT,NO SHIFT,0,
SARAWAK,P.217,BINTULU,N.68,TANJONG BATU,217/68/06,BATU LIMA,373,P.217,BINTULU,N.68,TANJONG BATU,,BATU LIMA,373,0,,217/82/08,217/82/08,BATU LIMA,N.82,SAMALAJU,P.217,BINTULU,373,SHIFTED,NO SHIFT,0,
SARAWAK,P.217,BINTULU,N.69,KEMENA,217/69/01,SEBAUH,3205,P.217,BINTULU,N.69,KEMENA,217/69/03,SEBAUH,3205,0,,217/83/04,217/83/04,SEBAUH,N.83,KEMENA,P.217,BINTULU,3205,NO SHIFT,NO SHIFT,0,
SARAWAK,P.217,BINTULU,N.69,KEMENA,217/69/02,LABANG,3233,P.217,BINTULU,N.69,KEMENA,217/69/05,LABANG,3233,0,,217/83/06,217/83/06,LABANG,N.83,KEMENA,P.217,BINTULU,3233,NO SHIFT,NO SHIFT,0,
SARAWAK,P.217,BINTULU,N.69,KEMENA,217/69/03,HULU SUAI,2898,P.217,BINTULU,N.69,KEMENA,217/69/06,HULU SUAI,2898,0,,217/84/01,217/84/01,HULU SUAI,N.84,BATU NIAH,P.217,BINTULU,2898,SHIFTED,NO SHIFT,0,DUN BATU NIAH IS A NEW DUN
SARAWAK,P.217,BINTULU,N.69,KEMENA,217/69/04,SEKALOH,2706,P.217,BINTULU,N.69,KEMENA,217/69/09,SEKALOH,2706,0,,217/84/07,217/84/07,SEKALOH,N.84,BATU NIAH,P.217,BINTULU,2706,SHIFTED,NO SHIFT,0,DUN BATU NIAH IS A NEW DUN
SARAWAK,P.217,BINTULU,N.69,KEMENA,217/69/05,SUNGAI SEBAUH,2462,P.217,BINTULU,N.69,KEMENA,217/69/02,SUNGAI SEBAUH,2462,0,,217/83/03,217/83/03,SUNGAI SEBAUH,N.83,KEMENA,P.217,BINTULU,2462,NO SHIFT,NO SHIFT,0,
SARAWAK,P.217,BINTULU,N.69,KEMENA,217/69/06,SEBUNGAN,2536,P.217,BINTULU,N.69,KEMENA,217/69/04,SEBUNGAN,2536,0,,217/83/05,217/83/05,SEBUNGAN,N.83,KEMENA,P.217,BINTULU,2536,NO SHIFT,NO SHIFT,0,
SARAWAK,P.217,BINTULU,N.69,KEMENA,217/69/07,PANDAN,3208,P.217,BINTULU,N.69,KEMENA,217/69/01,PANDAN,3208,0,,217/83/02,217/83/02,PANDAN,N.83,KEMENA,P.217,BINTULU,3208,NO SHIFT,NO SHIFT,0,
SARAWAK,P.217,BINTULU,N.69,KEMENA,217/69/08,GOYANG,1255,P.217,BINTULU,N.69,KEMENA,217/69/07,GOYANG,1255,0,,217/84/02,217/84/02,GOYANG,N.84,BATU NIAH,P.217,BINTULU,1255,SHIFTED,NO SHIFT,0,DUN BATU NIAH IS A NEW DUN
SARAWAK,P.217,BINTULU,N.69,KEMENA,217/69/09,SUBIS SATU,1846,P.217,BINTULU,N.69,KEMENA,217/69/08,SUBIS SATU,1846,0,,217/84/03,217/84/03,SUBIS SATU,N.84,BATU NIAH,P.217,BINTULU,1846,SHIFTED,NO SHIFT,0,DUN BATU NIAH IS A NEW DUN
SARAWAK,P.217,BINTULU,N.70,SAMALAJU,217/70/01,SIBIEW SIMILAJAU,9359,P.217,BINTULU,N.70,SAMALAJU,,SIBIEW SIMILAJAU,9359,0,,217/83/07,217/83/07,SIBIEW SIMILAJAU,N.83,KEMENA,P.217,BINTULU,4307,SHIFTED,NO SHIFT,-5052,SIBIEW SIMILAJAU WAS SUBDIVIDED IN THE 1ST PROPOSAL
,,,,,,,,,,,,,,,0,,217/82/06,217/82/06,TAMAN PERMAISURI,N.82,SAMALAJU,P.217,BINTULU,1262,NO SHIFT,NO SHIFT,1262,ORIGINATED FROM SIMILAJAU (ONLY IN THE 1ST PROPOSAL)
,,,,,,,,,,,,,,,0,,217/83/08,217/83/08,SUNGAI TISANG,N.83,KEMENA,P.217,BINTULU,3790,SHIFTED,NO SHIFT,3790,ORIGINATED FROM SIMILAJAU (ONLY IN THE 1ST PROPOSAL)
SARAWAK,P.217,BINTULU,N.70,SAMALAJU,217/70/02,TANJUNG KIDURONG,7506,P.217,BINTULU,N.70,SAMALAJU,,TANJUNG KIDURONG,7506,0,,217/82/05,217/82/05,TANJUNG KIDURONG,N.82,SAMALAJU,P.217,BINTULU,7506,NO SHIFT,NO SHIFT,0,
SARAWAK,P.217,BINTULU,N.70,SAMALAJU,217/70/03,SUAI,4007,P.217,BINTULU,N.70,SAMALAJU,,SUAI,4007,0,,217/84/05,217/84/05,SUAI,N.84,BATU NIAH,P.217,BINTULU,4007,SHIFTED,NO SHIFT,0,DUN BATU NIAH IS A NEW DUN
SARAWAK,P.217,BINTULU,N.70,SAMALAJU,217/70/04,MELOR,2605,P.217,BINTULU,N.70,SAMALAJU,,MELOR,2605,0,,217/82/03,217/82/03,MELOR,N.82,SAMALAJU,P.217,BINTULU,2605,NO SHIFT,NO SHIFT,0,
SARAWAK,P.217,BINTULU,N.70,SAMALAJU,217/70/05,MAWAR,3047,P.217,BINTULU,N.70,SAMALAJU,,MAWAR,3047,0,,217/82/02,217/82/02,MAWAR,N.82,SAMALAJU,P.217,BINTULU,3047,NO SHIFT,NO SHIFT,0,
SARAWAK,P.217,BINTULU,N.70,SAMALAJU,217/70/06,RPR KIDURONG,5303,P.217,BINTULU,N.70,SAMALAJU,,RPR KIDURONG,5303,0,,217/82/04,217/82/04,RPR KIDURONG,N.82,SAMALAJU,P.217,BINTULU,5303,NO SHIFT,NO SHIFT,0,
SARAWAK,P.217,BINTULU,N.70,SAMALAJU,217/70/07,LKTS SUAI,1493,P.217,BINTULU,N.70,SAMALAJU,,LKTS SUAI,1493,0,,217/84/04,217/84/04,LKTS SUAI,N.84,BATU NIAH,P.217,BINTULU,1493,SHIFTED,NO SHIFT,0,DUN BATU NIAH IS A NEW DUN
SARAWAK,P.218,SIBUTI,N.71,BEKENU,218/71/01,BATU NIAH,2096,P.218,SIBUTI,N.71,BEKENU,218/71/06,BATU NIAH,2096,0,,217/84/08,217/84/08,BATU NIAH,N.84,BATU NIAH,P.217,BINTULU,2096,SHIFTED,SHIFTED,0,DUN BATU NIAH IS A NEW DUN
SARAWAK,P.218,SIBUTI,N.71,BEKENU,218/71/02,NIAH,3606,P.218,SIBUTI,N.71,BEKENU,218/71/09,NIAH,1145,2461,NIAH WAS SUBDIVIDED,218/85/08,218/85/08,NIAH,N.85,BEKENU,P.218,SIBUTI,1145,NO SHIFT,NO SHIFT,0,
,,,,,,,,P.218,SIBUTI,N.71,BEKENU,218/71/16,TARIKAN,394,-394,ORIGINATED FROM NIAH,218/85/07,218/85/07,TARIKAN,N.85,BEKENU,P.218,SIBUTI,394,NO SHIFT,NO SHIFT,0,
,,,,,,,,P.218,SIBUTI,N.71,BEKENU,218/71/08,SKRAT,257,-257,ORIGINATED FROM NIAH,217/84/06,217/84/06,SKRAT,N.84,BATU NIAH,P.217,BINTULU,257,SHIFTED,SHIFTED,0,DUN BATU NIAH IS A NEW DUN
,,,,,,,,P.218,SIBUTI,N.71,BEKENU,218/71/07,SEPUPOK,1531,-1531,ORIGINATED FROM NIAH,218/85/09,218/85/09,SEPUPOK,N.85,BEKENU,P.218,SIBUTI,1531,NO SHIFT,NO SHIFT,0,
,,,,,,,,P.218,SIBUTI,N.71,BEKENU,,KAMPUNG BUKIT BOM,279,-279,ORIGINATED FROM NIAH,218/85/10,218/85/10,KAMPUNG BUKIT BOM,N.85,BEKENU,P.218,SIBUTI,279,NO SHIFT,NO SHIFT,0,
SARAWAK,P.218,SIBUTI,N.71,BEKENU,218/71/03,SAEH,3192,P.218,SIBUTI,N.71,BEKENU,218/71/14,SAEH,1036,2156,SAEH WAS SUBDIVIDED,218/85/12,218/85/12,SAEH,N.85,BEKENU,P.218,SIBUTI,1036,NO SHIFT,NO SHIFT,0,
,,,,,,,,P.218,SIBUTI,N.71,BEKENU,218/71/15,SAEH MERAH,626,-626,ORIGINATED FROM SAEH,218/85/13,218/85/13,SAEH MERAH,N.85,BEKENU,P.218,SIBUTI,626,NO SHIFT,NO SHIFT,0,
,,,,,,,,P.218,SIBUTI,N.71,BEKENU,218/71/13,SUNGAI TANGAP,479,-479,ORIGINATED FROM SAEH,217/84/10,217/84/10,SUNGAI TANGAP,N.84,BATU NIAH,P.217,BINTULU,479,SHIFTED,SHIFTED,0,DUN BATU NIAH IS A NEW DUN
,,,,,,,,P.218,SIBUTI,N.71,BEKENU,,TANJUNG BELIPAT,840,-840,ORIGINATED FROM SAEH,218/85/11,218/85/11,TANJUNG BELIPAT,N.85,BEKENU,P.218,SIBUTI,840,NO SHIFT,NO SHIFT,0,
,,,,,,,,P.218,SIBUTI,N.71,BEKENU,,KEBORA,211,-211,ORIGINATED FROM SAEH,217/84/09,217/84/09,KEBORA,N.84,BATU NIAH,P.217,BINTULU,211,SHIFTED,SHIFTED,0,DUN BATU NIAH IS A NEW DUN
SARAWAK,P.218,SIBUTI,N.71,BEKENU,218/71/04,KELULIT,1301,P.218,SIBUTI,N.71,BEKENU,218/71/17,KELULIT,1301,0,,218/85/06,218/85/06,KELULIT,N.85,BEKENU,P.218,SIBUTI,1301,NO SHIFT,NO SHIFT,0,
SARAWAK,P.218,SIBUTI,N.71,BEKENU,218/71/05,TIRIS,1578,P.218,SIBUTI,N.71,BEKENU,218/71/18,TIRIS,1578,0,,218/85/05,218/85/05,TIRIS,N.85,BEKENU,P.218,SIBUTI,1578,NO SHIFT,NO SHIFT,0,
SARAWAK,P.218,SIBUTI,N.71,BEKENU,218/71/06,BUNGAI,2318,P.218,SIBUTI,N.71,BEKENU,,BUNGAI,920,1398,BUNGAI WAS SUBDIVIDED,218/85/04,218/85/04,BUNGAI,N.85,BEKENU,P.218,SIBUTI,920,NO SHIFT,NO SHIFT,0,
,,,,,,,,P.218,SIBUTI,N.71,BEKENU,218/71/24,TERAHAD,139,-139,ORIGINATED FROM BUNGAI,218/85/01,218/85/01,TERAHAD,N.85,BEKENU,P.218,SIBUTI,139,NO SHIFT,NO SHIFT,0,
,,,,,,,,P.218,SIBUTI,N.71,BEKENU,218/71/23,ANGUS,216,-216,ORIGINATED FROM BUNGAI,218/85/02,218/85/02,ANGUS,N.85,BEKENU,P.218,SIBUTI,216,NO SHIFT,NO SHIFT,0,
,,,,,,,,P.218,SIBUTI,N.71,BEKENU,,MENJELIN,313,-313,ORIGINATED FROM BUNGAI,218/85/03,218/85/03,MENJELIN,N.85,BEKENU,P.218,SIBUTI,313,NO SHIFT,NO SHIFT,0,
,,,,,,,,P.218,SIBUTI,N.71,BEKENU,,SELANYAU,730,-730,ORIGINATED FROM BUNGAI,218/86/01,218/86/01,SELANYAU,N.86,PANTAI BERAYA,P.218,SIBUTI,730,SHIFTED,NO SHIFT,0,DUN LAMBIR RENAMED TO DUN PANTAI BERAYA
SARAWAK,P.218,SIBUTI,N.71,BEKENU,218/71/07,BEKANU,2468,P.218,SIBUTI,N.71,BEKENU,218/71/20,BEKANU,2468,0,,218/85/16,218/85/16,BEKANU,N.85,BEKENU,P.218,SIBUTI,2468,NO SHIFT,NO SHIFT,0,
SARAWAK,P.218,SIBUTI,N.71,BEKENU,218/71/08,BAKAS,3845,P.218,SIBUTI,N.71,BEKENU,218/71/04,BAKAS,621,3224,BAKAS WAS SUBDIVIDED,218/85/17,218/85/17,BAKAS,N.85,BEKENU,P.218,SIBUTI,621,NO SHIFT,NO SHIFT,0,
,,,,,,,,P.218,SIBUTI,N.71,BEKENU,218/71/19,ESSAU,399,-399,ORIGINATED FROM BAKAS,218/85/15,218/85/15,ESSAU,N.85,BEKENU,P.218,SIBUTI,399,NO SHIFT,NO SHIFT,0,
,,,,,,,,P.218,SIBUTI,N.71,BEKENU,218/71/05,LADANG TIGA,1890,-1890,ORIGINATED FROM BAKAS,218/85/14,218/85/14,LADANG TIGA,N.85,BEKENU,P.218,SIBUTI,1890,NO SHIFT,NO SHIFT,0,
,,,,,,,,P.218,SIBUTI,N.71,BEKENU,218/71/02,PAKUT,429,-429,ORIGINATED FROM BAKAS,217/84/12,217/84/12,PAKUT,N.84,BATU NIAH,P.217,BINTULU,429,SHIFTED,SHIFTED,0,DUN BATU NIAH IS A NEW DUN
,,,,,,,,P.218,SIBUTI,N.71,BEKENU,218/71/01,LADANG DUA,506,-506,ORIGINATED FROM BAKAS,217/84/11,217/84/11,LADANG DUA,N.84,BATU NIAH,P.217,BINTULU,506,SHIFTED,SHIFTED,0,DUN BATU NIAH IS A NEW DUN
SARAWAK,P.218,SIBUTI,N.71,BEKENU,218/71/09,HULU SIBUTI,319,P.218,SIBUTI,N.71,BEKENU,218/71/03,HULU SIBUTI,319,0,,218/85/18,218/85/18,HULU SIBUTI,N.85,BEKENU,P.218,SIBUTI,319,NO SHIFT,NO SHIFT,0,
SARAWAK,P.218,SIBUTI,N.72,LAMBIR,218/72/01,PENINJAU,3945,P.218,SIBUTI,N.72,LAMBIR,218/72/04,PENINJAU,2302,1643,PENINJAU WAS SUBDIVIDED,218/85/20,218/85/20,PENINJAU,N.85,BEKENU,P.218,SIBUTI,2302,SHIFTED,NO SHIFT,0,
,,,,,,,,P.218,SIBUTI,N.72,LAMBIR,218/72/03,SUNGAI KELINTANG,309,-309,ORIGINATED FROM PENINJAU,218/85/19,218/85/19,SUNGAI KELINTANG,N.85,BEKENU,P.218,SIBUTI,309,SHIFTED,NO SHIFT,0,
,,,,,,,,P.218,SIBUTI,N.72,LAMBIR,218/72/02,SUNGAI KUAP,229,-229,ORIGINATED FROM PENINJAU,220/92/05,220/92/05,SUNGAI KUAP,N.92,MARUDI,P.220,BARAM,229,SHIFTED,SHIFTED,0,
,,,,,,,,P.218,SIBUTI,N.72,LAMBIR,218/72/01,SUNGAI SENGKABANG,592,-592,ORIGINATED FROM PENINJAU,220/92/06,220/92/06,SUNGAI SENGKABANG,N.92,MARUDI,P.220,BARAM,592,SHIFTED,SHIFTED,0,
,,,,,,,,P.218,SIBUTI,N.72,LAMBIR,218/72/08,KABULOH,513,-513,ORIGINATED FROM PENINJAU,218/85/21,218/85/21,KABULOH,N.85,BEKENU,P.218,SIBUTI,513,SHIFTED,NO SHIFT,0,
SARAWAK,P.218,SIBUTI,N.72,LAMBIR,218/72/02,SATAP,3115,P.218,SIBUTI,N.72,LAMBIR,218/72/05,SATAP,1360,1755,SATAP WAS SUBDIVIDED,218/86/02,218/86/02,SATAP,N.86,PANTAI BERAYA,P.218,SIBUTI,1360,NO SHIFT,NO SHIFT,0,DUN LAMBIR RENAMED TO DUN PANTAI BERAYA
,,,,,,,,P.218,SIBUTI,N.72,LAMBIR,218/72/07,KELURU,1006,-1006,ORIGINATED FROM SATAP,218/85/22,218/85/22,KELURU,N.85,BEKENU,P.218,SIBUTI,1006,SHIFTED,NO SHIFT,0,
,,,,,,,,P.218,SIBUTI,N.72,LAMBIR,218/72/06,SUBAK,749,-749,ORIGINATED FROM SATAP,218/85/23,218/85/23,SUBAK,N.85,BEKENU,P.218,SIBUTI,749,SHIFTED,NO SHIFT,0,
SARAWAK,P.218,SIBUTI,N.72,LAMBIR,218/72/03,BAKAM,4425,P.218,SIBUTI,N.72,LAMBIR,218/72/11,BAKAM,2323,2102,BAKAM WAS SUBDIVIDED,218/86/05,218/86/05,BAKAM,N.86,PANTAI BERAYA,P.218,SIBUTI,2323,NO SHIFT,NO SHIFT,0,DUN LAMBIR RENAMED TO DUN PANTAI BERAYA
,,,,,,,,P.218,SIBUTI,N.72,LAMBIR,218/72/10,BERAYA,386,-386,ORIGINATED FROM BAKAM,218/86/03,218/86/03,BERAYA,N.86,PANTAI BERAYA,P.218,SIBUTI,386,NO SHIFT,NO SHIFT,0,DUN LAMBIR RENAMED TO DUN PANTAI BERAYA
,,,,,,,,P.218,SIBUTI,N.72,LAMBIR,218/72/12,SUNGAI BULUH RAIT,886,-886,ORIGINATED FROM BAKAM,218/86/06,218/86/06,SUNGAI BULUH RAIT,N.86,PANTAI BERAYA,P.218,SIBUTI,886,NO SHIFT,NO SHIFT,0,DUN LAMBIR RENAMED TO DUN PANTAI BERAYA
,,,,,,,,P.218,SIBUTI,N.72,LAMBIR,,SUNGAI LUSUT,830,-830,ORIGINATED FROM BAKAM,218/86/07,218/86/07,SUNGAI LUSUT,N.86,PANTAI BERAYA,P.218,SIBUTI,830,NO SHIFT,NO SHIFT,0,DUN LAMBIR RENAMED TO DUN PANTAI BERAYA
SARAWAK,P.218,SIBUTI,N.72,LAMBIR,218/72/04,LAMBIR,5117,P.218,SIBUTI,N.72,LAMBIR,218/72/09,LAMBIR,5117,0,,218/86/04,218/86/04,LAMBIR,N.86,PANTAI BERAYA,P.218,SIBUTI,5117,NO SHIFT,NO SHIFT,0,DUN LAMBIR RENAMED TO DUN PANTAI BERAYA
SARAWAK,P.218,SIBUTI,N.72,LAMBIR,218/72/05,AIRPORT,22332,P.218,SIBUTI,N.72,LAMBIR,,AIRPORT,6812,15520,AIRPORT WAS SUBDIVIDED,219/87/01,219/87/01,AIRPORT,N.87,PIASAU,P.219,MIRI,6812,SHIFTED,SHIFTED,0,
,,,,,,,,P.218,SIBUTI,N.72,LAMBIR,,TAMAN TUNKU,14325,-14325,ORIGINATED FROM AIRPORT,218/86/09,218/86/09,TAMAN TUNKU,N.86,PANTAI BERAYA,P.218,SIBUTI,14325,NO SHIFT,NO SHIFT,0,DUN LAMBIR RENAMED TO DUN PANTAI BERAYA
,,,,,,,,P.218,SIBUTI,N.72,LAMBIR,,LUSUT,1195,-1195,ORIGINATED FROM AIRPORT,218/86/10,218/86/10,LUSUT,N.86,PANTAI BERAYA,P.218,SIBUTI,1195,NO SHIFT,NO SHIFT,0,DUN LAMBIR RENAMED TO DUN PANTAI BERAYA
SARAWAK,P.218,SIBUTI,N.72,LAMBIR,218/72/06,TUKAU,404,P.218,SIBUTI,N.72,LAMBIR,,TUKAU,404,0,,218/86/08,218/86/08,TUKAU,N.86,PANTAI BERAYA,P.218,SIBUTI,404,NO SHIFT,NO SHIFT,0,DUN LAMBIR RENAMED TO DUN PANTAI BERAYA
SARAWAK,P.218,SIBUTI,N.72,LAMBIR,218/72/07,RAMD,675,P.218,SIBUTI,N.72,LAMBIR,,RAMD,675,0,,219/87/02,219/87/02,RAMD,N.87,PIASAU,P.219,MIRI,675,SHIFTED,SHIFTED,0,
SARAWAK,P.219,MIRI,N.73,PIASAU,219/73/01,KUBU,414,P.219,MIRI,N.73,PIASAU,,KUBU,414,0,,219/87/05,219/87/05,KUBU,N.87,PIASAU,P.219,MIRI,414,NO SHIFT,NO SHIFT,0,
SARAWAK,P.219,MIRI,N.73,PIASAU,219/73/02,BAZAAR,4668,P.219,MIRI,N.73,PIASAU,,BAZAAR,4668,0,,219/87/06,219/87/06,BAZAAR,N.87,PIASAU,P.219,MIRI,4668,NO SHIFT,NO SHIFT,0,
SARAWAK,P.219,MIRI,N.73,PIASAU,219/73/03,MERBAU,2492,P.219,MIRI,N.73,PIASAU,,MERBAU,2492,0,,219/87/10,219/87/10,MERBAU,N.87,PIASAU,P.219,MIRI,2492,NO SHIFT,NO SHIFT,0,
SARAWAK,P.219,MIRI,N.73,PIASAU,219/73/04,MERPATI,287,P.219,MIRI,N.73,PIASAU,,MERPATI,287,0,,219/87/11,219/87/11,MERPATI,N.87,PIASAU,P.219,MIRI,287,NO SHIFT,NO SHIFT,0,
SARAWAK,P.219,MIRI,N.73,PIASAU,219/73/05,PERMAISURI,3116,P.219,MIRI,N.73,PIASAU,,PERMAISURI,3116,0,,219/89/01,219/89/01,PERMAISURI,N.89,PERMAISURI,P.219,MIRI,3116,SHIFTED,NO SHIFT,0,DUN PERMAISURI IS A NEW DUN
SARAWAK,P.219,MIRI,N.73,PIASAU,219/73/06,BINTANG,2098,P.219,MIRI,N.73,PIASAU,,BINTANG,2098,0,,219/87/09,219/87/09,BINTANG,N.87,PIASAU,P.219,MIRI,2098,NO SHIFT,NO SHIFT,0,
SARAWAK,P.219,MIRI,N.73,PIASAU,219/73/07,LUTONG,7495,P.219,MIRI,N.73,PIASAU,,LUTONG,7495,0,,219/89/03,219/89/03,LUTONG,N.89,PERMAISURI,P.219,MIRI,7495,SHIFTED,NO SHIFT,0,DUN PERMAISURI IS A NEW DUN
SARAWAK,P.219,MIRI,N.73,PIASAU,219/73/08,TANJONG,2547,P.219,MIRI,N.73,PIASAU,219/73/02,TANJONG,2547,0,,219/87/04,219/87/04,TANJONG,N.87,PIASAU,P.219,MIRI,2547,NO SHIFT,NO SHIFT,0,
SARAWAK,P.219,MIRI,N.73,PIASAU,219/73/09,LUAK,8357,P.219,MIRI,N.73,PIASAU,219/73/01,LUAK,8357,0,,219/87/03,219/87/03,LUAK,N.87,PIASAU,P.219,MIRI,8357,NO SHIFT,NO SHIFT,0,
SARAWAK,P.219,MIRI,N.74,PUJUT,219/74/01,PUJUT,32448,P.219,MIRI,N.74,PUJUT,,PUJUT,5440,27008,PUJUT WAS SUBDIVIDED,219/88/03,219/88/03,PUJUT,N.88,PUJUT,P.219,MIRI,5440,NO SHIFT,NO SHIFT,0,
,,,,,,,,P.219,MIRI,N.74,PUJUT,,PUJUT TUJUH,5508,-5508,ORIGINATED FROM PUJUT,219/88/01,219/88/01,PUJUT TUJUH,N.88,PUJUT,P.219,MIRI,5508,NO SHIFT,NO SHIFT,0,
,,,,,,,,P.219,MIRI,N.74,PUJUT,,PUJUT EMPAT,3048,-3048,ORIGINATED FROM PUJUT,219/88/02,219/88/02,PUJUT EMPAT,N.88,PUJUT,P.219,MIRI,3048,NO SHIFT,NO SHIFT,0,
,,,,,,,,P.219,MIRI,N.74,PUJUT,,PUJUT - LUTONG,2788,-2788,ORIGINATED FROM PUJUT,219/88/04,219/88/04,PUJUT - LUTONG,N.88,PUJUT,P.219,MIRI,2788,NO SHIFT,NO SHIFT,0,
,,,,,,,,P.219,MIRI,N.74,PUJUT,,PIASAU JAYA,5196,-5196,ORIGINATED FROM PUJUT,219/88/05,219/88/05,PIASAU JAYA,N.88,PUJUT,P.219,MIRI,5196,NO SHIFT,NO SHIFT,0,
,,,,,,,,P.219,MIRI,N.74,PUJUT,,DESA SERI,1388,-1388,ORIGINATED FROM PUJUT,219/87/13,219/87/13,DESA SERI,N.87,PIASAU,P.219,MIRI,1388,SHIFTED,NO SHIFT,0,
,,,,,,,,P.219,MIRI,N.74,PUJUT,,PUJUT CORNER,5688,-5688,ORIGINATED FROM PUJUT,219/89/12,219/89/12,PUJUT CORNER,N.89,PERMAISURI,P.219,MIRI,5688,SHIFTED,NO SHIFT,0,DUN PERMAISURI IS A NEW DUN
,,,,,,,,P.219,MIRI,N.74,PUJUT,,PUJUT ADONG,1985,-1985,ORIGINATED FROM PUJUT,219/89/11,219/89/11,PUJUT ADONG,N.89,PERMAISURI,P.219,MIRI,1985,SHIFTED,NO SHIFT,0,DUN PERMAISURI IS A NEW DUN
,,,,,,,,P.219,MIRI,N.74,PUJUT,,PADANG BELON,1407,-1407,ORIGINATED FROM PUJUT,219/89/02,219/89/02,PADANG BELON,N.89,PERMAISURI,P.219,MIRI,1407,SHIFTED,NO SHIFT,0,DUN PERMAISURI IS A NEW DUN
SARAWAK,P.219,MIRI,N.74,PUJUT,219/74/02,KROKOP,12501,P.219,MIRI,N.74,PUJUT,,KROKOP,2693,9808,KROKOP WAS SUBDIVIDED,219/88/07,219/88/07,KROKOP,N.88,PUJUT,P.219,MIRI,2693,NO SHIFT,NO SHIFT,0,
,,,,,,,,P.219,MIRI,N.74,PUJUT,,KROKOP UTAMA,3398,-3398,ORIGINATED FROM KROKOP,219/88/08,219/88/08,KROKOP UTAMA,N.88,PUJUT,P.219,MIRI,3398,NO SHIFT,NO SHIFT,0,
,,,,,,,,P.219,MIRI,N.74,PUJUT,,BOULEVARD,3449,-3449,ORIGINATED FROM KROKOP,219/88/06,219/88/06,BOULEVARD,N.88,PUJUT,P.219,MIRI,3449,NO SHIFT,NO SHIFT,0,
,,,,,,,,P.219,MIRI,N.74,PUJUT,,JEE POH UTAMA,2961,-2961,ORIGINATED FROM KROKOP,219/87/12,219/87/12,JEE POH UTAMA,N.87,PIASAU,P.219,MIRI,2961,SHIFTED,NO SHIFT,0,
SARAWAK,P.219,MIRI,N.75,SENADIN,219/75/01,KUALA BARAM,58283,P.219,MIRI,N.75,SENADIN,219/75/02,KUALA BARAM,2459,55824,KUALA BARAM WAS SUBDIVIDED,219/89/05,219/89/05,KUALA BARAM,N.89,PERMAISURI,P.219,MIRI,2459,SHIFTED,NO SHIFT,0,DUN PERMASURI IS A NEW DUN
,,,,,,,,P.219,MIRI,N.75,SENADIN,,PRIMA VILLA,674,-674,ORIGINATED FROM KUALA BARAM,219/89/10,219/89/10,PRIMA VILLA,N.89,PERMAISURI,P.219,MIRI,674,SHIFTED,NO SHIFT,0,DUN PERMASURI IS A NEW DUN
,,,,,,,,P.219,MIRI,N.75,SENADIN,219/75/15,DESA PUJUT,5542,-5542,ORIGINATED FROM KUALA BARAM,219/91/02,219/91/02,DESA PUJUT,N.91,LOPENG,P.219,MIRI,5542,NO SHIFT,NO SHIFT,0,DUN SENADIN RENAMED TO DUN LOPENG
,,,,,,,,P.219,MIRI,N.75,SENADIN,,DESA INDAH,9071,-9071,ORIGINATED FROM KUALA BARAM,219/91/01,219/91/01,DESA INDAH,N.91,LOPENG,P.219,MIRI,9071,NO SHIFT,NO SHIFT,0,DUN SENADIN RENAMED TO DUN LOPENG
,,,,,,,,P.219,MIRI,N.75,SENADIN,,RPR PERMJAYA,7866,-7866,ORIGINATED FROM KUALA BARAM,219/90/02,219/90/02,RPR PERMJAYA,N.90,TUDAN,P.219,MIRI,7866,SHIFTED,NO SHIFT,0,DUN TUDAN IS A NEW DUN
,,,,,,,,P.219,MIRI,N.75,SENADIN,219/75/10,FASA ENAM TUDAN,4308,-4308,ORIGINATED FROM KUALA BARAM,219/90/03,219/90/03,FASA ENAM TUDAN,N.90,TUDAN,P.219,MIRI,4308,SHIFTED,NO SHIFT,0,DUN TUDAN IS A NEW DUN
,,,,,,,,P.219,MIRI,N.75,SENADIN,,FASA DUA TUDAN,3467,-3467,ORIGINATED FROM KUALA BARAM,219/90/01,219/90/01,FASA DUA TUDAN,N.90,TUDAN,P.219,MIRI,3467,SHIFTED,NO SHIFT,0,DUN TUDAN IS A NEW DUN
,,,,,,,,P.219,MIRI,N.75,SENADIN,,FASA EMPAT TUDAN,1558,-1558,ORIGINATED FROM KUALA BARAM,219/89/09,219/89/09,FASA EMPAT TUDAN,N.89,PERMAISURI,P.219,MIRI,1558,SHIFTED,NO SHIFT,0,DUN PERMASURI IS A NEW DUN
,,,,,,,,P.219,MIRI,N.75,SENADIN,,KAMPUNG TUDAN,2000,-2000,ORIGINATED FROM KUALA BARAM,219/89/08,219/89/08,KAMPUNG TUDAN,N.89,PERMAISURI,P.219,MIRI,2000,SHIFTED,NO SHIFT,0,DUN PERMASURI IS A NEW DUN
,,,,,,,,P.219,MIRI,N.75,SENADIN,,PANGKALAN LUTONG,2275,-2275,ORIGINATED FROM KUALA BARAM,219/89/07,219/89/07,PANGKALAN LUTONG,N.89,PERMAISURI,P.219,MIRI,2275,SHIFTED,NO SHIFT,0,DUN PERMASURI IS A NEW DUN
,,,,,,,,P.219,MIRI,N.75,SENADIN,219/75/04,DESA SENADIN,9545,-9545,ORIGINATED FROM KUALA BARAM,219/90/05,219/90/05,DESA SENADIN,N.90,TUDAN,P.219,MIRI,9545,SHIFTED,NO SHIFT,0,DUN TUDAN IS A NEW DUN
,,,,,,,,P.219,MIRI,N.75,SENADIN,,KAMPUNG SENADIN,1916,-1916,ORIGINATED FROM KUALA BARAM,219/89/04,219/89/04,KAMPUNG SENADIN,N.89,PERMAISURI,P.219,MIRI,1916,SHIFTED,NO SHIFT,0,DUN PERMASURI IS A NEW DUN
,,,,,,,,P.219,MIRI,N.75,SENADIN,219/75/03,DESA MURNI,4946,-4946,ORIGINATED FROM KUALA BARAM,219/90/06,219/90/06,DESA MURNI,N.90,TUDAN,P.219,MIRI,4946,SHIFTED,NO SHIFT,0,DUN TUDAN IS A NEW DUN
,,,,,,,,P.219,MIRI,N.75,SENADIN,,PROMIN JAYA,1946,-1946,ORIGINATED FROM KUALA BARAM,219/90/04,219/90/04,PROMIN JAYA,N.90,TUDAN,P.219,MIRI,1946,SHIFTED,NO SHIFT,0,DUN TUDAN IS A NEW DUN
,,,,,,,,P.219,MIRI,N.75,SENADIN,219/75/01,ASAM PAYA,710,-710,ORIGINATED FROM KUALA BARAM,219/89/06,219/89/06,ASAM PAYA,N.89,PERMAISURI,P.219,MIRI,710,SHIFTED,NO SHIFT,0,DUN PERMASURI IS A NEW DUN
SARAWAK,P.219,MIRI,N.75,SENADIN,219/75/02,LOPENG,6998,P.219,MIRI,N.75,SENADIN,219/75/16,LOPENG,2857,4141,LOPENG WAS SUBDIVIDED,219/91/03,219/91/03,LOPENG,N.91,LOPENG,P.219,MIRI,2857,NO SHIFT,NO SHIFT,0,DUN SENADIN RENAMED TO DUN LOPENG
,,,,,,,,P.219,MIRI,N.75,SENADIN,,PADANG KERBAU,1901,-1901,ORIGINATED FROM LOPENG,219/91/04,219/91/04,PADANG KERBAU,N.91,LOPENG,P.219,MIRI,1901,NO SHIFT,NO SHIFT,0,DUN SENADIN RENAMED TO DUN LOPENG
,,,,,,,,P.219,MIRI,N.75,SENADIN,219/75/19,KAMPUNG LOPENG,1129,-1129,ORIGINATED FROM LOPENG,219/87/07,219/87/07,KAMPUNG LOPENG,N.87,PIASAU,P.219,MIRI,1129,SHIFTED,NO SHIFT,0,
,,,,,,,,P.219,MIRI,N.75,SENADIN,,CANADA HILL,718,-718,ORIGINATED FROM LOPENG,219/87/08,219/87/08,CANADA HILL,N.87,PIASAU,P.219,MIRI,718,SHIFTED,NO SHIFT,0,
,,,,,,,,P.219,MIRI,N.75,SENADIN,219/75/21,SUNGAI TENIKU,393,-393,ORIGINATED FROM LOPENG,219/91/06,219/91/06,SUNGAI TENIKU,N.91,LOPENG,P.219,MIRI,393,NO SHIFT,NO SHIFT,0,DUN SENADIN RENAMED TO DUN LOPENG
SARAWAK,P.219,MIRI,N.75,SENADIN,219/75/03,RIAM,9220,P.219,MIRI,N.75,SENADIN,219/75/20,RIAM,9220,0,,219/91/05,219/91/05,RIAM,N.91,LOPENG,P.219,MIRI,9220,NO SHIFT,NO SHIFT,0,DUN SENADIN RENAMED TO DUN LOPENG
SARAWAK,P.220,BARAM,N.76,MARUDI,220/76/01,NABOR,3530,P.220,BARAM,N.76,MARUDI,220/76/01,NABOR,3530,0,,220/92/03,220/92/03,NABOR,N.92,MARUDI,P.220,BARAM,3530,NO SHIFT,NO SHIFT,0,
SARAWAK,P.220,BARAM,N.76,MARUDI,220/76/02,PENGALAYAN,2632,P.220,BARAM,N.76,MARUDI,220/76/06,PENGALAYAN,2632,0,,220/92/02,220/92/02,PENGALAYAN,N.92,MARUDI,P.220,BARAM,2632,NO SHIFT,NO SHIFT,0,
SARAWAK,P.220,BARAM,N.76,MARUDI,220/76/03,MARUDI,5102,P.220,BARAM,N.76,MARUDI,220/76/07,MARUDI,5102,0,,220/92/01,220/92/01,MARUDI,N.92,MARUDI,P.220,BARAM,5102,NO SHIFT,NO SHIFT,0,
SARAWAK,P.220,BARAM,N.76,MARUDI,220/76/04,BELURU,4816,P.220,BARAM,N.76,MARUDI,220/76/02,BELURU,4816,0,,220/92/04,220/92/04,BELURU,N.92,MARUDI,P.220,BARAM,4816,NO SHIFT,NO SHIFT,0,
SARAWAK,P.220,BARAM,N.76,MARUDI,220/76/05,TERUKING,3959,P.220,BARAM,N.76,MARUDI,220/76/05,TERUKING,3959,0,,220/92/08,220/92/08,TERUKING,N.92,MARUDI,P.220,BARAM,3959,NO SHIFT,NO SHIFT,0,
SARAWAK,P.220,BARAM,N.76,MARUDI,220/76/06,LONG TERU,2503,P.220,BARAM,N.76,MARUDI,220/76/04,LONG TERU,2503,0,,220/92/07,220/92/07,LONG TERU,N.92,MARUDI,P.220,BARAM,2503,NO SHIFT,NO SHIFT,0,
SARAWAK,P.220,BARAM,N.76,MARUDI,220/76/07,JEGAN,3690,P.220,BARAM,N.76,MARUDI,220/76/03,JEGAN,3690,0,,220/93/01,220/93/01,JEGAN,N.93,USUN APAU,P.220,BARAM,3690,SHIFTED,NO SHIFT,0,DUN USUN APAU IS A NEW DUN
SARAWAK,P.220,BARAM,N.77,TELANG USAN,220/77/01,LONG MIRI,2356,P.220,BARAM,N.77,TELANG USAN,220/77/03,LONG MIRI,2356,0,,220/94/03,220/94/03,LONG MIRI,N.94,TELANG USAN,P.220,BARAM,2356,NO SHIFT,NO SHIFT,0,
SARAWAK,P.220,BARAM,N.77,TELANG USAN,220/77/02,PANA,2550,P.220,BARAM,N.77,TELANG USAN,220/77/05,PANA,2550,0,,220/93/02,220/93/02,PANA,N.93,USUN APAU,P.220,BARAM,2550,SHIFTED,NO SHIFT,0,DUN USUN APAU IS A NEW DUN
SARAWAK,P.220,BARAM,N.77,TELANG USAN,220/77/03,AKAHPATAH,2574,P.220,BARAM,N.77,TELANG USAN,220/77/04,AKAHPATAH,2574,0,,220/94/04,220/94/04,AKAHPATAH,N.94,TELANG USAN,P.220,BARAM,2574,NO SHIFT,NO SHIFT,0,
SARAWAK,P.220,BARAM,N.77,TELANG USAN,220/77/04,SAN,2556,P.220,BARAM,N.77,TELANG USAN,220/77/06,SAN,2556,0,,220/93/03,220/93/03,SAN,N.93,USUN APAU,P.220,BARAM,2556,SHIFTED,NO SHIFT,0,DUN USUN APAU IS A NEW DUN
SARAWAK,P.220,BARAM,N.77,TELANG USAN,220/77/05,LONG LAMA,3616,P.220,BARAM,N.77,TELANG USAN,220/77/01,LONG LAMA,3616,0,,220/94/01,220/94/01,LONG LAMA,N.94,TELANG USAN,P.220,BARAM,3616,NO SHIFT,NO SHIFT,0,
SARAWAK,P.220,BARAM,N.77,TELANG USAN,220/77/06,APOH,5256,P.220,BARAM,N.77,TELANG USAN,220/77/02,APOH,5256,0,,220/94/02,220/94/02,APOH,N.94,TELANG USAN,P.220,BARAM,5256,NO SHIFT,NO SHIFT,0,
SARAWAK,P.220,BARAM,N.78,MULU,220/78/01,LUBOK NIBONG,985,P.220,BARAM,N.78,MULU,220/78/01,LUBOK NIBONG,985,0,,220/95/01,220/95/01,LUBOK NIBONG,N.95,MULU,P.220,BARAM,985,NO SHIFT,NO SHIFT,0,
SARAWAK,P.220,BARAM,N.78,MULU,220/78/02,PUYUT,4197,P.220,BARAM,N.78,MULU,220/78/02,PUYUT,4197,0,,220/95/02,220/95/02,PUYUT,N.95,MULU,P.220,BARAM,4197,NO SHIFT,NO SHIFT,0,
SARAWAK,P.220,BARAM,N.78,MULU,220/78/03,LIOMATU,5296,P.220,BARAM,N.78,MULU,220/78/05,LIOMATU,5296,0,,220/93/04,220/93/04,LIOMATU,N.93,USUN APAU,P.220,BARAM,5296,SHIFTED,NO SHIFT,0,DUN USUN APAU IS A NEW DUN
SARAWAK,P.220,BARAM,N.78,MULU,220/78/04,TUTOH,3094,P.220,BARAM,N.78,MULU,220/78/03,TUTOH,3094,0,,220/95/03,220/95/03,TUTOH,N.95,MULU,P.220,BARAM,3094,NO SHIFT,NO SHIFT,0,
SARAWAK,P.220,BARAM,N.78,MULU,220/78/05,LONG PELUAN,1151,P.220,BARAM,N.78,MULU,220/78/08,LONG PELUAN,1151,0,,220/95/05,220/95/05,LONG PELUAN,N.95,MULU,P.220,BARAM,1151,NO SHIFT,NO SHIFT,0,
SARAWAK,P.220,BARAM,N.78,MULU,220/78/06,BARIO,988,P.220,BARAM,N.78,MULU,220/78/09,BARIO,988,0,,220/95/08,220/95/08,BARIO,N.95,MULU,P.220,BARAM,988,NO SHIFT,NO SHIFT,0,
SARAWAK,P.220,BARAM,N.78,MULU,220/78/07,PA'LUNGAN,381,P.220,BARAM,N.78,MULU,220/78/10,PA'LUNGAN,381,0,,220/95/09,220/95/09,PA'LUNGAN,N.95,MULU,P.220,BARAM,381,NO SHIFT,NO SHIFT,0,
SARAWAK,P.220,BARAM,N.78,MULU,220/78/08,DANO,172,P.220,BARAM,N.78,MULU,220/78/06,DANO,172,0,,220/95/07,220/95/07,DANO,N.95,MULU,P.220,BARAM,172,NO SHIFT,NO SHIFT,0,
SARAWAK,P.220,BARAM,N.78,MULU,220/78/09,REMUDU,211,P.220,BARAM,N.78,MULU,220/78/07,REMUDU,211,0,,220/95/06,220/95/06,REMUDU,N.95,MULU,P.220,BARAM,211,NO SHIFT,NO SHIFT,0,
SARAWAK,P.220,BARAM,N.78,MULU,220/78/10,LELLANG,410,P.220,BARAM,N.78,MULU,220/78/04,LELLANG,410,0,,220/95/04,220/95/04,LELLANG,N.95,MULU,P.220,BARAM,410,NO SHIFT,NO SHIFT,0,
SARAWAK,P.221,LIMBANG,N.79,BUKIT KOTA,221/79/01,RANGGAU,450,P.221,LIMBANG,N.79,BUKIT KOTA,,RANGGAU,450,0,,221/96/01,221/96/01,RANGGAU,N.96,BUKIT KOTA,P.221,LIMBANG,450,NO SHIFT,NO SHIFT,0,
SARAWAK,P.221,LIMBANG,N.79,BUKIT KOTA,221/79/02,SEBUKANG,6749,P.221,LIMBANG,N.79,BUKIT KOTA,221/79/02,SEBUKANG,6749,0,,221/96/02,221/96/02,SEBUKANG,N.96,BUKIT KOTA,P.221,LIMBANG,6749,NO SHIFT,NO SHIFT,0,
SARAWAK,P.221,LIMBANG,N.79,BUKIT KOTA,221/79/03,TABAHAN,2752,P.221,LIMBANG,N.79,BUKIT KOTA,221/79/03,TABAHAN,2752,0,,221/96/03,221/96/03,TABAHAN,N.96,BUKIT KOTA,P.221,LIMBANG,2752,NO SHIFT,NO SHIFT,0,
SARAWAK,P.221,LIMBANG,N.79,BUKIT KOTA,221/79/04,BANGKITA,2198,P.221,LIMBANG,N.79,BUKIT KOTA,,BANGKITA,2198,0,,221/96/06,221/96/06,BANGKITA,N.96,BUKIT KOTA,P.221,LIMBANG,2198,NO SHIFT,NO SHIFT,0,
SARAWAK,P.221,LIMBANG,N.79,BUKIT KOTA,221/79/05,LIMBANG,2237,P.221,LIMBANG,N.79,BUKIT KOTA,,LIMBANG,2237,0,,221/96/05,221/96/05,LIMBANG,N.96,BUKIT KOTA,P.221,LIMBANG,2237,NO SHIFT,NO SHIFT,0,
SARAWAK,P.221,LIMBANG,N.79,BUKIT KOTA,221/79/06,POYAN,2895,P.221,LIMBANG,N.79,BUKIT KOTA,,POYAN,2895,0,,221/96/04,221/96/04,POYAN,N.96,BUKIT KOTA,P.221,LIMBANG,2895,NO SHIFT,NO SHIFT,0,
SARAWAK,P.221,LIMBANG,N.79,BUKIT KOTA,221/79/07,BUKIT KOTA,1950,P.221,LIMBANG,N.79,BUKIT KOTA,,BUKIT KOTA,1950,0,,221/96/07,221/96/07,BUKIT KOTA,N.96,BUKIT KOTA,P.221,LIMBANG,1950,NO SHIFT,NO SHIFT,0,
SARAWAK,P.221,LIMBANG,N.79,BUKIT KOTA,221/79/08,PENDAM,1498,P.221,LIMBANG,N.79,BUKIT KOTA,,PENDAM,1498,0,,221/96/08,221/96/08,PENDAM,N.96,BUKIT KOTA,P.221,LIMBANG,1498,NO SHIFT,NO SHIFT,0,
SARAWAK,P.221,LIMBANG,N.79,BUKIT KOTA,221/79/09,TELAHAK,2259,P.221,LIMBANG,N.79,BUKIT KOTA,221/79/09,TELAHAK,2259,0,,221/96/09,221/96/09,TELAHAK,N.96,BUKIT KOTA,P.221,LIMBANG,2259,NO SHIFT,NO SHIFT,0,
SARAWAK,P.221,LIMBANG,N.79,BUKIT KOTA,221/79/10,BERAWAN,4965,P.221,LIMBANG,N.79,BUKIT KOTA,221/79/10,BERAWAN,4965,0,,221/97/01,221/97/01,BERAWAN,N.97,BATU DANAU,P.221,LIMBANG,4965,SHIFTED,NO SHIFT,0,
SARAWAK,P.221,LIMBANG,N.80,BATU DANAU,221/80/01,DANAU,3757,P.221,LIMBANG,N.80,BATU DANAU,221/80/01,DANAU,3757,0,,221/97/02,221/97/02,DANAU,N.97,BATU DANAU,P.221,LIMBANG,3757,NO SHIFT,NO SHIFT,0,
SARAWAK,P.221,LIMBANG,N.80,BATU DANAU,221/80/02,LUBAI,3811,P.221,LIMBANG,N.80,BATU DANAU,221/80/02,LUBAI,3811,0,,221/97/03,221/97/03,LUBAI,N.97,BATU DANAU,P.221,LIMBANG,3811,NO SHIFT,NO SHIFT,0,
SARAWAK,P.221,LIMBANG,N.80,BATU DANAU,221/80/03,UKONG,2952,P.221,LIMBANG,N.80,BATU DANAU,221/80/03,UKONG,2952,0,,221/97/04,221/97/04,UKONG,N.97,BATU DANAU,P.221,LIMBANG,2952,NO SHIFT,NO SHIFT,0,
SARAWAK,P.221,LIMBANG,N.80,BATU DANAU,221/80/04,MEDIHIT,2368,P.221,LIMBANG,N.80,BATU DANAU,221/80/05,MEDIHIT,2368,0,,221/97/06,221/97/06,MEDIHIT,N.97,BATU DANAU,P.221,LIMBANG,2368,NO SHIFT,NO SHIFT,0,
SARAWAK,P.221,LIMBANG,N.80,BATU DANAU,221/80/05,MEDAMIT,2943,P.221,LIMBANG,N.80,BATU DANAU,221/80/04,MEDAMIT,2943,0,,221/97/05,221/97/05,MEDAMIT,N.97,BATU DANAU,P.221,LIMBANG,2943,NO SHIFT,NO SHIFT,0,
SARAWAK,P.222,LAWAS,N.81,BA'KELALAN,222/81/01,SEMADOH,1297,P.222,LAWAS,N.81,BA'KELALAN,222/81/02,SEMADOH,1297,0,,222/98/02,222/98/02,SEMADOH,N.98,GUNONG MURUD,P.222,LAWAS,1297,NO SHIFT,NO SHIFT,0,DUN BA'KELALAN RENAMED TO DUN GUNONG MURUD
SARAWAK,P.222,LAWAS,N.81,BA'KELALAN,222/81/02,BERIWAN,722,P.222,LAWAS,N.81,BA'KELALAN,,BERIWAN,722,0,,222/98/07,222/98/07,BERIWAN,N.98,GUNONG MURUD,P.222,LAWAS,722,NO SHIFT,NO SHIFT,0,DUN BA'KELALAN RENAMED TO DUN GUNONG MURUD
SARAWAK,P.222,LAWAS,N.81,BA'KELALAN,222/81/03,MALIGAN,1270,P.222,LAWAS,N.81,BA'KELALAN,222/81/17,MALIGAN,1270,0,,222/98/17,222/98/17,MALIGAN,N.98,GUNONG MURUD,P.222,LAWAS,1270,NO SHIFT,NO SHIFT,0,DUN BA'KELALAN RENAMED TO DUN GUNONG MURUD
SARAWAK,P.222,LAWAS,N.81,BA'KELALAN,222/81/04,TRUSAN,453,P.222,LAWAS,N.81,BA'KELALAN,,TRUSAN,453,0,,222/98/12,222/98/12,TRUSAN,N.98,GUNONG MURUD,P.222,LAWAS,453,NO SHIFT,NO SHIFT,0,DUN BA'KELALAN RENAMED TO DUN GUNONG MURUD
SARAWAK,P.222,LAWAS,N.81,BA'KELALAN,222/81/05,SUKANG,1022,P.222,LAWAS,N.81,BA'KELALAN,222/81/05,SUKANG,1022,0,,222/98/05,222/98/05,SUKANG,N.98,GUNONG MURUD,P.222,LAWAS,1022,NO SHIFT,NO SHIFT,0,DUN BA'KELALAN RENAMED TO DUN GUNONG MURUD
SARAWAK,P.222,LAWAS,N.81,BA'KELALAN,222/81/06,LUPENG,424,P.222,LAWAS,N.81,BA'KELALAN,222/81/03,LUPENG,424,0,,222/98/03,222/98/03,LUPENG,N.98,GUNONG MURUD,P.222,LAWAS,424,NO SHIFT,NO SHIFT,0,DUN BA'KELALAN RENAMED TO DUN GUNONG MURUD
SARAWAK,P.222,LAWAS,N.81,BA'KELALAN,222/81/07,BA'KELALAN,970,P.222,LAWAS,N.81,BA'KELALAN,222/81/01,BA'KELALAN,970,0,,222/98/01,222/98/01,BA'KELALAN,N.98,GUNONG MURUD,P.222,LAWAS,970,NO SHIFT,NO SHIFT,0,DUN BA'KELALAN RENAMED TO DUN GUNONG MURUD
SARAWAK,P.222,LAWAS,N.81,BA'KELALAN,222/81/08,TEMAROP,436,P.222,LAWAS,N.81,BA'KELALAN,222/81/10,TEMAROP,436,0,,222/98/10,222/98/10,TEMAROP,N.98,GUNONG MURUD,P.222,LAWAS,436,NO SHIFT,NO SHIFT,0,DUN BA'KELALAN RENAMED TO DUN GUNONG MURUD
SARAWAK,P.222,LAWAS,N.81,BA'KELALAN,222/81/09,SUANG,753,P.222,LAWAS,N.81,BA'KELALAN,222/81/09,SUANG,753,0,,222/98/09,222/98/09,SUANG,N.98,GUNONG MURUD,P.222,LAWAS,753,NO SHIFT,NO SHIFT,0,DUN BA'KELALAN RENAMED TO DUN GUNONG MURUD
SARAWAK,P.222,LAWAS,N.81,BA'KELALAN,222/81/10,TALIS,517,P.222,LAWAS,N.81,BA'KELALAN,,TALIS,517,0,,222/98/08,222/98/08,TALIS,N.98,GUNONG MURUD,P.222,LAWAS,517,NO SHIFT,NO SHIFT,0,DUN BA'KELALAN RENAMED TO DUN GUNONG MURUD
SARAWAK,P.222,LAWAS,N.81,BA'KELALAN,222/81/11,LAPADAN,390,P.222,LAWAS,N.81,BA'KELALAN,222/81/06,LAPADAN,390,0,,222/98/06,222/98/06,LAPADAN,N.98,GUNONG MURUD,P.222,LAWAS,390,NO SHIFT,NO SHIFT,0,DUN BA'KELALAN RENAMED TO DUN GUNONG MURUD
SARAWAK,P.222,LAWAS,N.81,BA'KELALAN,222/81/12,TENGOA,482,P.222,LAWAS,N.81,BA'KELALAN,222/81/04,TENGOA,482,0,,222/98/04,222/98/04,TENGOA,N.98,GUNONG MURUD,P.222,LAWAS,482,NO SHIFT,NO SHIFT,0,DUN BA'KELALAN RENAMED TO DUN GUNONG MURUD
SARAWAK,P.222,LAWAS,N.81,BA'KELALAN,222/81/13,TUMA,1936,P.222,LAWAS,N.81,BA'KELALAN,222/81/16,TUMA,1936,0,,222/98/16,222/98/16,TUMA,N.98,GUNONG MURUD,P.222,LAWAS,1936,NO SHIFT,NO SHIFT,0,DUN BA'KELALAN RENAMED TO DUN GUNONG MURUD
SARAWAK,P.222,LAWAS,N.81,BA'KELALAN,222/81/14,PENGALEH,537,P.222,LAWAS,N.81,BA'KELALAN,222/81/18,PENGALEH,537,0,,222/98/18,222/98/18,PENGALEH,N.98,GUNONG MURUD,P.222,LAWAS,537,NO SHIFT,NO SHIFT,0,DUN BA'KELALAN RENAMED TO DUN GUNONG MURUD
SARAWAK,P.222,LAWAS,N.81,BA'KELALAN,222/81/15,SIANG,1118,P.222,LAWAS,N.81,BA'KELALAN,222/81/13,SIANG,1118,0,,222/98/13,222/98/13,SIANG,N.98,GUNONG MURUD,P.222,LAWAS,1118,NO SHIFT,NO SHIFT,0,DUN BA'KELALAN RENAMED TO DUN GUNONG MURUD
SARAWAK,P.222,LAWAS,N.81,BA'KELALAN,222/81/16,PANGI,620,P.222,LAWAS,N.81,BA'KELALAN,,PANGI,620,0,,222/98/14,222/98/14,PANGI,N.98,GUNONG MURUD,P.222,LAWAS,620,NO SHIFT,NO SHIFT,0,DUN BA'KELALAN RENAMED TO DUN GUNONG MURUD
SARAWAK,P.222,LAWAS,N.81,BA'KELALAN,222/81/17,BATU TIGA,209,P.222,LAWAS,N.81,BA'KELALAN,,BATU TIGA,209,0,,222/98/15,222/98/15,BATU TIGA,N.98,GUNONG MURUD,P.222,LAWAS,209,NO SHIFT,NO SHIFT,0,DUN BA'KELALAN RENAMED TO DUN GUNONG MURUD
SARAWAK,P.222,LAWAS,N.81,BA'KELALAN,222/81/18,LAMPAKI,439,P.222,LAWAS,N.81,BA'KELALAN,222/81/19,LAMPAKI,439,0,,222/98/19,222/98/19,LAMPAKI,N.98,GUNONG MURUD,P.222,LAWAS,439,NO SHIFT,NO SHIFT,0,DUN BA'KELALAN RENAMED TO DUN GUNONG MURUD
SARAWAK,P.222,LAWAS,N.81,BA'KELALAN,222/81/19,MUNCU,487,P.222,LAWAS,N.81,BA'KELALAN,222/81/20,MUNCU,487,0,,222/98/20,222/98/20,MUNCU,N.98,GUNONG MURUD,P.222,LAWAS,487,NO SHIFT,NO SHIFT,0,DUN BA'KELALAN RENAMED TO DUN GUNONG MURUD
SARAWAK,P.222,LAWAS,N.81,BA'KELALAN,222/81/20,RANCHANGAN,502,P.222,LAWAS,N.81,BA'KELALAN,,RANCHANGAN,502,0,,222/98/11,222/98/11,RANCHANGAN,N.98,GUNONG MURUD,P.222,LAWAS,502,NO SHIFT,NO SHIFT,0,DUN BA'KELALAN RENAMED TO DUN GUNONG MURUD
SARAWAK,P.222,LAWAS,N.82,BUKIT SARI,222/82/01,SUNDAR,202,P.222,LAWAS,N.82,BUKIT SARI,,SUNDAR,202,0,,222/99/20,222/99/20,SUNDAR,N.99,BUKIT SARI,P.222,LAWAS,202,NO SHIFT,NO SHIFT,0,
SARAWAK,P.222,LAWAS,N.82,BUKIT SARI,222/82/02,BUKIT SARI,590,P.222,LAWAS,N.82,BUKIT SARI,222/82/05,BUKIT SARI,590,0,,222/99/05,222/99/05,BUKIT SARI,N.99,BUKIT SARI,P.222,LAWAS,590,NO SHIFT,NO SHIFT,0,
SARAWAK,P.222,LAWAS,N.82,BUKIT SARI,222/82/03,MERAPOK,1036,P.222,LAWAS,N.82,BUKIT SARI,222/82/02,MERAPOK,1036,0,,222/99/02,222/99/02,MERAPOK,N.99,BUKIT SARI,P.222,LAWAS,1036,NO SHIFT,NO SHIFT,0,
SARAWAK,P.222,LAWAS,N.82,BUKIT SARI,222/82/04,LAWAS,2579,P.222,LAWAS,N.82,BUKIT SARI,,LAWAS,2579,0,,222/99/07,222/99/07,LAWAS,N.99,BUKIT SARI,P.222,LAWAS,2579,NO SHIFT,NO SHIFT,0,
SARAWAK,P.222,LAWAS,N.82,BUKIT SARI,222/82/05,GELAPAS,1125,P.222,LAWAS,N.82,BUKIT SARI,,GELAPAS,1125,0,,222/99/14,222/99/14,GELAPAS,N.99,BUKIT SARI,P.222,LAWAS,1125,NO SHIFT,NO SHIFT,0,
SARAWAK,P.222,LAWAS,N.82,BUKIT SARI,222/82/06,AWAT,1342,P.222,LAWAS,N.82,BUKIT SARI,,AWAT,1342,0,,222/99/22,222/99/22,AWAT,N.99,BUKIT SARI,P.222,LAWAS,1342,NO SHIFT,NO SHIFT,0,
SARAWAK,P.222,LAWAS,N.82,BUKIT SARI,222/82/07,BARU,804,P.222,LAWAS,N.82,BUKIT SARI,,BARU,804,0,,222/99/17,222/99/17,BARU,N.99,BUKIT SARI,P.222,LAWAS,804,NO SHIFT,NO SHIFT,0,
SARAWAK,P.222,LAWAS,N.82,BUKIT SARI,222/82/08,LUAGAN,401,P.222,LAWAS,N.82,BUKIT SARI,,LUAGAN,401,0,,222/99/16,222/99/16,LUAGAN,N.99,BUKIT SARI,P.222,LAWAS,401,NO SHIFT,NO SHIFT,0,
SARAWAK,P.222,LAWAS,N.82,BUKIT SARI,222/82/09,ARU,810,P.222,LAWAS,N.82,BUKIT SARI,,ARU,810,0,,222/99/18,222/99/18,ARU,N.99,BUKIT SARI,P.222,LAWAS,810,NO SHIFT,NO SHIFT,0,
SARAWAK,P.222,LAWAS,N.82,BUKIT SARI,222/82/10,PAGAR,882,P.222,LAWAS,N.82,BUKIT SARI,222/82/21,PAGAR,882,0,,222/99/21,222/99/21,PAGAR,N.99,BUKIT SARI,P.222,LAWAS,882,NO SHIFT,NO SHIFT,0,
SARAWAK,P.222,LAWAS,N.82,BUKIT SARI,222/82/11,KATONG,742,P.222,LAWAS,N.82,BUKIT SARI,,KATONG,742,0,,222/99/19,222/99/19,KATONG,N.99,BUKIT SARI,P.222,LAWAS,742,NO SHIFT,NO SHIFT,0,
SARAWAK,P.222,LAWAS,N.82,BUKIT SARI,222/82/12,PEMUKAT,466,P.222,LAWAS,N.82,BUKIT SARI,,PEMUKAT,466,0,,222/99/04,222/99/04,PEMUKAT,N.99,BUKIT SARI,P.222,LAWAS,466,NO SHIFT,NO SHIFT,0,
SARAWAK,P.222,LAWAS,N.82,BUKIT SARI,222/82/13,DATO,909,P.222,LAWAS,N.82,BUKIT SARI,,DATO,909,0,,222/99/03,222/99/03,DATO,N.99,BUKIT SARI,P.222,LAWAS,909,NO SHIFT,NO SHIFT,0,
SARAWAK,P.222,LAWAS,N.82,BUKIT SARI,222/82/14,BELIPAT,953,P.222,LAWAS,N.82,BUKIT SARI,,BELIPAT,953,0,,222/99/11,222/99/11,BELIPAT,N.99,BUKIT SARI,P.222,LAWAS,953,NO SHIFT,NO SHIFT,0,
SARAWAK,P.222,LAWAS,N.82,BUKIT SARI,222/82/15,SUALAI,585,P.222,LAWAS,N.82,BUKIT SARI,,SUALAI,585,0,,222/99/13,222/99/13,SUALAI,N.99,BUKIT SARI,P.222,LAWAS,585,NO SHIFT,NO SHIFT,0,
SARAWAK,P.222,LAWAS,N.82,BUKIT SARI,222/82/16,PUNANG,1316,P.222,LAWAS,N.82,BUKIT SARI,,PUNANG,1316,0,,222/99/12,222/99/12,PUNANG,N.99,BUKIT SARI,P.222,LAWAS,1316,NO SHIFT,NO SHIFT,0,
SARAWAK,P.222,LAWAS,N.82,BUKIT SARI,222/82/17,SIBAGOL,707,P.222,LAWAS,N.82,BUKIT SARI,,SIBAGOL,707,0,,222/99/01,222/99/01,SIBAGOL,N.99,BUKIT SARI,P.222,LAWAS,707,NO SHIFT,NO SHIFT,0,
SARAWAK,P.222,LAWAS,N.82,BUKIT SARI,222/82/18,MELUSOK,2129,P.222,LAWAS,N.82,BUKIT SARI,,MELUSOK,2129,0,,222/99/06,222/99/06,MELUSOK,N.99,BUKIT SARI,P.222,LAWAS,2129,NO SHIFT,NO SHIFT,0,
SARAWAK,P.222,LAWAS,N.82,BUKIT SARI,222/82/19,TEMANGIS,1131,P.222,LAWAS,N.82,BUKIT SARI,222/82/10,TEMANGIS,1131,0,,222/99/10,222/99/10,TEMANGIS,N.99,BUKIT SARI,P.222,LAWAS,1131,NO SHIFT,NO SHIFT,0,
SARAWAK,P.222,LAWAS,N.82,BUKIT SARI,222/82/20,MISSION,334,P.222,LAWAS,N.82,BUKIT SARI,,MISSION,334,0,,222/99/08,222/99/08,MISSION,N.99,BUKIT SARI,P.222,LAWAS,334,NO SHIFT,NO SHIFT,0,
SARAWAK,P.222,LAWAS,N.82,BUKIT SARI,222/82/21,LADANG BARU,1135,P.222,LAWAS,N.82,BUKIT SARI,,LADANG BARU,1135,0,,222/99/09,222/99/09,LADANG BARU,N.99,BUKIT SARI,P.222,LAWAS,1135,NO SHIFT,NO SHIFT,0,
SARAWAK,P.222,LAWAS,N.82,BUKIT SARI,222/82/22,SILAT,526,P.222,LAWAS,N.82,BUKIT SARI,222/82/15,SILAT,526,0,,222/99/15,222/99/15,SILAT,N.99,BUKIT SARI,P.222,LAWAS,526,NO SHIFT,NO SHIFT,0,
