{
"type": "FeatureCollection",
"name": "Sarawak_DUN_Pre_2026_Redelineation_Low_Resolution",
"crs": { "type": "name", "properties": { "name": "urn:ogc:def:crs:OGC:1.3:CRS84" } },
"features": [
{ "type": "Feature", "properties": { "Id": 508, "NEGERI": "SARAWAK", "KODPAR": "P. 193", "PARLIMEN": "SANTUBONG", "KODDUN": "N. 03", "NAMADUN": "TANJONG DATU", "KODUNIK": "P. 193_N. 03", "BILANGAN_P": 16737, "PERATUS_EQ": 67.35 }, "geometry": { "type": "MultiPolygon", "coordinates": [ [ [ [ 110.132990221491241, 1.698654979443688 ], [ 110.132032514257332, 1.691951028806898 ], [ 110.146309280292314, 1.691951028806898 ], [ 110.162013722930737, 1.696234058617563 ], [ 110.160586046327296, 1.66910820315104 ], [ 110.149164633499367, 1.660542143530108 ], [ 110.140598573878265, 1.651976083909005 ], [ 110.140598573878265, 1.640554671081077 ], [ 110.147736956895756, 1.626277905046095 ], [ 110.156303016516858, 1.616284168821551 ], [ 110.167724429344787, 1.602007402786569 ], [ 110.179145842172773, 1.599152049579516 ], [ 110.182001195379769, 1.59058598995864 ], [ 110.18941382386582, 1.586023413402628 ], [ 110.172281146090086, 1.567722897177134 ], [ 110.159158369723684, 1.567743164302726 ], [ 110.149164633499367, 1.566315487699114 ], [ 110.140598573878265, 1.584875283544534 ], [ 110.116328071618966, 1.579878415432404 ], [ 110.094912922566493, 1.577023062225351 ], [ 110.067787067099914, 1.579164577130655 ], [ 110.048763444959647, 1.58602150588754 ], [ 110.043237801202494, 1.584179624635152 ], [ 110.042623840785041, 1.576198139208137 ], [ 110.032493493896894, 1.568830614198584 ], [ 110.026046909513539, 1.579574921504181 ], [ 110.020521265756372, 1.576812099625599 ], [ 110.018065424086529, 1.565146851693807 ], [ 109.988595324048319, 1.564839871485076 ], [ 109.98214873966495, 1.560849128771568 ], [ 109.970483491733162, 1.562997990232688 ], [ 109.969277381458483, 1.567743164302726 ], [ 109.959283645233938, 1.570598517509552 ], [ 109.940723849388519, 1.583447606941149 ], [ 109.93295516121789, 1.583680781798482 ], [ 109.925019406750096, 1.564887811095673 ], [ 109.916453347128993, 1.564887811095673 ], [ 109.903604257697623, 1.574881547320217 ], [ 109.907887287508117, 1.59058598995864 ], [ 109.896465874680132, 1.589158313355199 ], [ 109.892203538506649, 1.607817100707467 ], [ 109.886370914540748, 1.621631210100378 ], [ 109.889133736419339, 1.631454576779782 ], [ 109.88218910864515, 1.639126994477635 ], [ 109.867912342610168, 1.651976083909005 ], [ 109.848305368658075, 1.645268686172693 ], [ 109.839358810540205, 1.650548407305564 ], [ 109.790103967719517, 1.743347386532946 ], [ 109.782251746400277, 1.751913446153878 ], [ 109.780824069796665, 1.791888391051771 ], [ 109.766547303761683, 1.796171420862436 ], [ 109.739421448295332, 1.799026774069262 ], [ 109.7194339758463, 1.810448186897418 ], [ 109.703729533207877, 1.810448186897418 ], [ 109.686597413965899, 1.806165157086753 ], [ 109.672320647930917, 1.799026774069262 ], [ 109.658043881895935, 1.806165157086753 ], [ 109.6409117626539, 1.810448186897418 ], [ 109.618068936997986, 1.807592833690364 ], [ 109.598081464548955, 1.801882127276315 ], [ 109.592370758135075, 1.809020510293806 ], [ 109.592370758135075, 1.821869599725346 ], [ 109.58808772832441, 1.840429395570823 ], [ 109.578093992100094, 1.84471242538126 ], [ 109.563817226065112, 1.853278485002363 ], [ 109.559534196254447, 1.868982927640786 ], [ 109.555251166444009, 1.881832017072327 ], [ 109.545257430219465, 1.901819489521188 ], [ 109.546685106823077, 1.923234638573661 ], [ 109.555251166444009, 1.927517668384098 ], [ 109.568100255875549, 1.937511404608642 ], [ 109.572383285686044, 1.946077464229745 ], [ 109.560961872858059, 1.954643523850677 ], [ 109.566672579271938, 1.968920289885659 ], [ 109.576666315496482, 1.97605867290315 ], [ 109.599509141152566, 1.974630996299709 ], [ 109.612358230583936, 1.978914026110147 ], [ 109.62235196680848, 1.984624732524026 ], [ 109.632345703032968, 1.99461846874857 ], [ 109.636628732843462, 2.017461294404654 ], [ 109.639484086050459, 2.031738060439636 ], [ 109.645194792464338, 2.078851388355019 ], [ 109.64662246906795, 2.057436239302547 ], [ 109.64662246906795, 2.043159473267565 ], [ 109.655188528688882, 2.038876443457127 ], [ 109.655188528688882, 2.026027354025587 ], [ 109.648050145671391, 2.016033617801043 ], [ 109.648050145671391, 2.004612204973114 ], [ 109.655188528688882, 1.99461846874857 ], [ 109.662678421442536, 1.989268545353241 ], [ 109.65155740701141, 1.985402581277981 ], [ 109.650103495402163, 1.966028687951905 ], [ 109.646850891590987, 1.950786605636665 ], [ 109.64969472419881, 1.946168101092724 ], [ 109.653473381460003, 1.936962552315606 ], [ 109.648050145671391, 1.930530903244346 ], [ 109.652526682016401, 1.917593034929325 ], [ 109.655375806682684, 1.906677548541836 ], [ 109.673850721347492, 1.891437436496062 ], [ 109.674819996352653, 1.886109355777251 ], [ 109.687420565129798, 1.878359521322693 ], [ 109.683058829403819, 1.870125076519685 ], [ 109.684997378515618, 1.859468766296857 ], [ 109.705836781242624, 1.842031233967646 ], [ 109.73275879892924, 1.835658588723788 ], [ 109.736230057848843, 1.831667410559646 ], [ 109.740849124898773, 1.830435659346278 ], [ 109.769402656968737, 1.820441923121734 ], [ 109.788951110596997, 1.810128447380578 ], [ 109.812226893303034, 1.799501062777665 ], [ 109.84474147969047, 1.789238748339983 ], [ 109.85234723133334, 1.786578128014696 ], [ 109.849352546764749, 1.780556592893504 ], [ 109.845618015640582, 1.777818949857306 ], [ 109.849352546764749, 1.774457868357274 ], [ 109.858492283242413, 1.767149701462131 ], [ 109.879336921805418, 1.751450961151932 ], [ 109.876478402231101, 1.744775063136387 ], [ 109.870613451251643, 1.734496451765438 ], [ 109.887091118252442, 1.72141742474065 ], [ 109.917138628137479, 1.707854044753674 ], [ 109.923945996681709, 1.69388157800455 ], [ 109.95639424697697, 1.708338925442717 ], [ 109.971902638972779, 1.699135093443601 ], [ 109.975974435112164, 1.693708469844751 ], [ 110.016489267645284, 1.699620038729506 ], [ 110.049914353516328, 1.69961280517208 ], [ 110.078716005172339, 1.699392313307499 ], [ 110.11061736520486, 1.699089411824389 ], [ 110.132990221491241, 1.698654979443688 ] ] ] ] } },
{ "type": "Feature", "properties": { "Id": 506, "NEGERI": "SARAWAK", "KODPAR": "P. 192", "PARLIMEN": "MAS GADING", "KODDUN": "N. 01", "NAMADUN": "OPAR", "KODUNIK": "P. 192_N. 01", "BILANGAN_P": 19638, "PERATUS_EQ": 79.03 }, "geometry": { "type": "MultiPolygon", "coordinates": [ [ [ [ 109.672320647930917, 1.799026774069262 ], [ 109.686597413965899, 1.806165157086753 ], [ 109.703729533207877, 1.810448186897418 ], [ 109.7194339758463, 1.810448186897418 ], [ 109.739421448295332, 1.799026774069262 ], [ 109.766547303761683, 1.796171420862436 ], [ 109.780824069796665, 1.791888391051771 ], [ 109.782251746400277, 1.751913446153878 ], [ 109.790103967719517, 1.743347386532946 ], [ 109.839358810540205, 1.650548407305564 ], [ 109.848305368658075, 1.645268686172693 ], [ 109.867912342610168, 1.651976083909005 ], [ 109.88218910864515, 1.639126994477635 ], [ 109.889133736419339, 1.631454576779782 ], [ 109.886370914540748, 1.621631210100378 ], [ 109.892203538506649, 1.607817100707467 ], [ 109.896465874680132, 1.589158313355199 ], [ 109.907887287508117, 1.59058598995864 ], [ 109.903604257697623, 1.574881547320217 ], [ 109.916453347128993, 1.564887811095673 ], [ 109.925019406750096, 1.564887811095673 ], [ 109.93295516121789, 1.583680781798482 ], [ 109.940723849388519, 1.583447606941149 ], [ 109.959283645233938, 1.570598517509552 ], [ 109.969277381458483, 1.567743164302726 ], [ 109.970483491733162, 1.562997990232688 ], [ 109.98214873966495, 1.560849128771568 ], [ 109.988595324048319, 1.564839871485076 ], [ 110.018065424086529, 1.565146851693807 ], [ 110.020521265756372, 1.576812099625599 ], [ 110.026046909513539, 1.579574921504181 ], [ 110.032493493896894, 1.568830614198584 ], [ 110.042623840785041, 1.576198139208137 ], [ 110.043237801202494, 1.584179624635152 ], [ 110.048763444959647, 1.58602150588754 ], [ 110.067787067099914, 1.579164577130655 ], [ 110.094912922566493, 1.577023062225351 ], [ 110.116328071618966, 1.579878415432404 ], [ 110.140598573878265, 1.584875283544534 ], [ 110.149164633499367, 1.566315487699114 ], [ 110.146383151336209, 1.54979784125724 ], [ 110.130128945452725, 1.535263521573086 ], [ 110.119675873176575, 1.529230167272238 ], [ 110.113229288793221, 1.515416057879327 ], [ 110.107089684618586, 1.487173878676042 ], [ 110.115852179417743, 1.471018074415667 ], [ 110.120135209228181, 1.452458278570191 ], [ 110.121562885831622, 1.443892218949088 ], [ 110.101575413382761, 1.429615452914106 ], [ 110.093009353761659, 1.422477069896615 ], [ 110.090154000554605, 1.412483333672299 ], [ 110.088726323951221, 1.398206567637317 ], [ 110.093009353761659, 1.385357478205776 ], [ 110.085870970744168, 1.376791418584844 ], [ 110.075877234519623, 1.393923537826652 ], [ 110.064455821691695, 1.405344950654808 ], [ 110.051606732260325, 1.403917274051196 ], [ 110.040185319432169, 1.402489597447754 ], [ 110.021625523586749, 1.408200303861634 ], [ 109.995927344723839, 1.431043129517718 ], [ 109.994499668120397, 1.451030601966579 ], [ 109.977367548878362, 1.446747572156141 ], [ 109.951669370015452, 1.435326159328213 ], [ 109.933109574169805, 1.431043129517718 ], [ 109.910266748513948, 1.42676009970728 ], [ 109.891706952668471, 1.425332423103669 ], [ 109.866008773805561, 1.42676009970728 ], [ 109.850304331166967, 1.438181512535209 ], [ 109.836027565131985, 1.461024338191123 ], [ 109.826033828907441, 1.478156457433158 ], [ 109.811757062872459, 1.486722517054034 ], [ 109.798907973441089, 1.496716253278578 ], [ 109.784631207406107, 1.522414432141488 ], [ 109.764643734957076, 1.539546551383523 ], [ 109.724668790059184, 1.575238466470978 ], [ 109.683266168557623, 1.612358058162044 ], [ 109.666134049315815, 1.635200883817959 ], [ 109.663278696108762, 1.663754415887922 ], [ 109.670417079126253, 1.696590977768324 ], [ 109.667561725919256, 1.729427539648725 ], [ 109.681838491954238, 1.760836424925742 ], [ 109.684693845161235, 1.785106927185268 ], [ 109.672320647930917, 1.799026774069262 ] ] ] ] } },
{ "type": "Feature", "properties": { "Id": 507, "NEGERI": "SARAWAK", "KODPAR": "P. 192", "PARLIMEN": "MAS GADING", "KODDUN": "N. 02", "NAMADUN": "TASIK BIRU", "KODUNIK": "P. 192_N. 02", "BILANGAN_P": 29753, "PERATUS_EQ": 119.73 }, "geometry": { "type": "MultiPolygon", "coordinates": [ [ [ [ 110.149164633499367, 1.566315487699114 ], [ 110.159158369723684, 1.567743164302726 ], [ 110.172281146090086, 1.567722897177134 ], [ 110.18941382386582, 1.586023413402628 ], [ 110.191202261811, 1.576505119416868 ], [ 110.211304306585589, 1.573909495792236 ], [ 110.215522121981792, 1.574107707576426 ], [ 110.214532757674604, 1.557472346475523 ], [ 110.209754009607337, 1.558624879623907 ], [ 110.205795805438072, 1.549397519947775 ], [ 110.186985144971288, 1.550048607277658 ], [ 110.197027540550607, 1.534886335296733 ], [ 110.203985897232883, 1.530315591259742 ], [ 110.200342878891107, 1.52682436534888 ], [ 110.207780708005558, 1.523636724299832 ], [ 110.214307782534561, 1.529253044243393 ], [ 110.21704004629089, 1.527279742641601 ], [ 110.218293265233498, 1.510772982224845 ], [ 110.21096834905461, 1.509064650932756 ], [ 110.211506511851951, 1.500856515428779 ], [ 110.212934188455563, 1.490862779204235 ], [ 110.198657422420581, 1.478013689772865 ], [ 110.205795805438072, 1.455170864116781 ], [ 110.20436812883446, 1.440894098081799 ], [ 110.188663686196094, 1.423761978839764 ], [ 110.187236009592652, 1.413768242615447 ], [ 110.192946716006531, 1.400919153183906 ], [ 110.190091362799478, 1.386642387148925 ], [ 110.182952979781987, 1.37664865092438 ], [ 110.171531566954059, 1.378076327527992 ], [ 110.147261064694533, 1.390925416959362 ], [ 110.132984298659551, 1.386642387148925 ], [ 110.127273592245672, 1.379504004131434 ], [ 110.115852179417743, 1.36951026790689 ], [ 110.103003089986203, 1.366654914699836 ], [ 110.084443294140726, 1.362371884889399 ], [ 110.080160264330289, 1.353805825268466 ], [ 110.075877234519623, 1.339529059233485 ], [ 110.074449557916239, 1.333818352819435 ], [ 110.061600468484642, 1.325252293198503 ], [ 110.040185319432169, 1.320969263388065 ], [ 110.038757642828784, 1.302409467542418 ], [ 110.045896025846275, 1.288132701507436 ], [ 110.04732370244966, 1.276711288679508 ], [ 110.024480876793803, 1.289560378111048 ], [ 110.007348757551767, 1.293843407921543 ], [ 109.983078255292241, 1.30383714414603 ], [ 109.975939872274751, 1.313830880370574 ], [ 109.973084519067925, 1.339529059233485 ], [ 109.967373812653875, 1.370937944510501 ], [ 109.961663106239769, 1.399491476580465 ], [ 109.947386340204787, 1.416623595822273 ], [ 109.933109574169805, 1.431043129517718 ], [ 109.951669370015452, 1.435326159328213 ], [ 109.977367548878362, 1.446747572156141 ], [ 109.994499668120397, 1.451030601966579 ], [ 109.995927344723839, 1.431043129517718 ], [ 110.021625523586749, 1.408200303861634 ], [ 110.040185319432169, 1.402489597447754 ], [ 110.051606732260325, 1.403917274051196 ], [ 110.064455821691695, 1.405344950654808 ], [ 110.075877234519623, 1.393923537826652 ], [ 110.085870970744168, 1.376791418584844 ], [ 110.093009353761659, 1.385357478205776 ], [ 110.088726323951221, 1.398206567637317 ], [ 110.090154000554605, 1.412483333672299 ], [ 110.093009353761659, 1.422477069896615 ], [ 110.101575413382761, 1.429615452914106 ], [ 110.121562885831622, 1.443892218949088 ], [ 110.120135209228181, 1.452458278570191 ], [ 110.115852179417743, 1.471018074415667 ], [ 110.107089684618586, 1.487173878676042 ], [ 110.113229288793221, 1.515416057879327 ], [ 110.119675873176575, 1.529230167272238 ], [ 110.130128945452725, 1.535263521573086 ], [ 110.146383151336209, 1.54979784125724 ], [ 110.149164633499367, 1.566315487699114 ] ] ] ] } },
{ "type": "Feature", "properties": { "Id": 509, "NEGERI": "SARAWAK", "KODPAR": "P. 193", "PARLIMEN": "SANTUBONG", "KODDUN": "N. 04", "NAMADUN": "PANTAI DAMAI", "KODUNIK": "P. 193_N. 04", "BILANGAN_P": 40794, "PERATUS_EQ": 164.17 }, "geometry": { "type": "MultiPolygon", "coordinates": [ [ [ [ 110.182001195379769, 1.59058598995864 ], [ 110.179145842172773, 1.599152049579516 ], [ 110.167724429344787, 1.602007402786569 ], [ 110.156303016516858, 1.616284168821551 ], [ 110.147736956895756, 1.626277905046095 ], [ 110.140598573878265, 1.640554671081077 ], [ 110.140598573878265, 1.651976083909005 ], [ 110.149164633499367, 1.660542143530108 ], [ 110.160586046327296, 1.66910820315104 ], [ 110.162013722930737, 1.696234058617563 ], [ 110.146309280292314, 1.691951028806898 ], [ 110.132032514257332, 1.691951028806898 ], [ 110.132990221491241, 1.698654979443688 ], [ 110.142590184025494, 1.698723707870329 ], [ 110.147619632112253, 1.702968973888005 ], [ 110.179982538799777, 1.708178004301942 ], [ 110.19249356447034, 1.710191739157779 ], [ 110.209226217366279, 1.7022094579861 ], [ 110.233298408897099, 1.70771099220218 ], [ 110.258283312948549, 1.713613560685587 ], [ 110.274525938176964, 1.708834662307254 ], [ 110.302748585514166, 1.708827400738869 ], [ 110.310446298591273, 1.715814626857423 ], [ 110.310179450442718, 1.720937959276 ], [ 110.301455978990646, 1.734985908425699 ], [ 110.31641848941814, 1.754405258557426 ], [ 110.314541185270457, 1.760175403638414 ], [ 110.31657954410116, 1.771956439359599 ], [ 110.322295381717709, 1.778582873107666 ], [ 110.322295381717481, 1.783426889176098 ], [ 110.331018852271427, 1.802318530095079 ], [ 110.3436194210488, 1.802803073399957 ], [ 110.348465794277388, 1.793599587605684 ], [ 110.340226960327755, 1.781489493630943 ], [ 110.35331216660768, 1.760175857458194 ], [ 110.360581725552152, 1.745159260201831 ], [ 110.358643176440353, 1.718516438922336 ], [ 110.364168764217766, 1.712469914213841 ], [ 110.371307147235257, 1.70295207019052 ], [ 110.371307147235257, 1.693434226167199 ], [ 110.372496877738172, 1.677967729629302 ], [ 110.374876338744002, 1.667260155103065 ], [ 110.386773643773154, 1.661311502588489 ], [ 110.39748121829939, 1.649414197559338 ], [ 110.402240140311051, 1.649414197559338 ], [ 110.411757984334372, 1.638706623033102 ], [ 110.420086097854778, 1.633947701021441 ], [ 110.419427108180173, 1.619523522924396 ], [ 110.413240509564901, 1.618333792421481 ], [ 110.406702368340362, 1.618100937699967 ], [ 110.405167467296693, 1.614417175195191 ], [ 110.406244894207873, 1.610957463303464 ], [ 110.410079150636406, 1.609505491855489 ], [ 110.413609423036817, 1.604747298620153 ], [ 110.411614051680061, 1.600756555906645 ], [ 110.401790685000648, 1.600296085593548 ], [ 110.39986067930522, 1.597066055431071 ], [ 110.400970591718931, 1.590393944955963 ], [ 110.407292529180097, 1.584772173567615 ], [ 110.407292529180097, 1.576206113946739 ], [ 110.406340744777879, 1.571447191935079 ], [ 110.405829393373025, 1.573953346434293 ], [ 110.403066571494449, 1.575564992530132 ], [ 110.399613044146221, 1.577406873782518 ], [ 110.393396694919417, 1.579709225348002 ], [ 110.389367579679842, 1.577464432571656 ], [ 110.374632529660744, 1.575046963427898 ], [ 110.371409237469067, 1.572399259127593 ], [ 110.371409237469067, 1.569521319670739 ], [ 110.378316292165522, 1.566873615370433 ], [ 110.380848878887548, 1.563304970443934 ], [ 110.380618643731012, 1.558470032156419 ], [ 110.375668587865221, 1.555246739964742 ], [ 110.368876650747055, 1.55605256301266 ], [ 110.359091656593733, 1.559736325517435 ], [ 110.354256718306203, 1.55962120793916 ], [ 110.348846192127311, 1.55904562004779 ], [ 110.346860522824144, 1.560484336902519 ], [ 110.350761377091544, 1.566481514591089 ], [ 110.359684355863408, 1.574690655061033 ], [ 110.362182789919643, 1.579330604022459 ], [ 110.365395062277457, 1.583970552983885 ], [ 110.387755933583989, 1.581148195076429 ], [ 110.386604757801251, 1.584256369689831 ], [ 110.38295448195413, 1.589458791691072 ], [ 110.382769835780095, 1.591036596420963 ], [ 110.386029169909875, 1.597725126347908 ], [ 110.377216142066459, 1.600000724005042 ], [ 110.369601866847916, 1.60190429280965 ], [ 110.366794941205342, 1.609965962168586 ], [ 110.363111178700564, 1.61978932884799 ], [ 110.359427416195786, 1.630226655944856 ], [ 110.35021800993384, 1.622859130935304 ], [ 110.341622564089363, 1.622859130935304 ], [ 110.33149221720123, 1.618561408013065 ], [ 110.323510731774206, 1.622552150726572 ], [ 110.317064147390852, 1.616719526760676 ], [ 110.309639449500821, 1.611422136832971 ], [ 110.31059123390321, 1.600000724005042 ], [ 110.30583231189155, 1.594290017590936 ], [ 110.293459114661175, 1.590482879981721 ], [ 110.267760935798265, 1.588579311177057 ], [ 110.252532385360894, 1.592386448786328 ], [ 110.242062756935127, 1.597145370797989 ], [ 110.235406930430656, 1.598015015444285 ], [ 110.23024598777981, 1.597407845720657 ], [ 110.221442026787201, 1.602872373233311 ], [ 110.210848995169798, 1.603519377785228 ], [ 110.19918374723801, 1.60167749653284 ], [ 110.192905049776684, 1.596193506273401 ], [ 110.191083540605803, 1.590121809037119 ], [ 110.18941382386582, 1.586023413402628 ], [ 110.182001195379769, 1.59058598995864 ] ] ] ] } },
{ "type": "Feature", "properties": { "Id": 510, "NEGERI": "SARAWAK", "KODPAR": "P. 193", "PARLIMEN": "SANTUBONG", "KODDUN": "N. 05", "NAMADUN": "DEMAK LAUT", "KODUNIK": "P. 193_N. 05", "BILANGAN_P": 27160, "PERATUS_EQ": 109.3 }, "geometry": { "type": "MultiPolygon", "coordinates": [ [ [ [ 110.406340744777879, 1.571447191935079 ], [ 110.407292529180097, 1.576206113946739 ], [ 110.407292529180097, 1.584772173567615 ], [ 110.400970591718931, 1.590393944955963 ], [ 110.39986067930522, 1.597066055431071 ], [ 110.401790685000648, 1.600296085593548 ], [ 110.411614051680061, 1.600756555906645 ], [ 110.413609423036817, 1.604747298620153 ], [ 110.410079150636406, 1.609505491855489 ], [ 110.406244894207873, 1.610957463303464 ], [ 110.405167467296693, 1.614417175195191 ], [ 110.406702368340362, 1.618100937699967 ], [ 110.413240509564901, 1.618333792421481 ], [ 110.419427108180173, 1.619523522924396 ], [ 110.420086097854778, 1.633947701021441 ], [ 110.411757984334372, 1.638706623033102 ], [ 110.402240140311051, 1.649414197559338 ], [ 110.39748121829939, 1.649414197559338 ], [ 110.386773643773154, 1.661311502588489 ], [ 110.374876338744002, 1.667260155103065 ], [ 110.372496877738172, 1.677967729629302 ], [ 110.371307147235257, 1.693434226167199 ], [ 110.371307147235257, 1.70295207019052 ], [ 110.371930405198498, 1.706753186717663 ], [ 110.375605480943932, 1.703499620534444 ], [ 110.398868069386651, 1.694780280801353 ], [ 110.398868069386651, 1.689451608125808 ], [ 110.417768923002029, 1.687998553033935 ], [ 110.42261529533215, 1.681926857231815 ], [ 110.442970060556604, 1.709765041143783 ], [ 110.436669775718769, 1.717031256150904 ], [ 110.443939334663241, 1.719937849017754 ], [ 110.442970060556604, 1.731079409130302 ], [ 110.450724257003685, 1.735923640961801 ], [ 110.455570629333977, 1.734470456582756 ], [ 110.460901639166821, 1.738830238953085 ], [ 110.463612792828201, 1.73792697038806 ], [ 110.473986845446575, 1.734470672149882 ], [ 110.476894668665068, 1.727688900205294 ], [ 110.491918424056848, 1.73011115203019 ], [ 110.499615616206256, 1.733250540331539 ], [ 110.500157258006311, 1.741252760155362 ], [ 110.494409481253797, 1.753221624631749 ], [ 110.501611169615558, 1.757722715067587 ], [ 110.508396091057648, 1.747065792511307 ], [ 110.525843033063609, 1.725751809987116 ], [ 110.503549718727356, 1.714125525923293 ], [ 110.491768807849553, 1.67245668378564 ], [ 110.479802492782028, 1.666651585279737 ], [ 110.479317855279476, 1.658900666513205 ], [ 110.481829612187539, 1.654844551445592 ], [ 110.493877121482058, 1.653790977419135 ], [ 110.499453988530036, 1.650384081518439 ], [ 110.506832863461568, 1.642305880024765 ], [ 110.514211738392873, 1.63422767853109 ], [ 110.516747735448291, 1.626650687270342 ], [ 110.516747735448291, 1.61713284324702 ], [ 110.503624155843127, 1.608147160207307 ], [ 110.499070382915917, 1.599039614352889 ], [ 110.500254586952849, 1.587518034407621 ], [ 110.499615616206256, 1.578109682751347 ], [ 110.495808478596985, 1.574302545142075 ], [ 110.485338850171274, 1.570495407532633 ], [ 110.479337366898008, 1.552287545633546 ], [ 110.475694348556218, 1.547278395413615 ], [ 110.471444160490833, 1.545608678673639 ], [ 110.464393614051289, 1.549079884776092 ], [ 110.456785318101311, 1.548604366279164 ], [ 110.449171042882597, 1.54670079747433 ], [ 110.439871334862246, 1.54560867867364 ], [ 110.434867802493116, 1.558354914578167 ], [ 110.429495648840316, 1.562499147396037 ], [ 110.424276985291883, 1.560810756248016 ], [ 110.423663024874429, 1.551294369777352 ], [ 110.429549449560568, 1.531643775030199 ], [ 110.425376432824294, 1.527665109427687 ], [ 110.415888130778939, 1.528000756688433 ], [ 110.399152573833149, 1.510235766859544 ], [ 110.392309762773763, 1.505136445303813 ], [ 110.386950110536077, 1.513804411786043 ], [ 110.394637190451988, 1.515705569784968 ], [ 110.387065228114324, 1.524625464143814 ], [ 110.391554813667014, 1.529690637587877 ], [ 110.38142446677891, 1.532683694623006 ], [ 110.37739535153932, 1.540166337210826 ], [ 110.376835428305469, 1.541941875462669 ], [ 110.390160409938062, 1.544797228669722 ], [ 110.393015763145115, 1.552411503888436 ], [ 110.401581822765991, 1.560025779107093 ], [ 110.405388960375433, 1.566688269923418 ], [ 110.406340744777879, 1.571447191935079 ] ] ] ] } },
{ "type": "Feature", "properties": { "Id": 511, "NEGERI": "SARAWAK", "KODPAR": "P. 194", "PARLIMEN": "PETRA JAYA", "KODDUN": "N. 06", "NAMADUN": "TUPONG", "KODUNIK": "P. 194_N. 06", "BILANGAN_P": 55398, "PERATUS_EQ": 222.94 }, "geometry": { "type": "MultiPolygon", "coordinates": [ [ [ [ 110.18941382386582, 1.586023413402628 ], [ 110.191083540605803, 1.590121809037119 ], [ 110.192905049776684, 1.596193506273401 ], [ 110.19918374723801, 1.60167749653284 ], [ 110.210848995169798, 1.603519377785228 ], [ 110.221442026787201, 1.602872373233311 ], [ 110.23024598777981, 1.597407845720657 ], [ 110.235406930430656, 1.598015015444285 ], [ 110.242062756935127, 1.597145370797989 ], [ 110.252532385360894, 1.592386448786328 ], [ 110.267760935798265, 1.588579311177057 ], [ 110.293459114661175, 1.590482879981721 ], [ 110.30583231189155, 1.594290017590936 ], [ 110.31059123390321, 1.600000724005042 ], [ 110.309639449500821, 1.611422136832971 ], [ 110.317064147390852, 1.616719526760676 ], [ 110.317586849260238, 1.597740236049447 ], [ 110.3133038194498, 1.589174176428514 ], [ 110.3133038194498, 1.584177308316157 ], [ 110.323799094026469, 1.573902189164585 ], [ 110.326939982554222, 1.575758168748962 ], [ 110.329367032780283, 1.576186471730182 ], [ 110.329795335761276, 1.57475879512657 ], [ 110.327796588516378, 1.573902189164585 ], [ 110.321372043800636, 1.569476391693684 ], [ 110.324249340076506, 1.568234919577264 ], [ 110.328532369887171, 1.571566164985313 ], [ 110.334481022401746, 1.568948757878957 ], [ 110.335432806803965, 1.565617512470737 ], [ 110.334830972674766, 1.565265798476088 ], [ 110.333198273751265, 1.568430861391179 ], [ 110.329247424426129, 1.569809113616421 ], [ 110.328268925010789, 1.564686381383221 ], [ 110.328216926468514, 1.563361396591716 ], [ 110.327971110719204, 1.557097718513957 ], [ 110.321546566003633, 1.552814688703519 ], [ 110.31318852225688, 1.549490861051031 ], [ 110.30662682029525, 1.543965217293872 ], [ 110.296726708563668, 1.551562977459966 ], [ 110.293388298793715, 1.550411801677225 ], [ 110.298223237081231, 1.543504746980775 ], [ 110.290855712071689, 1.541202395415292 ], [ 110.28689180228514, 1.538491657004386 ], [ 110.277611904362345, 1.543488525116572 ], [ 110.271381736555611, 1.544659975980458 ], [ 110.26500645445752, 1.546481485151343 ], [ 110.253773814570394, 1.553160352111253 ], [ 110.242633827576583, 1.549913069832314 ], [ 110.2347816062574, 1.547057716625318 ], [ 110.227643223239909, 1.541347010211211 ], [ 110.21704004629089, 1.527279742641601 ], [ 110.214307782534561, 1.529253044243393 ], [ 110.207780708005558, 1.523636724299832 ], [ 110.200342878891107, 1.52682436534888 ], [ 110.203985897232883, 1.530315591259742 ], [ 110.197027540550607, 1.534886335296733 ], [ 110.186985144971288, 1.550048607277658 ], [ 110.205795805438072, 1.549397519947775 ], [ 110.209754009607337, 1.558624879623907 ], [ 110.214532757674604, 1.557472346475523 ], [ 110.215522121981792, 1.574107707576426 ], [ 110.211304306585589, 1.573909495792236 ], [ 110.191202261811, 1.576505119416868 ], [ 110.18941382386582, 1.586023413402628 ] ] ] ] } },
{ "type": "Feature", "properties": { "Id": 523, "NEGERI": "SARAWAK", "KODPAR": "P. 198", "PARLIMEN": "PUNCAK BORNEO", "KODDUN": "N. 18", "NAMADUN": "SEREMBU", "KODUNIK": "P. 198_N. 18", "BILANGAN_P": 16598, "PERATUS_EQ": 66.79 }, "geometry": { "type": "MultiPolygon", "coordinates": [ [ [ [ 110.04732370244966, 1.276711288679508 ], [ 110.045896025846275, 1.288132701507436 ], [ 110.038757642828784, 1.302409467542418 ], [ 110.040185319432169, 1.320969263388065 ], [ 110.061600468484642, 1.325252293198503 ], [ 110.074449557916239, 1.333818352819435 ], [ 110.075877234519623, 1.339529059233485 ], [ 110.080160264330289, 1.353805825268466 ], [ 110.084443294140726, 1.362371884889399 ], [ 110.103003089986203, 1.366654914699836 ], [ 110.115852179417743, 1.36951026790689 ], [ 110.127273592245672, 1.379504004131434 ], [ 110.132984298659551, 1.386642387148925 ], [ 110.147261064694533, 1.390925416959362 ], [ 110.171531566954059, 1.378076327527992 ], [ 110.182952979781987, 1.37664865092438 ], [ 110.190091362799478, 1.386642387148925 ], [ 110.192946716006531, 1.400919153183906 ], [ 110.187236009592652, 1.413768242615447 ], [ 110.188663686196094, 1.423761978839764 ], [ 110.20436812883446, 1.440894098081799 ], [ 110.205795805438072, 1.455170864116781 ], [ 110.198657422420581, 1.478013689772865 ], [ 110.212934188455563, 1.490862779204235 ], [ 110.233349963885644, 1.4881224332795 ], [ 110.241916023506519, 1.480984050262009 ], [ 110.253337436334505, 1.472417990640906 ], [ 110.26443723284163, 1.452711710958578 ], [ 110.2659551571507, 1.449524069909532 ], [ 110.277770680673257, 1.429461599434546 ], [ 110.272858997333557, 1.42577783692977 ], [ 110.267614202369487, 1.403889513672993 ], [ 110.243343700110131, 1.392468100845065 ], [ 110.239060670299523, 1.382474364620521 ], [ 110.230494610678591, 1.358203862361052 ], [ 110.221928551057658, 1.345354772929682 ], [ 110.221928551057658, 1.332505683498084 ], [ 110.220500874454046, 1.315373564256106 ], [ 110.203368755212068, 1.312518211049053 ], [ 110.194802695591136, 1.301096798221124 ], [ 110.190519665780698, 1.298241445014071 ], [ 110.194802695591136, 1.281109325772263 ], [ 110.187664312573645, 1.273970942754772 ], [ 110.180525929556154, 1.271115589547719 ], [ 110.176242899745716, 1.245417410684809 ], [ 110.169104516728225, 1.226857614839162 ], [ 110.160538457107123, 1.209725495597354 ], [ 110.15197239748619, 1.201159435976251 ], [ 110.136267954847767, 1.201159435976251 ], [ 110.119135835605789, 1.19973175937281 ], [ 110.106286746174192, 1.202587112579863 ], [ 110.090582303535825, 1.206870142390301 ], [ 110.080588567311281, 1.214008525407792 ], [ 110.070594831086737, 1.224002261632336 ], [ 110.069167154483353, 1.233995997856653 ], [ 110.066311801276299, 1.243989734081197 ], [ 110.064884124672858, 1.255411146909125 ], [ 110.062028771465862, 1.263977206530228 ], [ 110.04732370244966, 1.276711288679508 ] ] ] ] } },
{ "type": "Feature", "properties": { "Id": 524, "NEGERI": "SARAWAK", "KODPAR": "P. 198", "PARLIMEN": "PUNCAK BORNEO", "KODDUN": "N. 19", "NAMADUN": "MAMBONG", "KODUNIK": "P. 198_N. 19", "BILANGAN_P": 35300, "PERATUS_EQ": 142.06 }, "geometry": { "type": "MultiPolygon", "coordinates": [ [ [ [ 110.15197239748619, 1.201159435976251 ], [ 110.160538457107123, 1.209725495597354 ], [ 110.169104516728225, 1.226857614839162 ], [ 110.176242899745716, 1.245417410684809 ], [ 110.180525929556154, 1.271115589547719 ], [ 110.187664312573645, 1.273970942754772 ], [ 110.194802695591136, 1.281109325772263 ], [ 110.190519665780698, 1.298241445014071 ], [ 110.194802695591136, 1.301096798221124 ], [ 110.203368755212068, 1.312518211049053 ], [ 110.220500874454046, 1.315373564256106 ], [ 110.221928551057658, 1.332505683498084 ], [ 110.221928551057658, 1.345354772929682 ], [ 110.230494610678591, 1.358203862361052 ], [ 110.239060670299523, 1.382474364620521 ], [ 110.243343700110131, 1.392468100845065 ], [ 110.267614202369487, 1.403889513672993 ], [ 110.278691621299458, 1.392316994178051 ], [ 110.299023087646447, 1.384758647186118 ], [ 110.31472753028504, 1.387614000393171 ], [ 110.32757661971641, 1.383330970582733 ], [ 110.333287326130517, 1.38047561737568 ], [ 110.338998032544396, 1.391897030203609 ], [ 110.358985504993427, 1.390469353600224 ], [ 110.376117624235462, 1.406173796238591 ], [ 110.381828330649341, 1.397607736617715 ], [ 110.39324974347744, 1.3990354132211 ], [ 110.409512848680791, 1.387592758099491 ], [ 110.414664892529913, 1.384758647186118 ], [ 110.429245864698686, 1.379547759261422 ], [ 110.426086305357899, 1.370481881151136 ], [ 110.434652364978774, 1.371909557754748 ], [ 110.444646101203318, 1.379047940772239 ], [ 110.451784484220809, 1.374764910961801 ], [ 110.465827840547277, 1.363761346447099 ], [ 110.46426115747748, 1.347804863912001 ], [ 110.463647197060013, 1.340130358693717 ], [ 110.471216177832744, 1.333933195732663 ], [ 110.440363071392881, 1.336217642667293 ], [ 110.427513981961283, 1.339072995874346 ], [ 110.410381862719305, 1.339072995874346 ], [ 110.39896044989132, 1.346211378891837 ], [ 110.39324974347744, 1.35477743851277 ], [ 110.38611136045995, 1.350494408702275 ], [ 110.391822066873829, 1.336217642667293 ], [ 110.370406917821356, 1.337645319270734 ], [ 110.341853385751392, 1.321940876632311 ], [ 110.334715002733901, 1.28910431475191 ], [ 110.329004296320022, 1.274827548716928 ], [ 110.326148943113026, 1.263406135888772 ], [ 110.320438236698919, 1.241990986836299 ], [ 110.317582883491923, 1.230569574008371 ], [ 110.317582883491923, 1.220575837783827 ], [ 110.329004296320022, 1.197733012127969 ], [ 110.319010560095535, 1.187739275903425 ], [ 110.306161470663938, 1.187739275903425 ], [ 110.3018784408535, 1.203443718542019 ], [ 110.289029351421959, 1.21058210155951 ], [ 110.267614202369487, 1.212009778162951 ], [ 110.263331172558992, 1.202016041938407 ], [ 110.256192789541501, 1.187739275903425 ], [ 110.250482083127622, 1.180600892885934 ], [ 110.254765112938117, 1.166324126850952 ], [ 110.270469555576483, 1.169179480058006 ], [ 110.287601674818518, 1.176317863075496 ], [ 110.29616773443945, 1.164896450247511 ], [ 110.313299853681428, 1.159185743833461 ], [ 110.320438236698919, 1.153475037419582 ], [ 110.320438236698919, 1.146336654402091 ], [ 110.313299853681428, 1.140625947988042 ], [ 110.309016823870991, 1.133487564970551 ], [ 110.291884704628956, 1.133487564970551 ], [ 110.279035615197586, 1.142053624591426 ], [ 110.263331172558992, 1.137770594780989 ], [ 110.260475819351996, 1.12634918195306 ], [ 110.269041878973098, 1.113500092521463 ], [ 110.291884704628956, 1.114927769125075 ], [ 110.306161470663938, 1.09208494346899 ], [ 110.29616773443945, 1.07923585403762 ], [ 110.28331864500808, 1.069242117813133 ], [ 110.273324908783536, 1.053537675174709 ], [ 110.264758849162604, 1.057820704985147 ], [ 110.254765112938117, 1.067814441209691 ], [ 110.246199053317014, 1.077808177434008 ], [ 110.243343700110131, 1.087801913658552 ], [ 110.23620531709264, 1.106361709503972 ], [ 110.230494610678591, 1.119210798935569 ], [ 110.2233562276611, 1.120638475538954 ], [ 110.210507138229559, 1.119210798935569 ], [ 110.199085725401574, 1.123493828746007 ], [ 110.196230372194577, 1.136342918177547 ], [ 110.201941078608627, 1.150619684212529 ], [ 110.196230372194577, 1.167751803454564 ], [ 110.190519665780698, 1.179173216282493 ], [ 110.180525929556154, 1.184883922696372 ], [ 110.169104516728225, 1.190594629110478 ], [ 110.15197239748619, 1.201159435976251 ] ] ] ] } },
{ "type": "Feature", "properties": { "Id": 525, "NEGERI": "SARAWAK", "KODPAR": "P. 198", "PARLIMEN": "PUNCAK BORNEO", "KODDUN": "N. 20", "NAMADUN": "TARAT", "KODUNIK": "P. 198_N. 20", "BILANGAN_P": 31622, "PERATUS_EQ": 127.26 }, "geometry": { "type": "MultiPolygon", "coordinates": [ [ [ [ 110.306161470663938, 1.09208494346899 ], [ 110.291884704628956, 1.114927769125075 ], [ 110.269041878973098, 1.113500092521463 ], [ 110.260475819351996, 1.12634918195306 ], [ 110.263331172558992, 1.137770594780989 ], [ 110.279035615197586, 1.142053624591426 ], [ 110.291884704628956, 1.133487564970551 ], [ 110.309016823870991, 1.133487564970551 ], [ 110.313299853681428, 1.140625947988042 ], [ 110.320438236698919, 1.146336654402091 ], [ 110.320438236698919, 1.153475037419582 ], [ 110.313299853681428, 1.159185743833461 ], [ 110.29616773443945, 1.164896450247511 ], [ 110.287601674818518, 1.176317863075496 ], [ 110.270469555576483, 1.169179480058006 ], [ 110.254765112938117, 1.166324126850952 ], [ 110.250482083127622, 1.180600892885934 ], [ 110.256192789541501, 1.187739275903425 ], [ 110.263331172558992, 1.202016041938407 ], [ 110.267614202369487, 1.212009778162951 ], [ 110.289029351421959, 1.21058210155951 ], [ 110.3018784408535, 1.203443718542019 ], [ 110.306161470663938, 1.187739275903425 ], [ 110.319010560095535, 1.187739275903425 ], [ 110.329004296320022, 1.197733012127969 ], [ 110.317582883491923, 1.220575837783827 ], [ 110.317582883491923, 1.230569574008371 ], [ 110.320438236698919, 1.241990986836299 ], [ 110.326148943113026, 1.263406135888772 ], [ 110.329004296320022, 1.274827548716928 ], [ 110.334715002733901, 1.28910431475191 ], [ 110.341853385751392, 1.321940876632311 ], [ 110.370406917821356, 1.337645319270734 ], [ 110.391822066873829, 1.336217642667293 ], [ 110.38611136045995, 1.350494408702275 ], [ 110.39324974347744, 1.35477743851277 ], [ 110.39896044989132, 1.346211378891837 ], [ 110.410381862719305, 1.339072995874346 ], [ 110.427513981961283, 1.339072995874346 ], [ 110.440363071392881, 1.336217642667293 ], [ 110.471216177832744, 1.333933195732663 ], [ 110.464613501100018, 1.322777390102219 ], [ 110.461274067620067, 1.316402108004127 ], [ 110.457934634140116, 1.310026825906035 ], [ 110.443933311781763, 1.293642043336706 ], [ 110.463095576790934, 1.285740036960921 ], [ 110.466131425409074, 1.279364754862829 ], [ 110.468256519441766, 1.267524945252086 ], [ 110.496489911590459, 1.242934571445159 ], [ 110.510151230372088, 1.234130610452555 ], [ 110.518299267346862, 1.249667128435975 ], [ 110.527181894041973, 1.248857318145554 ], [ 110.535797139244536, 1.256574183132425 ], [ 110.561813711934505, 1.254732301880038 ], [ 110.565267239282718, 1.258876534697908 ], [ 110.585527933058984, 1.263251002672327 ], [ 110.578620878362528, 1.26969758705568 ], [ 110.581433604974848, 1.276459065813071 ], [ 110.595458576541844, 1.295758337400783 ], [ 110.612762913665236, 1.295758337400783 ], [ 110.631888759959509, 1.296972676848039 ], [ 110.63340668426855, 1.28240060348097 ], [ 110.635835363163068, 1.272989472764739 ], [ 110.644335739293851, 1.266310605804832 ], [ 110.658604227799017, 1.257962022104947 ], [ 110.640160817080499, 1.243892063256434 ], [ 110.639478381504844, 1.227451743492651 ], [ 110.638567626919368, 1.208933066922001 ], [ 110.633023527229128, 1.20179740213699 ], [ 110.615525655331453, 1.189518193787745 ], [ 110.595762161403613, 1.168859865162564 ], [ 110.587144311388897, 1.178425272373033 ], [ 110.570963976549137, 1.193653822810234 ], [ 110.560546317433207, 1.201343445376653 ], [ 110.554436593793966, 1.195657797962368 ], [ 110.559939147709585, 1.19102156007498 ], [ 110.551135186716976, 1.183735523391446 ], [ 110.560546317433207, 1.175235147260656 ], [ 110.560652943019107, 1.167760971491056 ], [ 110.544314013283952, 1.16985921275193 ], [ 110.527181894041973, 1.179377056775252 ], [ 110.508159327326041, 1.192626368398296 ], [ 110.494821224362568, 1.196509176017287 ], [ 110.486255164741635, 1.213641295259265 ], [ 110.472930183109042, 1.239339474122232 ], [ 110.442473082234301, 1.248857318145554 ], [ 110.43771416022264, 1.242194827329229 ], [ 110.435810591417976, 1.22506270808725 ], [ 110.430099885004097, 1.223159139282586 ], [ 110.428196316199319, 1.211737726454658 ], [ 110.436762375820422, 1.205075235638162 ], [ 110.44342486663669, 1.192702038408015 ], [ 110.429148100601708, 1.192702038408015 ], [ 110.417726687773779, 1.189846685200962 ], [ 110.417726687773779, 1.181280625579859 ], [ 110.412015981359673, 1.167003859544877 ], [ 110.412015981359673, 1.15463066231473 ], [ 110.407257059348012, 1.143209249486574 ], [ 110.393932077715476, 1.138450327474914 ], [ 110.374420497467611, 1.130836052256427 ], [ 110.354908917219745, 1.123221777037713 ], [ 110.343487504391817, 1.114655717416611 ], [ 110.324451816345174, 1.100378951381629 ], [ 110.306161470663938, 1.09208494346899 ] ] ] ] } },
{ "type": "Feature", "properties": { "Id": 526, "NEGERI": "SARAWAK", "KODPAR": "P. 199", "PARLIMEN": "SERIAN", "KODDUN": "N. 21", "NAMADUN": "TEBEDU", "KODUNIK": "P. 199_N. 21", "BILANGAN_P": 21284, "PERATUS_EQ": 85.65 }, "geometry": { "type": "MultiPolygon", "coordinates": [ [ [ [ 110.273324908783536, 1.053537675174709 ], [ 110.28331864500808, 1.069242117813133 ], [ 110.29616773443945, 1.07923585403762 ], [ 110.306161470663938, 1.09208494346899 ], [ 110.324451816345174, 1.100378951381629 ], [ 110.343487504391817, 1.114655717416611 ], [ 110.354908917219745, 1.123221777037713 ], [ 110.374420497467611, 1.130836052256427 ], [ 110.393932077715476, 1.138450327474914 ], [ 110.407257059348012, 1.143209249486574 ], [ 110.412015981359673, 1.15463066231473 ], [ 110.412015981359673, 1.167003859544877 ], [ 110.417726687773779, 1.181280625579859 ], [ 110.417726687773779, 1.189846685200962 ], [ 110.429148100601708, 1.192702038408015 ], [ 110.44342486663669, 1.192702038408015 ], [ 110.436762375820422, 1.205075235638162 ], [ 110.428196316199319, 1.211737726454658 ], [ 110.430099885004097, 1.223159139282586 ], [ 110.435810591417976, 1.22506270808725 ], [ 110.43771416022264, 1.242194827329229 ], [ 110.442473082234301, 1.248857318145554 ], [ 110.472930183109042, 1.239339474122232 ], [ 110.486255164741635, 1.213641295259265 ], [ 110.494821224362568, 1.196509176017287 ], [ 110.508159327326041, 1.192626368398296 ], [ 110.502561608826753, 1.186619579578677 ], [ 110.498918590484976, 1.179637127756957 ], [ 110.503767997744603, 1.162911186614906 ], [ 110.492346584916504, 1.154345126994031 ], [ 110.484346517117913, 1.154743169088215 ], [ 110.491582396054554, 1.142895574583815 ], [ 110.512764030457021, 1.133072207904411 ], [ 110.512334057365536, 1.121508565113572 ], [ 110.496629614727112, 1.097238062854103 ], [ 110.518044436779235, 1.103437327441663 ], [ 110.526241228048207, 1.095544121034501 ], [ 110.528366322080899, 1.084007896285572 ], [ 110.538032236228446, 1.082961296819121 ], [ 110.54870650782243, 1.085829405456455 ], [ 110.560875061884531, 1.074395237198019 ], [ 110.558019708677477, 1.062973824370033 ], [ 110.550881325659986, 1.055835441352542 ], [ 110.539459912832058, 1.042986351921172 ], [ 110.533749206418008, 1.024426556075582 ], [ 110.539459912832058, 1.013005143247597 ], [ 110.545170619245937, 1.000156053816227 ], [ 110.540887589435499, 0.981596257970637 ], [ 110.546598295849549, 0.971602521746263 ], [ 110.549453649056431, 0.953042725900673 ], [ 110.539459912832058, 0.944476666279741 ], [ 110.526610823400517, 0.940193636469303 ], [ 110.50091264453755, 0.9316275768482 ], [ 110.48806355510601, 0.924489193830709 ], [ 110.470931435864031, 0.913067781002724 ], [ 110.456654669829049, 0.905929397985233 ], [ 110.435239520776577, 0.908784751192286 ], [ 110.429528814362641, 0.917350810813218 ], [ 110.423818107948591, 0.9316275768482 ], [ 110.419535078138153, 0.945904342883182 ], [ 110.405258312103172, 0.953042725900673 ], [ 110.396692252482239, 0.967319491935655 ], [ 110.392409222671631, 0.985879287781245 ], [ 110.38527083965414, 0.998728377212615 ], [ 110.363855690601667, 0.994445347402177 ], [ 110.346723571359803, 0.995873024005618 ], [ 110.323880745703718, 1.004439083626721 ], [ 110.305320949858299, 1.003011407023109 ], [ 110.278195094391776, 1.001583730419668 ], [ 110.268201358167403, 1.008722113437159 ], [ 110.268201358167403, 1.020143526265088 ], [ 110.268201358167403, 1.032992615696685 ], [ 110.273324908783536, 1.053537675174709 ] ] ] ] } },
{ "type": "Feature", "properties": { "Id": 527, "NEGERI": "SARAWAK", "KODPAR": "P. 199", "PARLIMEN": "SERIAN", "KODDUN": "N. 22", "NAMADUN": "KEDUP", "KODUNIK": "P. 199_N. 22", "BILANGAN_P": 19926, "PERATUS_EQ": 80.19 }, "geometry": { "type": "MultiPolygon", "coordinates": [ [ [ [ 110.456654669829049, 0.905929397985233 ], [ 110.470931435864031, 0.913067781002724 ], [ 110.48806355510601, 0.924489193830709 ], [ 110.50091264453755, 0.9316275768482 ], [ 110.526610823400517, 0.940193636469303 ], [ 110.539459912832058, 0.944476666279741 ], [ 110.549453649056431, 0.953042725900673 ], [ 110.546598295849549, 0.971602521746263 ], [ 110.540887589435499, 0.981596257970637 ], [ 110.545170619245937, 1.000156053816227 ], [ 110.539459912832058, 1.013005143247597 ], [ 110.533749206418008, 1.024426556075582 ], [ 110.539459912832058, 1.042986351921172 ], [ 110.550881325659986, 1.055835441352542 ], [ 110.558019708677477, 1.062973824370033 ], [ 110.560875061884531, 1.074395237198019 ], [ 110.578007181126395, 1.07582291380163 ], [ 110.588476124720032, 1.063667710544038 ], [ 110.593730060511604, 1.053372471215501 ], [ 110.597994653575427, 1.051552411542104 ], [ 110.615126772817405, 1.055835441352542 ], [ 110.628245741617633, 1.05759601330776 ], [ 110.620959704934094, 1.074596765569339 ], [ 110.638264042057472, 1.086436575180082 ], [ 110.660425736969884, 1.08704374490371 ], [ 110.667711773653423, 1.094936951310872 ], [ 110.678337243816912, 1.088865254074594 ], [ 110.684408941053192, 1.096151290758128 ], [ 110.681676677296863, 1.106473176059801 ], [ 110.687444789671332, 1.115277137052405 ], [ 110.694730826354856, 1.121045249426869 ], [ 110.71078110525184, 1.134357654544942 ], [ 110.723874973088996, 1.131367134728542 ], [ 110.723267803365374, 1.123777513183194 ], [ 110.734804028114297, 1.113759212743335 ], [ 110.717803275852759, 1.096151290758128 ], [ 110.719321200161829, 1.083704311423758 ], [ 110.725057871286822, 1.082961296819121 ], [ 110.733623930907754, 1.082961296819121 ], [ 110.742697234521501, 1.084311481147386 ], [ 110.742090064797864, 1.067310728885806 ], [ 110.73647928411475, 1.050124734938663 ], [ 110.72934090109726, 1.045841705128055 ], [ 110.713836067176018, 1.060624878643809 ], [ 110.708617403627585, 1.056020175512839 ], [ 110.720589631768107, 1.043127006746122 ], [ 110.723966414064151, 1.03146175881433 ], [ 110.740762313925245, 1.005866760230106 ], [ 110.763605139581159, 0.974457874953146 ], [ 110.799297054668614, 0.941621313072687 ], [ 110.803580084479222, 0.927344547037706 ], [ 110.803580084479222, 0.914495457606336 ], [ 110.80215240787561, 0.904501721381848 ], [ 110.785020288633632, 0.907357074588845 ], [ 110.773598875805646, 0.923061517227268 ], [ 110.765032816184714, 0.935910606658808 ], [ 110.756466756563668, 0.925916870434321 ], [ 110.746473020339295, 0.923061517227268 ], [ 110.750756050149732, 0.914495457606336 ], [ 110.745045343735683, 0.908784751192286 ], [ 110.72934090109726, 0.911640104399339 ], [ 110.703642722234349, 0.911640104399339 ], [ 110.693648986009805, 0.894507985157304 ], [ 110.690793632802809, 0.887369602139813 ], [ 110.687938279595755, 0.873092836104831 ], [ 110.670806160353777, 0.873092836104831 ], [ 110.650818687904859, 0.875948189311885 ], [ 110.640824951680372, 0.88451424893276 ], [ 110.640824951680372, 0.897363338364357 ], [ 110.629403538852387, 0.903074044778236 ], [ 110.625120509041949, 0.888797278743255 ], [ 110.619409802627899, 0.875948189311885 ], [ 110.607988389799914, 0.87166515950139 ], [ 110.578007181126395, 0.86595445308734 ], [ 110.563730415091413, 0.863099099880287 ], [ 110.545170619245937, 0.867382129690782 ], [ 110.523755470193464, 0.875948189311885 ], [ 110.503767997744603, 0.875948189311885 ], [ 110.489491231709621, 0.880231219122322 ], [ 110.479497495485077, 0.885941925536372 ], [ 110.466648406053537, 0.893080308553863 ], [ 110.456654669829049, 0.905929397985233 ] ] ] ] } },
{ "type": "Feature", "properties": { "Id": 528, "NEGERI": "SARAWAK", "KODPAR": "P. 199", "PARLIMEN": "SERIAN", "KODDUN": "N. 23", "NAMADUN": "BUKIT SEMUJA", "KODUNIK": "P. 199_N. 23", "BILANGAN_P": 26761, "PERATUS_EQ": 107.69 }, "geometry": { "type": "MultiPolygon", "coordinates": [ [ [ [ 110.508159327326041, 1.192626368398296 ], [ 110.527181894041973, 1.179377056775252 ], [ 110.544314013283952, 1.16985921275193 ], [ 110.560652943019107, 1.167760971491056 ], [ 110.560546317433207, 1.175235147260656 ], [ 110.551135186716976, 1.183735523391446 ], [ 110.559939147709585, 1.19102156007498 ], [ 110.554436593793966, 1.195657797962368 ], [ 110.560546317433207, 1.201343445376653 ], [ 110.570963976549137, 1.193653822810234 ], [ 110.587144311388897, 1.178425272373033 ], [ 110.595762161403613, 1.168859865162564 ], [ 110.615525655331453, 1.189518193787745 ], [ 110.633023527229128, 1.20179740213699 ], [ 110.638567626919368, 1.208933066922001 ], [ 110.639478381504844, 1.227451743492651 ], [ 110.640160817080499, 1.243892063256434 ], [ 110.658604227799017, 1.257962022104947 ], [ 110.670806160353777, 1.237150369996868 ], [ 110.682227573181876, 1.224301280565328 ], [ 110.6979320158203, 1.214307544340954 ], [ 110.713636458458723, 1.204313808116467 ], [ 110.727913224493705, 1.198603101702361 ], [ 110.734196858390675, 1.197852219465791 ], [ 110.747251007448654, 1.178726373171514 ], [ 110.757894433167223, 1.170049569632397 ], [ 110.765032816184714, 1.162911186614906 ], [ 110.77487722987378, 1.150796565884634 ], [ 110.747900696942736, 1.125791594924067 ], [ 110.734804028114297, 1.113759212743335 ], [ 110.723267803365374, 1.123777513183194 ], [ 110.723874973088996, 1.131367134728542 ], [ 110.71078110525184, 1.134357654544942 ], [ 110.694730826354856, 1.121045249426869 ], [ 110.687444789671332, 1.115277137052405 ], [ 110.681676677296863, 1.106473176059801 ], [ 110.684408941053192, 1.096151290758128 ], [ 110.678337243816912, 1.088865254074594 ], [ 110.667711773653423, 1.094936951310872 ], [ 110.660425736969884, 1.08704374490371 ], [ 110.638264042057472, 1.086436575180082 ], [ 110.620959704934094, 1.074596765569339 ], [ 110.628245741617633, 1.05759601330776 ], [ 110.615126772817405, 1.055835441352542 ], [ 110.597994653575427, 1.051552411542104 ], [ 110.593730060511604, 1.053372471215501 ], [ 110.588476124720032, 1.063667710544038 ], [ 110.578007181126395, 1.07582291380163 ], [ 110.560875061884531, 1.074395237198019 ], [ 110.54870650782243, 1.085829405456455 ], [ 110.538032236228446, 1.082961296819121 ], [ 110.528366322080899, 1.084007896285572 ], [ 110.526241228048207, 1.095544121034501 ], [ 110.518044436779235, 1.103437327441663 ], [ 110.496629614727112, 1.097238062854103 ], [ 110.512334057365536, 1.121508565113572 ], [ 110.512764030457021, 1.133072207904411 ], [ 110.491582396054554, 1.142895574583815 ], [ 110.484346517117913, 1.154743169088215 ], [ 110.492346584916504, 1.154345126994031 ], [ 110.503767997744603, 1.162911186614906 ], [ 110.498918590484976, 1.179637127756957 ], [ 110.502561608826753, 1.186619579578677 ], [ 110.508159327326041, 1.192626368398296 ] ] ] ] } },
{ "type": "Feature", "properties": { "Id": 529, "NEGERI": "SARAWAK", "KODPAR": "P. 200", "PARLIMEN": "BATANG SADONG", "KODDUN": "N. 24", "NAMADUN": "SADONG JAYA", "KODUNIK": "P. 200_N. 24", "BILANGAN_P": 10854, "PERATUS_EQ": 43.68 }, "geometry": { "type": "MultiPolygon", "coordinates": [ [ [ [ 110.761215911092066, 1.497490478076124 ], [ 110.72876983045586, 1.496987511833595 ], [ 110.725914477248807, 1.502698218247474 ], [ 110.710210034610384, 1.501270541644033 ], [ 110.688794885557911, 1.501270541644033 ], [ 110.675945796126371, 1.50555357145447 ], [ 110.663096706695001, 1.504125894851086 ], [ 110.649800266806508, 1.503410382881504 ], [ 110.651212104594819, 1.513420686522569 ], [ 110.652133045221007, 1.5293836573766 ], [ 110.654895867099597, 1.542276826143317 ], [ 110.670244877536177, 1.574049277747013 ], [ 110.675770521293344, 1.568677124094215 ], [ 110.679454283798108, 1.564993361589438 ], [ 110.689891610894975, 1.565607322006901 ], [ 110.696381400000348, 1.559780600000408 ], [ 110.708924383836319, 1.558853757414811 ], [ 110.719361710933185, 1.555169994910035 ], [ 110.727343196360209, 1.551486232405258 ], [ 110.729795700000352, 1.546141000000375 ], [ 110.735460500000272, 1.539620200000343 ], [ 110.7390654000003, 1.530525400000272 ], [ 110.740953700000205, 1.522975000000315 ], [ 110.743013600000324, 1.511820899999861 ], [ 110.76498630000043, 1.510791299999937 ], [ 110.763644589986569, 1.504472929897844 ], [ 110.761215911092066, 1.497490478076124 ] ] ] ] } },
{ "type": "Feature", "properties": { "Id": 530, "NEGERI": "SARAWAK", "KODPAR": "P. 200", "PARLIMEN": "BATANG SADONG", "KODDUN": "N. 25", "NAMADUN": "SIMUNJAN", "KODUNIK": "P. 200_N. 25", "BILANGAN_P": 12713, "PERATUS_EQ": 51.16 }, "geometry": { "type": "MultiPolygon", "coordinates": [ [ [ [ 110.649800266806508, 1.503410382881504 ], [ 110.663096706695001, 1.504125894851086 ], [ 110.675945796126371, 1.50555357145447 ], [ 110.688794885557911, 1.501270541644033 ], [ 110.710210034610384, 1.501270541644033 ], [ 110.725914477248807, 1.502698218247474 ], [ 110.72876983045586, 1.496987511833595 ], [ 110.761215911092066, 1.497490478076124 ], [ 110.735908213473351, 1.471289332970628 ], [ 110.707177805689156, 1.461971049243896 ], [ 110.710517239169107, 1.454077842836734 ], [ 110.718776094231316, 1.451301860521596 ], [ 110.788234963793514, 1.451041994218595 ], [ 110.790360057826206, 1.429791053891621 ], [ 110.805864367044819, 1.428459034865682 ], [ 110.823147222902108, 1.419469168589948 ], [ 110.856845142563458, 1.397611058539346 ], [ 110.856845142563458, 1.367556157219768 ], [ 110.871720800792332, 1.333858237558423 ], [ 110.884774949850268, 1.329608049493027 ], [ 110.882953440679387, 1.318678994467726 ], [ 110.882649855817576, 1.309571448613308 ], [ 110.88690004388296, 1.295606544969868 ], [ 110.880103550426554, 1.292829757533354 ], [ 110.849291084280097, 1.291589113190841 ], [ 110.830872271756235, 1.301105499661505 ], [ 110.815523261319669, 1.297728717365463 ], [ 110.817979102989526, 1.289747231938454 ], [ 110.804436690441207, 1.291402080929743 ], [ 110.798405056664194, 1.280730886740985 ], [ 110.791578805038654, 1.268258617327277 ], [ 110.715754693482069, 1.31921733197664 ], [ 110.729261822666231, 1.322901094481413 ], [ 110.733252565379743, 1.331189560117153 ], [ 110.750443457068684, 1.340091986170355 ], [ 110.74732962630128, 1.351364498276723 ], [ 110.735094446632132, 1.359124759111684 ], [ 110.730796723709886, 1.372938868504583 ], [ 110.74732962630128, 1.391339443174616 ], [ 110.732945585171009, 1.4027159487515 ], [ 110.712377911186024, 1.41376723626582 ], [ 110.700712663254237, 1.416223077935669 ], [ 110.692117217409773, 1.413153275848358 ], [ 110.684749692400231, 1.40824159250866 ], [ 110.670321622589867, 1.395348423741954 ], [ 110.655893552779503, 1.391664661237181 ], [ 110.644228304847715, 1.399339166455458 ], [ 110.639316621508016, 1.411311394595971 ], [ 110.622125729819075, 1.411925355013434 ], [ 110.621694085193496, 1.42703135826207 ], [ 110.620266408590055, 1.441308124297052 ], [ 110.623121761796881, 1.451301860521596 ], [ 110.628832468210987, 1.46129559674614 ], [ 110.638567626919397, 1.471533972391042 ], [ 110.635531778301257, 1.488838309514436 ], [ 110.636746117748515, 1.501285288848806 ], [ 110.649800266806508, 1.503410382881504 ] ] ] ] } },
{ "type": "Feature", "properties": { "Id": 531, "NEGERI": "SARAWAK", "KODPAR": "P. 200", "PARLIMEN": "BATANG SADONG", "KODDUN": "N. 26", "NAMADUN": "GEDONG", "KODUNIK": "P. 200_N. 26", "BILANGAN_P": 10481, "PERATUS_EQ": 42.18 }, "geometry": { "type": "MultiPolygon", "coordinates": [ [ [ [ 110.658604227799017, 1.257962022104947 ], [ 110.644335739293851, 1.266310605804832 ], [ 110.635835363163068, 1.272989472764739 ], [ 110.63340668426855, 1.28240060348097 ], [ 110.631888759959509, 1.296972676848039 ], [ 110.612762913665236, 1.295758337400783 ], [ 110.595458576541844, 1.295758337400783 ], [ 110.590904803614634, 1.32186663551678 ], [ 110.572439242372923, 1.318527936396322 ], [ 110.567225184393138, 1.319437956622268 ], [ 110.562671411465928, 1.340688896949243 ], [ 110.542634810586208, 1.359207573519892 ], [ 110.550528016993368, 1.365886440479798 ], [ 110.551520281810923, 1.377543571635548 ], [ 110.553165608225584, 1.389911766571231 ], [ 110.56195760890779, 1.403636889377692 ], [ 110.565100090360446, 1.409299075719188 ], [ 110.568870050864007, 1.412754592227088 ], [ 110.585136691240166, 1.410513415166444 ], [ 110.603351782948991, 1.40474530279198 ], [ 110.610272672365511, 1.404188532606213 ], [ 110.622125729819075, 1.411925355013434 ], [ 110.639316621508016, 1.411311394595971 ], [ 110.644228304847715, 1.399339166455458 ], [ 110.655893552779503, 1.391664661237181 ], [ 110.670321622589867, 1.395348423741954 ], [ 110.684749692400231, 1.40824159250866 ], [ 110.692117217409773, 1.413153275848358 ], [ 110.700712663254237, 1.416223077935669 ], [ 110.712377911186024, 1.41376723626582 ], [ 110.732945585171009, 1.4027159487515 ], [ 110.74732962630128, 1.391339443174616 ], [ 110.730796723709886, 1.372938868504583 ], [ 110.735094446632132, 1.359124759111684 ], [ 110.74732962630128, 1.351364498276723 ], [ 110.750443457068684, 1.340091986170355 ], [ 110.733252565379743, 1.331189560117153 ], [ 110.729261822666231, 1.322901094481413 ], [ 110.715754693482069, 1.31921733197664 ], [ 110.791578805038654, 1.268258617327277 ], [ 110.798405056664194, 1.280730886740985 ], [ 110.804436690441207, 1.291402080929743 ], [ 110.817979102989526, 1.289747231938454 ], [ 110.815523261319669, 1.297728717365463 ], [ 110.830872271756235, 1.301105499661505 ], [ 110.849291084280097, 1.291589113190841 ], [ 110.880103550426554, 1.292829757533354 ], [ 110.88690004388296, 1.295606544969868 ], [ 110.882649855817576, 1.309571448613308 ], [ 110.882953440679387, 1.318678994467726 ], [ 110.884774949850268, 1.329608049493027 ], [ 110.882958903633607, 1.334232379034688 ], [ 110.901518699479027, 1.339943085448795 ], [ 110.916651360340836, 1.33810842562382 ], [ 110.924961705732386, 1.333798891891365 ], [ 110.939696755751484, 1.319984782498466 ], [ 110.936703698714979, 1.303753203959048 ], [ 110.944884752489543, 1.28619541425364 ], [ 110.961885504751123, 1.288320508286338 ], [ 110.973118144638235, 1.277998622984664 ], [ 110.970993050605557, 1.254015418901365 ], [ 110.964921353369277, 1.247943721665087 ], [ 110.9655285230929, 1.237925421225228 ], [ 110.977064747841837, 1.222746178134531 ], [ 110.96097475016569, 1.199977313498488 ], [ 110.934355261359656, 1.197175425098976 ], [ 110.918650818721062, 1.188609365477873 ], [ 110.882958903633607, 1.195747748495364 ], [ 110.854405371563644, 1.214307544340954 ], [ 110.848694665149765, 1.228584310375936 ], [ 110.836858385826631, 1.22696977925294 ], [ 110.823351256642468, 1.220830175078318 ], [ 110.815369771215458, 1.214076610486233 ], [ 110.802476602448749, 1.205481164641763 ], [ 110.785876894595788, 1.190037042081485 ], [ 110.774877229873752, 1.182065806651468 ], [ 110.757894433167223, 1.170049569632397 ], [ 110.747251007448654, 1.178726373171514 ], [ 110.734196858390675, 1.197852219465791 ], [ 110.727913224493705, 1.198603101702361 ], [ 110.713636458458723, 1.204313808116467 ], [ 110.6979320158203, 1.214307544340954 ], [ 110.682227573181876, 1.224301280565328 ], [ 110.670806160353777, 1.237150369996868 ], [ 110.658604227799017, 1.257962022104947 ] ] ] ] } },
{ "type": "Feature", "properties": { "Id": 532, "NEGERI": "SARAWAK", "KODPAR": "P. 201", "PARLIMEN": "BATANG LUPAR", "KODDUN": "N. 27", "NAMADUN": "SEBUYAU", "KODUNIK": "P. 201_N. 27", "BILANGAN_P": 14298, "PERATUS_EQ": 57.54 }, "geometry": { "type": "MultiPolygon", "coordinates": [ [ [ [ 111.078440000000171, 1.397359700000152 ], [ 111.085018573152524, 1.397091282578003 ], [ 111.085076793790847, 1.396725497709048 ], [ 111.078440000000171, 1.397359700000152 ] ] ], [ [ [ 110.763644589986569, 1.504472929897844 ], [ 110.76498630000043, 1.510791299999937 ], [ 110.76738950000032, 1.522803400000328 ], [ 110.768419500000277, 1.537389400000336 ], [ 110.766874600000335, 1.545454600000426 ], [ 110.76653870000024, 1.550222400000393 ], [ 110.766016300000388, 1.557638100000418 ], [ 110.768419500000277, 1.563644 ], [ 110.769378592583223, 1.56524194443665 ], [ 110.773598875805817, 1.565515988801621 ], [ 110.780737258823308, 1.579792754836603 ], [ 110.793586348254905, 1.584075784647041 ], [ 110.815001497307378, 1.572654371819112 ], [ 110.849265735791221, 1.558377605784131 ], [ 110.857831795412324, 1.546956192956202 ], [ 110.869253208240252, 1.538390133335099 ], [ 110.881255190151649, 1.533968350525868 ], [ 110.882402700000227, 1.533442600000058 ], [ 110.883400512074616, 1.533177968764733 ], [ 110.896379063706775, 1.528396397110555 ], [ 110.90409771660444, 1.528396397110555 ], [ 110.912615100000323, 1.525892200000271 ], [ 110.923773100000403, 1.525549000000296 ], [ 110.931288400000312, 1.523596900000257 ], [ 110.940804300000366, 1.521125100000177 ], [ 110.993467600000145, 1.486252200000138 ], [ 111.010272100000407, 1.466457100000241 ], [ 111.021105100000398, 1.442321200000208 ], [ 111.029173100000378, 1.43185310000041 ], [ 111.039129500000286, 1.421385000000271 ], [ 111.049772500000358, 1.411946600000192 ], [ 111.058698900000309, 1.40525380000031 ], [ 111.070886900000346, 1.399933899999951 ], [ 111.078440000000171, 1.397359700000152 ], [ 111.093186860117029, 1.361120130468433 ], [ 111.062068509149711, 1.381824645725024 ], [ 111.029888513797431, 1.386074833790419 ], [ 111.011977006950403, 1.399128982848417 ], [ 110.986322689726933, 1.411326915623704 ], [ 110.976328953502446, 1.408471562416651 ], [ 110.960624510864022, 1.402760856002601 ], [ 110.951867204311228, 1.40550426494651 ], [ 110.945491922213137, 1.412183131906417 ], [ 110.933652112602402, 1.401254076881115 ], [ 110.932175740637504, 1.384604116436366 ], [ 110.92778794898345, 1.349936821673282 ], [ 110.924961705732386, 1.333798891891365 ], [ 110.916651360340836, 1.33810842562382 ], [ 110.901518699479027, 1.339943085448795 ], [ 110.882958903633607, 1.334232379034688 ], [ 110.884774949850268, 1.329608049493027 ], [ 110.871720800792332, 1.333858237558423 ], [ 110.856845142563458, 1.367556157219768 ], [ 110.856845142563458, 1.397611058539346 ], [ 110.823147222902108, 1.419469168589948 ], [ 110.805864367044819, 1.428459034865682 ], [ 110.790360057826206, 1.429791053891621 ], [ 110.788234963793514, 1.451041994218595 ], [ 110.718776094231316, 1.451301860521596 ], [ 110.710517239169107, 1.454077842836734 ], [ 110.707177805689156, 1.461971049243896 ], [ 110.735908213473351, 1.471289332970628 ], [ 110.761215911092066, 1.497490478076124 ], [ 110.763644589986569, 1.504472929897844 ] ] ] ] } },
{ "type": "Feature", "properties": { "Id": 533, "NEGERI": "SARAWAK", "KODPAR": "P. 201", "PARLIMEN": "BATANG LUPAR", "KODDUN": "N. 28", "NAMADUN": "LINGGA", "KODUNIK": "P. 201_N. 28", "BILANGAN_P": 14555, "PERATUS_EQ": 58.57 }, "geometry": { "type": "MultiPolygon", "coordinates": [ [ [ [ 111.085076793790847, 1.396725497709048 ], [ 111.101785900000039, 1.395128800000123 ], [ 111.113802200000237, 1.424474 ], [ 111.099726000000146, 1.42962220000021 ], [ 111.087538000000109, 1.434427300000038 ], [ 111.070371900000168, 1.441978000000233 ], [ 111.059042200000135, 1.454505300000051 ], [ 111.053034100000048, 1.477328700000214 ], [ 111.045137600000032, 1.491057100000148 ], [ 111.03140470000011, 1.512850600000149 ], [ 111.009775400000137, 1.523833000000252 ], [ 110.998617400000285, 1.521430600000258 ], [ 110.995527500000264, 1.524347800000385 ], [ 110.998960700000282, 1.5343006 ], [ 110.99981900000023, 1.542194200000324 ], [ 110.997759100000337, 1.552833300000259 ], [ 110.995527500000264, 1.562271200000055 ], [ 110.99432590000032, 1.572910300000331 ], [ 110.997759100000337, 1.578572900000268 ], [ 111.000334000000407, 1.582519599999955 ], [ 111.00256560000031, 1.589555100000325 ], [ 111.007372100000282, 1.609803200000385 ], [ 111.012693600000375, 1.636914800000056 ], [ 111.016641900000195, 1.650127300000293 ], [ 111.021963400000345, 1.657505700000229 ], [ 111.027628200000265, 1.666428300000234 ], [ 111.03483800000032, 1.673978200000363 ], [ 111.041189400000349, 1.677753100000416 ], [ 111.04460562355564, 1.679318216134334 ], [ 111.063536199366013, 1.667749530916922 ], [ 111.090662054832535, 1.63491296903652 ], [ 111.10208346766052, 1.619208526397927 ], [ 111.114932557092061, 1.619208526397927 ], [ 111.183461034059917, 1.536403283395032 ], [ 111.212014566129881, 1.495000661893698 ], [ 111.233429715182353, 1.476440866048108 ], [ 111.249134157820777, 1.466447129823734 ], [ 111.266980115364504, 1.457167231900939 ], [ 111.284826072908231, 1.447887333978144 ], [ 111.305527383659012, 1.44360430416765 ], [ 111.326228694409735, 1.439321274357212 ], [ 111.391901818170595, 1.416478448701298 ], [ 111.443298175896643, 1.402201682666316 ], [ 111.452472097005497, 1.388087957883425 ], [ 111.461857971742063, 1.373648150596352 ], [ 111.477562414380486, 1.36508209097525 ], [ 111.496122210225906, 1.35223300154388 ], [ 111.494103012719549, 1.344389709092591 ], [ 111.474149299152032, 1.331189560117154 ], [ 111.471693457482189, 1.320445252811565 ], [ 111.471693457482189, 1.295272875695615 ], [ 111.472307417899643, 1.266416736074891 ], [ 111.480212158274284, 1.248957236700332 ], [ 111.471309732221087, 1.24005481064712 ], [ 111.456147265328013, 1.235163520057029 ], [ 111.440534966295999, 1.239248987602189 ], [ 111.421883026844171, 1.225169783832484 ], [ 111.407606260809189, 1.246584932884957 ], [ 111.39510189540394, 1.247690943342294 ], [ 111.370486669118122, 1.252295639299007 ], [ 111.358801485721003, 1.261543425258322 ], [ 111.373306300584034, 1.277775003797942 ], [ 111.371387674279006, 1.306669515941844 ], [ 111.355808428686359, 1.310928866340901 ], [ 111.379983120123484, 1.318641744082371 ], [ 111.393183269098927, 1.333069813892749 ], [ 111.391901818170595, 1.339383912112339 ], [ 111.386191111756716, 1.355088354750762 ], [ 111.382822687054727, 1.360966640364071 ], [ 111.331863972405358, 1.337329164291776 ], [ 111.319277783847383, 1.335180302830659 ], [ 111.309377672115247, 1.335832635771332 ], [ 111.303621793202097, 1.35789683827676 ], [ 111.292877485896511, 1.345617629927516 ], [ 111.270549306873249, 1.340811588715781 ], [ 111.270160950450403, 1.3661853039125 ], [ 111.255963115795979, 1.385256449377095 ], [ 111.247706481217335, 1.393635623045213 ], [ 111.220580625750813, 1.389352593234776 ], [ 111.213599846991045, 1.372977241027837 ], [ 111.212448671208946, 1.362194561198995 ], [ 111.2043904407291, 1.347497883703127 ], [ 111.190599417077408, 1.34652229512983 ], [ 111.172039621231988, 1.35223300154388 ], [ 111.16847375630752, 1.349339764955516 ], [ 111.166631875055131, 1.340744319111035 ], [ 111.174997085743755, 1.33548728303939 ], [ 111.170611944628376, 1.325107146077357 ], [ 111.159955055515923, 1.315533569471868 ], [ 111.132250091676866, 1.334451224832184 ], [ 111.10779417407457, 1.350805324940268 ], [ 111.093186860117029, 1.361120130468433 ], [ 111.078440000000171, 1.397359700000152 ], [ 111.085076793790847, 1.396725497709048 ] ] ] ] } },
{ "type": "Feature", "properties": { "Id": 534, "NEGERI": "SARAWAK", "KODPAR": "P. 201", "PARLIMEN": "BATANG LUPAR", "KODDUN": "N. 29", "NAMADUN": "BETING MARO", "KODUNIK": "P. 201_N. 29", "BILANGAN_P": 16063, "PERATUS_EQ": 64.64 }, "geometry": { "type": "MultiPolygon", "coordinates": [ [ [ [ 111.183461034059917, 1.536403283395032 ], [ 111.114932557092061, 1.619208526397927 ], [ 111.10208346766052, 1.619208526397927 ], [ 111.090662054832535, 1.63491296903652 ], [ 111.063536199366013, 1.667749530916922 ], [ 111.04460562355564, 1.679318216134334 ], [ 111.071879900000056, 1.675002700000221 ], [ 111.099897600000133, 1.683758700000112 ], [ 111.118608700000152, 1.680498500000169 ], [ 111.126505100000202, 1.677753100000245 ], [ 111.139718, 1.677909999999883 ], [ 111.143499600000155, 1.697828800000252 ], [ 111.131655000000137, 1.699029900000141 ], [ 111.125224600000081, 1.700901800000111 ], [ 111.118952000000149, 1.706236500000102 ], [ 111.111742300000117, 1.716703200000154 ], [ 111.108725900000138, 1.726592100000175 ], [ 111.109339, 1.732145699999933 ], [ 111.103674200000114, 1.739009 ], [ 111.08969395232009, 1.752701457096066 ], [ 111.085597100000086, 1.757269100000144 ], [ 111.09336869172671, 1.777174993922529 ], [ 111.096793877568757, 1.784637700936712 ], [ 111.146524671382608, 1.736288318061536 ], [ 111.152894510714859, 1.731952222615609 ], [ 111.182134375596092, 1.724162599816617 ], [ 111.231558189201863, 1.69714834144825 ], [ 111.278219180929042, 1.687017994560112 ], [ 111.323345271612567, 1.67596670704578 ], [ 111.351587450815856, 1.672282944541002 ], [ 111.396636796447353, 1.662574695442379 ], [ 111.41236953214468, 1.652636211182189 ], [ 111.426490621746339, 1.64864546846868 ], [ 111.427445016945342, 1.624413597348166 ], [ 111.414595927513801, 1.612992184520238 ], [ 111.386042395443837, 1.597287741881814 ], [ 111.346067450545945, 1.578727946036167 ], [ 111.318941595079593, 1.568734209811851 ], [ 111.291815739613014, 1.558740473587306 ], [ 111.241847058490578, 1.550174413966204 ], [ 111.204124089593122, 1.541276943462179 ], [ 111.183461034059917, 1.536403283395032 ] ] ] ] } },
{ "type": "Feature", "properties": { "Id": 535, "NEGERI": "SARAWAK", "KODPAR": "P. 202", "PARLIMEN": "SRI AMAN", "KODDUN": "N. 30", "NAMADUN": "BALAI RINGIN", "KODUNIK": "P. 202_N. 30", "BILANGAN_P": 16687, "PERATUS_EQ": 67.15 }, "geometry": { "type": "MultiPolygon", "coordinates": [ [ [ [ 110.799297054668614, 0.941621313072687 ], [ 110.763605139581159, 0.974457874953146 ], [ 110.740762313925245, 1.005866760230106 ], [ 110.723966414064151, 1.03146175881433 ], [ 110.720589631768107, 1.043127006746122 ], [ 110.708617403627585, 1.056020175512839 ], [ 110.713836067176018, 1.060624878643809 ], [ 110.72934090109726, 1.045841705128055 ], [ 110.73647928411475, 1.050124734938663 ], [ 110.742090064797864, 1.067310728885806 ], [ 110.742697234521501, 1.084311481147386 ], [ 110.733623930907754, 1.082961296819121 ], [ 110.725057871286822, 1.082961296819121 ], [ 110.719321200161829, 1.083704311423758 ], [ 110.717803275852759, 1.096151290758128 ], [ 110.734804028114297, 1.113759212743335 ], [ 110.747900696942736, 1.125791594924067 ], [ 110.77487722987378, 1.150796565884634 ], [ 110.765032816184714, 1.162911186614906 ], [ 110.757894433167223, 1.170049569632397 ], [ 110.774877229873752, 1.182065806651468 ], [ 110.785876894595788, 1.190037042081485 ], [ 110.802476602448749, 1.205481164641763 ], [ 110.815369771215458, 1.214076610486233 ], [ 110.823351256642468, 1.220830175078318 ], [ 110.836858385826631, 1.22696977925294 ], [ 110.848694665149765, 1.228584310375936 ], [ 110.854405371563644, 1.214307544340954 ], [ 110.882958903633607, 1.195747748495364 ], [ 110.918650818721062, 1.188609365477873 ], [ 110.934355261359656, 1.197175425098976 ], [ 110.96097475016569, 1.199977313498488 ], [ 110.977064747841837, 1.222746178134531 ], [ 110.9655285230929, 1.237925421225228 ], [ 110.964921353369277, 1.247943721665087 ], [ 110.970993050605557, 1.254015418901365 ], [ 110.973118144638235, 1.277998622984664 ], [ 110.961885504751123, 1.288320508286338 ], [ 110.944884752489543, 1.28619541425364 ], [ 110.936703698714979, 1.303753203959048 ], [ 110.939696755751484, 1.319984782498466 ], [ 110.924961705732386, 1.333798891891365 ], [ 110.92778794898345, 1.349936821673282 ], [ 110.932175740637504, 1.384604116436366 ], [ 110.933652112602402, 1.401254076881115 ], [ 110.945491922213137, 1.412183131906417 ], [ 110.951867204311228, 1.40550426494651 ], [ 110.960624510864022, 1.402760856002601 ], [ 110.976328953502446, 1.408471562416651 ], [ 110.986322689726933, 1.411326915623704 ], [ 111.011977006950403, 1.399128982848417 ], [ 111.029888513797431, 1.386074833790419 ], [ 111.062068509149711, 1.381824645725024 ], [ 111.093186860117029, 1.361120130468433 ], [ 111.099479954395946, 1.350222333058483 ], [ 111.103163716900724, 1.334873322621928 ], [ 111.112680103371389, 1.314919609054406 ], [ 111.123654645832346, 1.314804491473378 ], [ 111.128950054434128, 1.310621886132171 ], [ 111.126494212764285, 1.304175301748818 ], [ 111.135396638817483, 1.27685406317175 ], [ 111.128950054434128, 1.267951637118548 ], [ 111.120354608589665, 1.273477280875707 ], [ 111.111849172205268, 1.26981442095439 ], [ 111.111849172205268, 1.262676037936899 ], [ 111.121582529424586, 1.262425993361388 ], [ 111.1318366446543, 1.248399271901917 ], [ 111.135089658608749, 1.241551339167672 ], [ 111.15197357008897, 1.24093737875021 ], [ 111.155657332593734, 1.237867576662899 ], [ 111.155350352385, 1.21883480372157 ], [ 111.158727134681044, 1.188443763057191 ], [ 111.15811317426359, 1.169717970324594 ], [ 111.175611046161265, 1.185066980761149 ], [ 111.186088355587174, 1.184153824744499 ], [ 111.181366925073831, 1.18004017984031 ], [ 111.181805325776736, 1.175587765123396 ], [ 111.167528559741754, 1.168449382105905 ], [ 111.161817853327705, 1.15988332248503 ], [ 111.166100883138313, 1.147034233053432 ], [ 111.159034114889792, 1.131652424441937 ], [ 111.168243521151723, 1.118145295257768 ], [ 111.178949972569683, 1.114197671173031 ], [ 111.186355353466851, 1.118145295257768 ], [ 111.184660678983789, 1.10705928815554 ], [ 111.173239266155804, 1.095637875327611 ], [ 111.178949972569683, 1.08849949231012 ], [ 111.194643819102595, 1.093279898350549 ], [ 111.203220474829209, 1.077078079482135 ], [ 111.190371385397668, 1.064228990050594 ], [ 111.158962500120822, 1.058518283636715 ], [ 111.134691997861353, 1.052807577222666 ], [ 111.111849172205268, 1.052807577222666 ], [ 111.071874227307319, 1.057090607033103 ], [ 111.043320695237355, 1.044241517601733 ], [ 111.017622516374445, 1.032820104773577 ], [ 110.98193060128699, 1.032820104773577 ], [ 110.954804745820468, 1.029964751566752 ], [ 110.933389596767995, 1.031392428170193 ], [ 110.899125358284152, 1.032820104773577 ], [ 110.883420915645559, 1.017115662135211 ], [ 110.881993239042117, 0.995700513082738 ], [ 110.870571826214189, 0.981423747047756 ], [ 110.862005766593086, 0.978568393840703 ], [ 110.849156677161716, 0.96286395120228 ], [ 110.844873647351221, 0.955725568184789 ], [ 110.82488617490219, 0.95715324478823 ], [ 110.799297054668614, 0.941621313072687 ] ] ] ] } },
{ "type": "Feature", "properties": { "Id": 536, "NEGERI": "SARAWAK", "KODPAR": "P. 202", "PARLIMEN": "SRI AMAN", "KODDUN": "N. 31", "NAMADUN": "BUKIT BEGUNAN", "KODUNIK": "P. 202_N. 31", "BILANGAN_P": 14408, "PERATUS_EQ": 57.98 }, "geometry": { "type": "MultiPolygon", "coordinates": [ [ [ [ 111.093186860117029, 1.361120130468433 ], [ 111.10779417407457, 1.350805324940268 ], [ 111.132250091676866, 1.334451224832184 ], [ 111.159955055515923, 1.315533569471868 ], [ 111.170611944628376, 1.325107146077357 ], [ 111.174997085743755, 1.33548728303939 ], [ 111.166631875055131, 1.340744319111035 ], [ 111.16847375630752, 1.349339764955516 ], [ 111.172039621231988, 1.35223300154388 ], [ 111.190599417077408, 1.34652229512983 ], [ 111.2043904407291, 1.347497883703127 ], [ 111.212448671208946, 1.362194561198995 ], [ 111.213599846991045, 1.372977241027837 ], [ 111.220580625750813, 1.389352593234776 ], [ 111.247706481217335, 1.393635623045213 ], [ 111.255963115795979, 1.385256449377095 ], [ 111.270160950450403, 1.3661853039125 ], [ 111.270549306873249, 1.340811588715781 ], [ 111.292877485896511, 1.345617629927516 ], [ 111.303621793202097, 1.35789683827676 ], [ 111.309377672115247, 1.335832635771332 ], [ 111.319277783847383, 1.335180302830659 ], [ 111.331863972405358, 1.337329164291776 ], [ 111.382822687054727, 1.360966640364071 ], [ 111.386191111756716, 1.355088354750762 ], [ 111.391901818170595, 1.339383912112339 ], [ 111.393183269098927, 1.333069813892749 ], [ 111.379983120123484, 1.318641744082371 ], [ 111.355808428686359, 1.310928866340901 ], [ 111.371387674279006, 1.306669515941844 ], [ 111.373306300584034, 1.277775003797942 ], [ 111.358801485721003, 1.261543425258322 ], [ 111.370486669118122, 1.252295639299007 ], [ 111.39510189540394, 1.247690943342294 ], [ 111.407606260809189, 1.246584932884957 ], [ 111.421883026844171, 1.225169783832484 ], [ 111.436804230234884, 1.209594228665253 ], [ 111.443942613252375, 1.196745139233713 ], [ 111.452508672873307, 1.183896049802172 ], [ 111.462502409097794, 1.179613019991677 ], [ 111.467472479611985, 1.170677283473813 ], [ 111.475760945247728, 1.167914461595229 ], [ 111.481286589004895, 1.158398075124555 ], [ 111.493565797354151, 1.149188668862611 ], [ 111.494179757771619, 1.126779113625215 ], [ 111.483917558150267, 1.105373836609772 ], [ 111.48677291135732, 1.073964951332925 ], [ 111.493911294374811, 1.04398374265935 ], [ 111.493911294374811, 1.019713240399881 ], [ 111.478206851736388, 1.032562329831421 ], [ 111.462502409097794, 1.039700712848912 ], [ 111.441087260045322, 1.026851623417372 ], [ 111.423955140803344, 1.009719504175507 ], [ 111.388263225715889, 1.014002533985945 ], [ 111.366848076663416, 1.03113465322798 ], [ 111.33543919138657, 1.045411419262962 ], [ 111.309741012523489, 1.048266772469844 ], [ 111.289753540074628, 1.053977478883894 ], [ 111.274049097436034, 1.063971215108381 ], [ 111.262627684608049, 1.068254244918876 ], [ 111.241212535555576, 1.068254244918876 ], [ 111.239784858952191, 1.076820304539808 ], [ 111.228363446124206, 1.085386364160854 ], [ 111.203220474829209, 1.077078079482135 ], [ 111.194643819102595, 1.093279898350549 ], [ 111.178949972569683, 1.08849949231012 ], [ 111.173239266155804, 1.095637875327611 ], [ 111.184660678983789, 1.10705928815554 ], [ 111.186355353466851, 1.118145295257768 ], [ 111.178949972569683, 1.114197671173031 ], [ 111.168243521151723, 1.118145295257768 ], [ 111.159034114889792, 1.131652424441937 ], [ 111.166100883138313, 1.147034233053432 ], [ 111.161817853327705, 1.15988332248503 ], [ 111.167528559741754, 1.168449382105905 ], [ 111.181805325776736, 1.175587765123396 ], [ 111.181366925073831, 1.18004017984031 ], [ 111.186088355587174, 1.184153824744499 ], [ 111.175611046161265, 1.185066980761149 ], [ 111.15811317426359, 1.169717970324594 ], [ 111.158727134681044, 1.188443763057191 ], [ 111.155350352385, 1.21883480372157 ], [ 111.155657332593734, 1.237867576662899 ], [ 111.15197357008897, 1.24093737875021 ], [ 111.135089658608749, 1.241551339167672 ], [ 111.1318366446543, 1.248399271901917 ], [ 111.121582529424586, 1.262425993361388 ], [ 111.111849172205268, 1.262676037936899 ], [ 111.111849172205268, 1.26981442095439 ], [ 111.120354608589665, 1.273477280875707 ], [ 111.128950054434128, 1.267951637118548 ], [ 111.135396638817483, 1.27685406317175 ], [ 111.126494212764285, 1.304175301748818 ], [ 111.128950054434128, 1.310621886132171 ], [ 111.123654645832346, 1.314804491473378 ], [ 111.112680103371389, 1.314919609054406 ], [ 111.103163716900724, 1.334873322621928 ], [ 111.099479954395946, 1.350222333058483 ], [ 111.093186860117029, 1.361120130468433 ] ] ] ] } },
{ "type": "Feature", "properties": { "Id": 537, "NEGERI": "SARAWAK", "KODPAR": "P. 202", "PARLIMEN": "SRI AMAN", "KODDUN": "N. 32", "NAMADUN": "SIMANGGANG", "KODUNIK": "P. 202_N. 32", "BILANGAN_P": 21533, "PERATUS_EQ": 86.65 }, "geometry": { "type": "MultiPolygon", "coordinates": [ [ [ [ 111.421883026844171, 1.225169783832484 ], [ 111.440534966295999, 1.239248987602189 ], [ 111.456147265328013, 1.235163520057029 ], [ 111.471309732221087, 1.24005481064712 ], [ 111.480212158274284, 1.248957236700332 ], [ 111.491570425997367, 1.2486502564916 ], [ 111.50271530009644, 1.245048197652011 ], [ 111.501700772885499, 1.235450107516148 ], [ 111.495576917078949, 1.205073252754119 ], [ 111.514136712924369, 1.187941133512084 ], [ 111.531268832166404, 1.170809014270105 ], [ 111.565533070650247, 1.150821541821188 ], [ 111.579809836685229, 1.15938760144212 ], [ 111.592658926116769, 1.153676895028241 ], [ 111.60550801554831, 1.1408278055967 ], [ 111.61359505896813, 1.131690796964918 ], [ 111.633011557170491, 1.143010692164989 ], [ 111.642144218380167, 1.145504906357834 ], [ 111.634061547618273, 1.129406392768715 ], [ 111.616929428376295, 1.125123362958277 ], [ 111.609791045358804, 1.116557303337174 ], [ 111.609791045358804, 1.096569830888313 ], [ 111.614822979803066, 1.078890201063109 ], [ 111.644055283842647, 1.076582358439282 ], [ 111.65262134346375, 1.070871652025232 ], [ 111.655476696670746, 1.056594885990251 ], [ 111.655476696670746, 1.043745796558824 ], [ 111.636916900825156, 1.032324383730895 ], [ 111.606935692151751, 1.018047617695913 ], [ 111.585520543099278, 1.01519226448886 ], [ 111.572671453667738, 1.000915498453878 ], [ 111.568388423857243, 0.975217319590968 ], [ 111.549828628011824, 0.990921762229391 ], [ 111.541262568390891, 0.985211055815341 ], [ 111.541262568390891, 0.972361966383914 ], [ 111.536979538580283, 0.950946817331442 ], [ 111.511281359717316, 0.963795906762869 ], [ 111.508426006510319, 1.00234317505732 ], [ 111.493911294374811, 1.019713240399881 ], [ 111.493911294374811, 1.04398374265935 ], [ 111.48677291135732, 1.073964951332925 ], [ 111.483917558150267, 1.105373836609772 ], [ 111.494179757771619, 1.126779113625215 ], [ 111.493565797354151, 1.149188668862611 ], [ 111.481286589004895, 1.158398075124555 ], [ 111.475760945247728, 1.167914461595229 ], [ 111.467472479611985, 1.170677283473813 ], [ 111.462502409097794, 1.179613019991677 ], [ 111.452508672873307, 1.183896049802172 ], [ 111.443942613252375, 1.196745139233713 ], [ 111.436804230234884, 1.209594228665253 ], [ 111.421883026844171, 1.225169783832484 ] ] ] ] } },
{ "type": "Feature", "properties": { "Id": 538, "NEGERI": "SARAWAK", "KODPAR": "P. 203", "PARLIMEN": "LUBOK ANTU", "KODDUN": "N. 33", "NAMADUN": "ENGKILILI", "KODUNIK": "P. 203_N. 33", "BILANGAN_P": 15612, "PERATUS_EQ": 62.83 }, "geometry": { "type": "MultiPolygon", "coordinates": [ [ [ [ 111.480212158274284, 1.248957236700332 ], [ 111.472307417899643, 1.266416736074891 ], [ 111.471693457482189, 1.295272875695615 ], [ 111.471693457482189, 1.320445252811565 ], [ 111.474149299152032, 1.331189560117154 ], [ 111.494103012719549, 1.344389709092591 ], [ 111.496122210225906, 1.35223300154388 ], [ 111.508426006510319, 1.367015403042501 ], [ 111.52127509594186, 1.371298432852939 ], [ 111.53983489178728, 1.371298432852939 ], [ 111.551431566700003, 1.361618973304774 ], [ 111.564017755257993, 1.364688775392088 ], [ 111.581237513288841, 1.384147522284536 ], [ 111.592259934461282, 1.402140360857325 ], [ 111.59979730913426, 1.404134994733568 ], [ 111.614074075169242, 1.399851964922902 ], [ 111.632633871014662, 1.402707318129956 ], [ 111.648338313653255, 1.392713581905412 ], [ 111.654049020067134, 1.401279641526514 ], [ 111.655476696670746, 1.418411760768549 ], [ 111.674036492516223, 1.432688526803531 ], [ 111.671767808522759, 1.455247936967866 ], [ 111.688313258551204, 1.462669735476936 ], [ 111.705445377793183, 1.455531352459445 ], [ 111.728288203449097, 1.479801854718914 ], [ 111.736854263070029, 1.4912232675469 ], [ 111.741137292880637, 1.512638416599373 ], [ 111.755414058915619, 1.531198212444792 ], [ 111.759697088726114, 1.549758008290212 ], [ 111.778256884571533, 1.566890127532247 ], [ 111.781973703457325, 1.579574921504103 ], [ 111.799672033624006, 1.589732953188332 ], [ 111.831080918901023, 1.589732953188332 ], [ 111.848213038143001, 1.579739216963787 ], [ 111.861062127574371, 1.579739216963787 ], [ 111.876766570212965, 1.565462450928806 ], [ 111.891043336247947, 1.578311540360176 ], [ 111.899609395868879, 1.568317804135859 ], [ 111.94067643622752, 1.5654855944559 ], [ 111.941012017370383, 1.565462450928806 ], [ 111.97955928566472, 1.566890127532247 ], [ 111.996691404906699, 1.568317804135859 ], [ 112.008112817734627, 1.559751744514756 ], [ 112.010968170941737, 1.544047301876333 ], [ 112.019534230562613, 1.528342859237739 ], [ 112.025244936976719, 1.515493769806369 ], [ 112.026672613580104, 1.4912232675469 ], [ 112.015739132405614, 1.49193207191137 ], [ 112.009292548022259, 1.487020388571668 ], [ 112.000390121969048, 1.491625091702639 ], [ 111.985348091741216, 1.489476230241519 ], [ 111.979515467775315, 1.481187764605773 ], [ 111.973375863600694, 1.479345883353384 ], [ 111.969692101095916, 1.472285338552563 ], [ 111.958947793790315, 1.475662120848608 ], [ 111.948203486484715, 1.463996872916816 ], [ 111.936845218761661, 1.46491781354301 ], [ 111.930091654169573, 1.470443457300175 ], [ 111.915126368994351, 1.467949243106861 ], [ 111.898472692670225, 1.471978358343832 ], [ 111.888649325990812, 1.471978358343832 ], [ 111.880130625199016, 1.470098104567978 ], [ 111.87890270436408, 1.479921471247374 ], [ 111.869079337684695, 1.48176335249976 ], [ 111.862325773092607, 1.48176335249976 ], [ 111.85373032724813, 1.476851669160063 ], [ 111.84413719572477, 1.482722665649429 ], [ 111.846976762656055, 1.474395827490214 ], [ 111.845357684936005, 1.465525088683933 ], [ 111.837767356394124, 1.45382815350523 ], [ 111.833930103784965, 1.454749094131424 ], [ 111.832702182950044, 1.450297881104823 ], [ 111.826562578775423, 1.442316395677814 ], [ 111.82901842044528, 1.436023301398826 ], [ 111.823339286583746, 1.424818523780141 ], [ 111.813362429799994, 1.421288251379733 ], [ 111.813976390217448, 1.416069587831304 ], [ 111.811981018860735, 1.400413597186018 ], [ 111.801543691763868, 1.398571715933631 ], [ 111.799087850094025, 1.39550191384632 ], [ 111.802527386831059, 1.388430552094974 ], [ 111.797859929259104, 1.38414364612327 ], [ 111.801543691763868, 1.378924982574841 ], [ 111.796862243580136, 1.36576320612278 ], [ 111.803999533433739, 1.357436367963664 ], [ 111.795097107380542, 1.357129387754933 ], [ 111.790492404249576, 1.348533941910462 ], [ 111.783048134187226, 1.349186274851286 ], [ 111.770845670890779, 1.337482654396142 ], [ 111.764322341454601, 1.336600086293301 ], [ 111.761636264628834, 1.333491911682638 ], [ 111.755803640662947, 1.333798891891369 ], [ 111.754575719828011, 1.324282505420705 ], [ 111.749664036488326, 1.316914980411158 ], [ 111.763980118536551, 1.298486926074645 ], [ 111.759487403167711, 1.290514682460284 ], [ 111.746287254192282, 1.287444880372973 ], [ 111.74399264608752, 1.269933394004681 ], [ 111.746847999294516, 1.252801274762646 ], [ 111.738281939673641, 1.245662891745155 ], [ 111.736080162251312, 1.250338647639788 ], [ 111.730938243755716, 1.253063096995089 ], [ 111.725432850242044, 1.244235215141714 ], [ 111.724005173638659, 1.237096832124223 ], [ 111.7310149888079, 1.232380305428833 ], [ 111.739709616277025, 1.224247742692683 ], [ 111.758269412122502, 1.214254006468138 ], [ 111.769690824950601, 1.207115623450647 ], [ 111.786822944192465, 1.181417444587737 ], [ 111.776601549803857, 1.18310998192762 ], [ 111.744752353148641, 1.190439134413944 ], [ 111.74399264608752, 1.18427279779479 ], [ 111.738305768765287, 1.178773886482162 ], [ 111.708528688518371, 1.180308787525818 ], [ 111.699319282256425, 1.184606510448053 ], [ 111.692565717664351, 1.176625025021045 ], [ 111.680286509315096, 1.182457648986936 ], [ 111.67831952232666, 1.175706738173858 ], [ 111.680286509315096, 1.160662054167027 ], [ 111.690109875994494, 1.142243241643161 ], [ 111.687654034324652, 1.134875716633615 ], [ 111.679058588480203, 1.127201211415337 ], [ 111.662615079688237, 1.115744320826877 ], [ 111.656904373274187, 1.127165733654863 ], [ 111.661867696791262, 1.130577993711379 ], [ 111.649765990256697, 1.132876440068912 ], [ 111.634061547618273, 1.129406392768715 ], [ 111.642144218380167, 1.145504906357834 ], [ 111.633011557170491, 1.143010692164989 ], [ 111.61359505896813, 1.131690796964918 ], [ 111.60550801554831, 1.1408278055967 ], [ 111.592658926116769, 1.153676895028241 ], [ 111.579809836685229, 1.15938760144212 ], [ 111.565533070650247, 1.150821541821188 ], [ 111.531268832166404, 1.170809014270105 ], [ 111.514136712924369, 1.187941133512084 ], [ 111.495576917078949, 1.205073252754119 ], [ 111.501700772885499, 1.235450107516148 ], [ 111.50271530009644, 1.245048197652011 ], [ 111.491570425997367, 1.2486502564916 ], [ 111.480212158274284, 1.248957236700332 ] ] ] ] } },
{ "type": "Feature", "properties": { "Id": 539, "NEGERI": "SARAWAK", "KODPAR": "P. 203", "PARLIMEN": "LUBOK ANTU", "KODDUN": "N. 34", "NAMADUN": "BATANG AI", "KODUNIK": "P. 203_N. 34", "BILANGAN_P": 14981, "PERATUS_EQ": 60.29 }, "geometry": { "type": "MultiPolygon", "coordinates": [ [ [ [ 111.634061547618273, 1.129406392768715 ], [ 111.649765990256697, 1.132876440068912 ], [ 111.661867696791262, 1.130577993711379 ], [ 111.656904373274187, 1.127165733654863 ], [ 111.662615079688237, 1.115744320826877 ], [ 111.679058588480203, 1.127201211415337 ], [ 111.687654034324652, 1.134875716633615 ], [ 111.690109875994494, 1.142243241643161 ], [ 111.680286509315096, 1.160662054167027 ], [ 111.67831952232666, 1.175706738173858 ], [ 111.680286509315096, 1.182457648986936 ], [ 111.692565717664351, 1.176625025021045 ], [ 111.699319282256425, 1.184606510448053 ], [ 111.708528688518371, 1.180308787525818 ], [ 111.738305768765287, 1.178773886482162 ], [ 111.74399264608752, 1.18427279779479 ], [ 111.744752353148641, 1.190439134413944 ], [ 111.776601549803857, 1.18310998192762 ], [ 111.786822944192465, 1.181417444587737 ], [ 111.769690824950601, 1.207115623450647 ], [ 111.758269412122502, 1.214254006468138 ], [ 111.739709616277025, 1.224247742692683 ], [ 111.7310149888079, 1.232380305428833 ], [ 111.724005173638659, 1.237096832124223 ], [ 111.725432850242044, 1.244235215141714 ], [ 111.730938243755716, 1.253063096995089 ], [ 111.736080162251312, 1.250338647639788 ], [ 111.738281939673641, 1.245662891745155 ], [ 111.746847999294516, 1.252801274762646 ], [ 111.74399264608752, 1.269933394004681 ], [ 111.746287254192282, 1.287444880372973 ], [ 111.759487403167711, 1.290514682460284 ], [ 111.763980118536551, 1.298486926074645 ], [ 111.749664036488326, 1.316914980411158 ], [ 111.754575719828011, 1.324282505420705 ], [ 111.755803640662947, 1.333798891891369 ], [ 111.761636264628834, 1.333491911682638 ], [ 111.764322341454601, 1.336600086293301 ], [ 111.770845670890779, 1.337482654396142 ], [ 111.783048134187226, 1.349186274851286 ], [ 111.790492404249576, 1.348533941910462 ], [ 111.795097107380542, 1.357129387754933 ], [ 111.803999533433739, 1.357436367963664 ], [ 111.796862243580136, 1.36576320612278 ], [ 111.801543691763868, 1.378924982574841 ], [ 111.797859929259104, 1.38414364612327 ], [ 111.802527386831059, 1.388430552094974 ], [ 111.799087850094025, 1.39550191384632 ], [ 111.801543691763868, 1.398571715933631 ], [ 111.811981018860735, 1.400413597186018 ], [ 111.813976390217448, 1.416069587831304 ], [ 111.813362429799994, 1.421288251379733 ], [ 111.823339286583746, 1.424818523780141 ], [ 111.82901842044528, 1.436023301398826 ], [ 111.826562578775423, 1.442316395677814 ], [ 111.832702182950044, 1.450297881104823 ], [ 111.833930103784965, 1.454749094131424 ], [ 111.837767356394124, 1.45382815350523 ], [ 111.845357684936005, 1.465525088683933 ], [ 111.846976762656055, 1.474395827490214 ], [ 111.84413719572477, 1.482722665649429 ], [ 111.85373032724813, 1.476851669160063 ], [ 111.862325773092607, 1.48176335249976 ], [ 111.869079337684695, 1.48176335249976 ], [ 111.87890270436408, 1.479921471247374 ], [ 111.880130625199016, 1.470098104567978 ], [ 111.888649325990812, 1.471978358343832 ], [ 111.898472692670225, 1.471978358343832 ], [ 111.915126368994351, 1.467949243106861 ], [ 111.930091654169573, 1.470443457300175 ], [ 111.936845218761661, 1.46491781354301 ], [ 111.948203486484715, 1.463996872916816 ], [ 111.958947793790315, 1.475662120848608 ], [ 111.969692101095916, 1.472285338552563 ], [ 111.973375863600694, 1.479345883353384 ], [ 111.979515467775315, 1.481187764605773 ], [ 111.985348091741216, 1.489476230241519 ], [ 112.000390121969048, 1.491625091702639 ], [ 112.009292548022259, 1.487020388571668 ], [ 112.015739132405614, 1.49193207191137 ], [ 112.026672613580104, 1.4912232675469 ], [ 112.046660086029192, 1.476946501511918 ], [ 112.06379220527117, 1.475518824908477 ], [ 112.073785941495544, 1.458386705666442 ], [ 112.095201090548017, 1.454103675856004 ], [ 112.11090553318661, 1.464097412080321 ], [ 112.128037652428588, 1.459814382269883 ], [ 112.14231441846357, 1.461242058873495 ], [ 112.163729567516043, 1.458386705666442 ], [ 112.193710776189391, 1.445537616234901 ], [ 112.196566129396501, 1.426977820389482 ], [ 112.190855422982395, 1.411273377751058 ], [ 112.210842895431483, 1.401279641526514 ], [ 112.219408955052359, 1.395568935112465 ], [ 112.219408955052359, 1.379864492474042 ], [ 112.215125925241864, 1.355593990214572 ], [ 112.196566129396501, 1.324185104937555 ], [ 112.180861686757908, 1.308480662299132 ], [ 112.168012597326538, 1.29420389626415 ], [ 112.162301890912431, 1.274216423815119 ], [ 112.160874214309047, 1.249945921555593 ], [ 112.153735831291556, 1.242807538538102 ], [ 112.153735831291556, 1.225675419296294 ], [ 112.15516350789494, 1.205687946847263 ], [ 112.140886741859958, 1.18998350420884 ], [ 112.130893005635471, 1.168568355156367 ], [ 112.135176035446079, 1.154291589121385 ], [ 112.122326946014482, 1.140014823086403 ], [ 112.095201090548017, 1.134304116672354 ], [ 112.056653822253679, 1.134304116672354 ], [ 112.012395847545122, 1.135731793275738 ], [ 111.982414638871717, 1.132876440068912 ], [ 111.960999489819244, 1.132876440068912 ], [ 111.933873634352892, 1.128593410258247 ], [ 111.926735251335401, 1.120027350637372 ], [ 111.921024544921352, 1.102895231395337 ], [ 111.916741515110914, 1.095756848377846 ], [ 111.903892425679317, 1.080052405739423 ], [ 111.883904953230456, 1.082907758946476 ], [ 111.869628187195474, 1.068630992911494 ], [ 111.863917480781424, 1.05863725668695 ], [ 111.859634450970987, 1.045788167255409 ], [ 111.865345157384866, 1.035794431030865 ], [ 111.856779097763933, 1.02722837140999 ], [ 111.852496067953496, 1.018662311789058 ], [ 111.833936272108019, 0.998674839340026 ], [ 111.821087182676479, 0.99296413292592 ], [ 111.803955063434444, 0.997247162736585 ], [ 111.795389003813568, 1.007240898960902 ], [ 111.772546178157484, 1.001530192547023 ], [ 111.765407795139993, 1.018662311789058 ], [ 111.75684173551906, 1.031511401220428 ], [ 111.741137292880637, 1.012951605375008 ], [ 111.721149820431606, 1.012951605375008 ], [ 111.702590024586186, 1.025800694806549 ], [ 111.695451641568695, 1.031511401220428 ], [ 111.67831952232666, 1.030083724616986 ], [ 111.655476696670746, 1.043745796558824 ], [ 111.655476696670746, 1.056594885990251 ], [ 111.65262134346375, 1.070871652025232 ], [ 111.644055283842647, 1.076582358439282 ], [ 111.614822979803066, 1.078890201063109 ], [ 111.609791045358804, 1.096569830888313 ], [ 111.609791045358804, 1.116557303337174 ], [ 111.616929428376295, 1.125123362958277 ], [ 111.634061547618273, 1.129406392768715 ] ] ] ] } },
{ "type": "Feature", "properties": { "Id": 540, "NEGERI": "SARAWAK", "KODPAR": "P. 204", "PARLIMEN": "BETONG", "KODDUN": "N. 35", "NAMADUN": "SARIBAS", "KODUNIK": "P. 204_N. 35", "BILANGAN_P": 17234, "PERATUS_EQ": 69.35 }, "geometry": { "type": "MultiPolygon", "coordinates": [ [ [ [ 111.452472097005497, 1.388087957883425 ], [ 111.443298175896643, 1.402201682666316 ], [ 111.391901818170595, 1.416478448701298 ], [ 111.326228694409735, 1.439321274357212 ], [ 111.305527383659012, 1.44360430416765 ], [ 111.284826072908231, 1.447887333978144 ], [ 111.266980115364504, 1.457167231900939 ], [ 111.249134157820777, 1.466447129823734 ], [ 111.233429715182353, 1.476440866048108 ], [ 111.212014566129881, 1.495000661893698 ], [ 111.183461034059917, 1.536403283395032 ], [ 111.204124089593122, 1.541276943462179 ], [ 111.241847058490578, 1.550174413966204 ], [ 111.291815739613014, 1.558740473587306 ], [ 111.318941595079593, 1.568734209811851 ], [ 111.346067450545945, 1.578727946036167 ], [ 111.386042395443837, 1.597287741881814 ], [ 111.414595927513801, 1.612992184520238 ], [ 111.427445016945342, 1.624413597348166 ], [ 111.433627911599501, 1.614839272984692 ], [ 111.450358332975355, 1.607932218288243 ], [ 111.447595511096765, 1.598876302130675 ], [ 111.441325206146018, 1.60115436601626 ], [ 111.440227986087223, 1.588438975033818 ], [ 111.427411562371816, 1.592621580375257 ], [ 111.426797601955045, 1.581109822547762 ], [ 111.436313988425724, 1.577426060042984 ], [ 111.42419308690404, 1.561179421118368 ], [ 111.42702783711178, 1.560196795830556 ], [ 111.42702783711178, 1.555285112490859 ], [ 111.442683827757065, 1.554978132282128 ], [ 111.4380791246261, 1.54592221612456 ], [ 111.438769830094884, 1.538900043847268 ], [ 111.44452570900944, 1.534717438505875 ], [ 111.443067553017116, 1.52569989487182 ], [ 111.447442020992384, 1.524433601513383 ], [ 111.45020484287096, 1.518447487443127 ], [ 111.445293159531261, 1.511233452537946 ], [ 111.447035912559897, 1.502644680374829 ], [ 111.452353704332083, 1.499261224397433 ], [ 111.458339818402337, 1.486521545735093 ], [ 111.458339818402337, 1.476237708742601 ], [ 111.464479422576957, 1.466874812376302 ], [ 111.466781774142447, 1.45382815350523 ], [ 111.456881662410055, 1.445578060392934 ], [ 111.458457325387883, 1.439826909821022 ], [ 111.474161768026477, 1.436971556613969 ], [ 111.481516824161559, 1.429423226911107 ], [ 111.461312678594879, 1.418411760768549 ], [ 111.469878738215982, 1.414128730957884 ], [ 111.461312678594879, 1.402707318129956 ], [ 111.452472097005497, 1.388087957883425 ] ] ] ] } },
{ "type": "Feature", "properties": { "Id": 541, "NEGERI": "SARAWAK", "KODPAR": "P. 204", "PARLIMEN": "BETONG", "KODDUN": "N. 36", "NAMADUN": "LAYAR", "KODUNIK": "P. 204_N. 36", "BILANGAN_P": 12948, "PERATUS_EQ": 52.11 }, "geometry": { "type": "MultiPolygon", "coordinates": [ [ [ [ 111.496122210225906, 1.35223300154388 ], [ 111.477562414380486, 1.36508209097525 ], [ 111.461857971742063, 1.373648150596352 ], [ 111.452472097005497, 1.388087957883425 ], [ 111.461312678594879, 1.402707318129956 ], [ 111.469878738215982, 1.414128730957884 ], [ 111.461312678594879, 1.418411760768549 ], [ 111.481516824161559, 1.429423226911107 ], [ 111.474161768026477, 1.436971556613969 ], [ 111.499859946889387, 1.45695902906283 ], [ 111.509853683113931, 1.45695902906283 ], [ 111.514056726287052, 1.450297881104822 ], [ 111.522702772545301, 1.464097412080321 ], [ 111.534317420063289, 1.465646891541377 ], [ 111.535852321106958, 1.471172535298537 ], [ 111.542298905490298, 1.475470258220772 ], [ 111.548822234925083, 1.476890041683534 ], [ 111.557954896135584, 1.470865555089806 ], [ 111.55427113363082, 1.48314476343905 ], [ 111.569816100460855, 1.495506297357338 ], [ 111.558394687632756, 1.506927710185266 ], [ 111.573610886780884, 1.511693922851043 ], [ 111.584662174295204, 1.525201052035211 ], [ 111.595713461809524, 1.526121992661404 ], [ 111.597248362853179, 1.535638379132069 ], [ 111.61750905662943, 1.550987389568624 ], [ 111.621212458186733, 1.562607097721809 ], [ 111.636916900825156, 1.558324067911315 ], [ 111.652811780633513, 1.546382686437657 ], [ 111.65262134346375, 1.536908918858842 ], [ 111.664042756291678, 1.531198212444792 ], [ 111.68381678171535, 1.534410458297144 ], [ 111.686579603593927, 1.544233824976539 ], [ 111.698306994775692, 1.546902655083386 ], [ 111.704017701189571, 1.555468714704318 ], [ 111.717277624467044, 1.557433973951976 ], [ 111.721959072649653, 1.56161657929339 ], [ 111.727714951563897, 1.557740954160707 ], [ 111.737231338034562, 1.558968874995632 ], [ 111.741137292880637, 1.5697454807393 ], [ 111.748275675898128, 1.562607097721809 ], [ 111.756878071393359, 1.56111773645675 ], [ 111.762096734941778, 1.580150509398078 ], [ 111.772534062038645, 1.579843529189347 ], [ 111.781973703457325, 1.579574921504103 ], [ 111.778256884571533, 1.566890127532247 ], [ 111.759697088726114, 1.549758008290212 ], [ 111.755414058915619, 1.531198212444792 ], [ 111.741137292880637, 1.512638416599373 ], [ 111.736854263070029, 1.4912232675469 ], [ 111.728288203449097, 1.479801854718914 ], [ 111.705445377793183, 1.455531352459445 ], [ 111.688313258551204, 1.462669735476936 ], [ 111.671767808522759, 1.455247936967866 ], [ 111.674036492516223, 1.432688526803531 ], [ 111.655476696670746, 1.418411760768549 ], [ 111.654049020067134, 1.401279641526514 ], [ 111.648338313653255, 1.392713581905412 ], [ 111.632633871014662, 1.402707318129956 ], [ 111.614074075169242, 1.399851964922902 ], [ 111.59979730913426, 1.404134994733568 ], [ 111.592259934461282, 1.402140360857325 ], [ 111.581237513288841, 1.384147522284536 ], [ 111.564017755257993, 1.364688775392088 ], [ 111.551431566700003, 1.361618973304774 ], [ 111.53983489178728, 1.371298432852939 ], [ 111.52127509594186, 1.371298432852939 ], [ 111.508426006510319, 1.367015403042501 ], [ 111.496122210225906, 1.35223300154388 ] ] ] ] } },
{ "type": "Feature", "properties": { "Id": 542, "NEGERI": "SARAWAK", "KODPAR": "P. 204", "PARLIMEN": "BETONG", "KODDUN": "N. 37", "NAMADUN": "BUKIT SABAN", "KODUNIK": "P. 204_N. 37", "BILANGAN_P": 13289, "PERATUS_EQ": 53.48 }, "geometry": { "type": "MultiPolygon", "coordinates": [ [ [ [ 111.474161768026477, 1.436971556613969 ], [ 111.458457325387883, 1.439826909821022 ], [ 111.456881662410055, 1.445578060392934 ], [ 111.466781774142447, 1.45382815350523 ], [ 111.464479422576957, 1.466874812376302 ], [ 111.458339818402337, 1.476237708742601 ], [ 111.458339818402337, 1.486521545735093 ], [ 111.452353704332083, 1.499261224397433 ], [ 111.447035912559897, 1.502644680374829 ], [ 111.445293159531261, 1.511233452537946 ], [ 111.45020484287096, 1.518447487443127 ], [ 111.447442020992384, 1.524433601513383 ], [ 111.443067553017116, 1.52569989487182 ], [ 111.44452570900944, 1.534717438505875 ], [ 111.438769830094884, 1.538900043847268 ], [ 111.4380791246261, 1.54592221612456 ], [ 111.442683827757065, 1.554978132282128 ], [ 111.42702783711178, 1.555285112490859 ], [ 111.42702783711178, 1.560196795830556 ], [ 111.42419308690404, 1.561179421118368 ], [ 111.436313988425724, 1.577426060042984 ], [ 111.426797601955045, 1.581109822547762 ], [ 111.427411562371816, 1.592621580375257 ], [ 111.440227986087223, 1.588438975033818 ], [ 111.441325206146018, 1.60115436601626 ], [ 111.447595511096765, 1.598876302130675 ], [ 111.450358332975355, 1.607932218288243 ], [ 111.433627911599501, 1.614839272984692 ], [ 111.427445016945342, 1.624413597348166 ], [ 111.452746618974004, 1.635418604500103 ], [ 111.471306414819423, 1.646840017328259 ], [ 111.482727827647352, 1.655406076949191 ], [ 111.498432270285946, 1.671110519587558 ], [ 111.504142976699825, 1.681104255812102 ], [ 111.51556438952781, 1.688242638829593 ], [ 111.528413478959351, 1.689670315433204 ], [ 111.542690244994333, 1.686814962226151 ], [ 111.54697327480477, 1.672538196191169 ], [ 111.555539334425873, 1.655406076949191 ], [ 111.589803572909716, 1.65397840034575 ], [ 111.602652662341313, 1.658261430156188 ], [ 111.625495487997171, 1.658261430156188 ], [ 111.63431622305751, 1.659082795565548 ], [ 111.641376767857452, 1.644040765337758 ], [ 111.654883897041628, 1.63544531949328 ], [ 111.669753462705728, 1.636846281103715 ], [ 111.698306994775692, 1.65397840034575 ], [ 111.708298453360882, 1.658161854939401 ], [ 111.73408479089521, 1.65938977577428 ], [ 111.741452315904766, 1.646189626798828 ], [ 111.755266425297677, 1.627770814274941 ], [ 111.767238653438199, 1.615184625716952 ], [ 111.778903901370001, 1.602291456950231 ], [ 111.781973703457325, 1.579574921504103 ], [ 111.772534062038645, 1.579843529189347 ], [ 111.762096734941778, 1.580150509398078 ], [ 111.756878071393359, 1.56111773645675 ], [ 111.748275675898128, 1.562607097721809 ], [ 111.741137292880637, 1.5697454807393 ], [ 111.737231338034562, 1.558968874995632 ], [ 111.727714951563897, 1.557740954160707 ], [ 111.721959072649653, 1.56161657929339 ], [ 111.717277624467044, 1.557433973951976 ], [ 111.704017701189571, 1.555468714704318 ], [ 111.698306994775692, 1.546902655083386 ], [ 111.686579603593927, 1.544233824976539 ], [ 111.68381678171535, 1.534410458297144 ], [ 111.664042756291678, 1.531198212444792 ], [ 111.65262134346375, 1.536908918858842 ], [ 111.652811780633513, 1.546382686437657 ], [ 111.636916900825156, 1.558324067911315 ], [ 111.621212458186733, 1.562607097721809 ], [ 111.61750905662943, 1.550987389568624 ], [ 111.597248362853179, 1.535638379132069 ], [ 111.595713461809524, 1.526121992661404 ], [ 111.584662174295204, 1.525201052035211 ], [ 111.573610886780884, 1.511693922851043 ], [ 111.558394687632756, 1.506927710185266 ], [ 111.569816100460855, 1.495506297357338 ], [ 111.55427113363082, 1.48314476343905 ], [ 111.557954896135584, 1.470865555089806 ], [ 111.548822234925083, 1.476890041683534 ], [ 111.542298905490298, 1.475470258220772 ], [ 111.535852321106958, 1.471172535298537 ], [ 111.534317420063289, 1.465646891541377 ], [ 111.522702772545301, 1.464097412080321 ], [ 111.514056726287052, 1.450297881104822 ], [ 111.509853683113931, 1.45695902906283 ], [ 111.499859946889387, 1.45695902906283 ], [ 111.474161768026477, 1.436971556613969 ] ] ] ] } },
{ "type": "Feature", "properties": { "Id": 543, "NEGERI": "SARAWAK", "KODPAR": "P. 205", "PARLIMEN": "SARATOK", "KODDUN": "N. 38", "NAMADUN": "KALAKA", "KODUNIK": "P. 205_N. 38", "BILANGAN_P": 18905, "PERATUS_EQ": 76.08 }, "geometry": { "type": "MultiPolygon", "coordinates": [ [ [ [ 111.396636796447353, 1.662574695442379 ], [ 111.351587450815856, 1.672282944541002 ], [ 111.323345271612567, 1.67596670704578 ], [ 111.278219180929042, 1.687017994560112 ], [ 111.231558189201863, 1.69714834144825 ], [ 111.182134375596092, 1.724162599816617 ], [ 111.152894510714859, 1.731952222615609 ], [ 111.146524671382608, 1.736288318061536 ], [ 111.096793877568757, 1.784637700936712 ], [ 111.101538174513337, 1.791035354281519 ], [ 111.117242617151931, 1.792463030884903 ], [ 111.127236353376418, 1.795318384091956 ], [ 111.128664029979859, 1.809595150126938 ], [ 111.140085442807788, 1.821016562954867 ], [ 111.150079179032332, 1.818161209748041 ], [ 111.160072915256876, 1.82387191616192 ], [ 111.172922004688246, 1.828154945972358 ], [ 111.190054123930224, 1.816733533144429 ], [ 111.195764830344331, 1.826727269368973 ], [ 111.204330889965206, 1.84243171200734 ], [ 111.21432462618975, 1.856708478042322 ], [ 111.218607656000188, 1.873840597284357 ], [ 111.215752302793192, 1.885262010112285 ], [ 111.217179979396803, 1.895255746336829 ], [ 111.234312098638782, 1.913815542182249 ], [ 111.242878158259714, 1.90239412935432 ], [ 111.258582600898137, 1.893828069733388 ], [ 111.26714866051924, 1.88954503992295 ], [ 111.277142396743727, 1.879551303698406 ], [ 111.281425426554222, 1.883834333508901 ], [ 111.297129869192588, 1.896683422940441 ], [ 111.299707795539518, 1.888397011487925 ], [ 111.294182151782351, 1.884406268774417 ], [ 111.293501039445189, 1.877518400343264 ], [ 111.306854678524999, 1.866467112828945 ], [ 111.313991968378005, 1.868769464394427 ], [ 111.312150087125616, 1.878669576126005 ], [ 111.319747847291708, 1.878899811282554 ], [ 111.336555013719746, 1.868078758924782 ], [ 111.345303949668576, 1.860711233915236 ], [ 111.349217947329905, 1.854034414375334 ], [ 111.353362180147769, 1.837227247947306 ], [ 111.342815520504587, 1.826727269368973 ], [ 111.330799134806028, 1.822261962771665 ], [ 111.32918748871019, 1.831931839346695 ], [ 111.314261988434623, 1.831010299179411 ], [ 111.301412899003083, 1.839576358800514 ], [ 111.291419162778709, 1.841004035403955 ], [ 111.289356806627282, 1.830780663563953 ], [ 111.275542697234386, 1.79808727133409 ], [ 111.278570073347169, 1.791035354281519 ], [ 111.29304056913206, 1.78703598381977 ], [ 111.296724331636838, 1.774603285366161 ], [ 111.284280779761218, 1.77104788183243 ], [ 111.292954230947473, 1.770516611335082 ], [ 111.299985222399641, 1.765337175418551 ], [ 111.309978958624185, 1.755343439194064 ], [ 111.317905966039291, 1.750198358772038 ], [ 111.329966431073046, 1.759626469004502 ], [ 111.328957253553611, 1.752961180650618 ], [ 111.330338664492899, 1.746975066580361 ], [ 111.338166659815542, 1.756644943155391 ], [ 111.344613244198896, 1.756644943155391 ], [ 111.344613244198896, 1.747896007206555 ], [ 111.348526226918636, 1.741066673159082 ], [ 111.359947639746622, 1.746777379573132 ], [ 111.372796729177992, 1.74534970296952 ], [ 111.385645818609532, 1.733928290141591 ], [ 111.378507435592041, 1.723934553917047 ], [ 111.361375316350006, 1.716796170899556 ], [ 111.359947639746622, 1.708230111278624 ], [ 111.389959976907292, 1.698683242491907 ], [ 111.388118095654903, 1.6781155685069 ], [ 111.394871660246991, 1.671668984123539 ], [ 111.396636796447353, 1.662574695442379 ] ] ] ] } },
{ "type": "Feature", "properties": { "Id": 544, "NEGERI": "SARAWAK", "KODPAR": "P. 205", "PARLIMEN": "SARATOK", "KODDUN": "N. 39", "NAMADUN": "KRIAN", "KODUNIK": "P. 205_N. 39", "BILANGAN_P": 12445, "PERATUS_EQ": 50.08 }, "geometry": { "type": "MultiPolygon", "coordinates": [ [ [ [ 111.427445016945342, 1.624413597348166 ], [ 111.426490621746339, 1.64864546846868 ], [ 111.41236953214468, 1.652636211182189 ], [ 111.396636796447353, 1.662574695442379 ], [ 111.394871660246991, 1.671668984123539 ], [ 111.388118095654903, 1.6781155685069 ], [ 111.389959976907292, 1.698683242491907 ], [ 111.359947639746622, 1.708230111278624 ], [ 111.361375316350006, 1.716796170899556 ], [ 111.378507435592041, 1.723934553917047 ], [ 111.385645818609532, 1.733928290141591 ], [ 111.372796729177992, 1.74534970296952 ], [ 111.359947639746622, 1.746777379573132 ], [ 111.348526226918636, 1.741066673159082 ], [ 111.344613244198896, 1.747896007206555 ], [ 111.344613244198896, 1.756644943155391 ], [ 111.338166659815542, 1.756644943155391 ], [ 111.330338664492899, 1.746975066580361 ], [ 111.328957253553611, 1.752961180650618 ], [ 111.329966431073046, 1.759626469004502 ], [ 111.317905966039291, 1.750198358772038 ], [ 111.309978958624185, 1.755343439194064 ], [ 111.299985222399641, 1.765337175418551 ], [ 111.292954230947473, 1.770516611335082 ], [ 111.284280779761218, 1.77104788183243 ], [ 111.296724331636838, 1.774603285366161 ], [ 111.29304056913206, 1.78703598381977 ], [ 111.278570073347169, 1.791035354281519 ], [ 111.275542697234386, 1.79808727133409 ], [ 111.289356806627282, 1.830780663563953 ], [ 111.291419162778709, 1.841004035403955 ], [ 111.301412899003083, 1.839576358800514 ], [ 111.314261988434623, 1.831010299179411 ], [ 111.32918748871019, 1.831931839346695 ], [ 111.330799134806028, 1.822261962771665 ], [ 111.342815520504587, 1.826727269368973 ], [ 111.353362180147769, 1.837227247947306 ], [ 111.349217947329905, 1.854034414375334 ], [ 111.345303949668576, 1.860711233915236 ], [ 111.336555013719746, 1.868078758924782 ], [ 111.328266548084002, 1.880511457378391 ], [ 111.324255724659167, 1.898111099543883 ], [ 111.332821784280043, 1.910960188975423 ], [ 111.334249460883655, 1.928092308217231 ], [ 111.324255724659167, 1.953790487080369 ], [ 111.328538754469605, 1.965211899908297 ], [ 111.337104814090537, 1.978060989339667 ], [ 111.337159381005478, 2.005663451223357 ], [ 111.349953903522078, 2.000903814995752 ], [ 111.373076065427057, 1.992463302247904 ], [ 111.408378789431183, 1.980491074107378 ], [ 111.43723492905194, 1.979877113689915 ], [ 111.432759146524916, 1.965211899908297 ], [ 111.431331469921531, 1.952362810476757 ], [ 111.452746618974004, 1.943796750855824 ], [ 111.451318942370392, 1.90239412935432 ], [ 111.471306414819423, 1.903821805957932 ], [ 111.477017121233473, 1.88954503992295 ], [ 111.489866210664843, 1.875268273887968 ], [ 111.499859946889387, 1.865274537663424 ], [ 111.512709036320928, 1.860991507852987 ], [ 111.518419742734807, 1.845287065214393 ], [ 111.522702772545301, 1.828154945972358 ], [ 111.545545598201386, 1.808167473523497 ], [ 111.549828628011824, 1.791035354281519 ], [ 111.582665189892225, 1.779613941453533 ], [ 111.598369632530819, 1.769620205229046 ], [ 111.61835710497968, 1.752488085987011 ], [ 111.631206194411277, 1.746777379573132 ], [ 111.629778517807665, 1.73250061353815 ], [ 111.626923164600782, 1.716796170899556 ], [ 111.632633871014662, 1.695381021847084 ], [ 111.626923164600782, 1.67967657920866 ], [ 111.61835710497968, 1.675393549398223 ], [ 111.625495487997171, 1.658261430156188 ], [ 111.602652662341313, 1.658261430156188 ], [ 111.589803572909716, 1.65397840034575 ], [ 111.555539334425873, 1.655406076949191 ], [ 111.54697327480477, 1.672538196191169 ], [ 111.542690244994333, 1.686814962226151 ], [ 111.528413478959351, 1.689670315433204 ], [ 111.51556438952781, 1.688242638829593 ], [ 111.504142976699825, 1.681104255812102 ], [ 111.498432270285946, 1.671110519587558 ], [ 111.482727827647352, 1.655406076949191 ], [ 111.471306414819423, 1.646840017328259 ], [ 111.452746618974004, 1.635418604500103 ], [ 111.427445016945342, 1.624413597348166 ] ] ] ] } },
{ "type": "Feature", "properties": { "Id": 545, "NEGERI": "SARAWAK", "KODPAR": "P. 205", "PARLIMEN": "SARATOK", "KODDUN": "N. 40", "NAMADUN": "KABONG", "KODUNIK": "P. 205_N. 40", "BILANGAN_P": 15112, "PERATUS_EQ": 60.81 }, "geometry": { "type": "MultiPolygon", "coordinates": [ [ [ [ 111.336555013719746, 1.868078758924782 ], [ 111.319747847291708, 1.878899811282554 ], [ 111.312150087125616, 1.878669576126005 ], [ 111.313991968378005, 1.868769464394427 ], [ 111.306854678524999, 1.866467112828945 ], [ 111.293501039445189, 1.877518400343264 ], [ 111.294182151782351, 1.884406268774417 ], [ 111.299707795539518, 1.888397011487925 ], [ 111.297129869192588, 1.896683422940441 ], [ 111.281425426554222, 1.883834333508901 ], [ 111.277142396743727, 1.879551303698406 ], [ 111.26714866051924, 1.88954503992295 ], [ 111.258582600898137, 1.893828069733388 ], [ 111.242878158259714, 1.90239412935432 ], [ 111.234312098638782, 1.913815542182249 ], [ 111.217179979396803, 1.895255746336829 ], [ 111.215752302793192, 1.885262010112285 ], [ 111.218607656000188, 1.873840597284357 ], [ 111.21432462618975, 1.856708478042322 ], [ 111.204330889965206, 1.84243171200734 ], [ 111.195764830344331, 1.826727269368973 ], [ 111.190054123930224, 1.816733533144429 ], [ 111.172922004688246, 1.828154945972358 ], [ 111.160072915256876, 1.82387191616192 ], [ 111.150079179032332, 1.818161209748041 ], [ 111.140085442807788, 1.821016562954867 ], [ 111.128664029979859, 1.809595150126938 ], [ 111.127236353376418, 1.795318384091956 ], [ 111.117242617151931, 1.792463030884903 ], [ 111.101538174513337, 1.791035354281519 ], [ 111.096769338080719, 1.809186675987632 ], [ 111.101052367891384, 1.819180412212177 ], [ 111.105335397701822, 1.837740208057596 ], [ 111.112473780719313, 1.852016974092578 ], [ 111.131033576564789, 1.880570506162542 ], [ 111.136744282978839, 1.904841008422068 ], [ 111.162442461841749, 1.940532923509522 ], [ 111.171008521462682, 1.96337574916538 ], [ 111.166725491652244, 1.987646251424906 ], [ 111.185285287497663, 2.02904887292641 ], [ 111.192423670515154, 2.040470285754395 ], [ 111.200989730136257, 2.02904887292641 ], [ 111.212411142964186, 2.024765843115972 ], [ 111.230970938809662, 2.034759579340289 ], [ 111.253046803813064, 2.037282412722695 ], [ 111.266662853897117, 2.024765843115972 ], [ 111.276656590121604, 2.034759579340289 ], [ 111.280939619932099, 2.021910489908919 ], [ 111.289884428860844, 2.012110035606717 ], [ 111.300935716375179, 2.004128550179699 ], [ 111.307689280967267, 2.002286668927311 ], [ 111.337159381005478, 2.005663451223357 ], [ 111.337104814090537, 1.978060989339667 ], [ 111.328538754469605, 1.965211899908297 ], [ 111.324255724659167, 1.953790487080369 ], [ 111.334249460883655, 1.928092308217231 ], [ 111.332821784280043, 1.910960188975423 ], [ 111.324255724659167, 1.898111099543883 ], [ 111.328266548084002, 1.880511457378391 ], [ 111.336555013719746, 1.868078758924782 ] ] ] ] } },
{ "type": "Feature", "properties": { "Id": 546, "NEGERI": "SARAWAK", "KODPAR": "P. 206", "PARLIMEN": "TANJONG MANIS", "KODDUN": "N. 41", "NAMADUN": "KUALA RAJANG", "KODUNIK": "P. 206_N. 41", "BILANGAN_P": 19004, "PERATUS_EQ": 76.48 }, "geometry": { "type": "MultiPolygon", "coordinates": [ [ [ [ 111.43723492905194, 1.979877113689915 ], [ 111.408378789431183, 1.980491074107378 ], [ 111.373076065427057, 1.992463302247904 ], [ 111.349953903522078, 2.000903814995752 ], [ 111.337159381005478, 2.005663451223357 ], [ 111.307689280967267, 2.002286668927311 ], [ 111.300935716375179, 2.004128550179699 ], [ 111.289884428860844, 2.012110035606717 ], [ 111.280939619932099, 2.021910489908919 ], [ 111.276656590121604, 2.034759579340289 ], [ 111.266662853897117, 2.024765843115972 ], [ 111.253046803813064, 2.037282412722695 ], [ 111.230970938809662, 2.034759579340289 ], [ 111.212411142964186, 2.024765843115972 ], [ 111.200989730136257, 2.02904887292641 ], [ 111.192423670515154, 2.040470285754395 ], [ 111.193851347118766, 2.064883555674157 ], [ 111.202417406739698, 2.074877291898645 ], [ 111.208556874764668, 2.090929045665177 ], [ 111.209932600000059, 2.094320300000163 ], [ 111.212679200000139, 2.095006400000102 ], [ 111.217894300000182, 2.08627660000019 ], [ 111.220024000000137, 2.089581800000133 ], [ 111.222112300000106, 2.092823 ], [ 111.225720400000228, 2.098422600000106 ], [ 111.230188600000076, 2.105470700000126 ], [ 111.232076900000152, 2.112504100000137 ], [ 111.235853400000167, 2.119880500000249 ], [ 111.249409600000263, 2.133246100000179 ], [ 111.244112200000131, 2.141197200000079 ], [ 111.238085, 2.150243500000215 ], [ 111.226669800000082, 2.147637100000225 ], [ 111.215082400000199, 2.149042700000166 ], [ 111.203409400000169, 2.143553400000201 ], [ 111.180235200000141, 2.137034800000151 ], [ 111.16958084485924, 2.147688798676995 ], [ 111.162442461841749, 2.161965564711977 ], [ 111.166725491652244, 2.18338071376445 ], [ 111.185285287497663, 2.191946773385553 ], [ 111.193851347118766, 2.204795862816923 ], [ 111.203845083343083, 2.214789599041467 ], [ 111.190995993911713, 2.234777071490498 ], [ 111.189568317308101, 2.294739488837479 ], [ 111.196706700325592, 2.294739488837479 ], [ 111.209555789757189, 2.286173429216376 ], [ 111.223832555792171, 2.271896663181394 ], [ 111.236681645223712, 2.246198484318427 ], [ 111.259524470879626, 2.244770807715042 ], [ 111.279511943328657, 2.240487777904377 ], [ 111.282367296535654, 2.259047573750024 ], [ 111.282367296535654, 2.286173429216376 ], [ 111.302354768984571, 2.277607369595444 ], [ 111.323769918037044, 2.2676136333709 ], [ 111.343757390486076, 2.253336867335918 ], [ 111.350895773503566, 2.233349394886886 ], [ 111.350666510188702, 2.204586626481228 ], [ 111.360889509728054, 2.201940509610097 ], [ 111.362638738329224, 2.21625187441302 ], [ 111.382304658780527, 2.217644952248463 ], [ 111.381364531061848, 2.207656428568542 ], [ 111.398555422750803, 2.203665685855034 ], [ 111.399476363376991, 2.196298160845481 ], [ 111.407457848804015, 2.194149299384362 ], [ 111.406843888386547, 2.18923761604466 ], [ 111.427990310092525, 2.186236066971503 ], [ 111.436620968633491, 2.201823804602646 ], [ 111.458723543663169, 2.213182072325816 ], [ 111.464863147837804, 2.196605141054318 ], [ 111.479291217647145, 2.182177071243839 ], [ 111.489728544744011, 2.188316675418466 ], [ 111.491570425997438, 2.210726230655965 ], [ 111.481747059318025, 2.20980529002977 ], [ 111.48297498015296, 2.215023953578205 ], [ 111.489728544745049, 2.221470537961565 ], [ 111.484202900987881, 2.23313578589336 ], [ 111.470388791594971, 2.23098692443224 ], [ 111.46455616762907, 2.248791776538664 ], [ 111.457188642619514, 2.24787083591247 ], [ 111.452890919697268, 2.255852321339488 ], [ 111.442760572809135, 2.258922123426802 ], [ 111.441839632182948, 2.268745490106209 ], [ 111.447672256148834, 2.268438509897477 ], [ 111.454118840532203, 2.270280391149866 ], [ 111.462100325959213, 2.260764004679191 ], [ 111.468546910342582, 2.265061727601431 ], [ 111.493412307249827, 2.24357311299023 ], [ 111.510910179147515, 2.218707716082982 ], [ 111.503657170077872, 2.207651216023976 ], [ 111.499374140267435, 2.193374449988994 ], [ 111.508147357268939, 2.191693457714615 ], [ 111.509375278102823, 2.201823804602646 ], [ 111.515514882277444, 2.197219101471676 ], [ 111.522882407287, 2.201823804602646 ], [ 111.549282705238952, 2.190158556670958 ], [ 111.550510626073873, 2.178186328530431 ], [ 111.552045527117528, 2.164372219137516 ], [ 111.540776761768768, 2.156254858298098 ], [ 111.527927672337398, 2.154827181694486 ], [ 111.52364464252679, 2.149116475280607 ], [ 111.522575427079389, 2.141348703482658 ], [ 111.520789289319907, 2.130556679435188 ], [ 111.522268446870584, 2.116790286784141 ], [ 111.516435822903674, 2.117250757097155 ], [ 111.512291590085809, 2.129376475342044 ], [ 111.491877406206171, 2.134288158681834 ], [ 111.484509881196615, 2.167749001433561 ], [ 111.475914435352138, 2.172353704564533 ], [ 111.469392931593859, 2.166248594522642 ], [ 111.46368222517998, 2.160537888108536 ], [ 111.465784088463991, 2.153934892040646 ], [ 111.471309732221158, 2.138278901395342 ], [ 111.485430821822803, 2.118632168036529 ], [ 111.475103638007909, 2.107713853779103 ], [ 111.465109901783421, 2.093437087744121 ], [ 111.450833135748439, 2.083443351519577 ], [ 111.445830374896445, 2.080259641945098 ], [ 111.443374533226589, 2.057850086707703 ], [ 111.449821117609957, 2.030221867921872 ], [ 111.453504880113783, 2.004128550179646 ], [ 111.439411722920454, 1.986361342481757 ], [ 111.43723492905194, 1.979877113689915 ] ] ] ] } },
{ "type": "Feature", "properties": { "Id": 547, "NEGERI": "SARAWAK", "KODPAR": "P. 206", "PARLIMEN": "TANJONG MANIS", "KODDUN": "N. 42", "NAMADUN": "SEMOP", "KODUNIK": "P. 206_N. 42", "BILANGAN_P": 15057, "PERATUS_EQ": 60.59 }, "geometry": { "type": "MultiPolygon", "coordinates": [ [ [ [ 111.549282705238952, 2.190158556670958 ], [ 111.522882407287, 2.201823804602646 ], [ 111.515514882277444, 2.197219101471676 ], [ 111.509375278102823, 2.201823804602646 ], [ 111.508147357268939, 2.191693457714615 ], [ 111.499374140267435, 2.193374449988994 ], [ 111.503657170077872, 2.207651216023976 ], [ 111.510910179147515, 2.218707716082982 ], [ 111.493412307249827, 2.24357311299023 ], [ 111.468546910342582, 2.265061727601431 ], [ 111.462100325959213, 2.260764004679191 ], [ 111.454118840532203, 2.270280391149866 ], [ 111.447672256148834, 2.268438509897477 ], [ 111.441839632182948, 2.268745490106209 ], [ 111.442760572809135, 2.258922123426802 ], [ 111.452890919697268, 2.255852321339488 ], [ 111.457188642619514, 2.24787083591247 ], [ 111.46455616762907, 2.248791776538664 ], [ 111.470388791594971, 2.23098692443224 ], [ 111.484202900987881, 2.23313578589336 ], [ 111.489728544745049, 2.221470537961565 ], [ 111.48297498015296, 2.215023953578205 ], [ 111.481747059318025, 2.20980529002977 ], [ 111.491570425997438, 2.210726230655965 ], [ 111.489728544744011, 2.188316675418466 ], [ 111.479291217647145, 2.182177071243839 ], [ 111.464863147837804, 2.196605141054318 ], [ 111.458723543663169, 2.213182072325816 ], [ 111.436620968633491, 2.201823804602646 ], [ 111.427990310092525, 2.186236066971503 ], [ 111.406843888386547, 2.18923761604466 ], [ 111.407457848804015, 2.194149299384362 ], [ 111.399476363376991, 2.196298160845481 ], [ 111.398555422750803, 2.203665685855034 ], [ 111.381364531061848, 2.207656428568542 ], [ 111.382304658780527, 2.217644952248463 ], [ 111.362638738329224, 2.21625187441302 ], [ 111.360889509728054, 2.201940509610097 ], [ 111.350666510188702, 2.204586626481228 ], [ 111.350895773503566, 2.233349394886886 ], [ 111.343757390486076, 2.253336867335918 ], [ 111.323769918037044, 2.2676136333709 ], [ 111.302354768984571, 2.277607369595444 ], [ 111.282367296535654, 2.286173429216376 ], [ 111.282367296535654, 2.259047573750024 ], [ 111.279511943328657, 2.240487777904377 ], [ 111.259524470879626, 2.244770807715042 ], [ 111.236681645223712, 2.246198484318427 ], [ 111.223832555792171, 2.271896663181394 ], [ 111.209555789757189, 2.286173429216376 ], [ 111.196706700325592, 2.294739488837479 ], [ 111.189568317308101, 2.294739488837479 ], [ 111.185859700000094, 2.3325843 ], [ 111.184698300000093, 2.359679600000106 ], [ 111.186635491920242, 2.368771574169784 ], [ 111.186782300000232, 2.369460600000309 ], [ 111.189676500000246, 2.379918299999929 ], [ 111.194163700000274, 2.38969920000028 ], [ 111.195041155930028, 2.390929177872351 ], [ 111.206012209732023, 2.40401223802013 ], [ 111.207124344853241, 2.407186933921139 ], [ 111.230389900000205, 2.428960100000324 ], [ 111.24100330000033, 2.434801500000276 ], [ 111.250848450713477, 2.437633435491705 ], [ 111.252637354868398, 2.434237642884625 ], [ 111.259910000000218, 2.417140900000277 ], [ 111.270038000000341, 2.412853100000405 ], [ 111.292501700000344, 2.402214900000388 ], [ 111.301771400000291, 2.401528800000278 ], [ 111.314326700000322, 2.394844600000397 ], [ 111.327887900000292, 2.391071300000306 ], [ 111.328550600000199, 2.3867788000004 ], [ 111.327863900000239, 2.383691600000418 ], [ 111.324626400000227, 2.379580000000374 ], [ 111.311923400000239, 2.369975200000397 ], [ 111.31085150000041, 2.364867300000185 ], [ 111.309691800000337, 2.359341200000188 ], [ 111.32342470000026, 2.368431500000213 ], [ 111.329947900000377, 2.3686031000002 ], [ 111.354838800000323, 2.339788300000293 ], [ 111.359302000000298, 2.336186399999974 ], [ 111.37183320000031, 2.337558500000171 ], [ 111.376124800000298, 2.340474400000403 ], [ 111.38093130000027, 2.349564799999882 ], [ 111.386081100000354, 2.362428500000192 ], [ 111.389342700000213, 2.364486700000327 ], [ 111.410457000000349, 2.358826699999895 ], [ 111.416636900000299, 2.359855800000332 ], [ 111.428309800000306, 2.367917 ], [ 111.439639500000339, 2.376664200000334 ], [ 111.449080900000297, 2.368260000000419 ], [ 111.454266300000313, 2.364419000000396 ], [ 111.459037200000353, 2.360884900000372 ], [ 111.465874100000121, 2.367346699999985 ], [ 111.510795553095363, 2.324720697510827 ], [ 111.550770497993312, 2.310443931475845 ], [ 111.563619587424853, 2.30187787185497 ], [ 111.579324030063276, 2.274752016388391 ], [ 111.597883825908696, 2.254764543939359 ], [ 111.610732915340236, 2.240487777904377 ], [ 111.63357574099615, 2.209078892627588 ], [ 111.630720387789154, 2.15197182848766 ], [ 111.612160591943677, 2.16482091791903 ], [ 111.589317766287763, 2.169103947729468 ], [ 111.587890089684208, 2.186236066971503 ], [ 111.580751706666717, 2.191946773385553 ], [ 111.563619587424853, 2.187663743575115 ], [ 111.549282705238952, 2.190158556670958 ] ] ], [ [ [ 111.395697800000107, 2.720327500000167 ], [ 111.393981200000155, 2.717755400000158 ], [ 111.392264600000033, 2.722899500000153 ], [ 111.392264600000033, 2.726328800000204 ], [ 111.391406300000085, 2.729758200000106 ], [ 111.390153100000134, 2.735348000000215 ], [ 111.389294800000187, 2.741692200000216 ], [ 111.388316400000065, 2.746390300000087 ], [ 111.386548300000129, 2.74889370000011 ], [ 111.384883100000195, 2.750334 ], [ 111.383338200000082, 2.752905900000087 ], [ 111.385175000000174, 2.754380500000195 ], [ 111.38694310000011, 2.756335200000137 ], [ 111.390204600000118, 2.757535400000108 ], [ 111.390891300000135, 2.75942149999986 ], [ 111.39277960000004, 2.760278800000094 ], [ 111.395646300000067, 2.762439300000153 ], [ 111.397414400000173, 2.762850800000081 ], [ 111.399474400000088, 2.764736800000207 ], [ 111.401654500000177, 2.764839700000152 ], [ 111.403371100000129, 2.766211399999975 ], [ 111.405482500000176, 2.763879500000144 ], [ 111.404795900000238, 2.762164900000187 ], [ 111.40376590000011, 2.757364000000166 ], [ 111.400676, 2.74776200000025 ], [ 111.398221200000137, 2.738262900000166 ], [ 111.397242800000186, 2.73438780000015 ], [ 111.397242800000186, 2.730787000000134 ], [ 111.397071100000176, 2.727357600000232 ], [ 111.396041100000048, 2.724099800000147 ], [ 111.395697800000107, 2.720327500000167 ] ] ], [ [ [ 111.419644600000083, 2.376255800000138 ], [ 111.419383400000186, 2.372719400000108 ], [ 111.412615000000244, 2.368451900000139 ], [ 111.403075600000193, 2.371004299999925 ], [ 111.395522500000141, 2.374091500000134 ], [ 111.388141100000098, 2.373405500000217 ], [ 111.380588000000103, 2.371690300000182 ], [ 111.373893200000225, 2.365515800000196 ], [ 111.36943, 2.350765400000114 ], [ 111.366168400000163, 2.347849600000075 ], [ 111.362220200000195, 2.347163600000158 ], [ 111.350203900000167, 2.361399400000153 ], [ 111.345569000000182, 2.370146700000021 ], [ 111.344882400000245, 2.372204900000156 ], [ 111.346084000000189, 2.384725300000127 ], [ 111.34419580000008, 2.397417200000064 ], [ 111.339839200000199, 2.404289400000096 ], [ 111.33564210000003, 2.410352299999886 ], [ 111.329776200000197, 2.415425800000094 ], [ 111.318115400000124, 2.422529400000087 ], [ 111.306803, 2.428000499999939 ], [ 111.301438500000131, 2.43510090000018 ], [ 111.299731900000154, 2.453158000000144 ], [ 111.301224000000161, 2.466160300000183 ], [ 111.310785500000065, 2.506034000000113 ], [ 111.310794100000066, 2.513091100000167 ], [ 111.309163300000137, 2.516015099999947 ], [ 111.304539400000181, 2.532157200000086 ], [ 111.305695700000115, 2.534468000000174 ], [ 111.302968100000044, 2.542783000000156 ], [ 111.304279500000177, 2.545177700000238 ], [ 111.306330900000091, 2.545700700000168 ], [ 111.304099300000189, 2.546206600000119 ], [ 111.302511400000071, 2.548178800000187 ], [ 111.295855700000061, 2.566079000000173 ], [ 111.294134400000075, 2.577426300000241 ], [ 111.28356, 2.635585100000185 ], [ 111.282392700000059, 2.642975800000045 ], [ 111.281294100000139, 2.649449099999913 ], [ 111.280890700000157, 2.658031600000186 ], [ 111.28074480000015, 2.662490000000162 ], [ 111.282624500000054, 2.666759700000114 ], [ 111.280950800000141, 2.667968599999938 ], [ 111.279955100000166, 2.670712200000139 ], [ 111.279882000000157, 2.676363700000195 ], [ 111.281294100000139, 2.6931924000001 ], [ 111.282744600000058, 2.695747300000107 ], [ 111.28440970000014, 2.698842300000251 ], [ 111.282684500000073, 2.701585900000225 ], [ 111.281354200000123, 2.705846900000154 ], [ 111.281663200000139, 2.710690900000202 ], [ 111.282976400000052, 2.715809300000217 ], [ 111.283345400000201, 2.723962600000164 ], [ 111.286804400000051, 2.73456780000015 ], [ 111.288589700000159, 2.745841600000176 ], [ 111.291542300000231, 2.753043100000241 ], [ 111.295559100000219, 2.761316199999953 ], [ 111.301387000000148, 2.770317900000123 ], [ 111.306596600000205, 2.780670700000144 ], [ 111.310605300000077, 2.785389200000111 ], [ 111.313205900000128, 2.78850970000002 ], [ 111.314270200000124, 2.791724600000123 ], [ 111.318372900000099, 2.794579300000237 ], [ 111.322896200000059, 2.796936900000105 ], [ 111.326784300000099, 2.799680200000239 ], [ 111.330938600000081, 2.801943400000255 ], [ 111.334500500000104, 2.801806200000101 ], [ 111.338989500000082, 2.80034030000013 ], [ 111.348156200000233, 2.793302 ], [ 111.35027620000011, 2.787695300000166 ], [ 111.353563500000178, 2.779611000000216 ], [ 111.356541800000173, 2.769872100000157 ], [ 111.361296900000184, 2.759910200000149 ], [ 111.364155, 2.753017400000033 ], [ 111.367768500000068, 2.746861800000204 ], [ 111.371982800000069, 2.742661 ], [ 111.37622280000005, 2.738905900000248 ], [ 111.382437000000152, 2.735596600000179 ], [ 111.385063400000206, 2.732450200000244 ], [ 111.387595400000066, 2.723028100000136 ], [ 111.388857100000223, 2.718389899999863 ], [ 111.387792800000057, 2.715123400000152 ], [ 111.385097700000188, 2.712705700000129 ], [ 111.382849000000135, 2.710159400000123 ], [ 111.380497200000036, 2.704672300000141 ], [ 111.379544500000065, 2.69848230000008 ], [ 111.382647900000165, 2.657059500000059 ], [ 111.384694300000035, 2.61583040000005 ], [ 111.38402120000012, 2.604415000000245 ], [ 111.382986300000084, 2.594549299999983 ], [ 111.3783564000002, 2.575090900000077 ], [ 111.377326400000243, 2.545251700000165 ], [ 111.380416300000093, 2.518155600000114 ], [ 111.379112500000247, 2.5059111999999 ], [ 111.37930410000007, 2.500777600000049 ], [ 111.378814900000123, 2.49699610000016 ], [ 111.377841400000023, 2.493974500000093 ], [ 111.378205500000149, 2.48904710000005 ], [ 111.380244600000083, 2.483684600000117 ], [ 111.390544300000158, 2.470821999999885 ], [ 111.393878200000188, 2.466391800000167 ], [ 111.397239100000093, 2.456930300000124 ], [ 111.401702300000238, 2.42039949999986 ], [ 111.406680500000164, 2.401705000000106 ], [ 111.411315400000149, 2.392786400000091 ], [ 111.422645000000216, 2.382324200000255 ], [ 111.422348200000158, 2.379531699999916 ], [ 111.419644600000083, 2.376255800000138 ] ] ] ] } },
{ "type": "Feature", "properties": { "Id": 548, "NEGERI": "SARAWAK", "KODPAR": "P. 207", "PARLIMEN": "IGAN", "KODDUN": "N. 43", "NAMADUN": "DARO", "KODUNIK": "P. 207_N. 43", "BILANGAN_P": 14843, "PERATUS_EQ": 59.73 }, "geometry": { "type": "MultiPolygon", "coordinates": [ [ [ [ 111.610732915340236, 2.240487777904377 ], [ 111.597883825908696, 2.254764543939359 ], [ 111.579324030063276, 2.274752016388391 ], [ 111.563619587424853, 2.30187787185497 ], [ 111.550770497993312, 2.310443931475845 ], [ 111.510795553095363, 2.324720697510827 ], [ 111.465874100000121, 2.367346699999985 ], [ 111.47174020000017, 2.372890900000243 ], [ 111.46332880000017, 2.378893900000094 ], [ 111.441527800000074, 2.3912428000001 ], [ 111.431571400000166, 2.397417200000064 ], [ 111.419040100000188, 2.40993750000024 ], [ 111.413375300000098, 2.418856000000233 ], [ 111.411315400000149, 2.427945900000225 ], [ 111.413032000000101, 2.445268000000112 ], [ 111.411830300000133, 2.457959300000198 ], [ 111.406337200000223, 2.46687750000001 ], [ 111.39412520000019, 2.482479400000216 ], [ 111.392089300000123, 2.486943100000246 ], [ 111.396724100000085, 2.490201600000205 ], [ 111.404253300000107, 2.490196900000171 ], [ 111.417323500000066, 2.488829600000201 ], [ 111.437236200000086, 2.482312600000114 ], [ 111.441030600000147, 2.491248100000121 ], [ 111.444446000000141, 2.499291 ], [ 111.431204100000173, 2.505974700000195 ], [ 111.421958400000051, 2.512667800000088 ], [ 111.405478900000048, 2.524329500000078 ], [ 111.399985700000116, 2.529131300000188 ], [ 111.396895800000095, 2.534104599999921 ], [ 111.396520500000122, 2.544685200000174 ], [ 111.399470700000165, 2.563258200000178 ], [ 111.413286000000141, 2.608634100000074 ], [ 111.419531100000142, 2.629961200000253 ], [ 111.425906600000246, 2.656202200000166 ], [ 111.428972500000043, 2.668372300000158 ], [ 111.461639855644947, 2.664596469265175 ], [ 111.465323618149725, 2.677489638031893 ], [ 111.462253816062415, 2.658149884881817 ], [ 111.477909806707714, 2.657842904673085 ], [ 111.47760282649898, 2.632977507765845 ], [ 111.473305103576749, 2.618856418164202 ], [ 111.462789927302822, 2.602748818737211 ], [ 111.469314360863237, 2.586316516038678 ], [ 111.484205076355295, 2.598465788926603 ], [ 111.512758608425258, 2.598465788926603 ], [ 111.589853145014047, 2.60845952515109 ], [ 111.626488227733688, 2.609953992110992 ], [ 111.644104855947091, 2.631302350807175 ], [ 111.659028129859223, 2.649861419246069 ], [ 111.681744665305345, 2.67503379636204 ], [ 111.673149219460868, 2.682708301580325 ], [ 111.686042388227577, 2.705117856817714 ], [ 111.698356566880022, 2.715535270413454 ], [ 111.714284567430866, 2.721694788089208 ], [ 111.736694122668254, 2.724150629759059 ], [ 111.729019617449978, 2.711564441201073 ], [ 111.731193128760424, 2.705541534188967 ], [ 111.725949815362654, 2.698978252643087 ], [ 111.725949815362654, 2.692838648468459 ], [ 111.735773182042067, 2.691610727633534 ], [ 111.743447687260343, 2.698978252643087 ], [ 111.751180601209455, 2.698403151171476 ], [ 111.762602014037441, 2.695547797964593 ], [ 111.78116180988286, 2.705541534188967 ], [ 111.788300192900351, 2.684126385136494 ], [ 111.772595750261928, 2.688409414947103 ], [ 111.771196410442258, 2.66741931765165 ], [ 111.769740397054932, 2.645579116842157 ], [ 111.765457367244437, 2.605604171944094 ], [ 111.761174337433829, 2.585616699495233 ], [ 111.758318984226946, 2.567056903649757 ], [ 111.772595750261928, 2.561346197235707 ], [ 111.772595750261928, 2.551352461011163 ], [ 111.770454235356624, 2.540644886484927 ], [ 111.76831272045132, 2.52993731195869 ], [ 111.75546363101995, 2.519943575734203 ], [ 111.759746660830388, 2.509949839509829 ], [ 111.762602014037441, 2.495673073474848 ], [ 111.759746660830388, 2.478540954232869 ], [ 111.749752924605843, 2.458553481783781 ], [ 111.738331511777915, 2.422861566696326 ], [ 111.725482422346374, 2.394308034626363 ], [ 111.70835030310451, 2.381458945194993 ], [ 111.691218183862532, 2.387169651608872 ], [ 111.665520004999564, 2.392880358022978 ], [ 111.644818694248841, 2.390738843117788 ], [ 111.62411738349806, 2.388597328212484 ], [ 111.61840667708401, 2.375748238780943 ], [ 111.621262030291007, 2.361471472745961 ], [ 111.636966472929601, 2.358616119538908 ], [ 111.64267717934348, 2.355760766331912 ], [ 111.648387885757586, 2.342911676900542 ], [ 111.648387885757586, 2.330062587468944 ], [ 111.649665233494161, 2.320625145381823 ], [ 111.652428055372752, 2.297908609935696 ], [ 111.659809298585515, 2.282949259553561 ], [ 111.677907412697451, 2.282559599499123 ], [ 111.684507487183993, 2.279336307307315 ], [ 111.681437685096668, 2.271354821880299 ], [ 111.67698647207142, 2.270433881254234 ], [ 111.671230711413443, 2.254395727483598 ], [ 111.656725778294984, 2.25216855883471 ], [ 111.65334899599894, 2.241117271320378 ], [ 111.646960209153974, 2.224414518810192 ], [ 111.631255766515551, 2.240118961448616 ], [ 111.610732915340236, 2.240487777904377 ] ] ] ] } },
{ "type": "Feature", "properties": { "Id": 549, "NEGERI": "SARAWAK", "KODPAR": "P. 207", "PARLIMEN": "IGAN", "KODDUN": "N. 44", "NAMADUN": "JEMORENG", "KODUNIK": "P. 207_N. 44", "BILANGAN_P": 14666, "PERATUS_EQ": 59.02 }, "geometry": { "type": "MultiPolygon", "coordinates": [ [ [ [ 111.78116180988286, 2.705541534188967 ], [ 111.762602014037441, 2.695547797964593 ], [ 111.751180601209455, 2.698403151171476 ], [ 111.743447687260343, 2.698978252643087 ], [ 111.735773182042067, 2.691610727633534 ], [ 111.725949815362654, 2.692838648468459 ], [ 111.725949815362654, 2.698978252643087 ], [ 111.731193128760424, 2.705541534188967 ], [ 111.729019617449978, 2.711564441201073 ], [ 111.736694122668254, 2.724150629759059 ], [ 111.714284567430866, 2.721694788089208 ], [ 111.698356566880022, 2.715535270413454 ], [ 111.686042388227577, 2.705117856817714 ], [ 111.673149219460868, 2.682708301580325 ], [ 111.681744665305345, 2.67503379636204 ], [ 111.659028129859223, 2.649861419246069 ], [ 111.644104855947091, 2.631302350807175 ], [ 111.626488227733688, 2.609953992110992 ], [ 111.589853145014047, 2.60845952515109 ], [ 111.512758608425258, 2.598465788926603 ], [ 111.484205076355295, 2.598465788926603 ], [ 111.469314360863237, 2.586316516038678 ], [ 111.462789927302822, 2.602748818737211 ], [ 111.473305103576749, 2.618856418164202 ], [ 111.47760282649898, 2.632977507765845 ], [ 111.477909806707714, 2.657842904673085 ], [ 111.462253816062415, 2.658149884881817 ], [ 111.465323618149725, 2.677489638031893 ], [ 111.461639855644947, 2.664596469265175 ], [ 111.428972500000043, 2.668372300000158 ], [ 111.428457500000093, 2.679689600000188 ], [ 111.430198100000212, 2.695298300000275 ], [ 111.43452160000038, 2.701753 ], [ 111.445851300000413, 2.707068500000332 ], [ 111.46796360000036, 2.713131199999964 ], [ 111.478263300000265, 2.721018699999945 ], [ 111.479840200000353, 2.734846300000072 ], [ 111.485620700000425, 2.740732700000422 ], [ 111.493401500000289, 2.74547720000038 ], [ 111.524587900000313, 2.756335900000352 ], [ 111.54558660000032, 2.765366900000288 ], [ 111.593995100000313, 2.790228500000126 ], [ 111.605268700000352, 2.800401000000363 ], [ 111.612135200000409, 2.813431600000285 ], [ 111.614538400000299, 2.821832900000288 ], [ 111.630043900000317, 2.844579400000327 ], [ 111.638742700000307, 2.849265100000423 ], [ 111.6466391000003, 2.849093600000231 ], [ 111.651673300000255, 2.84475080000027 ], [ 111.655222200000253, 2.837777900000106 ], [ 111.657147500000235, 2.829384600000196 ], [ 111.664835200000198, 2.826633600000321 ], [ 111.671757700000285, 2.825891200000342 ], [ 111.683774000000255, 2.813718000000335 ], [ 111.692700400000433, 2.8121749000004 ], [ 111.697622500000364, 2.809488200000317 ], [ 111.702944000000286, 2.805544700000326 ], [ 111.710497100000339, 2.807430700000225 ], [ 111.723543400000267, 2.801772700000356 ], [ 111.728062600000271, 2.811146200000337 ], [ 111.697506900000405, 2.824691000000371 ], [ 111.687995600000363, 2.830756400000382 ], [ 111.679286300000228, 2.833621400000311 ], [ 111.677765800000373, 2.835492500000385 ], [ 111.684574100000418, 2.840594200000282 ], [ 111.689267100000393, 2.84132180000023 ], [ 111.711808100000269, 2.848153700000296 ], [ 111.790324000000396, 2.864185000000305 ], [ 111.798293929125066, 2.812617279451501 ], [ 111.811143018556436, 2.80547889643401 ], [ 111.831130491005467, 2.809761926244448 ], [ 111.828275137798414, 2.766931628139503 ], [ 111.85254564005794, 2.749799508897695 ], [ 111.853500092091849, 2.740574070926447 ], [ 111.855400993264993, 2.715535270413625 ], [ 111.838268874022788, 2.709824563999575 ], [ 111.821136754780753, 2.712679917206458 ], [ 111.801149282331892, 2.712679917206458 ], [ 111.78116180988286, 2.705541534188967 ] ] ] ] } },
{ "type": "Feature", "properties": { "Id": 551, "NEGERI": "SARAWAK", "KODPAR": "P. 208", "PARLIMEN": "SARIKEI", "KODDUN": "N. 46", "NAMADUN": "MERADONG", "KODUNIK": "P. 208_N. 46", "BILANGAN_P": 24962, "PERATUS_EQ": 100.45 }, "geometry": { "type": "MultiPolygon", "coordinates": [ [ [ [ 111.522575427079389, 2.141348703482658 ], [ 111.52364464252679, 2.149116475280607 ], [ 111.527927672337398, 2.154827181694486 ], [ 111.540776761768768, 2.156254858298098 ], [ 111.552045527117528, 2.164372219137516 ], [ 111.550510626073873, 2.178186328530431 ], [ 111.549282705238952, 2.190158556670958 ], [ 111.563619587424853, 2.187663743575115 ], [ 111.580751706666717, 2.191946773385553 ], [ 111.587890089684208, 2.186236066971503 ], [ 111.589317766287763, 2.169103947729468 ], [ 111.612160591943677, 2.16482091791903 ], [ 111.630720387789154, 2.15197182848766 ], [ 111.63357574099615, 2.209078892627588 ], [ 111.610732915340236, 2.240487777904377 ], [ 111.631255766515551, 2.240118961448616 ], [ 111.646960209153974, 2.224414518810192 ], [ 111.65334899599894, 2.241117271320378 ], [ 111.656725778294984, 2.25216855883471 ], [ 111.671230711413443, 2.254395727483598 ], [ 111.67698647207142, 2.270433881254234 ], [ 111.681437685096668, 2.271354821880299 ], [ 111.684507487183993, 2.279336307307315 ], [ 111.693563403342765, 2.27335019323718 ], [ 111.697801359311882, 2.266638054358509 ], [ 111.706367418932984, 2.243795228702595 ], [ 111.707795095536426, 2.232373815874666 ], [ 111.724875384633535, 2.221317047857202 ], [ 111.71778883176097, 2.20810331361514 ], [ 111.727782567985457, 2.198109577390653 ], [ 111.737776304209831, 2.192398870976547 ], [ 111.757722266967804, 2.187549224896742 ], [ 111.757763776658862, 2.175266751734739 ], [ 111.767757512883406, 2.162417662303199 ], [ 111.789172661935879, 2.160989985699757 ], [ 111.794883368349758, 2.149568572871601 ], [ 111.787744985332267, 2.131008777026182 ], [ 111.783461955521773, 2.119587364198253 ], [ 111.779178925711335, 2.108165951370268 ], [ 111.780606602314776, 2.092461508731674 ], [ 111.784889632125385, 2.073901712886254 ], [ 111.790600338539264, 2.059624946851272 ], [ 111.790600338539264, 2.048203534023344 ], [ 111.783461955521773, 2.033926767988362 ], [ 111.774895895900897, 2.028216061574255 ], [ 111.763247910724886, 2.016100778320225 ], [ 111.765089791977275, 2.00443553038843 ], [ 111.735619691939064, 2.005356471014625 ], [ 111.723724208850314, 1.999025004211667 ], [ 111.713670607013654, 1.988012089221249 ], [ 111.706367418932984, 1.991096469883416 ], [ 111.700316967934924, 1.998909886631264 ], [ 111.673530857052413, 1.991096469883416 ], [ 111.662109444224427, 1.975392027244993 ], [ 111.661023501216221, 1.986784168386324 ], [ 111.648130332450577, 2.001979688718579 ], [ 111.646902411615656, 2.012417015815448 ], [ 111.630018500135421, 2.016407758528957 ], [ 111.614362509490093, 2.021012461659929 ], [ 111.583050528199493, 2.020705481451198 ], [ 111.576296963607405, 2.023775283538512 ], [ 111.582436567782011, 2.027766026252021 ], [ 111.587348251121711, 2.037896373140159 ], [ 111.593487855296345, 2.048333700237028 ], [ 111.598092558427311, 2.052324442950537 ], [ 111.59686463759239, 2.067980433595841 ], [ 111.590725033417755, 2.068594394013304 ], [ 111.590111073000301, 2.079031721110173 ], [ 111.577217904233578, 2.083329444032413 ], [ 111.573841121937534, 2.099906375303912 ], [ 111.562789834423199, 2.100520335721375 ], [ 111.554808348996175, 2.113413504488096 ], [ 111.544984982316777, 2.115562365949216 ], [ 111.540994239603279, 2.129069495133399 ], [ 111.533319734384989, 2.134595138890566 ], [ 111.522575427079389, 2.141348703482658 ] ] ] ] } },
{ "type": "Feature", "properties": { "Id": 550, "NEGERI": "SARAWAK", "KODPAR": "P. 208", "PARLIMEN": "SARIKEI", "KODDUN": "N. 45", "NAMADUN": "REPOK", "KODUNIK": "P. 208_N. 45", "BILANGAN_P": 32613, "PERATUS_EQ": 131.24 }, "geometry": { "type": "MultiPolygon", "coordinates": [ [ [ [ 111.453504880113783, 2.004128550179646 ], [ 111.449821117609957, 2.030221867921872 ], [ 111.443374533226589, 2.057850086707703 ], [ 111.445830374896445, 2.080259641945098 ], [ 111.450833135748439, 2.083443351519577 ], [ 111.465109901783421, 2.093437087744121 ], [ 111.475103638007909, 2.107713853779103 ], [ 111.485430821822803, 2.118632168036529 ], [ 111.471309732221158, 2.138278901395342 ], [ 111.465784088463991, 2.153934892040646 ], [ 111.46368222517998, 2.160537888108536 ], [ 111.469392931593859, 2.166248594522642 ], [ 111.475914435352138, 2.172353704564533 ], [ 111.484509881196615, 2.167749001433561 ], [ 111.491877406206171, 2.134288158681834 ], [ 111.512291590085809, 2.129376475342044 ], [ 111.516435822903674, 2.117250757097155 ], [ 111.522268446870584, 2.116790286784141 ], [ 111.520789289319907, 2.130556679435188 ], [ 111.522575427079389, 2.141348703482658 ], [ 111.533319734384989, 2.134595138890566 ], [ 111.540994239603279, 2.129069495133399 ], [ 111.544984982316777, 2.115562365949216 ], [ 111.554808348996175, 2.113413504488096 ], [ 111.562789834423199, 2.100520335721375 ], [ 111.573841121937534, 2.099906375303912 ], [ 111.577217904233578, 2.083329444032413 ], [ 111.590111073000301, 2.079031721110173 ], [ 111.590725033417755, 2.068594394013304 ], [ 111.59686463759239, 2.067980433595841 ], [ 111.598092558427311, 2.052324442950537 ], [ 111.593487855296345, 2.048333700237028 ], [ 111.587348251121711, 2.037896373140159 ], [ 111.582436567782011, 2.027766026252021 ], [ 111.576296963607405, 2.023775283538512 ], [ 111.571999240685159, 2.037896373140159 ], [ 111.571385280267691, 2.052017462741806 ], [ 111.556957210457313, 2.052324442950537 ], [ 111.552178345755067, 2.049631210626728 ], [ 111.548668744821569, 2.042808056479862 ], [ 111.540994239603279, 2.052938403368 ], [ 111.532091813550068, 2.042808056479862 ], [ 111.519505624992078, 2.046798799193371 ], [ 111.503082183823892, 2.042347586166701 ], [ 111.496498958218751, 2.041065151005853 ], [ 111.488193643700427, 2.033598650217857 ], [ 111.494026267667365, 2.021626422077392 ], [ 111.4894215645364, 2.017942659572614 ], [ 111.475607455142438, 2.030835828339275 ], [ 111.469373102752172, 2.022505355160376 ], [ 111.460807043131297, 2.005373235918398 ], [ 111.453504880113783, 2.004128550179646 ] ] ] ] } },
{ "type": "Feature", "properties": { "Id": 552, "NEGERI": "SARAWAK", "KODPAR": "P. 209", "PARLIMEN": "JULAU", "KODDUN": "N. 47", "NAMADUN": "PAKAN", "KODUNIK": "P. 209_N. 47", "BILANGAN_P": 14937, "PERATUS_EQ": 60.11 }, "geometry": { "type": "MultiPolygon", "coordinates": [ [ [ [ 111.698306994775692, 1.65397840034575 ], [ 111.669753462705728, 1.636846281103715 ], [ 111.654883897041628, 1.63544531949328 ], [ 111.641376767857452, 1.644040765337758 ], [ 111.63431622305751, 1.659082795565548 ], [ 111.625495487997171, 1.658261430156188 ], [ 111.61835710497968, 1.675393549398223 ], [ 111.626923164600782, 1.67967657920866 ], [ 111.632633871014662, 1.695381021847084 ], [ 111.626923164600782, 1.716796170899556 ], [ 111.629778517807665, 1.73250061353815 ], [ 111.631206194411277, 1.746777379573132 ], [ 111.61835710497968, 1.752488085987011 ], [ 111.598369632530819, 1.769620205229046 ], [ 111.582665189892225, 1.779613941453533 ], [ 111.549828628011824, 1.791035354281519 ], [ 111.545545598201386, 1.808167473523497 ], [ 111.522702772545301, 1.828154945972358 ], [ 111.518419742734807, 1.845287065214393 ], [ 111.512709036320928, 1.860991507852987 ], [ 111.499859946889387, 1.865274537663424 ], [ 111.489866210664843, 1.875268273887968 ], [ 111.477017121233473, 1.88954503992295 ], [ 111.471306414819423, 1.903821805957932 ], [ 111.451318942370392, 1.90239412935432 ], [ 111.452746618974004, 1.943796750855824 ], [ 111.431331469921531, 1.952362810476757 ], [ 111.432759146524916, 1.965211899908297 ], [ 111.43723492905194, 1.979877113689915 ], [ 111.439411722920454, 1.986361342481757 ], [ 111.453504880113783, 2.004128550179646 ], [ 111.460807043131297, 2.005373235918398 ], [ 111.469373102752172, 2.022505355160376 ], [ 111.475607455142438, 2.030835828339275 ], [ 111.4894215645364, 2.017942659572614 ], [ 111.494026267667365, 2.021626422077392 ], [ 111.488193643700427, 2.033598650217857 ], [ 111.496498958218751, 2.041065151005853 ], [ 111.503082183823892, 2.042347586166701 ], [ 111.519505624992078, 2.046798799193371 ], [ 111.532091813550068, 2.042808056479862 ], [ 111.540994239603279, 2.052938403368 ], [ 111.548668744821569, 2.042808056479862 ], [ 111.552178345755067, 2.049631210626728 ], [ 111.556957210457313, 2.052324442950537 ], [ 111.571385280267691, 2.052017462741806 ], [ 111.571999240685159, 2.037896373140159 ], [ 111.576296963607405, 2.023775283538512 ], [ 111.583050528199493, 2.020705481451198 ], [ 111.614362509490093, 2.021012461659929 ], [ 111.630018500135421, 2.016407758528957 ], [ 111.646902411615656, 2.012417015815448 ], [ 111.648130332450577, 2.001979688718579 ], [ 111.661023501216221, 1.986784168386324 ], [ 111.662109444224427, 1.975392027244993 ], [ 111.673530857052413, 1.991096469883416 ], [ 111.700316967934924, 1.998909886631264 ], [ 111.706367418932984, 1.991096469883416 ], [ 111.713670607013654, 1.988012089221249 ], [ 111.726410285677119, 1.971281667845434 ], [ 111.723340483589809, 1.958081518869982 ], [ 111.731014988808099, 1.946416270938187 ], [ 111.731935929434286, 1.93659290425878 ], [ 111.742373256531152, 1.936285924050049 ], [ 111.750968702375644, 1.93444404279766 ], [ 111.754652464880422, 1.929839339666688 ], [ 111.74449828155133, 1.924423972500108 ], [ 111.73991741486131, 1.922164834448402 ], [ 111.743294197157354, 1.914183349021385 ], [ 111.744215137783542, 1.903132061507052 ], [ 111.748205880497053, 1.896992457332423 ], [ 111.756801326341531, 1.89637849691496 ], [ 111.762326970098698, 1.885327209400628 ], [ 111.767545633647131, 1.882257407313314 ], [ 111.767238653438412, 1.872127060425176 ], [ 111.756494346132797, 1.859847852075918 ], [ 111.758950187802654, 1.852787307275094 ], [ 111.769694495108254, 1.842042999969494 ], [ 111.75864320759392, 1.824545128071801 ], [ 111.758336227385186, 1.809810078052691 ], [ 111.74449828155133, 1.8073544910132 ], [ 111.730094048180817, 1.803363493669336 ], [ 111.726717265884773, 1.786479582189111 ], [ 111.713824097118049, 1.78402374051926 ], [ 111.701544888768808, 1.760079284238214 ], [ 111.70891241377835, 1.753939680063586 ], [ 111.705535631482306, 1.746572155054034 ], [ 111.707684492943429, 1.741046511296869 ], [ 111.703386770021197, 1.738283689418287 ], [ 111.705228651273572, 1.725697500860301 ], [ 111.699703007516419, 1.720785817520599 ], [ 111.695957277032335, 1.700278745750836 ], [ 111.691721522089395, 1.68272027163791 ], [ 111.698306994775692, 1.65397840034575 ] ] ] ] } },
{ "type": "Feature", "properties": { "Id": 553, "NEGERI": "SARAWAK", "KODPAR": "P. 209", "PARLIMEN": "JULAU", "KODDUN": "N. 48", "NAMADUN": "MELUAN", "KODUNIK": "P. 209_N. 48", "BILANGAN_P": 21405, "PERATUS_EQ": 86.14 }, "geometry": { "type": "MultiPolygon", "coordinates": [ [ [ [ 111.996691404906699, 1.568317804135859 ], [ 111.97955928566472, 1.566890127532247 ], [ 111.941012017370383, 1.565462450928806 ], [ 111.94067643622752, 1.5654855944559 ], [ 111.899609395868879, 1.568317804135859 ], [ 111.891043336247947, 1.578311540360176 ], [ 111.876766570212965, 1.565462450928806 ], [ 111.861062127574371, 1.579739216963787 ], [ 111.848213038143001, 1.579739216963787 ], [ 111.831080918901023, 1.589732953188332 ], [ 111.799672033624006, 1.589732953188332 ], [ 111.781973703457325, 1.579574921504103 ], [ 111.778903901370001, 1.602291456950231 ], [ 111.767238653438199, 1.615184625716952 ], [ 111.755266425297677, 1.627770814274941 ], [ 111.741452315904766, 1.646189626798828 ], [ 111.73408479089521, 1.65938977577428 ], [ 111.708298453360882, 1.658161854939401 ], [ 111.698306994775692, 1.65397840034575 ], [ 111.691721522089395, 1.68272027163791 ], [ 111.695957277032335, 1.700278745750836 ], [ 111.699703007516419, 1.720785817520599 ], [ 111.705228651273572, 1.725697500860301 ], [ 111.703386770021197, 1.738283689418287 ], [ 111.707684492943429, 1.741046511296869 ], [ 111.705535631482306, 1.746572155054034 ], [ 111.70891241377835, 1.753939680063586 ], [ 111.701544888768808, 1.760079284238214 ], [ 111.713824097118049, 1.78402374051926 ], [ 111.726717265884773, 1.786479582189111 ], [ 111.730094048180817, 1.803363493669336 ], [ 111.74449828155133, 1.8073544910132 ], [ 111.758336227385186, 1.809810078052691 ], [ 111.75864320759392, 1.824545128071801 ], [ 111.769694495108254, 1.842042999969494 ], [ 111.758950187802654, 1.852787307275094 ], [ 111.756494346132797, 1.859847852075918 ], [ 111.767238653438412, 1.872127060425176 ], [ 111.767545633647131, 1.882257407313314 ], [ 111.762326970098698, 1.885327209400628 ], [ 111.756801326341531, 1.89637849691496 ], [ 111.748205880497053, 1.896992457332423 ], [ 111.744215137783542, 1.903132061507052 ], [ 111.743294197157354, 1.914183349021385 ], [ 111.73991741486131, 1.922164834448402 ], [ 111.74449828155133, 1.924423972500108 ], [ 111.754652464880422, 1.929839339666688 ], [ 111.750968702375644, 1.93444404279766 ], [ 111.742373256531152, 1.936285924050049 ], [ 111.731935929434286, 1.93659290425878 ], [ 111.731014988808099, 1.946416270938187 ], [ 111.723340483589809, 1.958081518869982 ], [ 111.726410285677119, 1.971281667845434 ], [ 111.713670607013654, 1.988012089221249 ], [ 111.723724208850314, 1.999025004211667 ], [ 111.735619691939064, 2.005356471014625 ], [ 111.765089791977275, 2.00443553038843 ], [ 111.763247910724886, 2.016100778320225 ], [ 111.774895895900897, 2.028216061574255 ], [ 111.783461955521773, 2.033926767988362 ], [ 111.790600338539264, 2.048203534023344 ], [ 111.8250549339038, 2.042619732196385 ], [ 111.832932418105827, 2.041887115853603 ], [ 111.840443027110965, 2.053153029361307 ], [ 111.845825586872536, 2.061226869003679 ], [ 111.858411775430113, 2.061380359108047 ], [ 111.86884910252698, 2.067826943491406 ], [ 111.880514350458782, 2.06659902265648 ], [ 111.898933162982658, 2.079185211214466 ], [ 111.910598410914446, 2.068440903908868 ], [ 111.922263658846248, 2.070589765369988 ], [ 111.923564619545061, 2.064034881248858 ], [ 111.942124415390481, 2.065462557852243 ], [ 111.959715244311468, 2.066292042447749 ], [ 111.957873363059079, 2.05524075493342 ], [ 111.962171085981325, 2.044803427836553 ], [ 111.957828858029075, 2.035481349178895 ], [ 111.95603148180669, 2.024849714269015 ], [ 111.962111887839569, 2.019776906540471 ], [ 111.964967241046566, 2.00550014050549 ], [ 111.952118151615025, 1.994078727677334 ], [ 111.950690475011584, 1.981229638245964 ], [ 111.954973504822078, 1.958386812589879 ], [ 111.949262798407972, 1.949820752969003 ], [ 111.962111887839569, 1.932688633726968 ], [ 111.990665419909533, 1.928405603916531 ], [ 112.006369862547899, 1.918411867691987 ], [ 112.029212688203984, 1.889858335622023 ], [ 112.04491713084235, 1.877009246190653 ], [ 112.04491713084235, 1.861304803552059 ], [ 112.022074305186493, 1.864160156759112 ], [ 112.024929658393376, 1.847028037517077 ], [ 112.021418266268029, 1.831298692663894 ], [ 112.027785011600372, 1.818474505447114 ], [ 112.049200160652845, 1.80848076922257 ], [ 112.066332279894823, 1.801342386205079 ], [ 112.076326016119424, 1.787065620170097 ], [ 112.085116659578432, 1.779265547283924 ], [ 112.107734901396384, 1.761367441307186 ], [ 112.122721735149412, 1.752097798811179 ], [ 112.143426816483839, 1.752801381686254 ], [ 112.156489558109882, 1.74166047171431 ], [ 112.174835701760685, 1.731386232633781 ], [ 112.183503816478236, 1.72262769877296 ], [ 112.187187578983014, 1.703901906040342 ], [ 112.188722480026684, 1.693464578943472 ], [ 112.196837793825978, 1.675866348331492 ], [ 112.209099940244641, 1.664285432269367 ], [ 112.205913371715653, 1.65693393410443 ], [ 112.16477802374564, 1.657547894521893 ], [ 112.163550102910719, 1.640970963250394 ], [ 112.146973171639218, 1.617026506969341 ], [ 112.122414754940706, 1.616412546551878 ], [ 112.111363467426372, 1.610272942377249 ], [ 112.099168841775281, 1.61431675114693 ], [ 112.062049250084442, 1.618599780957368 ], [ 112.06062157348083, 1.605750691525998 ], [ 112.064904603291438, 1.587190895680351 ], [ 112.059193896877332, 1.575769482852422 ], [ 112.043489454238966, 1.582907865869913 ], [ 112.036351071221475, 1.565775746627878 ], [ 112.022646187102978, 1.562997990232607 ], [ 111.996691404906699, 1.568317804135859 ] ] ] ] } },
{ "type": "Feature", "properties": { "Id": 554, "NEGERI": "SARAWAK", "KODPAR": "P. 210", "PARLIMEN": "KANOWIT", "KODDUN": "N. 49", "NAMADUN": "NGEMAH", "KODUNIK": "P. 210_N. 49", "BILANGAN_P": 14727, "PERATUS_EQ": 59.27 }, "geometry": { "type": "MultiPolygon", "coordinates": [ [ [ [ 112.196837793825978, 1.675866348331492 ], [ 112.188722480026684, 1.693464578943472 ], [ 112.187187578983014, 1.703901906040342 ], [ 112.183503816478236, 1.72262769877296 ], [ 112.174835701760685, 1.731386232633781 ], [ 112.156489558109882, 1.74166047171431 ], [ 112.143426816483839, 1.752801381686254 ], [ 112.122721735149412, 1.752097798811179 ], [ 112.107734901396384, 1.761367441307186 ], [ 112.085116659578432, 1.779265547283924 ], [ 112.111670447633443, 1.801675102521314 ], [ 112.135000943497019, 1.804437924399896 ], [ 112.153112775812176, 1.815489211914225 ], [ 112.152805795603442, 1.804130944191165 ], [ 112.166926885205086, 1.803823963982433 ], [ 112.175522331049564, 1.810270548365792 ], [ 112.193966568247561, 1.808956661423792 ], [ 112.204378470670306, 1.811805449409449 ], [ 112.210518074844941, 1.822856736923778 ], [ 112.217885599854483, 1.830224261933331 ], [ 112.220955401941808, 1.837591786942883 ], [ 112.230778768621207, 1.843117430700048 ], [ 112.227708966533896, 1.848336094248481 ], [ 112.231392729038674, 1.855396639049302 ], [ 112.229857827995019, 1.864606045311243 ], [ 112.238760254048216, 1.867061886981094 ], [ 112.241216095718073, 1.873815451573184 ], [ 112.248583620727629, 1.865526985937437 ], [ 112.257179066572107, 1.866447926563632 ], [ 112.247048719683974, 1.873201491155722 ], [ 112.2525013089911, 1.880340491598702 ], [ 112.252574363441113, 1.888857481801021 ], [ 112.257793026989546, 1.894383125558185 ], [ 112.26116980928559, 1.902364610985201 ], [ 112.264853571790368, 1.909118175577291 ], [ 112.263011690537979, 1.917713621421769 ], [ 112.269151294712614, 1.926002087057515 ], [ 112.283272384314259, 1.937360354780576 ], [ 112.290025948906347, 1.946569761042517 ], [ 112.281737483270589, 1.95178842459095 ], [ 112.270993175964961, 1.965909514192593 ], [ 112.292788770784881, 1.968672336071175 ], [ 112.300463276003171, 1.979109663168041 ], [ 112.296165553080925, 1.987091148595057 ], [ 112.29961463690654, 2.003120679499659 ], [ 112.298160924439458, 2.011956545502353 ], [ 112.304300528614093, 2.020245011138102 ], [ 112.296012062978335, 2.027919516356388 ], [ 112.287109636925123, 2.055240754933487 ], [ 112.276771811250569, 2.058800067035975 ], [ 112.255797655634524, 2.056775655977144 ], [ 112.249658051459889, 2.042347586166766 ], [ 112.243978917596607, 2.045417388254016 ], [ 112.246790602576993, 2.051661684018484 ], [ 112.237839313421972, 2.051863972637374 ], [ 112.237532333213238, 2.058617537229464 ], [ 112.224946144655263, 2.059538477855658 ], [ 112.21420183734962, 2.074273527874763 ], [ 112.202843569626566, 2.077343329962077 ], [ 112.200694708165443, 2.085631795597823 ], [ 112.193634163364621, 2.082868973719241 ], [ 112.185959658146331, 2.090850459146257 ], [ 112.155568617481933, 2.101901746660586 ], [ 112.153726736229515, 2.137204470664692 ], [ 112.14605223101124, 2.142116154004394 ], [ 112.132852082035782, 2.137204470664692 ], [ 112.120572873686541, 2.128916005028946 ], [ 112.110135546589675, 2.130450906072602 ], [ 112.098470298657872, 2.144878975882976 ], [ 112.080204976240154, 2.144878975883071 ], [ 112.0954568826063, 2.15445439947041 ], [ 112.109733648641281, 2.165875812298339 ], [ 112.11544435505516, 2.193001667764861 ], [ 112.138098681153735, 2.194417563145958 ], [ 112.138287180711245, 2.194429344368302 ], [ 112.161843844668965, 2.190146314557865 ], [ 112.185400508626685, 2.18586328474737 ], [ 112.20538798107566, 2.183007931540374 ], [ 112.225375453524521, 2.18015257833332 ], [ 112.248932117482354, 2.185149446445678 ], [ 112.256611068458909, 2.186778314834591 ], [ 112.272488781439961, 2.190146314557865 ], [ 112.293903930492434, 2.188718637954423 ], [ 112.298066191366246, 2.188441153896079 ], [ 112.315319079544906, 2.187290961350811 ], [ 112.388873576119622, 2.172660684773267 ], [ 112.411743601668149, 2.155776773292939 ], [ 112.419111126677706, 2.142269644108759 ], [ 112.4095457353759, 2.114479454572461 ], [ 112.408213329269699, 2.102055236765034 ], [ 112.413828765186395, 2.081642892692059 ], [ 112.400979675754797, 2.071649156467515 ], [ 112.387377047600253, 2.064200739775934 ], [ 112.386763087182786, 2.054684353305249 ], [ 112.396696645944303, 2.04166794779394 ], [ 112.40947962262895, 2.038107422033732 ], [ 112.412242444507541, 2.024293312640801 ], [ 112.424790260539282, 2.011649565293565 ], [ 112.435243914238868, 1.994554619878556 ], [ 112.463797446308831, 1.987416236861065 ], [ 112.479501888947198, 1.980277853843575 ], [ 112.495702688758129, 1.977728252228797 ], [ 112.49386080750574, 1.963607162627151 ], [ 112.479739717904096, 1.943960429268338 ], [ 112.479739717904096, 1.9338300823802 ], [ 112.475135014773116, 1.915411269856313 ], [ 112.460092984545284, 1.892080773992723 ], [ 112.433816237635369, 1.87891281499526 ], [ 112.426677854617878, 1.864636048960278 ], [ 112.376709173495442, 1.86606372556372 ], [ 112.395627140711667, 1.847568643726662 ], [ 112.406690382168904, 1.838937870097368 ], [ 112.419539471600388, 1.834654840286703 ], [ 112.428474023045936, 1.830991712455164 ], [ 112.428105531221377, 1.81323969123423 ], [ 112.448093003670351, 1.804673631613355 ], [ 112.455231386687842, 1.796107571992422 ], [ 112.45978600433655, 1.788014483232761 ], [ 112.413431992818104, 1.780032997805743 ], [ 112.400231843842647, 1.762228145699319 ], [ 112.396696645944303, 1.754704950490918 ], [ 112.395268969340918, 1.743283537662933 ], [ 112.37528149689183, 1.741855861059321 ], [ 112.353866347839357, 1.746138890869986 ], [ 112.336734228597379, 1.729006771627951 ], [ 112.319602109355515, 1.744711214266374 ], [ 112.315319079544906, 1.737572831248883 ], [ 112.305325343320533, 1.717585358800022 ], [ 112.292476253889049, 1.710446975782531 ], [ 112.263922721819199, 1.707591622575478 ], [ 112.258212015404979, 1.677610413901903 ], [ 112.28391019426806, 1.673327384091465 ], [ 112.286765547474943, 1.661905971263536 ], [ 112.272488781439961, 1.64334617541806 ], [ 112.251073632387488, 1.649056881831939 ], [ 112.238224542956118, 1.657622941453042 ], [ 112.215381717300033, 1.687604150126447 ], [ 112.196837793825978, 1.675866348331492 ] ] ] ] } },
{ "type": "Feature", "properties": { "Id": 555, "NEGERI": "SARAWAK", "KODPAR": "P. 210", "PARLIMEN": "KANOWIT", "KODDUN": "N. 50", "NAMADUN": "MACHAN", "KODUNIK": "P. 210_N. 50", "BILANGAN_P": 17438, "PERATUS_EQ": 70.18 }, "geometry": { "type": "MultiPolygon", "coordinates": [ [ [ [ 112.085116659578432, 1.779265547283924 ], [ 112.076326016119424, 1.787065620170097 ], [ 112.066332279894823, 1.801342386205079 ], [ 112.049200160652845, 1.80848076922257 ], [ 112.027785011600372, 1.818474505447114 ], [ 112.021418266268029, 1.831298692663894 ], [ 112.024929658393376, 1.847028037517077 ], [ 112.022074305186493, 1.864160156759112 ], [ 112.04491713084235, 1.861304803552059 ], [ 112.04491713084235, 1.877009246190653 ], [ 112.029212688203984, 1.889858335622023 ], [ 112.006369862547899, 1.918411867691987 ], [ 111.990665419909533, 1.928405603916531 ], [ 111.962111887839569, 1.932688633726968 ], [ 111.949262798407972, 1.949820752969003 ], [ 111.954973504822078, 1.958386812589879 ], [ 111.950690475011584, 1.981229638245964 ], [ 111.952118151615025, 1.994078727677334 ], [ 111.964967241046566, 2.00550014050549 ], [ 111.962111887839569, 2.019776906540471 ], [ 111.95603148180669, 2.024849714269015 ], [ 111.957828858029075, 2.035481349178895 ], [ 111.962171085981325, 2.044803427836553 ], [ 111.957873363059079, 2.05524075493342 ], [ 111.959715244311468, 2.066292042447749 ], [ 111.965547868277369, 2.0687478841176 ], [ 111.965854848486089, 2.075501448709689 ], [ 111.974104371308954, 2.087353599105938 ], [ 111.999802550171864, 2.08878127570955 ], [ 112.025500729034775, 2.077359862881394 ], [ 112.058337290915233, 2.084498245898885 ], [ 112.066903350536336, 2.10163036514092 ], [ 112.073327895252078, 2.120903999288259 ], [ 112.080204976240154, 2.144878975883071 ], [ 112.098470298657872, 2.144878975882976 ], [ 112.110135546589675, 2.130450906072602 ], [ 112.120572873686541, 2.128916005028946 ], [ 112.132852082035782, 2.137204470664692 ], [ 112.14605223101124, 2.142116154004394 ], [ 112.153726736229515, 2.137204470664692 ], [ 112.155568617481933, 2.101901746660586 ], [ 112.185959658146331, 2.090850459146257 ], [ 112.193634163364621, 2.082868973719241 ], [ 112.200694708165443, 2.085631795597823 ], [ 112.202843569626566, 2.077343329962077 ], [ 112.21420183734962, 2.074273527874763 ], [ 112.224946144655263, 2.059538477855658 ], [ 112.237532333213238, 2.058617537229464 ], [ 112.237839313421972, 2.051863972637374 ], [ 112.246790602576993, 2.051661684018484 ], [ 112.243978917596607, 2.045417388254016 ], [ 112.249658051459889, 2.042347586166766 ], [ 112.255797655634524, 2.056775655977144 ], [ 112.276771811250569, 2.058800067035975 ], [ 112.287109636925123, 2.055240754933487 ], [ 112.296012062978335, 2.027919516356388 ], [ 112.304300528614093, 2.020245011138102 ], [ 112.298160924439458, 2.011956545502353 ], [ 112.29961463690654, 2.003120679499659 ], [ 112.296165553080925, 1.987091148595057 ], [ 112.300463276003171, 1.979109663168041 ], [ 112.292788770784881, 1.968672336071175 ], [ 112.270993175964961, 1.965909514192593 ], [ 112.281737483270589, 1.95178842459095 ], [ 112.290025948906347, 1.946569761042517 ], [ 112.283272384314259, 1.937360354780576 ], [ 112.269151294712614, 1.926002087057515 ], [ 112.263011690537979, 1.917713621421769 ], [ 112.264853571790368, 1.909118175577291 ], [ 112.26116980928559, 1.902364610985201 ], [ 112.257793026989546, 1.894383125558185 ], [ 112.252574363441113, 1.888857481801021 ], [ 112.2525013089911, 1.880340491598702 ], [ 112.247048719683974, 1.873201491155722 ], [ 112.257179066572107, 1.866447926563632 ], [ 112.248583620727629, 1.865526985937437 ], [ 112.241216095718073, 1.873815451573184 ], [ 112.238760254048216, 1.867061886981094 ], [ 112.229857827995019, 1.864606045311243 ], [ 112.231392729038674, 1.855396639049302 ], [ 112.227708966533896, 1.848336094248481 ], [ 112.230778768621207, 1.843117430700048 ], [ 112.220955401941808, 1.837591786942883 ], [ 112.217885599854483, 1.830224261933331 ], [ 112.210518074844941, 1.822856736923778 ], [ 112.204378470670306, 1.811805449409449 ], [ 112.193966568247561, 1.808956661423792 ], [ 112.175522331049564, 1.810270548365792 ], [ 112.166926885205086, 1.803823963982433 ], [ 112.152805795603442, 1.804130944191165 ], [ 112.153112775812176, 1.815489211914225 ], [ 112.135000943497019, 1.804437924399896 ], [ 112.111670447633443, 1.801675102521314 ], [ 112.085116659578432, 1.779265547283924 ] ] ] ] } },
{ "type": "Feature", "properties": { "Id": 561, "NEGERI": "SARAWAK", "KODPAR": "P. 213", "PARLIMEN": "MUKAH", "KODDUN": "N. 56", "NAMADUN": "DALAT", "KODUNIK": "P. 213_N. 56", "BILANGAN_P": 18519, "PERATUS_EQ": 74.53 }, "geometry": { "type": "MultiPolygon", "coordinates": [ [ [ [ 111.838268874022788, 2.709824563999575 ], [ 111.855400993264993, 2.715535270413625 ], [ 111.853500092091849, 2.740574070926447 ], [ 111.85254564005794, 2.749799508897695 ], [ 111.828275137798414, 2.766931628139503 ], [ 111.831130491005467, 2.809761926244448 ], [ 111.811143018556436, 2.80547889643401 ], [ 111.798293929125066, 2.812617279451501 ], [ 111.790324000000396, 2.864185000000305 ], [ 111.828234500000235, 2.870756000000426 ], [ 111.840699100000222, 2.872874800000261 ], [ 111.855308700000364, 2.874973199999943 ], [ 111.865300800000227, 2.876137800000379 ], [ 111.872930900000426, 2.876370700000109 ], [ 111.874755600000412, 2.875900399999921 ], [ 111.877874900000222, 2.872769800000242 ], [ 111.87938440000022, 2.871968 ], [ 111.88083040000032, 2.871691000000339 ], [ 111.881877400000292, 2.87178280000029 ], [ 111.883125200000336, 2.873152300000299 ], [ 111.883843900000272, 2.87336280000028 ], [ 111.901082024445444, 2.875491872663919 ], [ 111.893407519227168, 2.865361525775781 ], [ 111.884044622860856, 2.861984743479736 ], [ 111.905040515614814, 2.836950738283406 ], [ 111.905040515614814, 2.815535589230933 ], [ 111.912747272377274, 2.811639989247777 ], [ 111.933928906779741, 2.822998256970841 ], [ 111.945287174502795, 2.819007514257332 ], [ 111.956952422434597, 2.823919197597036 ], [ 111.963092026609232, 2.814095830917629 ], [ 111.967389749531463, 2.818086573631138 ], [ 111.970459551618774, 2.810412068412852 ], [ 111.979668957880719, 2.817165633004944 ], [ 111.98668043046348, 2.815301421964348 ], [ 112.001771532907426, 2.814709791334809 ], [ 112.012515840213027, 2.814095830917346 ], [ 112.021418266266238, 2.7901513746363 ], [ 112.037995197537725, 2.792607216306151 ], [ 112.036767276702804, 2.736736818317043 ], [ 112.054572128809227, 2.73612285789958 ], [ 112.053958168391759, 2.725071570385251 ], [ 112.086191090310564, 2.724764590176779 ], [ 112.121186834105941, 2.696829391182217 ], [ 112.13254510182901, 2.687926965129005 ], [ 112.121493814314675, 2.68270830158057 ], [ 112.105223863251908, 2.68055944011945 ], [ 112.102768021582051, 2.667359291143998 ], [ 112.093558615320106, 2.662754588013026 ], [ 112.079744505927195, 2.645563696324065 ], [ 112.043520841296882, 2.628679784843835 ], [ 112.042906880879428, 2.62131225983428 ], [ 112.030013712112705, 2.619470378581891 ], [ 112.027557870442848, 2.607805130650096 ], [ 112.019883365224572, 2.60657720981517 ], [ 112.008525097501504, 2.599516665014347 ], [ 111.991334205812535, 2.598595724388153 ], [ 111.990106284977614, 2.591228199378598 ], [ 111.982135052203773, 2.591390362481661 ], [ 111.97107351203627, 2.592763100422255 ], [ 111.96643060956518, 2.588535009274835 ], [ 111.965854848487837, 2.582325773325386 ], [ 111.956436873340863, 2.581396626257344 ], [ 111.940732430702099, 2.582824302860558 ], [ 111.936449400891661, 2.657063486242521 ], [ 111.8950467793901, 2.65563580963908 ], [ 111.890763749579662, 2.682761665105431 ], [ 111.88219768995873, 2.682761665105431 ], [ 111.873631630337627, 2.669912575674061 ], [ 111.86363789411331, 2.669912575674061 ], [ 111.852216481285154, 2.689900048122922 ], [ 111.838268874022788, 2.709824563999575 ] ] ] ] } },
{ "type": "Feature", "properties": { "Id": 562, "NEGERI": "SARAWAK", "KODPAR": "P. 213", "PARLIMEN": "MUKAH", "KODDUN": "N. 57", "NAMADUN": "TELLIAN", "KODUNIK": "P. 213_N. 57", "BILANGAN_P": 16793, "PERATUS_EQ": 67.58 }, "geometry": { "type": "MultiPolygon", "coordinates": [ [ [ [ 111.940732430702099, 2.582824302860558 ], [ 111.956436873340863, 2.581396626257344 ], [ 111.965854848487837, 2.582325773325386 ], [ 111.96643060956518, 2.588535009274835 ], [ 111.97107351203627, 2.592763100422255 ], [ 111.982135052203773, 2.591390362481661 ], [ 111.990106284977614, 2.591228199378598 ], [ 111.991334205812535, 2.598595724388153 ], [ 112.008525097501504, 2.599516665014347 ], [ 112.019883365224572, 2.60657720981517 ], [ 112.027557870442848, 2.607805130650096 ], [ 112.030013712112705, 2.619470378581891 ], [ 112.042906880879428, 2.62131225983428 ], [ 112.043520841296882, 2.628679784843835 ], [ 112.079744505927195, 2.645563696324065 ], [ 112.093558615320106, 2.662754588013026 ], [ 112.102768021582051, 2.667359291143998 ], [ 112.105223863251908, 2.68055944011945 ], [ 112.121493814314675, 2.68270830158057 ], [ 112.13254510182901, 2.687926965129005 ], [ 112.121186834105941, 2.696829391182217 ], [ 112.086191090310564, 2.724764590176779 ], [ 112.053958168391759, 2.725071570385251 ], [ 112.054572128809227, 2.73612285789958 ], [ 112.036767276702804, 2.736736818317043 ], [ 112.037995197537725, 2.792607216306151 ], [ 112.021418266266238, 2.7901513746363 ], [ 112.012515840213027, 2.814095830917346 ], [ 112.001771532907426, 2.814709791334809 ], [ 111.98668043046348, 2.815301421964348 ], [ 111.979668957880719, 2.817165633004944 ], [ 111.970459551618774, 2.810412068412852 ], [ 111.967389749531463, 2.818086573631138 ], [ 111.963092026609232, 2.814095830917629 ], [ 111.956952422434597, 2.823919197597036 ], [ 111.945287174502795, 2.819007514257332 ], [ 111.933928906779741, 2.822998256970841 ], [ 111.912747272377274, 2.811639989247777 ], [ 111.905040515614814, 2.815535589230933 ], [ 111.905040515614814, 2.836950738283406 ], [ 111.884044622860856, 2.861984743479736 ], [ 111.893407519227168, 2.865361525775781 ], [ 111.901082024445444, 2.875491872663919 ], [ 111.907199700000263, 2.876339600000392 ], [ 111.923220700000286, 2.878007200000354 ], [ 111.940635700000428, 2.88069150000041 ], [ 111.975230300000362, 2.886634300000424 ], [ 111.987458200000276, 2.889122000000384 ], [ 111.99663690000034, 2.890713600000424 ], [ 111.997829000000422, 2.890707400000281 ], [ 111.998817300000269, 2.890503800000317 ], [ 111.999453500000357, 2.890651900000307 ], [ 112.000355300000479, 2.891133100000332 ], [ 112.006631, 2.892780200000345 ], [ 112.014839900000084, 2.894371799999874 ], [ 112.019182200000273, 2.895179900000301 ], [ 112.020695499999988, 2.895155200000033 ], [ 112.021146400000362, 2.89483440000032 ], [ 112.021374900000069, 2.895327900000325 ], [ 112.022289100000421, 2.895938700000386 ], [ 112.036243300000365, 2.899368800000332 ], [ 112.054439200000047, 2.903310500000146 ], [ 112.056662900000219, 2.903618900000083 ], [ 112.057138500000292, 2.903544900000384 ], [ 112.057595600000354, 2.903236400000424 ], [ 112.057861200000389, 2.903717600000277 ], [ 112.058553, 2.904118600000402 ], [ 112.089592700000253, 2.91159260000029 ], [ 112.091581500000302, 2.911962100000324 ], [ 112.091959700000189, 2.911662200000364 ], [ 112.093797700000209, 2.910336799999925 ], [ 112.094449400000485, 2.909972800000389 ], [ 112.0951417, 2.909842900000285 ], [ 112.09569200000044, 2.909842600000275 ], [ 112.096420100000273, 2.909840600000166 ], [ 112.110625946518553, 2.871214976767305 ], [ 112.126330389157147, 2.872642653370747 ], [ 112.13632412538152, 2.846944474507836 ], [ 112.146317861606008, 2.831240031869413 ], [ 112.146317861606008, 2.812680236023937 ], [ 112.147745538209847, 2.796975793385457 ], [ 112.14774553820962, 2.779843674143365 ], [ 112.170588363865363, 2.775560644332984 ], [ 112.182009776693462, 2.768422261315436 ], [ 112.200569572538939, 2.784126703953916 ], [ 112.21056330876354, 2.779843674143478 ], [ 112.22626775140202, 2.772705291125874 ], [ 112.244827547247496, 2.771277614522546 ], [ 112.280519462334951, 2.758428525091006 ], [ 112.2990792581802, 2.747007112262963 ], [ 112.313356024215182, 2.729874993021042 ], [ 112.327170554163317, 2.725532040699914 ], [ 112.336610195581798, 2.716552869594529 ], [ 112.348352188565755, 2.715401693811788 ], [ 112.344764909492255, 2.685617018312485 ], [ 112.340178840508827, 2.677297775401206 ], [ 112.346740542469931, 2.668663957032477 ], [ 112.34628007215683, 2.650475379665159 ], [ 112.329012435415706, 2.646100911690741 ], [ 112.333617138546671, 2.619163398374587 ], [ 112.340754428399677, 2.610414462425751 ], [ 112.34144513386866, 2.589539808230354 ], [ 112.340831173451193, 2.57050703528901 ], [ 112.331007806771794, 2.572962876958861 ], [ 112.329626395834623, 2.567897703515007 ], [ 112.325136810280981, 2.56371509817057 ], [ 112.308866859218213, 2.566784900257884 ], [ 112.303034235252326, 2.562487177335644 ], [ 112.310133152578061, 2.555158024852442 ], [ 112.308866859218199, 2.549900988777654 ], [ 112.286457303980796, 2.549900988777654 ], [ 112.279128151496195, 2.540115994624605 ], [ 112.273602507739028, 2.524766984188037 ], [ 112.264393101477097, 2.515557577926097 ], [ 112.256680223733852, 2.501398115798085 ], [ 112.226327555594395, 2.499594607072066 ], [ 112.226596163278202, 2.486970045987707 ], [ 112.218000717433725, 2.477453659517032 ], [ 112.211247152841636, 2.470393114716209 ], [ 112.19628654272833, 2.478603910805248 ], [ 112.178438643032308, 2.490692181018856 ], [ 112.194708594095061, 2.511259855003858 ], [ 112.18343745329696, 2.514295825892702 ], [ 112.136324125381407, 2.515723502496144 ], [ 112.068693218412918, 2.505273740933794 ], [ 112.029706731904028, 2.50220393884648 ], [ 112.001771532909473, 2.508036562812377 ], [ 111.990413265186405, 2.532901959719625 ], [ 111.976599155793494, 2.523999533666413 ], [ 111.962017595876716, 2.510185424273297 ], [ 111.962147579754571, 2.495736030047283 ], [ 111.958794303687071, 2.488082849244833 ], [ 111.946822075546535, 2.487161908618639 ], [ 111.938994080221875, 2.495757354462923 ], [ 111.943587783909152, 2.547132387773104 ], [ 111.940732430702099, 2.582824302860558 ] ] ] ] } },
{ "type": "Feature", "properties": { "Id": 563, "NEGERI": "SARAWAK", "KODPAR": "P. 213", "PARLIMEN": "MUKAH", "KODDUN": "N. 58", "NAMADUN": "BALINGIAN", "KODUNIK": "P. 213_N. 58", "BILANGAN_P": 13724, "PERATUS_EQ": 55.23 }, "geometry": { "type": "MultiPolygon", "coordinates": [ [ [ [ 112.348352188565755, 2.715401693811788 ], [ 112.336610195581798, 2.716552869594529 ], [ 112.327170554163317, 2.725532040699914 ], [ 112.313356024215182, 2.729874993021042 ], [ 112.2990792581802, 2.747007112262963 ], [ 112.280519462334951, 2.758428525091006 ], [ 112.244827547247496, 2.771277614522546 ], [ 112.22626775140202, 2.772705291125874 ], [ 112.21056330876354, 2.779843674143478 ], [ 112.200569572538939, 2.784126703953916 ], [ 112.182009776693462, 2.768422261315436 ], [ 112.170588363865363, 2.775560644332984 ], [ 112.14774553820962, 2.779843674143365 ], [ 112.147745538209847, 2.796975793385457 ], [ 112.146317861606008, 2.812680236023937 ], [ 112.146317861606008, 2.831240031869413 ], [ 112.13632412538152, 2.846944474507836 ], [ 112.126330389157147, 2.872642653370747 ], [ 112.110625946518553, 2.871214976767305 ], [ 112.096420100000273, 2.909840600000166 ], [ 112.096292800000128, 2.911899500000175 ], [ 112.096405799999957, 2.912614900000221 ], [ 112.096654100000251, 2.912897200000089 ], [ 112.097445000000334, 2.913805500000308 ], [ 112.098280400000363, 2.91436530000027 ], [ 112.098627800000486, 2.914516400000309 ], [ 112.098998400000255, 2.914586300000224 ], [ 112.099988300000177, 2.914556500000288 ], [ 112.100841200000218, 2.91456020000021 ], [ 112.102130100000181, 2.91459510000027 ], [ 112.103945700000054, 2.914826700000219 ], [ 112.10612180000021, 2.915177500000311 ], [ 112.139326000000437, 2.921828 ], [ 112.14996350000024, 2.924597400000266 ], [ 112.161400900000217, 2.927345900000091 ], [ 112.177386600000204, 2.931655499999977 ], [ 112.247157800000195, 2.953074900000161 ], [ 112.281410800000117, 2.962811099999954 ], [ 112.301961800000186, 2.967816400000231 ], [ 112.32002730000022, 2.971927600000015 ], [ 112.377711200000022, 2.9825631 ], [ 112.397591599999942, 2.986971100000233 ], [ 112.403530200000205, 2.988272900000311 ], [ 112.405254800000193, 2.988339200000269 ], [ 112.40630990000011, 2.987928300000192 ], [ 112.406615200000147, 2.986689100000149 ], [ 112.406668300000092, 2.987636700000223 ], [ 112.406648400000222, 2.988166900000238 ], [ 112.407458000000247, 2.988895900000159 ], [ 112.408171300000276, 2.989126000000169 ], [ 112.431952500000193, 2.994503500000292 ], [ 112.444099800000117, 2.996820400000161 ], [ 112.445798500000251, 2.996767400000238 ], [ 112.464077700000189, 3.001529900000264 ], [ 112.469046000000276, 3.002525700000263 ], [ 112.470675800000322, 3.002307900000176 ], [ 112.471611500000222, 3.001764500000149 ], [ 112.47197650000021, 3.001605400000301 ], [ 112.472261800000297, 3.0022814000003 ], [ 112.472892200000388, 3.002374200000304 ], [ 112.47666570000024, 3.003900800000167 ], [ 112.564803800000163, 3.02050150000025 ], [ 112.574171, 3.020290800000225 ], [ 112.577144900000235, 3.018948800000203 ], [ 112.580223000000274, 3.016099900000199 ], [ 112.582625300000245, 3.015125300000193 ], [ 112.583553299999949, 3.014224899999931 ], [ 112.584363199999984, 3.014811000000293 ], [ 112.585093300000267, 3.0149985 ], [ 112.584992600000191, 3.016076700000212 ], [ 112.5872799, 3.017037100000266 ], [ 112.593848900000239, 3.018499 ], [ 112.597490000000221, 3.024196700000061 ], [ 112.607312200000138, 3.030930000000296 ], [ 112.70117960000016, 3.060747000000106 ], [ 112.730808663078051, 3.028259403152106 ], [ 112.730808663078051, 3.003988900892637 ], [ 112.735091692888432, 2.985429105047103 ], [ 112.729380986474553, 2.942598806942158 ], [ 112.72367028006056, 2.88834709600934 ], [ 112.693689071387098, 2.89120244921628 ], [ 112.663707862713522, 2.894057802423163 ], [ 112.488103640483359, 2.902623862044322 ], [ 112.429568899739934, 2.902623862044265 ], [ 112.419575163515447, 2.892630125819721 ], [ 112.415331380361863, 2.853021483052999 ], [ 112.415292133704952, 2.852655180921829 ], [ 112.402443044273582, 2.831240031869356 ], [ 112.398773687849811, 2.819698219728179 ], [ 112.388873576118243, 2.799207290795378 ], [ 112.38245557182438, 2.782699027350304 ], [ 112.348191333340537, 2.772705291125817 ], [ 112.339625273719435, 2.762711554901443 ], [ 112.348191333340537, 2.742724082452412 ], [ 112.348352188565755, 2.715401693811788 ] ] ] ] } },
{ "type": "Feature", "properties": { "Id": 564, "NEGERI": "SARAWAK", "KODPAR": "P. 214", "PARLIMEN": "SELANGAU", "KODDUN": "N. 59", "NAMADUN": "TAMIN", "KODUNIK": "P. 214_N. 59", "BILANGAN_P": 25311, "PERATUS_EQ": 101.86 }, "geometry": { "type": "MultiPolygon", "coordinates": [ [ [ [ 112.411743601668149, 2.155776773292939 ], [ 112.388873576119622, 2.172660684773267 ], [ 112.315319079544906, 2.187290961350811 ], [ 112.298066191366246, 2.188441153896079 ], [ 112.293903930492434, 2.188718637954423 ], [ 112.272488781439961, 2.190146314557865 ], [ 112.256611068458909, 2.186778314834591 ], [ 112.248932117482354, 2.185149446445678 ], [ 112.225375453524521, 2.18015257833332 ], [ 112.20538798107566, 2.183007931540374 ], [ 112.185400508626685, 2.18586328474737 ], [ 112.161843844668965, 2.190146314557865 ], [ 112.138287180711245, 2.194429344368302 ], [ 112.138098681153735, 2.194417563145958 ], [ 112.11544435505516, 2.193001667764861 ], [ 112.115200720035531, 2.211493681177795 ], [ 112.130856710680831, 2.211186700969064 ], [ 112.141011663562836, 2.232972151173271 ], [ 112.139583986959337, 2.244393564001427 ], [ 112.128707849219722, 2.245568484346986 ], [ 112.13392651276817, 2.268898980210576 ], [ 112.147740622161081, 2.271968782297891 ], [ 112.153880226335716, 2.269512940628039 ], [ 112.162426812615308, 2.285796185502761 ], [ 112.16001983051035, 2.295606258370213 ], [ 112.144363839865036, 2.292843436491629 ], [ 112.127940398698101, 2.304508684423427 ], [ 112.121954284627648, 2.309113387554396 ], [ 112.118117032018688, 2.301438882336113 ], [ 112.107833195026004, 2.305429625049619 ], [ 112.104302922625777, 2.29867606045753 ], [ 112.092944654902709, 2.298062100040067 ], [ 112.093405125215625, 2.292843436491629 ], [ 112.081432897075089, 2.284861951064612 ], [ 112.075293292900469, 2.291615515656704 ], [ 112.062707104342479, 2.292229476074167 ], [ 112.048892994949568, 2.285168931273343 ], [ 112.03821894811108, 2.295789921727305 ], [ 112.039646624714464, 2.311494364365672 ], [ 112.065623416323774, 2.313411110476495 ], [ 112.063781535071385, 2.334899725087691 ], [ 112.025369858679483, 2.33148183681476 ], [ 112.008237739437504, 2.320060423986774 ], [ 111.993960973402523, 2.311494364365672 ], [ 111.978256530764156, 2.314349717572725 ], [ 111.966008338590186, 2.319397224546756 ], [ 111.960482694833019, 2.299750491187949 ], [ 111.955877991702053, 2.311722719328472 ], [ 111.959868734415551, 2.326150789138846 ], [ 111.95603148180831, 2.333364824044181 ], [ 111.968617670366299, 2.333978784461644 ], [ 111.969845591201235, 2.339811408427541 ], [ 111.982539560574594, 2.33148183681476 ], [ 112.01036697875378, 2.329681061539403 ], [ 112.01113442927371, 2.34518356208019 ], [ 112.009665416041116, 2.352896985867233 ], [ 112.009665416041116, 2.371456781712652 ], [ 112.002527033023625, 2.382878194540581 ], [ 111.995388650006134, 2.392871930765125 ], [ 111.983967237178035, 2.391444254161684 ], [ 111.971687472453596, 2.38616541994599 ], [ 111.971994452662528, 2.401207450173833 ], [ 111.95756638285215, 2.402435371008759 ], [ 111.943445293250505, 2.416863440819137 ], [ 111.948970937007672, 2.435896213760487 ], [ 111.947896506275072, 2.455542947119114 ], [ 111.941142941682983, 2.473040819016802 ], [ 111.938994080221875, 2.495757354462923 ], [ 111.946822075546535, 2.487161908618639 ], [ 111.958794303687071, 2.488082849244833 ], [ 111.962147579754571, 2.495736030047283 ], [ 111.962017595876716, 2.510185424273297 ], [ 111.976599155793494, 2.523999533666413 ], [ 111.990413265186405, 2.532901959719625 ], [ 112.001771532909473, 2.508036562812377 ], [ 112.029706731904028, 2.50220393884648 ], [ 112.068693218412918, 2.505273740933794 ], [ 112.136324125381407, 2.515723502496144 ], [ 112.18343745329696, 2.514295825892702 ], [ 112.194708594095061, 2.511259855003858 ], [ 112.178438643032308, 2.490692181018856 ], [ 112.19628654272833, 2.478603910805248 ], [ 112.211247152841636, 2.470393114716209 ], [ 112.218000717433725, 2.477453659517032 ], [ 112.226596163278202, 2.486970045987707 ], [ 112.226327555594395, 2.499594607072066 ], [ 112.256680223733852, 2.501398115798085 ], [ 112.264393101477097, 2.515557577926097 ], [ 112.273602507739028, 2.524766984188037 ], [ 112.279128151496195, 2.540115994624605 ], [ 112.286457303980796, 2.549900988777654 ], [ 112.308866859218199, 2.549900988777654 ], [ 112.310133152578061, 2.555158024852442 ], [ 112.303034235252326, 2.562487177335644 ], [ 112.308866859218213, 2.566784900257884 ], [ 112.325136810280981, 2.56371509817057 ], [ 112.329626395834623, 2.567897703515007 ], [ 112.331007806771794, 2.572962876958861 ], [ 112.340831173451193, 2.57050703528901 ], [ 112.34144513386866, 2.589539808230354 ], [ 112.347620262699252, 2.589962685878049 ], [ 112.361245357332479, 2.600053880381076 ], [ 112.372757115159899, 2.600514350694172 ], [ 112.385189813613508, 2.606960935077525 ], [ 112.39048522221411, 2.596139882719754 ], [ 112.395089925345076, 2.598672469441786 ], [ 112.39255733862305, 2.604658583512042 ], [ 112.393248044092701, 2.611565638208492 ], [ 112.387952635492084, 2.617551752278748 ], [ 112.39255733862305, 2.624458806975198 ], [ 112.405910977702845, 2.624458806975198 ], [ 112.408443564424886, 2.632517037454389 ], [ 112.413508737868952, 2.640575267933581 ], [ 112.427783317574949, 2.642186914029419 ], [ 112.433769431645203, 2.650245144508611 ], [ 112.440676486341658, 2.652087025760997 ], [ 112.445281189472624, 2.662908078118769 ], [ 112.459555769178621, 2.669815132815219 ], [ 112.463666575953539, 2.685545634482253 ], [ 112.476515665384909, 2.691256340896302 ], [ 112.493647784626887, 2.684117957878811 ], [ 112.501458567670412, 2.676031482042023 ], [ 112.509286562993054, 2.690536296904567 ], [ 112.514581971593657, 2.685010653147408 ], [ 112.520568085663911, 2.693989824252792 ], [ 112.529086786456205, 2.693068883626599 ], [ 112.543616465749324, 2.6826902812752 ], [ 112.560935983113993, 2.672424464588075 ], [ 112.569314644612291, 2.655564425808848 ], [ 112.58518741960377, 2.650935849976873 ], [ 112.589302117061266, 2.641287659773866 ], [ 112.62499403214872, 2.655564425808848 ], [ 112.647836857804691, 2.658419779015901 ], [ 112.667824330253666, 2.639859983170254 ], [ 112.676207051490579, 2.637121740585354 ], [ 112.68541645775251, 2.648173028099674 ], [ 112.684956449495758, 2.656992102412289 ], [ 112.696377862323629, 2.666985838636833 ], [ 112.703835270276386, 2.66382901874496 ], [ 112.711893500755579, 2.664519724214605 ], [ 112.722254082800248, 2.656231258578866 ], [ 112.733535605471118, 2.658073139831253 ], [ 112.73778048382519, 2.648426042791357 ], [ 112.746659009394364, 2.641726443716322 ], [ 112.738140308602084, 2.634589153863323 ], [ 112.738370543758634, 2.627682099166873 ], [ 112.731463489062179, 2.623307631192455 ], [ 112.72939137265324, 2.612486578834684 ], [ 112.719491260921671, 2.613637754617426 ], [ 112.722254082800248, 2.598902704598333 ], [ 112.73192395937528, 2.594988706937012 ], [ 112.732537919794893, 2.585242085308342 ], [ 112.726628550774677, 2.580714127231015 ], [ 112.731693724218729, 2.576109424100049 ], [ 112.739598464595716, 2.556385945687586 ], [ 112.751570692736252, 2.549632381095494 ], [ 112.750035791692582, 2.537046192537505 ], [ 112.75062957325656, 2.522790501683573 ], [ 112.734925130618194, 2.505658382441538 ], [ 112.7192206879796, 2.489953939802945 ], [ 112.723503717790209, 2.461400407732981 ], [ 112.717793011376102, 2.455689701319102 ], [ 112.709226951755227, 2.43570222887007 ], [ 112.693522509116633, 2.427136169249138 ], [ 112.674962713271157, 2.407148696800107 ], [ 112.687811802702754, 2.401437990386228 ], [ 112.692094832513249, 2.381450517937196 ], [ 112.656402917425794, 2.378595164730143 ], [ 112.659476630116714, 2.359918612099459 ], [ 112.654871926985734, 2.350709205837516 ], [ 112.654257966568281, 2.342113759993035 ], [ 112.673444229614063, 2.335053215192211 ], [ 112.674825640553294, 2.317555343294519 ], [ 112.682101096288648, 2.315777394176337 ], [ 112.693551433285919, 2.31141573911989 ], [ 112.695086334329588, 2.288392223465031 ], [ 112.717342399462666, 2.285936381795179 ], [ 112.723503717790209, 2.29721759833069 ], [ 112.74349119023907, 2.290079215313199 ], [ 112.772044722309033, 2.28436850889932 ], [ 112.792032194758121, 2.287223862106373 ], [ 112.816803987091674, 2.278875836994356 ], [ 112.816343516778502, 2.253703459878377 ], [ 112.804371288637981, 2.242959152572777 ], [ 112.807134110516557, 2.226075241092547 ], [ 112.794854902167302, 2.23743350881561 ], [ 112.781961733400578, 2.22883806297113 ], [ 112.770617045705649, 2.228689121362834 ], [ 112.754912603067055, 2.238682857587378 ], [ 112.73778048382519, 2.237255180983936 ], [ 112.729775097916189, 2.246028954660091 ], [ 112.707212052574548, 2.249712717164868 ], [ 112.696007274955733, 2.239275390067999 ], [ 112.713198166644702, 2.234363706728296 ], [ 112.7171889093582, 2.219628656709186 ], [ 112.703988760382757, 2.213489052534557 ], [ 112.707365542678801, 2.206735487942465 ], [ 112.69278398276208, 2.207042468153081 ], [ 112.683114106189009, 2.203665685855151 ], [ 112.679430343684231, 2.192000437923356 ], [ 112.670834897839754, 2.197833061889253 ], [ 112.663541300443285, 2.194424882878991 ], [ 112.656406828027443, 2.201516824395921 ], [ 112.644981504597808, 2.20013558929287 ], [ 112.633560091769709, 2.195852559482432 ], [ 112.626421708752218, 2.183003470050835 ], [ 112.605006559699746, 2.177292763636956 ], [ 112.583591410647273, 2.185858823257888 ], [ 112.535050406128448, 2.170154380619465 ], [ 112.475087988781411, 2.177292763636956 ], [ 112.452245163125554, 2.164443674205415 ], [ 112.420836277848593, 2.155877614584483 ], [ 112.411743601668149, 2.155776773292939 ] ] ] ] } },
{ "type": "Feature", "properties": { "Id": 565, "NEGERI": "SARAWAK", "KODPAR": "P. 214", "PARLIMEN": "SELANGAU", "KODDUN": "N. 60", "NAMADUN": "KAKUS", "KODUNIK": "P. 214_N. 60", "BILANGAN_P": 23955, "PERATUS_EQ": 96.4 }, "geometry": { "type": "MultiPolygon", "coordinates": [ [ [ [ 112.34144513386866, 2.589539808230354 ], [ 112.340754428399677, 2.610414462425751 ], [ 112.333617138546671, 2.619163398374587 ], [ 112.329012435415706, 2.646100911690741 ], [ 112.34628007215683, 2.650475379665159 ], [ 112.346740542469931, 2.668663957032477 ], [ 112.340178840508827, 2.677297775401206 ], [ 112.344764909492255, 2.685617018312485 ], [ 112.348352188565755, 2.715401693811788 ], [ 112.348191333340537, 2.742724082452412 ], [ 112.339625273719435, 2.762711554901443 ], [ 112.348191333340537, 2.772705291125817 ], [ 112.38245557182438, 2.782699027350304 ], [ 112.388873576118243, 2.799207290795378 ], [ 112.398773687849811, 2.819698219728179 ], [ 112.402443044273582, 2.831240031869356 ], [ 112.415292133704952, 2.852655180921829 ], [ 112.415331380361863, 2.853021483052999 ], [ 112.419575163515447, 2.892630125819721 ], [ 112.429568899739934, 2.902623862044265 ], [ 112.488103640483359, 2.902623862044322 ], [ 112.663707862713522, 2.894057802423163 ], [ 112.693689071387098, 2.89120244921628 ], [ 112.72367028006056, 2.88834709600934 ], [ 112.729380986474553, 2.942598806942158 ], [ 112.735091692888432, 2.985429105047103 ], [ 112.730808663078051, 3.003988900892637 ], [ 112.730808663078051, 3.028259403152106 ], [ 112.754246353985536, 3.03675407894292 ], [ 112.767571335618072, 3.025332666114764 ], [ 112.778992748446058, 2.989164858826314 ], [ 112.784703454860164, 2.970129170779671 ], [ 112.801835574102142, 2.96061132675635 ], [ 112.820871262148785, 2.958707757951515 ], [ 112.83229267497677, 2.979647014802993 ], [ 112.868936374466443, 2.985357721216872 ], [ 112.893206876725912, 2.988213074423925 ], [ 112.910338995967891, 3.001062163855465 ], [ 112.927471115209983, 3.005345193665903 ], [ 112.948886264262455, 2.999634487251853 ], [ 112.967446060107818, 3.005345193665903 ], [ 112.966018383504434, 2.988213074423925 ], [ 112.976012119728807, 2.978219338199381 ], [ 112.976012119728807, 2.95823186575052 ], [ 112.986005855953294, 2.949665806129417 ], [ 112.971729089918313, 2.929678333680556 ], [ 112.971729089918313, 2.916829244249016 ], [ 112.986005855953294, 2.915401567645574 ], [ 113.005993328402383, 2.931106010283997 ], [ 113.017414741230255, 2.916829244249016 ], [ 113.048823626507328, 2.925395303869891 ], [ 113.064528069145695, 2.926822980473503 ], [ 113.08464421920732, 2.936657679254729 ], [ 113.087867511398997, 2.929520389401731 ], [ 113.085943218198167, 2.915401567645574 ], [ 113.095936954422655, 2.915401567645574 ], [ 113.108588675488335, 2.922843569861829 ], [ 113.120207456682238, 2.913973891041962 ], [ 113.119639963002655, 2.902122405772479 ], [ 113.128388898951499, 2.890610647945063 ], [ 113.170752167756405, 2.892912999510546 ], [ 113.202294384203512, 2.894754880762932 ], [ 113.219101550631535, 2.893143234667094 ], [ 113.227965604160104, 2.880211693372691 ], [ 113.239822714720887, 2.868277837759875 ], [ 113.249722826452469, 2.840879854130624 ], [ 113.247420474886979, 2.817856338475791 ], [ 113.271364931167994, 2.817395868162695 ], [ 113.275048693672773, 2.80012823142157 ], [ 113.28725115696983, 2.792530471255475 ], [ 113.30437773853339, 2.764067847674653 ], [ 113.292956325705404, 2.759784817864215 ], [ 113.262975117032056, 2.758357141260774 ], [ 113.247270674393462, 2.746935728432618 ], [ 113.241559967979583, 2.734086639001248 ], [ 113.242987644582968, 2.71695451975927 ], [ 113.272968853256543, 2.719809872966266 ], [ 113.30655253759538, 2.707688816065617 ], [ 113.319752686570823, 2.713828420240247 ], [ 113.327220564189474, 2.709816136741779 ], [ 113.344352683431453, 2.684117957878811 ], [ 113.364340155880313, 2.689828664292691 ], [ 113.398604394364384, 2.692684017499744 ], [ 113.421447220020241, 2.698394723913793 ], [ 113.430013279641344, 2.706960783534726 ], [ 113.444290045676325, 2.710529975043471 ], [ 113.458566811711307, 2.714099166552217 ], [ 113.471400909684164, 2.711065598361664 ], [ 113.474556789670487, 2.696967047310181 ], [ 113.485978202498359, 2.678407251464762 ], [ 113.497494227426344, 2.652125398285226 ], [ 113.495997698907303, 2.63313099787021 ], [ 113.493311622080569, 2.61570987102636 ], [ 113.488833555705583, 2.58560827223738 ], [ 113.508852495149398, 2.568933761719003 ], [ 113.524525470793037, 2.557054740167416 ], [ 113.508821028154443, 2.535639591114943 ], [ 113.490975070610716, 2.531356561304506 ], [ 113.473129113066989, 2.527073531494011 ], [ 113.457424670428395, 2.517079795269524 ], [ 113.446228532568156, 2.527491433540258 ], [ 113.427443461755047, 2.529928884701064 ], [ 113.427443461755047, 2.561337769977854 ], [ 113.400317606288468, 2.571331506202398 ], [ 113.378902457235995, 2.565620799788519 ], [ 113.371764074218504, 2.549916357149925 ], [ 113.326078422906562, 2.558482416771028 ], [ 113.323223069699679, 2.535639591114943 ], [ 113.281820448198232, 2.541350297528993 ], [ 113.271049017662207, 2.531925295809973 ], [ 113.268971358766635, 2.511369088855417 ], [ 113.25183923952477, 2.50708605904498 ], [ 113.228996413868686, 2.515652118666083 ], [ 113.210436618023323, 2.515652118666083 ], [ 113.194732175384843, 2.491381616406557 ], [ 113.17331702633237, 2.481387880182069 ], [ 113.144763494262406, 2.477104850371575 ], [ 113.127631375020428, 2.458545054526155 ], [ 113.097650166346853, 2.448551318301611 ], [ 113.070524310880501, 2.448551318301611 ], [ 113.046253808621145, 2.44141293528412 ], [ 113.044826132017533, 2.418570109628035 ], [ 113.046253808621145, 2.392871930765125 ], [ 113.057675221448903, 2.371456781712652 ], [ 113.060530574656127, 2.348613956056738 ], [ 113.046253808621145, 2.335764866625198 ], [ 113.020197886466335, 2.323853587925885 ], [ 112.996285127498709, 2.312922040969283 ], [ 112.99771280410198, 2.281513155692323 ], [ 112.972014625239012, 2.282940832295708 ], [ 112.953454829393763, 2.282940832295708 ], [ 112.940605739962052, 2.294362245123864 ], [ 112.923473620720188, 2.287223862106373 ], [ 112.917762914306309, 2.272947096071391 ], [ 112.900630795064103, 2.262953359846847 ], [ 112.900630795064103, 2.242965887397816 ], [ 112.909196854685206, 2.224406091552396 ], [ 112.896347765253836, 2.197280236085817 ], [ 112.887781705632733, 2.18157579344745 ], [ 112.867794233183872, 2.167299027412469 ], [ 112.842096054320791, 2.164443674205415 ], [ 112.827819288285809, 2.148739231566992 ], [ 112.799265756215846, 2.154449937980871 ], [ 112.759290811317896, 2.155877614584483 ], [ 112.729309602644321, 2.157305291187924 ], [ 112.673630215108005, 2.173009733826518 ], [ 112.672546114791089, 2.173239230869399 ], [ 112.626421708752218, 2.183003470050835 ], [ 112.633560091769709, 2.195852559482432 ], [ 112.644981504597808, 2.20013558929287 ], [ 112.656406828027443, 2.201516824395921 ], [ 112.663541300443285, 2.194424882878991 ], [ 112.670834897839754, 2.197833061889253 ], [ 112.679430343684231, 2.192000437923356 ], [ 112.683114106189009, 2.203665685855151 ], [ 112.69278398276208, 2.207042468153081 ], [ 112.707365542678801, 2.206735487942465 ], [ 112.703988760382757, 2.213489052534557 ], [ 112.7171889093582, 2.219628656709186 ], [ 112.713198166644702, 2.234363706728296 ], [ 112.696007274955733, 2.239275390067999 ], [ 112.707212052574548, 2.249712717164868 ], [ 112.729775097916189, 2.246028954660091 ], [ 112.73778048382519, 2.237255180983936 ], [ 112.754912603067055, 2.238682857587378 ], [ 112.770617045705649, 2.228689121362834 ], [ 112.781961733400578, 2.22883806297113 ], [ 112.794854902167302, 2.23743350881561 ], [ 112.807134110516557, 2.226075241092547 ], [ 112.804371288637981, 2.242959152572777 ], [ 112.816343516778502, 2.253703459878377 ], [ 112.816803987091674, 2.278875836994356 ], [ 112.792032194758121, 2.287223862106373 ], [ 112.772044722309033, 2.28436850889932 ], [ 112.74349119023907, 2.290079215313199 ], [ 112.723503717790209, 2.29721759833069 ], [ 112.717342399462666, 2.285936381795179 ], [ 112.695086334329588, 2.288392223465031 ], [ 112.693551433285919, 2.31141573911989 ], [ 112.682101096288648, 2.315777394176337 ], [ 112.674825640553294, 2.317555343294519 ], [ 112.673444229614063, 2.335053215192211 ], [ 112.654257966568281, 2.342113759993035 ], [ 112.654871926985734, 2.350709205837516 ], [ 112.659476630116714, 2.359918612099459 ], [ 112.656402917425794, 2.378595164730143 ], [ 112.692094832513249, 2.381450517937196 ], [ 112.687811802702754, 2.401437990386228 ], [ 112.674962713271157, 2.407148696800107 ], [ 112.693522509116633, 2.427136169249138 ], [ 112.709226951755227, 2.43570222887007 ], [ 112.717793011376102, 2.455689701319102 ], [ 112.723503717790209, 2.461400407732981 ], [ 112.7192206879796, 2.489953939802945 ], [ 112.734925130618194, 2.505658382441538 ], [ 112.75062957325656, 2.522790501683573 ], [ 112.750035791692582, 2.537046192537505 ], [ 112.751570692736252, 2.549632381095494 ], [ 112.739598464595716, 2.556385945687586 ], [ 112.731693724218729, 2.576109424100049 ], [ 112.726628550774677, 2.580714127231015 ], [ 112.732537919794893, 2.585242085308342 ], [ 112.73192395937528, 2.594988706937012 ], [ 112.722254082800248, 2.598902704598333 ], [ 112.719491260921671, 2.613637754617426 ], [ 112.72939137265324, 2.612486578834684 ], [ 112.731463489062179, 2.623307631192455 ], [ 112.738370543758634, 2.627682099166873 ], [ 112.738140308602084, 2.634589153863323 ], [ 112.746659009394364, 2.641726443716322 ], [ 112.73778048382519, 2.648426042791357 ], [ 112.733535605471118, 2.658073139831253 ], [ 112.722254082800248, 2.656231258578866 ], [ 112.711893500755579, 2.664519724214605 ], [ 112.703835270276386, 2.66382901874496 ], [ 112.696377862323629, 2.666985838636833 ], [ 112.684956449495758, 2.656992102412289 ], [ 112.68541645775251, 2.648173028099674 ], [ 112.676207051490579, 2.637121740585354 ], [ 112.667824330253666, 2.639859983170254 ], [ 112.647836857804691, 2.658419779015901 ], [ 112.62499403214872, 2.655564425808848 ], [ 112.589302117061266, 2.641287659773866 ], [ 112.58518741960377, 2.650935849976873 ], [ 112.569314644612291, 2.655564425808848 ], [ 112.560935983113993, 2.672424464588075 ], [ 112.543616465749324, 2.6826902812752 ], [ 112.529086786456205, 2.693068883626599 ], [ 112.520568085663911, 2.693989824252792 ], [ 112.514581971593657, 2.685010653147408 ], [ 112.509286562993054, 2.690536296904567 ], [ 112.501458567670412, 2.676031482042023 ], [ 112.493647784626887, 2.684117957878811 ], [ 112.476515665384909, 2.691256340896302 ], [ 112.463666575953539, 2.685545634482253 ], [ 112.459555769178621, 2.669815132815219 ], [ 112.445281189472624, 2.662908078118769 ], [ 112.440676486341658, 2.652087025760997 ], [ 112.433769431645203, 2.650245144508611 ], [ 112.427783317574949, 2.642186914029419 ], [ 112.413508737868952, 2.640575267933581 ], [ 112.408443564424886, 2.632517037454389 ], [ 112.405910977702845, 2.624458806975198 ], [ 112.39255733862305, 2.624458806975198 ], [ 112.387952635492084, 2.617551752278748 ], [ 112.393248044092701, 2.611565638208492 ], [ 112.39255733862305, 2.604658583512042 ], [ 112.395089925345076, 2.598672469441786 ], [ 112.39048522221411, 2.596139882719754 ], [ 112.385189813613508, 2.606960935077525 ], [ 112.372757115159899, 2.600514350694172 ], [ 112.361245357332479, 2.600053880381076 ], [ 112.347620262699252, 2.589962685878049 ], [ 112.34144513386866, 2.589539808230354 ] ] ] ] } },
{ "type": "Feature", "properties": { "Id": 567, "NEGERI": "SARAWAK", "KODPAR": "P. 215", "PARLIMEN": "KAPIT", "KODDUN": "N. 62", "NAMADUN": "KATIBAS", "KODUNIK": "P. 215_N. 62", "BILANGAN_P": 16527, "PERATUS_EQ": 66.51 }, "geometry": { "type": "MultiPolygon", "coordinates": [ [ [ [ 112.026672613580104, 1.4912232675469 ], [ 112.025244936976719, 1.515493769806369 ], [ 112.019534230562613, 1.528342859237739 ], [ 112.010968170941737, 1.544047301876333 ], [ 112.008112817734627, 1.559751744514756 ], [ 111.996691404906699, 1.568317804135859 ], [ 112.022646187102978, 1.562997990232607 ], [ 112.036351071221475, 1.565775746627878 ], [ 112.043489454238966, 1.582907865869913 ], [ 112.059193896877332, 1.575769482852422 ], [ 112.064904603291438, 1.587190895680351 ], [ 112.06062157348083, 1.605750691525998 ], [ 112.062049250084442, 1.618599780957368 ], [ 112.099168841775281, 1.61431675114693 ], [ 112.111363467426372, 1.610272942377249 ], [ 112.122414754940706, 1.616412546551878 ], [ 112.146973171639218, 1.617026506969341 ], [ 112.163550102910719, 1.640970963250394 ], [ 112.16477802374564, 1.657547894521893 ], [ 112.205913371715653, 1.65693393410443 ], [ 112.209099940244641, 1.664285432269367 ], [ 112.196837793825978, 1.675866348331492 ], [ 112.215381717300033, 1.687604150126447 ], [ 112.238224542956118, 1.657622941453042 ], [ 112.251073632387488, 1.649056881831939 ], [ 112.272488781439961, 1.64334617541806 ], [ 112.286765547474943, 1.661905971263536 ], [ 112.28391019426806, 1.673327384091465 ], [ 112.258212015404979, 1.677610413901903 ], [ 112.263922721819199, 1.707591622575478 ], [ 112.292476253889049, 1.710446975782531 ], [ 112.305325343320533, 1.717585358800022 ], [ 112.315319079544906, 1.737572831248883 ], [ 112.319602109355515, 1.744711214266374 ], [ 112.336734228597379, 1.729006771627951 ], [ 112.353866347839357, 1.746138890869986 ], [ 112.37528149689183, 1.741855861059321 ], [ 112.395268969340918, 1.743283537662933 ], [ 112.396696645944303, 1.754704950490918 ], [ 112.400231843842647, 1.762228145699319 ], [ 112.413431992818104, 1.780032997805743 ], [ 112.45978600433655, 1.788014483232761 ], [ 112.455231386687842, 1.796107571992422 ], [ 112.448093003670351, 1.804673631613355 ], [ 112.428105531221377, 1.81323969123423 ], [ 112.428474023045936, 1.830991712455164 ], [ 112.419539471600388, 1.834654840286703 ], [ 112.406690382168904, 1.838937870097368 ], [ 112.395627140711667, 1.847568643726662 ], [ 112.376709173495442, 1.86606372556372 ], [ 112.426677854617878, 1.864636048960278 ], [ 112.433816237635369, 1.87891281499526 ], [ 112.460092984545284, 1.892080773992723 ], [ 112.475135014773116, 1.915411269856313 ], [ 112.479739717904096, 1.9338300823802 ], [ 112.479739717904096, 1.943960429268338 ], [ 112.49386080750574, 1.963607162627151 ], [ 112.495702688758129, 1.977728252228797 ], [ 112.479501888947198, 1.980277853843575 ], [ 112.463797446308831, 1.987416236861065 ], [ 112.435243914238868, 1.994554619878556 ], [ 112.424790260539282, 2.011649565293565 ], [ 112.412242444507541, 2.024293312640801 ], [ 112.40947962262895, 2.038107422033732 ], [ 112.396696645944303, 2.04166794779394 ], [ 112.386763087182786, 2.054684353305249 ], [ 112.387377047600253, 2.064200739775934 ], [ 112.400979675754797, 2.071649156467515 ], [ 112.413828765186395, 2.081642892692059 ], [ 112.408213329269699, 2.102055236765034 ], [ 112.4095457353759, 2.114479454572461 ], [ 112.419111126677706, 2.142269644108759 ], [ 112.411743601668149, 2.155776773292939 ], [ 112.420836277848593, 2.155877614584483 ], [ 112.452245163125554, 2.164443674205415 ], [ 112.475087988781411, 2.177292763636956 ], [ 112.535050406128448, 2.170154380619465 ], [ 112.583591410647273, 2.185858823257888 ], [ 112.605006559699746, 2.177292763636956 ], [ 112.607056861933302, 2.125924166289451 ], [ 112.611339891743569, 2.111647400254469 ], [ 112.614043559222111, 2.095301672172863 ], [ 112.618648262353091, 2.083022463823608 ], [ 112.610359796717333, 2.082101523197414 ], [ 112.603606232125244, 2.075347958605324 ], [ 112.608517915464944, 2.070436275265622 ], [ 112.60790395504749, 2.060305928377487 ], [ 112.602378311290323, 2.056008205455248 ], [ 112.60790395504749, 2.052938403367935 ], [ 112.606676034212569, 2.031449788756739 ], [ 112.61281563838719, 2.030528848130545 ], [ 112.622025044649149, 2.013030976232858 ], [ 112.637988015503183, 2.013951916859052 ], [ 112.638465747210148, 2.004571654992105 ], [ 112.647197421765128, 1.992156322039125 ], [ 112.652109105104827, 1.992156322039125 ], [ 112.659476630114369, 1.999216866839947 ], [ 112.672729985693991, 1.997433271974614 ], [ 112.691289781539467, 1.977445799525583 ], [ 112.70767252288519, 1.974658450141437 ], [ 112.735547756248138, 1.981728829336021 ], [ 112.787406169864184, 1.980578623534753 ], [ 112.801915446966419, 1.958350126552602 ], [ 112.79122714378434, 1.946036914248566 ], [ 112.801915446966419, 1.94607091820333 ], [ 112.816211484345558, 1.921052573687348 ], [ 112.8226360290613, 1.898923586333183 ], [ 112.831385547004658, 1.883293465517678 ], [ 112.825491382268297, 1.87750843728071 ], [ 112.83307393815268, 1.870246806646577 ], [ 112.847271772805968, 1.867560729822569 ], [ 112.858327944148755, 1.867514701056166 ], [ 112.85471604286748, 1.842656960386951 ], [ 112.858399805372258, 1.838666217673443 ], [ 112.859934706415913, 1.830991712455159 ], [ 112.879274459565991, 1.823931167654338 ], [ 112.898302889046704, 1.79327551767426 ], [ 112.917646985657413, 1.785865621771649 ], [ 112.92624243150189, 1.778498096762096 ], [ 112.941284461729737, 1.778498096762096 ], [ 112.948345006530545, 1.776656215509708 ], [ 112.95448461070518, 1.767139829039036 ], [ 112.960970642220317, 1.757883637347441 ], [ 112.961032923756861, 1.757759074274347 ], [ 112.961120659600624, 1.757583602586806 ], [ 112.933994804134159, 1.750445219569315 ], [ 112.922573391306173, 1.739023806741329 ], [ 112.93256712753066, 1.721891687499351 ], [ 112.909724301874803, 1.719036334292468 ], [ 112.898302889046704, 1.704759568257487 ], [ 112.891164506029213, 1.683344419205014 ], [ 112.85404491433826, 1.684772095808455 ], [ 112.851189561131264, 1.671923006376915 ], [ 112.895447535839821, 1.664784623359424 ], [ 112.909724301874803, 1.637658767893072 ], [ 112.898302889046704, 1.630520384875581 ], [ 112.909724301874803, 1.607677559219496 ], [ 112.9011582422537, 1.590545439977632 ], [ 112.879743093201228, 1.590545439977632 ], [ 112.858327944148755, 1.569130290925159 ], [ 112.836912795096282, 1.542004435458637 ], [ 112.801220880008827, 1.54485978866569 ], [ 112.785516437370461, 1.551998171683181 ], [ 112.772667347938864, 1.561991907907668 ], [ 112.7441138158689, 1.564847261114551 ], [ 112.715560283798936, 1.564847261114551 ], [ 112.684151398521976, 1.556281201493618 ], [ 112.644461988944727, 1.571985644132042 ], [ 112.601631690839781, 1.574840997339038 ], [ 112.535958567078978, 1.577696350546091 ], [ 112.474568473128556, 1.577696350546091 ], [ 112.460291707093575, 1.5705579675286 ], [ 112.441731911247984, 1.543432112062078 ], [ 112.394618583332544, 1.522016963009605 ], [ 112.361782021452086, 1.512023226785232 ], [ 112.317524046743756, 1.51059555018162 ], [ 112.297536574294668, 1.4920357543362 ], [ 112.287542838070181, 1.467765252076674 ], [ 112.260416982603829, 1.460626869059183 ], [ 112.230435773930253, 1.454916162645304 ], [ 112.210448301481392, 1.447777779627813 ], [ 112.193710776189391, 1.445537616234901 ], [ 112.163729567516043, 1.458386705666442 ], [ 112.14231441846357, 1.461242058873495 ], [ 112.128037652428588, 1.459814382269883 ], [ 112.11090553318661, 1.464097412080321 ], [ 112.095201090548017, 1.454103675856004 ], [ 112.073785941495544, 1.458386705666442 ], [ 112.06379220527117, 1.475518824908477 ], [ 112.046660086029192, 1.476946501511918 ], [ 112.026672613580104, 1.4912232675469 ] ] ] ] } },
{ "type": "Feature", "properties": { "Id": 568, "NEGERI": "SARAWAK", "KODPAR": "P. 215", "PARLIMEN": "KAPIT", "KODDUN": "N. 63", "NAMADUN": "BUKIT GORAM", "KODUNIK": "P. 215_N. 63", "BILANGAN_P": 18637, "PERATUS_EQ": 75.0 }, "geometry": { "type": "MultiPolygon", "coordinates": [ [ [ [ 112.605006559699746, 2.177292763636956 ], [ 112.626421708752218, 2.183003470050835 ], [ 112.672546114791089, 2.173239230869399 ], [ 112.673630215108005, 2.173009733826518 ], [ 112.729309602644321, 2.157305291187924 ], [ 112.759290811317896, 2.155877614584483 ], [ 112.799265756215846, 2.154449937980871 ], [ 112.827819288285809, 2.148739231566992 ], [ 112.850047419848579, 2.149338062586821 ], [ 112.891450041349913, 2.150765739190206 ], [ 112.922858926626873, 2.156476445604312 ], [ 112.931424986247976, 2.146482709379768 ], [ 112.925714279833869, 2.127922913534348 ], [ 112.925714279833869, 2.100797058067769 ], [ 112.977110637559804, 2.050828376945333 ], [ 113.001381139819273, 2.035123934306966 ], [ 113.018513259061478, 2.009425755443829 ], [ 112.978538314163416, 2.002287372426338 ], [ 112.934280339454858, 2.00371504902995 ], [ 112.951412458696836, 1.982299899977477 ], [ 112.954267811903833, 1.953746367907513 ], [ 112.969972254542313, 1.938041925268919 ], [ 112.9407048841706, 1.931617380553348 ], [ 112.911437513798887, 1.925192835837549 ], [ 112.896311861150764, 1.921896226767975 ], [ 112.873058110339386, 1.912456585349493 ], [ 112.874669756435225, 1.905319295496495 ], [ 112.856481179067899, 1.900023886895884 ], [ 112.855758126262458, 1.889500920750095 ], [ 112.849113654058357, 1.878381782180341 ], [ 112.847271772805968, 1.867560729822569 ], [ 112.83307393815268, 1.870246806646577 ], [ 112.825491382268297, 1.87750843728071 ], [ 112.831385547004658, 1.883293465517678 ], [ 112.8226360290613, 1.898923586333183 ], [ 112.816211484345558, 1.921052573687348 ], [ 112.801915446966419, 1.94607091820333 ], [ 112.79122714378434, 1.946036914248566 ], [ 112.801915446966419, 1.958350126552602 ], [ 112.787406169864184, 1.980578623534753 ], [ 112.735547756248138, 1.981728829336021 ], [ 112.70767252288519, 1.974658450141437 ], [ 112.691289781539467, 1.977445799525583 ], [ 112.672729985693991, 1.997433271974614 ], [ 112.659476630114369, 1.999216866839947 ], [ 112.652109105104827, 1.992156322039125 ], [ 112.647197421765128, 1.992156322039125 ], [ 112.638465747210148, 2.004571654992105 ], [ 112.637988015503183, 2.013951916859052 ], [ 112.622025044649149, 2.013030976232858 ], [ 112.61281563838719, 2.030528848130545 ], [ 112.606676034212569, 2.031449788756739 ], [ 112.60790395504749, 2.052938403367935 ], [ 112.602378311290323, 2.056008205455248 ], [ 112.60790395504749, 2.060305928377487 ], [ 112.608517915464944, 2.070436275265622 ], [ 112.603606232125244, 2.075347958605324 ], [ 112.610359796717333, 2.082101523197414 ], [ 112.618648262353091, 2.083022463823608 ], [ 112.614043559222111, 2.095301672172863 ], [ 112.611339891743569, 2.111647400254469 ], [ 112.607056861933302, 2.125924166289451 ], [ 112.605006559699746, 2.177292763636956 ] ] ] ] } },
{ "type": "Feature", "properties": { "Id": 566, "NEGERI": "SARAWAK", "KODPAR": "P. 215", "PARLIMEN": "KAPIT", "KODDUN": "N. 61", "NAMADUN": "PELAGUS", "KODUNIK": "P. 215_N. 61", "BILANGAN_P": 12148, "PERATUS_EQ": 48.89 }, "geometry": { "type": "MultiPolygon", "coordinates": [ [ [ [ 112.827819288285809, 2.148739231566992 ], [ 112.842096054320791, 2.164443674205415 ], [ 112.867794233183872, 2.167299027412469 ], [ 112.887781705632733, 2.18157579344745 ], [ 112.896347765253836, 2.197280236085817 ], [ 112.909196854685206, 2.224406091552396 ], [ 112.900630795064103, 2.242965887397816 ], [ 112.900630795064103, 2.262953359846847 ], [ 112.917762914306309, 2.272947096071391 ], [ 112.923473620720188, 2.287223862106373 ], [ 112.940605739962052, 2.294362245123864 ], [ 112.953454829393763, 2.282940832295708 ], [ 112.972014625239012, 2.282940832295708 ], [ 112.99771280410198, 2.281513155692323 ], [ 113.017085582457867, 2.273545927091163 ], [ 113.035645378303343, 2.260696837659623 ], [ 113.059915880562812, 2.260696837659623 ], [ 113.061343557166424, 2.23928168860715 ], [ 113.080617191313763, 2.239995526908842 ], [ 113.118450621306351, 2.243564718417588 ], [ 113.155570212997191, 2.263552190866676 ], [ 113.18269606846377, 2.260696837659623 ], [ 113.184123745067154, 2.273545927091163 ], [ 113.209821923930122, 2.29210572293664 ], [ 113.215532630344228, 2.322086931609988 ], [ 113.224098689965103, 2.3235146082136 ], [ 113.245513839017576, 2.306382488971622 ], [ 113.272639694484155, 2.320659255006603 ], [ 113.272639694484155, 2.283539663315707 ], [ 113.282633430708643, 2.270690573884167 ], [ 113.256935251845562, 2.246420071624641 ], [ 113.258362928449174, 2.2335709821931 ], [ 113.268356664673661, 2.223577245968556 ], [ 113.279778077501646, 2.207872803330133 ], [ 113.298337873347009, 2.205017450123137 ], [ 113.302907147615272, 2.201209844185182 ], [ 113.293390761144593, 2.192614398340704 ], [ 113.301372246571617, 2.183711972287495 ], [ 113.300758286154149, 2.165600139972344 ], [ 113.264073634863053, 2.166470181828629 ], [ 113.251224545431683, 2.14219967956933 ], [ 113.219815660154609, 2.165042505225188 ], [ 113.204111217516243, 2.146482709379768 ], [ 113.189324470384662, 2.141655683691298 ], [ 113.175557685446279, 2.152193415793647 ], [ 113.134068032813019, 2.156083753501672 ], [ 113.138438093755212, 2.150765739190206 ], [ 113.144505359909886, 2.093152810711743 ], [ 113.155570212997191, 2.08223726222235 ], [ 113.175557685446279, 2.062249789773318 ], [ 113.181342984957666, 2.050482561698083 ], [ 113.166607934938554, 2.040045234601217 ], [ 113.173054519321923, 2.031756768965471 ], [ 113.1709056578608, 2.023161323120992 ], [ 113.156170607841688, 2.025924144999574 ], [ 113.152486845336909, 2.004742510597111 ], [ 113.1484318299797, 1.988010606391356 ], [ 113.166991625825176, 1.983727576580918 ], [ 113.168419302428788, 1.965167780735442 ], [ 113.165073033894899, 1.950407013651659 ], [ 113.176985362049663, 1.948035661493464 ], [ 113.188406774877649, 1.933758895458482 ], [ 113.189324470384676, 1.91694617089994 ], [ 113.19554515789514, 1.905205363388518 ], [ 113.212677277137118, 1.893783950560533 ], [ 113.212677277137118, 1.875224154715113 ], [ 113.224098689965103, 1.848098299248591 ], [ 113.179840715256773, 1.845242946041537 ], [ 113.145576476772703, 1.836676886420605 ], [ 113.125589004323842, 1.837390724722354 ], [ 113.105601531874754, 1.838104563024046 ], [ 113.097844368182734, 1.838052257255981 ], [ 113.094180119046882, 1.829538503403114 ], [ 113.082495357746168, 1.833140573916279 ], [ 113.084030258789824, 1.82208928640195 ], [ 113.05701600042147, 1.821475325984487 ], [ 113.055174119169081, 1.815028741601128 ], [ 113.044122831654747, 1.808889137426501 ], [ 113.042894910819825, 1.7883214634415 ], [ 113.021368612268361, 1.790991235108663 ], [ 112.995670433405394, 1.798129618126154 ], [ 112.971399931145925, 1.77528679247024 ], [ 112.95448461070518, 1.767139829039036 ], [ 112.948345006530545, 1.776656215509708 ], [ 112.941284461729737, 1.778498096762096 ], [ 112.92624243150189, 1.778498096762096 ], [ 112.917646985657413, 1.785865621771649 ], [ 112.898302889046704, 1.79327551767426 ], [ 112.879274459565991, 1.823931167654338 ], [ 112.859934706415913, 1.830991712455159 ], [ 112.858399805372258, 1.838666217673443 ], [ 112.85471604286748, 1.842656960386951 ], [ 112.858327944148755, 1.867514701056166 ], [ 112.847271772805968, 1.867560729822569 ], [ 112.849113654058357, 1.878381782180341 ], [ 112.855758126262458, 1.889500920750095 ], [ 112.856481179067899, 1.900023886895884 ], [ 112.874669756435225, 1.905319295496495 ], [ 112.873058110339386, 1.912456585349493 ], [ 112.896311861150764, 1.921896226767975 ], [ 112.911437513798887, 1.925192835837549 ], [ 112.9407048841706, 1.931617380553348 ], [ 112.969972254542313, 1.938041925268919 ], [ 112.954267811903833, 1.953746367907513 ], [ 112.951412458696836, 1.982299899977477 ], [ 112.934280339454858, 2.00371504902995 ], [ 112.978538314163416, 2.002287372426338 ], [ 113.018513259061478, 2.009425755443829 ], [ 113.001381139819273, 2.035123934306966 ], [ 112.977110637559804, 2.050828376945333 ], [ 112.925714279833869, 2.100797058067769 ], [ 112.925714279833869, 2.127922913534348 ], [ 112.931424986247976, 2.146482709379768 ], [ 112.922858926626873, 2.156476445604312 ], [ 112.891450041349913, 2.150765739190206 ], [ 112.850047419848579, 2.149338062586821 ], [ 112.827819288285809, 2.148739231566992 ] ] ] ] } },
{ "type": "Feature", "properties": { "Id": 569, "NEGERI": "SARAWAK", "KODPAR": "P. 216", "PARLIMEN": "HULU RAJANG", "KODDUN": "N. 64", "NAMADUN": "BALEH", "KODUNIK": "P. 216_N. 64", "BILANGAN_P": 16300, "PERATUS_EQ": 65.6 }, "geometry": { "type": "MultiPolygon", "coordinates": [ [ [ [ 112.9011582422537, 1.590545439977632 ], [ 112.909724301874803, 1.607677559219496 ], [ 112.898302889046704, 1.630520384875581 ], [ 112.909724301874803, 1.637658767893072 ], [ 112.895447535839821, 1.664784623359424 ], [ 112.851189561131264, 1.671923006376915 ], [ 112.85404491433826, 1.684772095808455 ], [ 112.891164506029213, 1.683344419205014 ], [ 112.898302889046704, 1.704759568257487 ], [ 112.909724301874803, 1.719036334292468 ], [ 112.93256712753066, 1.721891687499351 ], [ 112.922573391306173, 1.739023806741329 ], [ 112.933994804134159, 1.750445219569315 ], [ 112.961120659600624, 1.757583602586806 ], [ 112.961032923756861, 1.757759074274347 ], [ 112.960970642220317, 1.757883637347441 ], [ 112.95448461070518, 1.767139829039036 ], [ 112.971399931145925, 1.77528679247024 ], [ 112.995670433405394, 1.798129618126154 ], [ 113.021368612268361, 1.790991235108663 ], [ 113.042894910819825, 1.7883214634415 ], [ 113.044122831654747, 1.808889137426501 ], [ 113.055174119169081, 1.815028741601128 ], [ 113.05701600042147, 1.821475325984487 ], [ 113.084030258789824, 1.82208928640195 ], [ 113.082495357746168, 1.833140573916279 ], [ 113.094180119046882, 1.829538503403114 ], [ 113.097844368182734, 1.838052257255981 ], [ 113.105601531874754, 1.838104563024046 ], [ 113.125589004323842, 1.837390724722354 ], [ 113.145576476772703, 1.836676886420605 ], [ 113.179840715256773, 1.845242946041537 ], [ 113.224098689965103, 1.848098299248591 ], [ 113.212677277137118, 1.875224154715113 ], [ 113.212677277137118, 1.893783950560533 ], [ 113.19554515789514, 1.905205363388518 ], [ 113.189324470384676, 1.91694617089994 ], [ 113.188406774877649, 1.933758895458482 ], [ 113.176985362049663, 1.948035661493464 ], [ 113.165073033894899, 1.950407013651659 ], [ 113.168419302428788, 1.965167780735442 ], [ 113.166991625825176, 1.983727576580918 ], [ 113.1484318299797, 1.988010606391356 ], [ 113.152486845336909, 2.004742510597111 ], [ 113.156170607841688, 2.025924144999574 ], [ 113.1709056578608, 2.023161323120992 ], [ 113.173054519321923, 2.031756768965471 ], [ 113.166607934938554, 2.040045234601217 ], [ 113.181342984957666, 2.050482561698083 ], [ 113.175557685446279, 2.062249789773318 ], [ 113.155570212997191, 2.08223726222235 ], [ 113.144505359909886, 2.093152810711743 ], [ 113.138438093755212, 2.150765739190206 ], [ 113.134068032813019, 2.156083753501672 ], [ 113.175557685446279, 2.152193415793647 ], [ 113.189324470384662, 2.141655683691298 ], [ 113.204111217516243, 2.146482709379768 ], [ 113.219815660154609, 2.165042505225188 ], [ 113.251224545431683, 2.14219967956933 ], [ 113.264073634863053, 2.166470181828629 ], [ 113.300758286154149, 2.165600139972344 ], [ 113.301372246571617, 2.183711972287495 ], [ 113.293390761144593, 2.192614398340704 ], [ 113.302907147615272, 2.201209844185182 ], [ 113.298337873347009, 2.205017450123137 ], [ 113.316992847632719, 2.212590084774206 ], [ 113.322703554046825, 2.227818635211577 ], [ 113.340819203394744, 2.232982295788766 ], [ 113.36422644430921, 2.23248345295167 ], [ 113.382952237041806, 2.217748402932576 ], [ 113.401371049565668, 2.224501967524661 ], [ 113.409966495410146, 2.212836719592879 ], [ 113.416029354533961, 2.221470537961339 ], [ 113.427399838303359, 2.225915066406969 ], [ 113.441585456909451, 2.226343848777047 ], [ 113.446190160040416, 2.251516225892998 ], [ 113.461539170476968, 2.254279047771578 ], [ 113.463995012146825, 2.266558256120822 ], [ 113.478346336906398, 2.26444776718373 ], [ 113.491930211141351, 2.273618800921637 ], [ 113.511193219240653, 2.282866579707612 ], [ 113.517025843206582, 2.291769005760821 ], [ 113.535828380989926, 2.300633059289976 ], [ 113.547800609130434, 2.297563257202664 ], [ 113.560003072428941, 2.300978412022762 ], [ 113.572052045620197, 2.30462380200348 ], [ 113.581261451882128, 2.302474940542362 ], [ 113.59110675550437, 2.294443543374825 ], [ 113.602528168332356, 2.303961387398147 ], [ 113.61464554958313, 2.304355194318807 ], [ 113.623624720687019, 2.300326079081244 ], [ 113.630071305070373, 2.306465683255866 ], [ 113.638359770706117, 2.308307564508253 ], [ 113.646878471499932, 2.31172271932836 ], [ 113.653924526058404, 2.31157566261686 ], [ 113.667139165276197, 2.311415739119629 ], [ 113.675811356171309, 2.314140188474144 ], [ 113.69522785437394, 2.311722719328472 ], [ 113.699679067401618, 2.300824921917826 ], [ 113.702748869488943, 2.270126901044681 ], [ 113.710116394498499, 2.267057098957367 ], [ 113.714838727807546, 2.258275736086205 ], [ 113.720553721595365, 2.248945266642211 ], [ 113.722088622638992, 2.216712344725408 ], [ 113.732832929944593, 2.21487046347302 ], [ 113.738972534119227, 2.206888978046002 ], [ 113.732602694786536, 2.202706372704754 ], [ 113.741812101048467, 2.193803946651552 ], [ 113.744191197667661, 2.189084125939578 ], [ 113.749102966291616, 2.178325846290363 ], [ 113.751021507310412, 2.168938549744333 ], [ 113.760844873989797, 2.162491965360979 ], [ 113.769363574783654, 2.154702342561656 ], [ 113.771945791947473, 2.140254470197078 ], [ 113.783254429227185, 2.138240528871224 ], [ 113.787552152149431, 2.133942805948988 ], [ 113.798526694613116, 2.13229278732426 ], [ 113.796377833151993, 2.127688084193288 ], [ 113.797068538620096, 2.118286815303702 ], [ 113.805663984464559, 2.117979835094971 ], [ 113.808964021709983, 2.109883232086864 ], [ 113.811920736845423, 2.09456881888508 ], [ 113.830956424892065, 2.086954543666423 ], [ 113.834520124085287, 2.082677111090894 ], [ 113.827459579284479, 2.077458447542465 ], [ 113.832985223041632, 2.068249041280532 ], [ 113.835441064711489, 2.060574536062254 ], [ 113.843422550138499, 2.054434931887632 ], [ 113.855087798070272, 2.052900030843976 ], [ 113.856622699113927, 2.04276968395585 ], [ 113.882352782618113, 2.041268892354424 ], [ 113.879339234560035, 2.032639337067724 ], [ 113.887320719987045, 2.025885772475639 ], [ 113.883022997064799, 2.017904287048631 ], [ 113.882716016856079, 2.001941316194613 ], [ 113.894688244996601, 2.003476217238268 ], [ 113.903897651258532, 1.992117949515218 ], [ 113.909423295015685, 1.991197008889024 ], [ 113.917711760651429, 1.98168062241836 ], [ 113.924772305452251, 1.981066662000898 ], [ 113.928149087748281, 1.977689879704856 ], [ 113.947074121976584, 1.978451121800617 ], [ 113.952400524238044, 1.974006117200083 ], [ 113.954688397195241, 1.967029708972461 ], [ 113.965600673213487, 1.960192007807183 ], [ 113.975807765155523, 1.960844340747745 ], [ 113.971433297179374, 1.951596561962712 ], [ 113.990856204483862, 1.932765470488619 ], [ 113.989238149285782, 1.922126461924527 ], [ 113.98217760448496, 1.914144976497518 ], [ 113.998140575338979, 1.911075174410207 ], [ 114.001517357635024, 1.902479728565736 ], [ 114.015945427445388, 1.896954084808576 ], [ 114.032522358716875, 1.903093688983198 ], [ 114.044494586857397, 1.898488985852232 ], [ 114.056773795206638, 1.895419183764921 ], [ 114.065062260842382, 1.884367896250601 ], [ 114.075499587939234, 1.883139975415677 ], [ 114.085629934827367, 1.884367896250601 ], [ 114.086857855662288, 1.87024680664897 ], [ 114.096374242132953, 1.864107202474348 ], [ 114.108653450482194, 1.865335123309273 ], [ 114.112684607982487, 1.856622718302049 ], [ 114.111723252569504, 1.839241805567129 ], [ 114.106811569229805, 1.826348636800422 ], [ 114.107118549438539, 1.817446210747221 ], [ 114.09745605754506, 1.810937066990107 ], [ 114.105583648394884, 1.796571556553506 ], [ 114.116491745591702, 1.788094241334193 ], [ 114.122467559875076, 1.774162001316135 ], [ 114.133211867180663, 1.772627100272479 ], [ 114.1452608403753, 1.765604927994543 ], [ 114.153779541165648, 1.758506010670848 ], [ 114.156235382835504, 1.766487496097857 ], [ 114.165137808888701, 1.769864278393899 ], [ 114.172812314106977, 1.763417694010546 ], [ 114.182635680786376, 1.769557298185168 ], [ 114.191845087048307, 1.769557298185168 ], [ 114.205966176649937, 1.749910564826377 ], [ 114.215175582911868, 1.757892050253386 ], [ 114.230705873871557, 1.761444278068836 ], [ 114.240347960027819, 1.774468981524866 ], [ 114.251399247542139, 1.787976110709034 ], [ 114.267976178813612, 1.796878536762236 ], [ 114.278720486119212, 1.79503665550985 ], [ 114.289771773633532, 1.796878536762236 ], [ 114.288850833007331, 1.783371407578068 ], [ 114.301744001774054, 1.77569690235979 ], [ 114.305120784070098, 1.768329377350243 ], [ 114.322618655967773, 1.757892050253386 ], [ 114.31248830907964, 1.74806868357399 ], [ 114.310032467409798, 1.724431207501695 ], [ 114.297139298643089, 1.720440464788191 ], [ 114.298674199686744, 1.707547296021485 ], [ 114.27902746632796, 1.688207542871425 ], [ 114.278413505910493, 1.680840017861879 ], [ 114.283325189250192, 1.670709670973752 ], [ 114.275957664240622, 1.655053680328467 ], [ 114.290385734050986, 1.644616353231609 ], [ 114.306655685113739, 1.655053680328467 ], [ 114.321697715341557, 1.652597838658618 ], [ 114.337046725778109, 1.625583580290281 ], [ 114.35393063725833, 1.62803942196013 ], [ 114.361298162267872, 1.624355659455356 ], [ 114.391996183140989, 1.629881303212516 ], [ 114.397521826898142, 1.639090709474449 ], [ 114.404275391490231, 1.637248828222063 ], [ 114.414405738378363, 1.645230313649071 ], [ 114.427605887353806, 1.638783729265718 ], [ 114.444796779042775, 1.644309373022877 ], [ 114.450629403008662, 1.6366348678046 ], [ 114.459838809270593, 1.632030164673633 ], [ 114.469355195741258, 1.616988134445809 ], [ 114.494527572857208, 1.6228207584117 ], [ 114.501588117658031, 1.628653382377591 ], [ 114.52583955414778, 1.626197540707742 ], [ 114.539346683331956, 1.615453233402154 ], [ 114.559607377108208, 1.602867044844179 ], [ 114.591226338607513, 1.589052935451279 ], [ 114.603805359585749, 1.572990966407076 ], [ 114.595905549046506, 1.561236429038161 ], [ 114.591622519235898, 1.545531986399737 ], [ 114.60589928527088, 1.521261484140268 ], [ 114.595905549046506, 1.496990981880742 ], [ 114.575918076597418, 1.454160683775797 ], [ 114.548792221130952, 1.445594624154865 ], [ 114.520238689060989, 1.449877653965359 ], [ 114.458848595110567, 1.484141892449372 ], [ 114.40887991398813, 1.516978454329774 ], [ 114.383181735125163, 1.52268916074388 ], [ 114.36176658607269, 1.491280275466863 ], [ 114.281816696276906, 1.464154420000341 ], [ 114.23927193349266, 1.464154420000341 ], [ 114.2078630482157, 1.425607151705833 ], [ 114.182164869352732, 1.422751798499007 ], [ 114.146472954265278, 1.459871390189846 ], [ 114.109353362574211, 1.468437449810779 ], [ 114.052246298434284, 1.4627267433969 ], [ 113.946598229775532, 1.445594624154865 ], [ 113.915189344498572, 1.424179475102392 ], [ 113.86664833997952, 1.399908972842923 ], [ 113.850943897341153, 1.392770589825432 ], [ 113.810968952443204, 1.375638470583397 ], [ 113.818107335460695, 1.358506351341589 ], [ 113.820962688667578, 1.345657261909992 ], [ 113.800975216218717, 1.315676053236643 ], [ 113.747009040606372, 1.278556461545577 ], [ 113.699895712690932, 1.265707372114207 ], [ 113.671342180620968, 1.238581516647628 ], [ 113.64136097194762, 1.222877074009261 ], [ 113.618518146291535, 1.241436869854681 ], [ 113.57568784818659, 1.309965346822537 ], [ 113.548561992720238, 1.327097466064572 ], [ 113.530002196874761, 1.327097466064572 ], [ 113.461473719906735, 1.305682317012099 ], [ 113.417215745198291, 1.295688580787555 ], [ 113.367247064075855, 1.345657261909992 ], [ 113.320133736160528, 1.377066147187008 ], [ 113.288724850883455, 1.384204530204499 ], [ 113.233045463347025, 1.39134291322199 ], [ 113.207347284484058, 1.381349176997446 ], [ 113.183076782224589, 1.388487560014937 ], [ 113.134535777705764, 1.392770589825432 ], [ 113.11169295204968, 1.432745534723324 ], [ 113.0959885094112, 1.447022300758306 ], [ 113.058868917720361, 1.432745534723324 ], [ 113.0274600324434, 1.412758062274463 ], [ 112.996051147166327, 1.408475032464025 ], [ 112.977491351320964, 1.40990270906741 ], [ 112.966069938492979, 1.428462504912886 ], [ 112.966069938492751, 1.44916381566361 ], [ 112.991768117355718, 1.463440581698592 ], [ 113.03317073885728, 1.489138760561559 ], [ 113.03745376866766, 1.509126233010591 ], [ 113.038881445271159, 1.530541382063063 ], [ 113.058868917720361, 1.543390471494433 ], [ 113.044592151685379, 1.563377943943465 ], [ 113.020321649425682, 1.563377943943465 ], [ 112.997478823769825, 1.579082386581888 ], [ 112.986057410941839, 1.576227033375062 ], [ 112.963214585285755, 1.571944003564397 ], [ 112.940371759629897, 1.573371680168009 ], [ 112.926094993594916, 1.57479935677145 ], [ 112.9011582422537, 1.590545439977632 ] ] ] ] } },
{ "type": "Feature", "properties": { "Id": 570, "NEGERI": "SARAWAK", "KODPAR": "P. 216", "PARLIMEN": "HULU RAJANG", "KODDUN": "N. 65", "NAMADUN": "BELAGA", "KODUNIK": "P. 216_N. 65", "BILANGAN_P": 12844, "PERATUS_EQ": 51.69 }, "geometry": { "type": "MultiPolygon", "coordinates": [ [ [ [ 112.99771280410198, 2.281513155692323 ], [ 112.996285127498709, 2.312922040969283 ], [ 113.020197886466335, 2.323853587925885 ], [ 113.046253808621145, 2.335764866625198 ], [ 113.060530574656127, 2.348613956056738 ], [ 113.057675221448903, 2.371456781712652 ], [ 113.046253808621145, 2.392871930765125 ], [ 113.044826132017533, 2.418570109628035 ], [ 113.046253808621145, 2.44141293528412 ], [ 113.070524310880501, 2.448551318301611 ], [ 113.097650166346853, 2.448551318301611 ], [ 113.127631375020428, 2.458545054526155 ], [ 113.144763494262406, 2.477104850371575 ], [ 113.17331702633237, 2.481387880182069 ], [ 113.194732175384843, 2.491381616406557 ], [ 113.210436618023323, 2.515652118666083 ], [ 113.228996413868686, 2.515652118666083 ], [ 113.25183923952477, 2.50708605904498 ], [ 113.268971358766635, 2.511369088855417 ], [ 113.271049017662207, 2.531925295809973 ], [ 113.281820448198232, 2.541350297528993 ], [ 113.323223069699679, 2.535639591114943 ], [ 113.326078422906562, 2.558482416771028 ], [ 113.371764074218504, 2.549916357149925 ], [ 113.378902457235995, 2.565620799788519 ], [ 113.400317606288468, 2.571331506202398 ], [ 113.427443461755047, 2.561337769977854 ], [ 113.427443461755047, 2.529928884701064 ], [ 113.446228532568156, 2.527491433540258 ], [ 113.457424670428395, 2.517079795269524 ], [ 113.473129113066989, 2.527073531494011 ], [ 113.490975070610716, 2.531356561304506 ], [ 113.508821028154443, 2.535639591114943 ], [ 113.524525470793037, 2.557054740167416 ], [ 113.508852495149398, 2.568933761719003 ], [ 113.488833555705583, 2.58560827223738 ], [ 113.493311622080569, 2.61570987102636 ], [ 113.495997698907303, 2.63313099787021 ], [ 113.497494227426344, 2.652125398285226 ], [ 113.485978202498359, 2.678407251464762 ], [ 113.474556789670487, 2.696967047310181 ], [ 113.471400909684164, 2.711065598361664 ], [ 113.458566811711307, 2.714099166552217 ], [ 113.476607091903816, 2.728933123039553 ], [ 113.493739211146021, 2.736071506057044 ], [ 113.518009713405377, 2.727505446435941 ], [ 113.539424862457849, 2.714656357004571 ], [ 113.52800344962975, 2.701807267573031 ], [ 113.542280215664732, 2.69466888455554 ], [ 113.575116777545304, 2.706090297383469 ], [ 113.602242633011883, 2.719653225116758 ], [ 113.629368488478235, 2.733216152849991 ], [ 113.653638990737704, 2.750348272092026 ], [ 113.657922020548199, 2.774618774351381 ], [ 113.673626463186565, 2.781757157368872 ], [ 113.690758582428543, 2.811738366042391 ], [ 113.689330905825159, 2.8388642215088 ], [ 113.703607671860141, 2.853140987543782 ], [ 113.723892131363812, 2.846347939098632 ], [ 113.732871302469206, 2.833454770331926 ], [ 113.735403889191232, 2.848420055507567 ], [ 113.745764471235915, 2.861313224274273 ], [ 113.752441290775806, 2.880192507111237 ], [ 113.752148676378965, 2.900254315459335 ], [ 113.763570089206951, 2.901681992062777 ], [ 113.780702208448929, 2.92309714111525 ], [ 113.787206799414605, 2.932455887647708 ], [ 113.788127740040792, 2.941665293909641 ], [ 113.793551297880526, 2.95450602639221 ], [ 113.814835018200398, 2.95824222518112 ], [ 113.813914077574211, 2.96653069081686 ], [ 113.821051367427216, 2.971826099417472 ], [ 113.820821132270652, 2.981726211149049 ], [ 113.822663013523041, 2.993237968976466 ], [ 113.834174771350462, 2.995079850228853 ], [ 113.839236949192468, 3.004474707514646 ], [ 113.870645834469315, 2.994480971290159 ], [ 113.873199630385415, 2.989554206471693 ], [ 113.876538040155367, 2.987251854906209 ], [ 113.885056740947647, 2.978272683800825 ], [ 113.909193102763766, 2.970210469030633 ], [ 113.92995259647455, 2.972056334574019 ], [ 113.934096829292429, 2.985409973653822 ], [ 113.929180575212854, 2.991625618083106 ], [ 113.94488501785122, 2.991625618083106 ], [ 113.944227176180547, 2.998763612733625 ], [ 113.957580815260357, 3.002447375238398 ], [ 113.953451077472323, 3.011613090532137 ], [ 113.973697276218743, 3.004289256490785 ], [ 113.975539157471118, 3.013038192439621 ], [ 113.988432326237827, 3.006591608056268 ], [ 113.989353266864029, 3.020866187762265 ], [ 113.981985741854473, 3.025010420580134 ], [ 113.982004609542287, 3.041594299205542 ], [ 114.002706905943825, 3.036982648720647 ], [ 114.000404554378349, 3.048033936234967 ], [ 114.013413494819133, 3.051588035430086 ], [ 114.019744307528413, 3.042508292477808 ], [ 114.039084060678462, 3.046192054982581 ], [ 114.049674877879696, 3.041587351851614 ], [ 114.056243792924079, 3.031600562981225 ], [ 114.078684507604777, 3.036982648720648 ], [ 114.102007218409469, 3.039307257905775 ], [ 114.124271068601345, 3.030075594024198 ], [ 114.140847999872832, 3.028694183084908 ], [ 114.154201638952628, 3.015801014318202 ], [ 114.159036508375948, 2.997764627478148 ], [ 114.164331985840761, 2.984489033027629 ], [ 114.175383273355081, 2.976200567391889 ], [ 114.167555278032438, 2.967451631443053 ], [ 114.156181155168952, 2.969211095408184 ], [ 114.156181155168952, 2.953506652769818 ], [ 114.182750798364623, 2.939362942344157 ], [ 114.203932432767076, 2.942586234535833 ], [ 114.203471962453975, 2.925548832951257 ], [ 114.214062779655194, 2.913116134497647 ], [ 114.207577512895, 2.903537971647381 ], [ 114.223281955533366, 2.887833529008788 ], [ 114.207616195271825, 2.881804153207074 ], [ 114.187590040445912, 2.884978175801734 ], [ 114.16801574834551, 2.880883212580881 ], [ 114.17331327441093, 2.874984439577418 ], [ 114.162029634275257, 2.864766751622498 ], [ 114.158806342083579, 2.852334053168888 ], [ 114.14591317331687, 2.853715464108178 ], [ 114.12619994649549, 2.863563026749262 ], [ 114.090196265432169, 2.861543459430822 ], [ 114.079086618580163, 2.84928626071428 ], [ 114.072698393534495, 2.838519943775989 ], [ 114.07730309666546, 2.822403482817606 ], [ 114.054740051323733, 2.81918019062593 ], [ 114.050710936085935, 2.825300608535506 ], [ 114.049674877879667, 2.804445140606837 ], [ 114.057042402889209, 2.80122184841516 ], [ 114.054701678799447, 2.795216548079825 ], [ 114.057963343515411, 2.784184446830584 ], [ 114.065752966313781, 2.788769963696464 ], [ 114.073427471532071, 2.778946597017057 ], [ 114.064809852545181, 2.767908694315054 ], [ 114.073375912166057, 2.746493545262581 ], [ 114.056243792924079, 2.719367689796002 ], [ 114.056243792924079, 2.682248098105163 ], [ 114.037683997078602, 2.666543655466569 ], [ 114.046720193372451, 2.657996394776867 ], [ 114.059099146131075, 2.66083294905269 ], [ 114.062069203809031, 2.6309821364085 ], [ 114.0505330865102, 2.625141033965235 ], [ 114.046413213163731, 2.618702928059242 ], [ 114.048869054833574, 2.610721442632224 ], [ 114.041808510032752, 2.603967878040133 ], [ 114.047334153789919, 2.590153768647217 ], [ 114.056243792924079, 2.589449118877781 ], [ 114.060227322556642, 2.589539808229754 ], [ 114.062069203809031, 2.579716441550348 ], [ 114.070971629862242, 2.590153768647217 ], [ 114.079874055915454, 2.584935105098782 ], [ 114.089390442386133, 2.599056194700429 ], [ 114.097646414425526, 2.598015178498656 ], [ 114.110495503857123, 2.590876795481165 ], [ 114.136193682720091, 2.588021442274169 ], [ 114.164747214790054, 2.569461646428692 ], [ 114.184734687238915, 2.555184880393711 ], [ 114.204720370243251, 2.530916551031302 ], [ 114.20472215968789, 2.530914378134241 ], [ 114.233275691757854, 2.5294867015308 ], [ 114.241841751378843, 2.515209935495818 ], [ 114.241841751378843, 2.485228726822243 ], [ 114.244697104585839, 2.46381357776977 ], [ 114.227564985343861, 2.439257540189715 ], [ 114.214715895912491, 2.41641471453363 ], [ 114.183307010635417, 2.407848654912755 ], [ 114.174740951014542, 2.375012093032296 ], [ 114.179023980825036, 2.347886237565774 ], [ 114.167602567997051, 2.333609471530792 ], [ 114.146187418944578, 2.289351496822405 ], [ 114.163319538186443, 2.280785437201303 ], [ 114.159036508375948, 2.255087258338392 ], [ 114.136193682720091, 2.262225641355883 ], [ 114.110495503857123, 2.266508671166321 ], [ 114.117633886874614, 2.229389079475482 ], [ 114.137621359323475, 2.217967666647496 ], [ 114.177596304221424, 2.226533726268428 ], [ 114.190445393652908, 2.222250696457991 ], [ 114.217571249119487, 2.202263224008902 ], [ 114.230420338550857, 2.190841811180974 ], [ 114.228992661947473, 2.158005249300572 ], [ 114.22042660232637, 2.148011513076028 ], [ 114.250307707544536, 2.152280242392836 ], [ 114.250407810999945, 2.152294542886466 ], [ 114.293238109104891, 2.14943918967964 ], [ 114.318936287967745, 2.152294542886466 ], [ 114.350345173244818, 2.16228827911101 ], [ 114.371760322297291, 2.16228827911101 ], [ 114.403169207574251, 2.153722219490078 ], [ 114.420301326816116, 2.143014644963841 ], [ 114.437433446058094, 2.132307070437605 ], [ 114.47455303774916, 2.130879393833993 ], [ 114.498823540008516, 2.132307070437435 ], [ 114.523094042267985, 2.133734747041046 ], [ 114.537370808302967, 2.115174951195627 ], [ 114.553075250941561, 2.110891921385132 ], [ 114.585911812822019, 2.098042831953592 ], [ 114.614465344891983, 2.086621419125663 ], [ 114.645874230168943, 2.075200006297507 ], [ 114.674427762238906, 2.086621419125663 ], [ 114.707264324119365, 2.080910712711557 ], [ 114.727251796568225, 2.063778593469578 ], [ 114.727251796568225, 2.086621419125663 ], [ 114.754377652034691, 2.085193742522222 ], [ 114.755805328638189, 2.100898185160645 ], [ 114.784358860708153, 2.105181214971083 ], [ 114.812912392778117, 2.105181214971083 ], [ 114.805774009760626, 2.088049095729048 ], [ 114.79435259693264, 2.053784857245034 ], [ 114.795780273536252, 2.032369708192562 ], [ 114.805774009760626, 2.020948295364633 ], [ 114.837182895037586, 2.046646474227543 ], [ 114.855742690883062, 2.045218797624102 ], [ 114.877157839935535, 2.028086678382124 ], [ 114.87287481012504, 2.00524385272621 ], [ 114.852887337676179, 1.985256380277178 ], [ 114.84146592484808, 1.959558201414211 ], [ 114.851459661072568, 1.94670911198267 ], [ 114.87287481012504, 1.938143052361738 ], [ 114.865736427107549, 1.906734167084778 ], [ 114.814340069381728, 1.895312754256793 ], [ 114.790069567122146, 1.865331545583444 ], [ 114.770082094673171, 1.849627102944851 ], [ 114.734390179585716, 1.866759222186829 ], [ 114.698698264498262, 1.805369128236464 ], [ 114.70298129430887, 1.736840651268608 ], [ 114.707264324119365, 1.68544429354256 ], [ 114.68442149846328, 1.629764906006244 ], [ 114.643018876961946, 1.598356020729227 ], [ 114.603805359585749, 1.572990966407076 ], [ 114.591226338607513, 1.589052935451279 ], [ 114.559607377108208, 1.602867044844179 ], [ 114.539346683331956, 1.615453233402154 ], [ 114.52583955414778, 1.626197540707742 ], [ 114.501588117658031, 1.628653382377591 ], [ 114.494527572857208, 1.6228207584117 ], [ 114.469355195741258, 1.616988134445809 ], [ 114.459838809270593, 1.632030164673633 ], [ 114.450629403008662, 1.6366348678046 ], [ 114.444796779042775, 1.644309373022877 ], [ 114.427605887353806, 1.638783729265718 ], [ 114.414405738378363, 1.645230313649071 ], [ 114.404275391490231, 1.637248828222063 ], [ 114.397521826898142, 1.639090709474449 ], [ 114.391996183140989, 1.629881303212516 ], [ 114.361298162267872, 1.624355659455356 ], [ 114.35393063725833, 1.62803942196013 ], [ 114.337046725778109, 1.625583580290281 ], [ 114.321697715341557, 1.652597838658618 ], [ 114.306655685113739, 1.655053680328467 ], [ 114.290385734050986, 1.644616353231609 ], [ 114.275957664240622, 1.655053680328467 ], [ 114.283325189250192, 1.670709670973752 ], [ 114.278413505910493, 1.680840017861879 ], [ 114.27902746632796, 1.688207542871425 ], [ 114.298674199686744, 1.707547296021485 ], [ 114.297139298643089, 1.720440464788191 ], [ 114.310032467409798, 1.724431207501695 ], [ 114.31248830907964, 1.74806868357399 ], [ 114.322618655967773, 1.757892050253386 ], [ 114.305120784070098, 1.768329377350243 ], [ 114.301744001774054, 1.77569690235979 ], [ 114.288850833007331, 1.783371407578068 ], [ 114.289771773633532, 1.796878536762236 ], [ 114.278720486119212, 1.79503665550985 ], [ 114.267976178813612, 1.796878536762236 ], [ 114.251399247542139, 1.787976110709034 ], [ 114.240347960027819, 1.774468981524866 ], [ 114.230705873871557, 1.761444278068836 ], [ 114.215175582911868, 1.757892050253386 ], [ 114.205966176649937, 1.749910564826377 ], [ 114.191845087048307, 1.769557298185168 ], [ 114.182635680786376, 1.769557298185168 ], [ 114.172812314106977, 1.763417694010546 ], [ 114.165137808888701, 1.769864278393899 ], [ 114.156235382835504, 1.766487496097857 ], [ 114.153779541165648, 1.758506010670848 ], [ 114.1452608403753, 1.765604927994543 ], [ 114.133211867180663, 1.772627100272479 ], [ 114.122467559875076, 1.774162001316135 ], [ 114.116491745591702, 1.788094241334193 ], [ 114.105583648394884, 1.796571556553506 ], [ 114.09745605754506, 1.810937066990107 ], [ 114.107118549438539, 1.817446210747221 ], [ 114.106811569229805, 1.826348636800422 ], [ 114.111723252569504, 1.839241805567129 ], [ 114.112684607982487, 1.856622718302049 ], [ 114.108653450482194, 1.865335123309273 ], [ 114.096374242132953, 1.864107202474348 ], [ 114.086857855662288, 1.87024680664897 ], [ 114.085629934827367, 1.884367896250601 ], [ 114.075499587939234, 1.883139975415677 ], [ 114.065062260842382, 1.884367896250601 ], [ 114.056773795206638, 1.895419183764921 ], [ 114.044494586857397, 1.898488985852232 ], [ 114.032522358716875, 1.903093688983198 ], [ 114.015945427445388, 1.896954084808576 ], [ 114.001517357635024, 1.902479728565736 ], [ 113.998140575338979, 1.911075174410207 ], [ 113.98217760448496, 1.914144976497518 ], [ 113.989238149285782, 1.922126461924527 ], [ 113.990856204483862, 1.932765470488619 ], [ 113.971433297179374, 1.951596561962712 ], [ 113.975807765155523, 1.960844340747745 ], [ 113.965600673213487, 1.960192007807183 ], [ 113.954688397195241, 1.967029708972461 ], [ 113.952400524238044, 1.974006117200083 ], [ 113.947074121976584, 1.978451121800617 ], [ 113.928149087748281, 1.977689879704856 ], [ 113.924772305452251, 1.981066662000898 ], [ 113.917711760651429, 1.98168062241836 ], [ 113.909423295015685, 1.991197008889024 ], [ 113.903897651258532, 1.992117949515218 ], [ 113.894688244996601, 2.003476217238268 ], [ 113.882716016856079, 2.001941316194613 ], [ 113.883022997064799, 2.017904287048631 ], [ 113.887320719987045, 2.025885772475639 ], [ 113.879339234560035, 2.032639337067724 ], [ 113.882352782618113, 2.041268892354424 ], [ 113.856622699113927, 2.04276968395585 ], [ 113.855087798070272, 2.052900030843976 ], [ 113.843422550138499, 2.054434931887632 ], [ 113.835441064711489, 2.060574536062254 ], [ 113.832985223041632, 2.068249041280532 ], [ 113.827459579284479, 2.077458447542465 ], [ 113.834520124085287, 2.082677111090894 ], [ 113.830956424892065, 2.086954543666423 ], [ 113.811920736845423, 2.09456881888508 ], [ 113.808964021709983, 2.109883232086864 ], [ 113.805663984464559, 2.117979835094971 ], [ 113.797068538620096, 2.118286815303702 ], [ 113.796377833151993, 2.127688084193288 ], [ 113.798526694613116, 2.13229278732426 ], [ 113.787552152149431, 2.133942805948988 ], [ 113.783254429227185, 2.138240528871224 ], [ 113.771945791947473, 2.140254470197078 ], [ 113.769363574783654, 2.154702342561656 ], [ 113.760844873989797, 2.162491965360979 ], [ 113.751021507310412, 2.168938549744333 ], [ 113.749102966291616, 2.178325846290363 ], [ 113.744191197667661, 2.189084125939578 ], [ 113.741812101048467, 2.193803946651552 ], [ 113.732602694786536, 2.202706372704754 ], [ 113.738972534119227, 2.206888978046002 ], [ 113.732832929944593, 2.21487046347302 ], [ 113.722088622638992, 2.216712344725408 ], [ 113.720553721595365, 2.248945266642211 ], [ 113.714838727807546, 2.258275736086205 ], [ 113.710116394498499, 2.267057098957367 ], [ 113.702748869488943, 2.270126901044681 ], [ 113.699679067401618, 2.300824921917826 ], [ 113.69522785437394, 2.311722719328472 ], [ 113.675811356171309, 2.314140188474144 ], [ 113.667139165276197, 2.311415739119629 ], [ 113.653924526058404, 2.31157566261686 ], [ 113.646878471499932, 2.31172271932836 ], [ 113.638359770706117, 2.308307564508253 ], [ 113.630071305070373, 2.306465683255866 ], [ 113.623624720687019, 2.300326079081244 ], [ 113.61464554958313, 2.304355194318807 ], [ 113.602528168332356, 2.303961387398147 ], [ 113.59110675550437, 2.294443543374825 ], [ 113.581261451882128, 2.302474940542362 ], [ 113.572052045620197, 2.30462380200348 ], [ 113.560003072428941, 2.300978412022762 ], [ 113.547800609130434, 2.297563257202664 ], [ 113.535828380989926, 2.300633059289976 ], [ 113.517025843206582, 2.291769005760821 ], [ 113.511193219240653, 2.282866579707612 ], [ 113.491930211141351, 2.273618800921637 ], [ 113.478346336906398, 2.26444776718373 ], [ 113.463995012146825, 2.266558256120822 ], [ 113.461539170476968, 2.254279047771578 ], [ 113.446190160040416, 2.251516225892998 ], [ 113.441585456909451, 2.226343848777047 ], [ 113.427399838303359, 2.225915066406969 ], [ 113.416029354533961, 2.221470537961339 ], [ 113.409966495410146, 2.212836719592879 ], [ 113.401371049565668, 2.224501967524661 ], [ 113.382952237041806, 2.217748402932576 ], [ 113.36422644430921, 2.23248345295167 ], [ 113.340819203394744, 2.232982295788766 ], [ 113.322703554046825, 2.227818635211577 ], [ 113.316992847632719, 2.212590084774206 ], [ 113.298337873347009, 2.205017450123137 ], [ 113.279778077501646, 2.207872803330133 ], [ 113.268356664673661, 2.223577245968556 ], [ 113.258362928449174, 2.2335709821931 ], [ 113.256935251845562, 2.246420071624641 ], [ 113.282633430708643, 2.270690573884167 ], [ 113.272639694484155, 2.283539663315707 ], [ 113.272639694484155, 2.320659255006603 ], [ 113.245513839017576, 2.306382488971622 ], [ 113.224098689965103, 2.3235146082136 ], [ 113.215532630344228, 2.322086931609988 ], [ 113.209821923930122, 2.29210572293664 ], [ 113.184123745067154, 2.273545927091163 ], [ 113.18269606846377, 2.260696837659623 ], [ 113.155570212997191, 2.263552190866676 ], [ 113.118450621306351, 2.243564718417588 ], [ 113.080617191313763, 2.239995526908842 ], [ 113.061343557166424, 2.23928168860715 ], [ 113.059915880562812, 2.260696837659623 ], [ 113.035645378303343, 2.260696837659623 ], [ 113.017085582457867, 2.273545927091163 ], [ 112.99771280410198, 2.281513155692323 ] ] ] ] } },
{ "type": "Feature", "properties": { "Id": 571, "NEGERI": "SARAWAK", "KODPAR": "P. 216", "PARLIMEN": "HULU RAJANG", "KODDUN": "N. 66", "NAMADUN": "MURUM", "KODUNIK": "P. 216_N. 66", "BILANGAN_P": 16979, "PERATUS_EQ": 68.33 }, "geometry": { "type": "MultiPolygon", "coordinates": [ [ [ [ 114.812912392778117, 2.105181214971083 ], [ 114.784358860708153, 2.105181214971083 ], [ 114.755805328638189, 2.100898185160645 ], [ 114.754377652034691, 2.085193742522222 ], [ 114.727251796568225, 2.086621419125663 ], [ 114.727251796568225, 2.063778593469578 ], [ 114.707264324119365, 2.080910712711557 ], [ 114.674427762238906, 2.086621419125663 ], [ 114.645874230168943, 2.075200006297507 ], [ 114.614465344891983, 2.086621419125663 ], [ 114.585911812822019, 2.098042831953592 ], [ 114.553075250941561, 2.110891921385132 ], [ 114.537370808302967, 2.115174951195627 ], [ 114.523094042267985, 2.133734747041046 ], [ 114.498823540008516, 2.132307070437435 ], [ 114.47455303774916, 2.130879393833993 ], [ 114.437433446058094, 2.132307070437605 ], [ 114.420301326816116, 2.143014644963841 ], [ 114.403169207574251, 2.153722219490078 ], [ 114.371760322297291, 2.16228827911101 ], [ 114.350345173244818, 2.16228827911101 ], [ 114.318936287967745, 2.152294542886466 ], [ 114.293238109104891, 2.14943918967964 ], [ 114.250407810999945, 2.152294542886466 ], [ 114.250307707544536, 2.152280242392836 ], [ 114.22042660232637, 2.148011513076028 ], [ 114.228992661947473, 2.158005249300572 ], [ 114.230420338550857, 2.190841811180974 ], [ 114.217571249119487, 2.202263224008902 ], [ 114.190445393652908, 2.222250696457991 ], [ 114.177596304221424, 2.226533726268428 ], [ 114.137621359323475, 2.217967666647496 ], [ 114.117633886874614, 2.229389079475482 ], [ 114.110495503857123, 2.266508671166321 ], [ 114.136193682720091, 2.262225641355883 ], [ 114.159036508375948, 2.255087258338392 ], [ 114.163319538186443, 2.280785437201303 ], [ 114.146187418944578, 2.289351496822405 ], [ 114.167602567997051, 2.333609471530792 ], [ 114.179023980825036, 2.347886237565774 ], [ 114.174740951014542, 2.375012093032296 ], [ 114.183307010635417, 2.407848654912755 ], [ 114.214715895912491, 2.41641471453363 ], [ 114.227564985343861, 2.439257540189715 ], [ 114.244697104585839, 2.46381357776977 ], [ 114.241841751378843, 2.485228726822243 ], [ 114.241841751378843, 2.515209935495818 ], [ 114.233275691757854, 2.5294867015308 ], [ 114.20472215968789, 2.530914378134241 ], [ 114.204720370243251, 2.530916551031302 ], [ 114.184734687238915, 2.555184880393711 ], [ 114.164747214790054, 2.569461646428692 ], [ 114.136193682720091, 2.588021442274169 ], [ 114.110495503857123, 2.590876795481165 ], [ 114.097646414425526, 2.598015178498656 ], [ 114.089390442386133, 2.599056194700429 ], [ 114.079874055915454, 2.584935105098782 ], [ 114.070971629862242, 2.590153768647217 ], [ 114.062069203809031, 2.579716441550348 ], [ 114.060227322556642, 2.589539808229754 ], [ 114.056243792924079, 2.589449118877781 ], [ 114.047334153789919, 2.590153768647217 ], [ 114.041808510032752, 2.603967878040133 ], [ 114.048869054833574, 2.610721442632224 ], [ 114.046413213163731, 2.618702928059242 ], [ 114.0505330865102, 2.625141033965235 ], [ 114.062069203809031, 2.6309821364085 ], [ 114.059099146131075, 2.66083294905269 ], [ 114.046720193372451, 2.657996394776867 ], [ 114.037683997078602, 2.666543655466569 ], [ 114.056243792924079, 2.682248098105163 ], [ 114.056243792924079, 2.719367689796002 ], [ 114.073375912166057, 2.746493545262581 ], [ 114.064809852545181, 2.767908694315054 ], [ 114.073427471532071, 2.778946597017057 ], [ 114.065752966313781, 2.788769963696464 ], [ 114.057963343515411, 2.784184446830584 ], [ 114.054701678799447, 2.795216548079825 ], [ 114.057042402889209, 2.80122184841516 ], [ 114.049674877879667, 2.804445140606837 ], [ 114.050710936085935, 2.825300608535506 ], [ 114.054740051323733, 2.81918019062593 ], [ 114.07730309666546, 2.822403482817606 ], [ 114.072698393534495, 2.838519943775989 ], [ 114.079086618580163, 2.84928626071428 ], [ 114.090196265432169, 2.861543459430822 ], [ 114.12619994649549, 2.863563026749262 ], [ 114.14591317331687, 2.853715464108178 ], [ 114.158806342083579, 2.852334053168888 ], [ 114.162029634275257, 2.864766751622498 ], [ 114.17331327441093, 2.874984439577418 ], [ 114.16801574834551, 2.880883212580881 ], [ 114.187590040445912, 2.884978175801734 ], [ 114.207616195271825, 2.881804153207074 ], [ 114.223281955533366, 2.887833529008788 ], [ 114.207577512895, 2.903537971647381 ], [ 114.214062779655194, 2.913116134497647 ], [ 114.203471962453975, 2.925548832951257 ], [ 114.203932432767076, 2.942586234535833 ], [ 114.182750798364623, 2.939362942344157 ], [ 114.156181155168952, 2.953506652769818 ], [ 114.156181155168952, 2.969211095408184 ], [ 114.167555278032438, 2.967451631443053 ], [ 114.175383273355081, 2.976200567391889 ], [ 114.164331985840761, 2.984489033027629 ], [ 114.159036508375948, 2.997764627478148 ], [ 114.154201638952628, 3.015801014318202 ], [ 114.140847999872832, 3.028694183084908 ], [ 114.124271068601345, 3.030075594024198 ], [ 114.102007218409469, 3.039307257905775 ], [ 114.078684507604777, 3.036982648720648 ], [ 114.056243792924079, 3.031600562981225 ], [ 114.049674877879696, 3.041587351851614 ], [ 114.039084060678462, 3.046192054982581 ], [ 114.019744307528413, 3.042508292477808 ], [ 114.013413494819133, 3.051588035430086 ], [ 114.000404554378349, 3.048033936234967 ], [ 114.002706905943825, 3.036982648720647 ], [ 113.982004609542287, 3.041594299205542 ], [ 113.981985741854473, 3.025010420580134 ], [ 113.989353266864029, 3.020866187762265 ], [ 113.988432326237827, 3.006591608056268 ], [ 113.975539157471118, 3.013038192439621 ], [ 113.973697276218743, 3.004289256490785 ], [ 113.953451077472323, 3.011613090532137 ], [ 113.957580815260357, 3.002447375238398 ], [ 113.944227176180547, 2.998763612733625 ], [ 113.94488501785122, 2.991625618083106 ], [ 113.929180575212854, 2.991625618083106 ], [ 113.934096829292429, 2.985409973653822 ], [ 113.92995259647455, 2.972056334574019 ], [ 113.909193102763766, 2.970210469030633 ], [ 113.885056740947647, 2.978272683800825 ], [ 113.876538040155367, 2.987251854906209 ], [ 113.873199630385415, 2.989554206471693 ], [ 113.870645834469315, 2.994480971290159 ], [ 113.839236949192468, 3.004474707514646 ], [ 113.834174771350462, 2.995079850228853 ], [ 113.822663013523041, 2.993237968976466 ], [ 113.820821132270652, 2.981726211149049 ], [ 113.821051367427216, 2.971826099417472 ], [ 113.813914077574211, 2.96653069081686 ], [ 113.814835018200398, 2.95824222518112 ], [ 113.793551297880526, 2.95450602639221 ], [ 113.788127740040792, 2.941665293909641 ], [ 113.787206799414605, 2.932455887647708 ], [ 113.780702208448929, 2.92309714111525 ], [ 113.763570089206951, 2.901681992062777 ], [ 113.752148676378965, 2.900254315459335 ], [ 113.752441290775806, 2.880192507111237 ], [ 113.745764471235915, 2.861313224274273 ], [ 113.735403889191232, 2.848420055507567 ], [ 113.732871302469206, 2.833454770331926 ], [ 113.723892131363812, 2.846347939098632 ], [ 113.703607671860141, 2.853140987543782 ], [ 113.708216390395819, 2.884313413883319 ], [ 113.706788713792207, 2.912866945953283 ], [ 113.711071743602702, 2.964263303679331 ], [ 113.693939624360837, 2.985678452731804 ], [ 113.698222654171332, 3.018515014612262 ], [ 113.696081139266198, 3.034933295552548 ], [ 113.693939624360837, 3.051351576492664 ], [ 113.69679497756772, 3.071339048941695 ], [ 113.669669122101368, 3.095609551201221 ], [ 113.671096798704752, 3.135584496099113 ], [ 113.659675385876767, 3.142722879116604 ], [ 113.640124906908, 3.147936807912604 ], [ 113.626003817306355, 3.144867005825291 ], [ 113.614338569374567, 3.149778689164993 ], [ 113.60542367494395, 3.134156819495502 ], [ 113.589780152676056, 3.13565759956335 ], [ 113.580570746414111, 3.127676114136335 ], [ 113.561165700235392, 3.132729142892117 ], [ 113.544033580993528, 3.114169347046641 ], [ 113.529756814958546, 3.102747934218712 ], [ 113.512624695716568, 3.112741670443029 ], [ 113.508341665906073, 3.139867525909608 ], [ 113.4869265168536, 3.135584496099113 ], [ 113.474077427422003, 3.149861262134095 ], [ 113.457778662921569, 3.14916472874753 ], [ 113.441240865541658, 3.171276411186568 ], [ 113.449183217077092, 3.177406907950815 ], [ 113.472649750818618, 3.174131764393621 ], [ 113.492637223267479, 3.182697824014554 ], [ 113.509769342509458, 3.182697824014554 ], [ 113.54688893420041, 3.178414794204059 ], [ 113.532681833852024, 3.193983839222309 ], [ 113.541178227786531, 3.205540649670411 ], [ 113.542505200531423, 3.21670037466843 ], [ 113.559696092220378, 3.21670037466843 ], [ 113.573203221404555, 3.229593543435147 ], [ 113.581184706831579, 3.251082158046342 ], [ 113.580570746414111, 3.25967760389082 ], [ 113.590394113093524, 3.25722176222097 ], [ 113.589166192258588, 3.242486712201864 ], [ 113.597147677685612, 3.240030870532014 ], [ 113.598989558938001, 3.249240276793954 ], [ 113.606971044365011, 3.253537999716194 ], [ 113.594077875598288, 3.265817208065448 ], [ 113.586710350588746, 3.275640574744851 ], [ 113.597147677685612, 3.285463941424255 ], [ 113.600524459981656, 3.297436169564778 ], [ 113.619557232923, 3.302347852904481 ], [ 113.625696837097635, 3.319231764384704 ], [ 113.635520203777034, 3.317082902923585 ], [ 113.658247709273382, 3.295484275690967 ], [ 113.672357828824801, 3.302654833113211 ], [ 113.687860329363843, 3.29743616956596 ], [ 113.697299970782325, 3.305954870358247 ], [ 113.697069735625774, 3.325524858664854 ], [ 113.709732669235933, 3.328978386013079 ], [ 113.719402545810965, 3.334964500083336 ], [ 113.726770070820507, 3.342332025092883 ], [ 113.736769922465783, 3.334031543985247 ], [ 113.730223598168735, 3.319768979751146 ], [ 113.728611952072896, 3.308026986767182 ], [ 113.735288771612801, 3.297896639879055 ], [ 113.741274885683055, 3.292831466434992 ], [ 113.765219341964084, 3.292140760965347 ], [ 113.773277572443277, 3.298126875035604 ], [ 113.785019565427234, 3.303192048479667 ], [ 113.793308031062978, 3.3124014547416 ], [ 113.793768501376078, 3.318848039124953 ], [ 113.79215685528024, 3.329438856326176 ], [ 113.794689442002266, 3.334043559457143 ], [ 113.797912734193943, 3.341871554779787 ], [ 113.809424492021364, 3.347857668850043 ], [ 113.821857190474972, 3.356146134485783 ], [ 113.824620012353549, 3.36213224855604 ], [ 113.826692128762488, 3.368118362626296 ], [ 113.829915420954165, 3.371802125131069 ], [ 113.833368948302379, 3.377327768888229 ], [ 113.838664356902996, 3.381932472019196 ], [ 113.846031881912538, 3.392062818907322 ], [ 113.850866820200054, 3.394365170472806 ], [ 113.857313404583408, 3.388148821246001 ], [ 113.864911164749515, 3.379169650140616 ], [ 113.871703101870025, 3.379361512770036 ], [ 113.878456666462128, 3.399008246128849 ], [ 113.877727588466101, 3.414088648882752 ], [ 113.880221802660088, 3.427519033015735 ], [ 113.884826505791054, 3.447779726791988 ], [ 113.888510268295818, 3.455377486958084 ], [ 113.897182459194738, 3.46500899100611 ], [ 113.904396494097654, 3.466659009628954 ], [ 113.911802391635277, 3.46995904687186 ], [ 113.908080256602418, 3.475638180734338 ], [ 113.904396494097654, 3.486919703405206 ], [ 113.909960510382888, 3.495131423987832 ], [ 113.929261891004913, 3.494287228414751 ], [ 113.933866594135878, 3.512245570625522 ], [ 113.965198179025492, 3.553893740924082 ], [ 113.973927511375209, 3.536190026906574 ], [ 113.989583502020579, 3.509022278433843 ], [ 114.007541844231355, 3.503036164363586 ], [ 114.018132661432574, 3.466198539315854 ], [ 114.00339761141349, 3.453305370549148 ], [ 114.018022213354811, 3.43396890623012 ], [ 113.985185651474353, 3.423975170005804 ], [ 113.969481208835987, 3.398562526463422 ], [ 113.985185651474353, 3.387141113635437 ], [ 113.99517938769884, 3.37143667099707 ], [ 114.012311506940932, 3.362870611375968 ], [ 114.038009685803786, 3.372864347600455 ], [ 114.046575745424775, 3.385713437032052 ], [ 114.070846247684244, 3.380002730617946 ], [ 114.072273924287856, 3.358587581565473 ], [ 114.056569481649262, 3.344310815530491 ], [ 114.04229271561428, 3.320040313271022 ], [ 114.052286451838768, 3.30576354723604 ], [ 114.092261396736717, 3.31147425365009 ], [ 114.11367654578919, 3.307191223839652 ], [ 114.139374724652157, 3.31147425365009 ], [ 114.156506843894135, 3.337172432513 ], [ 114.177921992946608, 3.360015258168914 ], [ 114.207903201620184, 3.337172432513 ], [ 114.21861077614642, 3.322181828176326 ], [ 114.242167440104254, 3.295769811011667 ], [ 114.255016529535624, 3.284348398183567 ], [ 114.275717840286347, 3.262219410829346 ], [ 114.296419151036957, 3.240090423475181 ], [ 114.305699048959696, 3.222244465931453 ], [ 114.314978946882547, 3.204398508387726 ], [ 114.31783430008943, 3.185838712542306 ], [ 114.332111066124412, 3.170134269903713 ], [ 114.322117329900038, 3.157285180472343 ], [ 114.310695917071939, 3.16727891669666 ], [ 114.28677871660048, 3.189072155882274 ], [ 114.277859355191481, 3.188694065749132 ], [ 114.286425414812584, 3.164423563489834 ], [ 114.267865618966994, 3.160140533679169 ], [ 114.279287031795093, 3.134442354816258 ], [ 114.307840563865057, 3.125876295195326 ], [ 114.326072183318104, 3.080708142200071 ], [ 114.350937580225349, 3.06351725051111 ], [ 114.359236921590878, 3.068769231055398 ], [ 114.367207531288116, 3.073340617190516 ], [ 114.393501160074948, 3.07019690765884 ], [ 114.415096443850203, 3.015014377531541 ], [ 114.43136639491297, 2.975413930605185 ], [ 114.446325194404267, 2.958838132585981 ], [ 114.492010845716209, 2.958838132585981 ], [ 114.502004581940696, 2.950272072964935 ], [ 114.494866198923205, 2.921718540894972 ], [ 114.511998318165297, 2.891737332221567 ], [ 114.544834880045642, 2.871749859772535 ], [ 114.573388412115605, 2.871749859772535 ], [ 114.613363357013554, 2.868894506565653 ], [ 114.630209940934833, 2.842910792381815 ], [ 114.650197413383921, 2.834344732760883 ], [ 114.664474179418903, 2.818640290122516 ], [ 114.670184885832896, 2.793655949561298 ], [ 114.675895592246889, 2.76867160900008 ], [ 114.688744681678372, 2.750111813154433 ], [ 114.704427530569674, 2.735792690253703 ], [ 114.72158124355883, 2.720130604481028 ], [ 114.750134775628794, 2.708709191653099 ], [ 114.801531133354615, 2.704426161842662 ], [ 114.857210520891158, 2.70299848523905 ], [ 114.898613142392492, 2.688721719204068 ], [ 114.925738997859185, 2.684438689393573 ], [ 114.952864853325536, 2.680155659583136 ], [ 114.984273738602383, 2.704426161842662 ], [ 115.024248683500446, 2.717275251274032 ], [ 115.061368275191398, 2.747256459947607 ], [ 115.0599405985879, 2.775096153715822 ], [ 115.058512921984288, 2.802935847483923 ], [ 115.078500394433377, 2.827206349743392 ], [ 115.141318164987183, 2.801508170880481 ], [ 115.144173518194179, 2.76867160900008 ], [ 115.134179781969692, 2.751539489758045 ], [ 115.114192309520831, 2.725841310895134 ], [ 115.091349483864747, 2.712992221463537 ], [ 115.104198573296344, 2.694432425618118 ], [ 115.104198573296344, 2.651602127513172 ], [ 115.089921807261362, 2.614482535822106 ], [ 115.097060190278853, 2.598778093183682 ], [ 115.117047662727828, 2.588784356959195 ], [ 115.142745841590795, 2.607344152804615 ], [ 115.177010080074638, 2.615910212425717 ], [ 115.192714522713231, 2.587356680355754 ], [ 115.215557348369316, 2.55309244187174 ], [ 115.24125552723217, 2.54024335244037 ], [ 115.228406437800686, 2.5059791139563 ], [ 115.212701995162206, 2.490274671317934 ], [ 115.188431492902737, 2.490274671317934 ], [ 115.15131190121167, 2.490274671317934 ], [ 115.122758369141707, 2.468859522265461 ], [ 115.099344472844336, 2.437450636988444 ], [ 115.073646293981483, 2.408897104918481 ], [ 115.039382055497413, 2.400331045297378 ], [ 115.029388319272925, 2.387481955866008 ], [ 115.00511781701357, 2.360356100399486 ], [ 114.98655802116798, 2.344651657761062 ], [ 114.958004489098016, 2.373205189831026 ], [ 114.946583076270031, 2.3489346875715 ], [ 114.940872369856152, 2.314670449087487 ], [ 114.955149135891133, 2.294682976638626 ], [ 114.932306310235049, 2.280406210603644 ], [ 114.90803580797558, 2.261846414758054 ], [ 114.873771569491737, 2.267557121172104 ], [ 114.840935007611279, 2.263274091361609 ], [ 114.815236828748198, 2.260418738154613 ], [ 114.796677032902721, 2.263274091361609 ], [ 114.78953864988523, 2.240431265705581 ], [ 114.782400266867739, 2.214733086842614 ], [ 114.766695824229373, 2.204739350618127 ], [ 114.739569968762794, 2.197600967600636 ], [ 114.728148555934808, 2.166192082323789 ], [ 114.732431585745303, 2.144776933271316 ], [ 114.753846734797776, 2.144776933271316 ], [ 114.782400266867739, 2.151915316288807 ], [ 114.812381475541315, 2.136210873650214 ], [ 114.812912392778117, 2.105181214971083 ] ] ] ] } },
{ "type": "Feature", "properties": { "Id": 572, "NEGERI": "SARAWAK", "KODPAR": "P. 217", "PARLIMEN": "BINTULU", "KODDUN": "N. 67", "NAMADUN": "JEPAK", "KODUNIK": "P. 217_N. 67", "BILANGAN_P": 23815, "PERATUS_EQ": 95.84 }, "geometry": { "type": "MultiPolygon", "coordinates": [ [ [ [ 112.730808663078051, 3.028259403152106 ], [ 112.70117960000016, 3.060747000000106 ], [ 112.779326400000286, 3.081098400000201 ], [ 112.784167300000263, 3.085623699999985 ], [ 112.793148, 3.084648200000117 ], [ 112.800337800000079, 3.080541300000107 ], [ 112.810654600000134, 3.073933300000135 ], [ 112.815916100000095, 3.070547900000179 ], [ 112.820662500000253, 3.064454100000091 ], [ 112.819812800000136, 3.059234400000207 ], [ 112.822490700000344, 3.061822799999959 ], [ 112.822310400000106, 3.066142500000183 ], [ 112.816654200000244, 3.072707699999967 ], [ 112.809247000000369, 3.078407200000129 ], [ 112.805453300000181, 3.081287000000202 ], [ 112.801632800000107, 3.083726500000239 ], [ 112.841218900000172, 3.089909000000205 ], [ 112.8813791, 3.099319499999865 ], [ 112.923667900000169, 3.112997900000096 ], [ 112.956067100000041, 3.129020300000093 ], [ 112.97843910000006, 3.142329700000175 ], [ 112.998214700000176, 3.154094300000111 ], [ 113.004713700000366, 3.158818500000223 ], [ 113.007691200000181, 3.160823300000175 ], [ 113.008042100000239, 3.160801100000128 ], [ 113.007886500000154, 3.160596799999894 ], [ 113.008045800000218, 3.160418400000253 ], [ 113.008154200000035, 3.160647100000176 ], [ 113.008114200000136, 3.161068900000089 ], [ 113.00823650000018, 3.161212500000033 ], [ 113.008271900000068, 3.161544000000106 ], [ 113.009273500000177, 3.16253230000018 ], [ 113.010529000000133, 3.163517000000127 ], [ 113.015756700000111, 3.167714900000192 ], [ 113.01844420000009, 3.169886100000042 ], [ 113.019121500000324, 3.170417200000145 ], [ 113.020814200000018, 3.17183330000023 ], [ 113.021137400000157, 3.172019500000204 ], [ 113.021267500000249, 3.172307400000193 ], [ 113.023123900000201, 3.174028799999974 ], [ 113.032679767545943, 3.17375157431231 ], [ 113.071520214455518, 3.172624772423092 ], [ 113.067237184645137, 3.151209623370619 ], [ 113.057243448420536, 3.14549891695674 ], [ 113.064381831438027, 3.136932857335637 ], [ 113.084369303887115, 3.14549891695674 ], [ 113.10150142312898, 3.14549891695674 ], [ 113.112502673149621, 3.134429678729742 ], [ 113.121750451939036, 3.12901915254953 ], [ 113.132187779035903, 3.12257256816617 ], [ 113.147187074440922, 3.112662355076338 ], [ 113.139670421622327, 3.101736286499879 ], [ 113.152103120075935, 3.103578167752266 ], [ 113.155326412267613, 3.095750172429622 ], [ 113.167759110721221, 3.087461706793883 ], [ 113.168219581034307, 3.083547709132561 ], [ 113.155753134062024, 3.06697670376434 ], [ 113.161312526337881, 3.054998549720568 ], [ 113.13291030840594, 3.034140141883938 ], [ 113.125165606759793, 3.033586680161573 ], [ 113.124014430977041, 3.029212212187155 ], [ 113.117337611437151, 3.021384216864512 ], [ 113.108128205175205, 3.023226098116898 ], [ 113.101911855948401, 3.02023304108177 ], [ 113.095695506721597, 3.011714340289482 ], [ 113.081881397328701, 3.007109637158515 ], [ 113.068664861248521, 2.98274378415789 ], [ 113.054560158754143, 2.96835338580519 ], [ 113.042966682385554, 2.949907222277488 ], [ 113.048823626507328, 2.925395303869891 ], [ 113.017414741230255, 2.916829244249016 ], [ 113.005993328402383, 2.931106010283997 ], [ 112.986005855953294, 2.915401567645574 ], [ 112.971729089918313, 2.916829244249016 ], [ 112.971729089918313, 2.929678333680556 ], [ 112.986005855953294, 2.949665806129417 ], [ 112.976012119728807, 2.95823186575052 ], [ 112.976012119728807, 2.978219338199381 ], [ 112.966018383504434, 2.988213074423925 ], [ 112.967446060107818, 3.005345193665903 ], [ 112.948886264262455, 2.999634487251853 ], [ 112.927471115209983, 3.005345193665903 ], [ 112.910338995967891, 3.001062163855465 ], [ 112.893206876725912, 2.988213074423925 ], [ 112.868936374466443, 2.985357721216872 ], [ 112.83229267497677, 2.979647014802993 ], [ 112.820871262148785, 2.958707757951515 ], [ 112.801835574102142, 2.96061132675635 ], [ 112.784703454860164, 2.970129170779671 ], [ 112.778992748446058, 2.989164858826314 ], [ 112.767571335618072, 3.025332666114764 ], [ 112.754246353985536, 3.03675407894292 ], [ 112.730808663078051, 3.028259403152106 ] ] ] ] } },
{ "type": "Feature", "properties": { "Id": 573, "NEGERI": "SARAWAK", "KODPAR": "P. 217", "PARLIMEN": "BINTULU", "KODDUN": "N. 68", "NAMADUN": "TANJONG BATU", "KODUNIK": "P. 217_N. 68", "BILANGAN_P": 40478, "PERATUS_EQ": 162.89 }, "geometry": { "type": "MultiPolygon", "coordinates": [ [ [ [ 113.071520214455518, 3.172624772423092 ], [ 113.032679767545943, 3.17375157431231 ], [ 113.028847420834722, 3.179958225316227 ], [ 113.033259367893606, 3.187772247621183 ], [ 113.035837299197055, 3.190682768025397 ], [ 113.045125212684752, 3.19849674713646 ], [ 113.045849447043338, 3.202000752514948 ], [ 113.060130527774277, 3.19905860131388 ], [ 113.08154567682675, 3.19905860131388 ], [ 113.08154567682675, 3.220473750366352 ], [ 113.10296082587945, 3.217618397159299 ], [ 113.101533149275838, 3.19905860131388 ], [ 113.120092945121428, 3.186209511882339 ], [ 113.104388502482834, 3.179071128864848 ], [ 113.071520214455518, 3.172624772423092 ] ] ] ] } },
{ "type": "Feature", "properties": { "Id": 574, "NEGERI": "SARAWAK", "KODPAR": "P. 217", "PARLIMEN": "BINTULU", "KODDUN": "N. 69", "NAMADUN": "KEMENA", "KODUNIK": "P. 217_N. 69", "BILANGAN_P": 23349, "PERATUS_EQ": 93.96 }, "geometry": { "type": "MultiPolygon", "coordinates": [ [ [ [ 113.458566811711307, 2.714099166552217 ], [ 113.444290045676325, 2.710529975043471 ], [ 113.430013279641344, 2.706960783534726 ], [ 113.421447220020241, 2.698394723913793 ], [ 113.398604394364384, 2.692684017499744 ], [ 113.364340155880313, 2.689828664292691 ], [ 113.344352683431453, 2.684117957878811 ], [ 113.327220564189474, 2.709816136741779 ], [ 113.319752686570823, 2.713828420240247 ], [ 113.30655253759538, 2.707688816065617 ], [ 113.272968853256543, 2.719809872966266 ], [ 113.242987644582968, 2.71695451975927 ], [ 113.241559967979583, 2.734086639001248 ], [ 113.247270674393462, 2.746935728432618 ], [ 113.262975117032056, 2.758357141260774 ], [ 113.292956325705404, 2.759784817864215 ], [ 113.30437773853339, 2.764067847674653 ], [ 113.28725115696983, 2.792530471255475 ], [ 113.275048693672773, 2.80012823142157 ], [ 113.271364931167994, 2.817395868162695 ], [ 113.247420474886979, 2.817856338475791 ], [ 113.249722826452469, 2.840879854130624 ], [ 113.239822714720887, 2.868277837759875 ], [ 113.227965604160104, 2.880211693372691 ], [ 113.219101550631535, 2.893143234667094 ], [ 113.202294384203512, 2.894754880762932 ], [ 113.170752167756405, 2.892912999510546 ], [ 113.128388898951499, 2.890610647945063 ], [ 113.119639963002655, 2.902122405772479 ], [ 113.120207456682238, 2.913973891041962 ], [ 113.108588675488335, 2.922843569861829 ], [ 113.095936954422655, 2.915401567645574 ], [ 113.085943218198167, 2.915401567645574 ], [ 113.087867511398997, 2.929520389401731 ], [ 113.08464421920732, 2.936657679254729 ], [ 113.064528069145695, 2.926822980473503 ], [ 113.048823626507328, 2.925395303869891 ], [ 113.042966682385554, 2.949907222277488 ], [ 113.054560158754143, 2.96835338580519 ], [ 113.068664861248521, 2.98274378415789 ], [ 113.081881397328701, 3.007109637158515 ], [ 113.095695506721597, 3.011714340289482 ], [ 113.101911855948401, 3.02023304108177 ], [ 113.108128205175205, 3.023226098116898 ], [ 113.117337611437151, 3.021384216864512 ], [ 113.124014430977041, 3.029212212187155 ], [ 113.125165606759793, 3.033586680161573 ], [ 113.13291030840594, 3.034140141883938 ], [ 113.161312526337881, 3.054998549720568 ], [ 113.155753134062024, 3.06697670376434 ], [ 113.168219581034307, 3.083547709132561 ], [ 113.167759110721221, 3.087461706793883 ], [ 113.155326412267613, 3.095750172429622 ], [ 113.152103120075935, 3.103578167752266 ], [ 113.139670421622327, 3.101736286499879 ], [ 113.147187074440922, 3.112662355076338 ], [ 113.132187779035903, 3.12257256816617 ], [ 113.121750451939036, 3.12901915254953 ], [ 113.128504016531139, 3.144061182777372 ], [ 113.139555304045473, 3.149279846325806 ], [ 113.148764710307418, 3.148358905699612 ], [ 113.158281096778083, 3.152042668204389 ], [ 113.168104463457496, 3.150814747369464 ], [ 113.175165008258318, 3.148358905699612 ], [ 113.183338356315758, 3.152541511043575 ], [ 113.204213010509491, 3.154076412087232 ], [ 113.207282812596802, 3.150085669373724 ], [ 113.213115436562703, 3.148550768330068 ], [ 113.219417596157086, 3.133126711168529 ], [ 113.229999348042924, 3.139034381859395 ], [ 113.236445932426278, 3.139034381859395 ], [ 113.245962318896957, 3.152541511043575 ], [ 113.23736687305248, 3.162364877722979 ], [ 113.241664595974711, 3.166355620436486 ], [ 113.246269299105691, 3.176792947533353 ], [ 113.239405068606061, 3.175957009273475 ], [ 113.234911031382623, 3.184774432960368 ], [ 113.222631823033367, 3.177099927742084 ], [ 113.219562020946057, 3.180169729829398 ], [ 113.217720139693668, 3.189379136091339 ], [ 113.210352614684112, 3.189993096508802 ], [ 113.200222267795979, 3.19643968089216 ], [ 113.190091920907847, 3.197974581935817 ], [ 113.190091920907847, 3.204728146527907 ], [ 113.185180237568147, 3.215165473624773 ], [ 113.188557019864191, 3.221612058008132 ], [ 113.194082663621359, 3.218235275712087 ], [ 113.202371129257102, 3.220077156964475 ], [ 113.216492218858747, 3.212709631954922 ], [ 113.224473704285757, 3.212402651746191 ], [ 113.230920288669125, 3.209025869450146 ], [ 113.237059892843746, 3.211174730911265 ], [ 113.238901774096135, 3.217007354877162 ], [ 113.227543506373081, 3.223146959051788 ], [ 113.225701625120692, 3.229900523643879 ], [ 113.232148209504047, 3.228365622600222 ], [ 113.233683110547702, 3.237882009070894 ], [ 113.242278556392179, 3.232970325731192 ], [ 113.248418160566814, 3.236654088235968 ], [ 113.253943804323967, 3.233891266357386 ], [ 113.251794942862858, 3.20994681007634 ], [ 113.260390388707336, 3.209025869450146 ], [ 113.272055636639124, 3.215779434042236 ], [ 113.286483706449502, 3.222532998634326 ], [ 113.294465191876512, 3.225909780930371 ], [ 113.302753657512255, 3.226523741347834 ], [ 113.307051380434501, 3.235733147609774 ], [ 113.305209499182112, 3.242486712201865 ], [ 113.314725885652777, 3.246477454915372 ], [ 113.30889326168689, 3.250161217420148 ], [ 113.313190984609122, 3.253844979924925 ], [ 113.310121182521812, 3.258142702847164 ], [ 113.323014351288535, 3.266738148691642 ], [ 113.318716628366289, 3.275947554953583 ], [ 113.360757579903407, 3.29730952057082 ], [ 113.370289303433168, 3.303882753948138 ], [ 113.357396134666445, 3.311250278957691 ], [ 113.343889005482268, 3.310636318540228 ], [ 113.344195985691002, 3.321073645637094 ], [ 113.351563510700558, 3.321687606054557 ], [ 113.351870490909278, 3.326599289394259 ], [ 113.359238015918834, 3.332738893568886 ], [ 113.352791431535479, 3.345632062335604 ], [ 113.352484451326745, 3.36282295402456 ], [ 113.356474550093026, 3.370121027349171 ], [ 113.367895962920898, 3.367265674142118 ], [ 113.387883435369986, 3.351561231503695 ], [ 113.400732524801356, 3.347278201693257 ], [ 113.405592027437265, 3.347780923796722 ], [ 113.421554998291299, 3.367427657155529 ], [ 113.438745889980254, 3.350236765466573 ], [ 113.4537879202081, 3.345632062335603 ], [ 113.459267265544895, 3.347278201693257 ], [ 113.464225247304967, 3.375102162373813 ], [ 113.47639938478676, 3.397246882815693 ], [ 113.491853466090774, 3.39444191552389 ], [ 113.500448911935266, 3.386460430096875 ], [ 113.519097959613958, 3.418079391597283 ], [ 113.53107018775448, 3.41715845097109 ], [ 113.55294252762657, 3.437879615060439 ], [ 113.580570746412363, 3.433274911929472 ], [ 113.582047453445625, 3.440077180920639 ], [ 113.57565906307444, 3.453689095809042 ], [ 113.561537973472795, 3.453382115600311 ], [ 113.566142676603775, 3.466582264575759 ], [ 113.576580003700641, 3.478247512507551 ], [ 113.57638814107041, 3.491716269165747 ], [ 113.599718636934, 3.51351186398568 ], [ 113.610155964030866, 3.519651468160309 ], [ 113.620900271336467, 3.520879388995235 ], [ 113.623356113006324, 3.528553894213521 ], [ 113.620593291127733, 3.540526122354048 ], [ 113.610600985515589, 3.528593130337583 ], [ 113.598797696307813, 3.537763300475464 ], [ 113.585597547332355, 3.535307458805613 ], [ 113.571783437939445, 3.534079537970687 ], [ 113.572704378565632, 3.542368003606436 ], [ 113.583755666079966, 3.554340231746962 ], [ 113.570862497313243, 3.564163598426369 ], [ 113.557355368129066, 3.560479835921591 ], [ 113.555820467085411, 3.567847360931146 ], [ 113.563801952512421, 3.578591668236747 ], [ 113.575467200444223, 3.592098797420931 ], [ 113.590509230672055, 3.611131570362281 ], [ 113.603709379647512, 3.611131570362281 ], [ 113.608928043195945, 3.616043253701984 ], [ 113.610769924448334, 3.623103798502807 ], [ 113.621207251545201, 3.629857363094899 ], [ 113.640240024486559, 3.630471323512362 ], [ 113.647720577206542, 3.627102815978844 ], [ 113.659141990034641, 3.618536756357912 ], [ 113.670938045359691, 3.620647956832955 ], [ 113.679129462483502, 3.614253726547474 ], [ 113.681682352665291, 3.605912906813846 ], [ 113.692119679762172, 3.603457065143994 ], [ 113.699794184980448, 3.599773302639217 ], [ 113.707161709990004, 3.616043253701984 ], [ 113.718826957921806, 3.627401521425047 ], [ 113.737664203227041, 3.619964432961353 ], [ 113.733381173416433, 3.635668875599947 ], [ 113.719104407381451, 3.645662611824264 ], [ 113.704827641346469, 3.665650084273295 ], [ 113.687695522104605, 3.672788467290786 ], [ 113.677701785880117, 3.692775939739875 ], [ 113.67554274849067, 3.698006969433282 ], [ 113.680761412039104, 3.701076771520596 ], [ 113.685673095378803, 3.69769998922455 ], [ 113.69887324435426, 3.705988454860299 ], [ 113.709003591242393, 3.722258405923066 ], [ 113.722817700635318, 3.720416524670677 ], [ 113.719440918339259, 3.735151574689787 ], [ 113.712687353747171, 3.743133060116804 ], [ 113.718212997504338, 3.753877367422405 ], [ 113.723738641261505, 3.761551872640692 ], [ 113.71452923499956, 3.769533358067709 ], [ 113.716064136041055, 3.779778822534705 ], [ 113.733562007938716, 3.791290580362122 ], [ 113.754796322468906, 3.77986421255315 ], [ 113.767022850692641, 3.768919397650246 ], [ 113.779066824728375, 3.76701512312161 ], [ 113.799424422491001, 3.772925585304175 ], [ 113.818902505968254, 3.79531969560115 ], [ 113.836173888868302, 3.795568655191573 ], [ 113.849907507050133, 3.79102197267891 ], [ 113.879004186973248, 3.789857948777694 ], [ 113.889507953976477, 3.786724249756669 ], [ 113.916123778664314, 3.765587446518168 ], [ 113.930400544699296, 3.757021386897293 ], [ 113.948141173844178, 3.754184347631135 ], [ 113.964718105115679, 3.745588901786654 ], [ 113.991790638649718, 3.728467854827329 ], [ 114.011778111098579, 3.724184825016664 ], [ 114.018202655814321, 3.7348923995429 ], [ 114.024627200530063, 3.745599974069137 ], [ 114.038903966565044, 3.745599974069137 ], [ 114.030104889572996, 3.739027199825648 ], [ 114.02503971612893, 3.732580615442295 ], [ 114.024809480972394, 3.709787334944011 ], [ 114.026190891911682, 3.706333807595786 ], [ 114.025960656755146, 3.701959339621368 ], [ 114.027572302850984, 3.698505812273143 ], [ 114.044149234122457, 3.685612643506437 ], [ 114.039084060678476, 3.668805477078383 ], [ 114.027111832537969, 3.672489239583157 ], [ 114.020120048671387, 3.664266274292977 ], [ 114.020058635398982, 3.664222407669911 ], [ 114.016981485649836, 3.660056541129546 ], [ 114.000634789534914, 3.661668187225386 ], [ 113.989123031707493, 3.654530897372387 ], [ 114.016981485649822, 3.650616899711066 ], [ 114.028624695019857, 3.637096552203332 ], [ 114.023428070033177, 3.622988680925266 ], [ 113.99833243796941, 3.622067740299073 ], [ 114.004318552039663, 3.605721044184142 ], [ 114.001555730161087, 3.596741873078757 ], [ 114.004779022352764, 3.584539409781696 ], [ 113.991425383272954, 3.591216229321597 ], [ 113.975308922314568, 3.583157998842406 ], [ 113.975999627784219, 3.567271773040571 ], [ 113.975308922314582, 3.550464606612543 ], [ 113.965198179025492, 3.553893740924082 ], [ 113.933866594135878, 3.512245570625522 ], [ 113.929261891004913, 3.494287228414751 ], [ 113.909960510382888, 3.495131423987832 ], [ 113.904396494097654, 3.486919703405206 ], [ 113.908080256602418, 3.475638180734338 ], [ 113.911802391635277, 3.46995904687186 ], [ 113.904396494097654, 3.466659009628954 ], [ 113.897182459194738, 3.46500899100611 ], [ 113.888510268295818, 3.455377486958084 ], [ 113.884826505791054, 3.447779726791988 ], [ 113.880221802660088, 3.427519033015735 ], [ 113.877727588466101, 3.414088648882752 ], [ 113.878456666462128, 3.399008246128849 ], [ 113.871703101870025, 3.379361512770036 ], [ 113.864911164749515, 3.379169650140616 ], [ 113.857313404583408, 3.388148821246001 ], [ 113.850866820200054, 3.394365170472806 ], [ 113.846031881912538, 3.392062818907322 ], [ 113.838664356902996, 3.381932472019196 ], [ 113.833368948302379, 3.377327768888229 ], [ 113.829915420954165, 3.371802125131069 ], [ 113.826692128762488, 3.368118362626296 ], [ 113.824620012353549, 3.36213224855604 ], [ 113.821857190474972, 3.356146134485783 ], [ 113.809424492021364, 3.347857668850043 ], [ 113.797912734193943, 3.341871554779787 ], [ 113.794689442002266, 3.334043559457143 ], [ 113.79215685528024, 3.329438856326176 ], [ 113.793768501376078, 3.318848039124953 ], [ 113.793308031062978, 3.3124014547416 ], [ 113.785019565427234, 3.303192048479667 ], [ 113.773277572443277, 3.298126875035604 ], [ 113.765219341964084, 3.292140760965347 ], [ 113.741274885683055, 3.292831466434992 ], [ 113.735288771612801, 3.297896639879055 ], [ 113.728611952072896, 3.308026986767182 ], [ 113.730223598168735, 3.319768979751146 ], [ 113.736769922465783, 3.334031543985247 ], [ 113.726770070820507, 3.342332025092883 ], [ 113.719402545810965, 3.334964500083336 ], [ 113.709732669235933, 3.328978386013079 ], [ 113.697069735625774, 3.325524858664854 ], [ 113.697299970782325, 3.305954870358247 ], [ 113.687860329363843, 3.29743616956596 ], [ 113.672357828824801, 3.302654833113211 ], [ 113.658247709273382, 3.295484275690967 ], [ 113.635520203777034, 3.317082902923585 ], [ 113.625696837097635, 3.319231764384704 ], [ 113.619557232923, 3.302347852904481 ], [ 113.600524459981656, 3.297436169564778 ], [ 113.597147677685612, 3.285463941424255 ], [ 113.586710350588746, 3.275640574744851 ], [ 113.594077875598288, 3.265817208065448 ], [ 113.606971044365011, 3.253537999716194 ], [ 113.598989558938001, 3.249240276793954 ], [ 113.597147677685612, 3.240030870532014 ], [ 113.589166192258588, 3.242486712201864 ], [ 113.590394113093524, 3.25722176222097 ], [ 113.580570746414111, 3.25967760389082 ], [ 113.581184706831579, 3.251082158046342 ], [ 113.573203221404555, 3.229593543435147 ], [ 113.559696092220378, 3.21670037466843 ], [ 113.542505200531423, 3.21670037466843 ], [ 113.541178227786531, 3.205540649670411 ], [ 113.532681833852024, 3.193983839222309 ], [ 113.54688893420041, 3.178414794204059 ], [ 113.509769342509458, 3.182697824014554 ], [ 113.492637223267479, 3.182697824014554 ], [ 113.472649750818618, 3.174131764393621 ], [ 113.449183217077092, 3.177406907950815 ], [ 113.441240865541658, 3.171276411186568 ], [ 113.457778662921569, 3.14916472874753 ], [ 113.474077427422003, 3.149861262134095 ], [ 113.4869265168536, 3.135584496099113 ], [ 113.508341665906073, 3.139867525909608 ], [ 113.512624695716568, 3.112741670443029 ], [ 113.529756814958546, 3.102747934218712 ], [ 113.544033580993528, 3.114169347046641 ], [ 113.561165700235392, 3.132729142892117 ], [ 113.580570746414111, 3.127676114136335 ], [ 113.589780152676056, 3.13565759956335 ], [ 113.60542367494395, 3.134156819495502 ], [ 113.614338569374567, 3.149778689164993 ], [ 113.626003817306355, 3.144867005825291 ], [ 113.640124906908, 3.147936807912604 ], [ 113.659675385876767, 3.142722879116604 ], [ 113.671096798704752, 3.135584496099113 ], [ 113.669669122101368, 3.095609551201221 ], [ 113.69679497756772, 3.071339048941695 ], [ 113.693939624360837, 3.051351576492664 ], [ 113.696081139266198, 3.034933295552548 ], [ 113.698222654171332, 3.018515014612262 ], [ 113.693939624360837, 2.985678452731804 ], [ 113.711071743602702, 2.964263303679331 ], [ 113.706788713792207, 2.912866945953283 ], [ 113.708216390395819, 2.884313413883319 ], [ 113.703607671860141, 2.853140987543782 ], [ 113.689330905825159, 2.8388642215088 ], [ 113.690758582428543, 2.811738366042391 ], [ 113.673626463186565, 2.781757157368872 ], [ 113.657922020548199, 2.774618774351381 ], [ 113.653638990737704, 2.750348272092026 ], [ 113.629368488478235, 2.733216152849991 ], [ 113.602242633011883, 2.719653225116758 ], [ 113.575116777545304, 2.706090297383469 ], [ 113.542280215664732, 2.69466888455554 ], [ 113.52800344962975, 2.701807267573031 ], [ 113.539424862457849, 2.714656357004571 ], [ 113.518009713405377, 2.727505446435941 ], [ 113.493739211146021, 2.736071506057044 ], [ 113.476607091903816, 2.728933123039553 ], [ 113.458566811711307, 2.714099166552217 ] ] ] ] } },
{ "type": "Feature", "properties": { "Id": 575, "NEGERI": "SARAWAK", "KODPAR": "P. 217", "PARLIMEN": "BINTULU", "KODDUN": "N. 70", "NAMADUN": "SAMALAJU", "KODUNIK": "P. 217_N. 70", "BILANGAN_P": 33320, "PERATUS_EQ": 134.09 }, "geometry": { "type": "MultiPolygon", "coordinates": [ [ [ [ 113.112502673149621, 3.134429678729742 ], [ 113.10150142312898, 3.14549891695674 ], [ 113.084369303887115, 3.14549891695674 ], [ 113.064381831438027, 3.136932857335637 ], [ 113.057243448420536, 3.14549891695674 ], [ 113.067237184645137, 3.151209623370619 ], [ 113.071520214455518, 3.172624772423092 ], [ 113.104388502482834, 3.179071128864848 ], [ 113.120092945121428, 3.186209511882339 ], [ 113.101533149275838, 3.19905860131388 ], [ 113.10296082587945, 3.217618397159299 ], [ 113.08154567682675, 3.220473750366352 ], [ 113.08154567682675, 3.19905860131388 ], [ 113.060130527774277, 3.19905860131388 ], [ 113.045849447043338, 3.202000752514948 ], [ 113.062621818949424, 3.226381229327274 ], [ 113.072814159858808, 3.23924689798838 ], [ 113.077967287095589, 3.258557009921674 ], [ 113.0676712868908, 3.264469778655666 ], [ 113.056876348902506, 3.265967624228608 ], [ 113.064230755522203, 3.280520436516269 ], [ 113.082550308418718, 3.29077346594778 ], [ 113.123730342277554, 3.317688826422227 ], [ 113.153684645663475, 3.345099360560312 ], [ 113.155764522227287, 3.35246614715777 ], [ 113.166014137922502, 3.368533955844896 ], [ 113.182669965996865, 3.4044456830635 ], [ 113.211083594890397, 3.428183179255484 ], [ 113.263216422292203, 3.468359332102182 ], [ 113.290102758895728, 3.499899219528061 ], [ 113.30266231059727, 3.518854153948837 ], [ 113.295876787284101, 3.533543859522752 ], [ 113.298290622436298, 3.548034367311629 ], [ 113.313422190034885, 3.562281240576226 ], [ 113.335245645951545, 3.582943037187476 ], [ 113.354604646649932, 3.600302858027874 ], [ 113.373453643218795, 3.622993517910459 ], [ 113.372320957476973, 3.631043044287253 ], [ 113.388010229746783, 3.649279643494197 ], [ 113.414925481322712, 3.695299300524709 ], [ 113.426703195994719, 3.726473193259665 ], [ 113.420961138647613, 3.735372963442501 ], [ 113.439428999804136, 3.761945962909692 ], [ 113.463954836928792, 3.778909594994502 ], [ 113.492952033888628, 3.79658164671622 ], [ 113.505855697836296, 3.804633418034314 ], [ 113.545906084953799, 3.830135066578464 ], [ 113.575096399038443, 3.852888934900818 ], [ 113.605213228320622, 3.878778958651424 ], [ 113.616960213423454, 3.888107764298013 ], [ 113.638014417971164, 3.908250039888672 ], [ 113.653133193253282, 3.899692966569843 ], [ 113.662342599515227, 3.907674451996861 ], [ 113.670324084942237, 3.907674451996861 ], [ 113.67247294640336, 3.887720738429317 ], [ 113.685673095378817, 3.872678708201476 ], [ 113.667868243272395, 3.84812029150296 ], [ 113.652212252627081, 3.842287667537062 ], [ 113.651291312000893, 3.83553410294497 ], [ 113.660926585789184, 3.827953119480981 ], [ 113.678058705031049, 3.806537970428508 ], [ 113.686624764651924, 3.797971910807632 ], [ 113.709467590307895, 3.80796564703212 ], [ 113.715178296721888, 3.800827264014629 ], [ 113.716064136041055, 3.779778822534705 ], [ 113.71452923499956, 3.769533358067709 ], [ 113.723738641261505, 3.761551872640692 ], [ 113.718212997504338, 3.753877367422405 ], [ 113.712687353747171, 3.743133060116804 ], [ 113.719440918339259, 3.735151574689787 ], [ 113.722817700635318, 3.720416524670677 ], [ 113.709003591242393, 3.722258405923066 ], [ 113.69887324435426, 3.705988454860299 ], [ 113.685673095378803, 3.69769998922455 ], [ 113.680761412039104, 3.701076771520596 ], [ 113.67554274849067, 3.698006969433282 ], [ 113.677701785880117, 3.692775939739875 ], [ 113.687695522104605, 3.672788467290786 ], [ 113.704827641346469, 3.665650084273295 ], [ 113.719104407381451, 3.645662611824264 ], [ 113.733381173416433, 3.635668875599947 ], [ 113.737664203227041, 3.619964432961353 ], [ 113.718826957921806, 3.627401521425047 ], [ 113.707161709990004, 3.616043253701984 ], [ 113.699794184980448, 3.599773302639217 ], [ 113.692119679762172, 3.603457065143994 ], [ 113.681682352665291, 3.605912906813846 ], [ 113.679129462483502, 3.614253726547474 ], [ 113.670938045359691, 3.620647956832955 ], [ 113.659141990034641, 3.618536756357912 ], [ 113.647720577206542, 3.627102815978844 ], [ 113.640240024486559, 3.630471323512362 ], [ 113.621207251545201, 3.629857363094899 ], [ 113.610769924448334, 3.623103798502807 ], [ 113.608928043195945, 3.616043253701984 ], [ 113.603709379647512, 3.611131570362281 ], [ 113.590509230672055, 3.611131570362281 ], [ 113.575467200444223, 3.592098797420931 ], [ 113.563801952512421, 3.578591668236747 ], [ 113.555820467085411, 3.567847360931146 ], [ 113.557355368129066, 3.560479835921591 ], [ 113.570862497313243, 3.564163598426369 ], [ 113.583755666079966, 3.554340231746962 ], [ 113.572704378565632, 3.542368003606436 ], [ 113.571783437939445, 3.534079537970687 ], [ 113.585597547332355, 3.535307458805613 ], [ 113.598797696307813, 3.537763300475464 ], [ 113.610600985515589, 3.528593130337583 ], [ 113.620593291127733, 3.540526122354048 ], [ 113.623356113006324, 3.528553894213521 ], [ 113.620900271336467, 3.520879388995235 ], [ 113.610155964030866, 3.519651468160309 ], [ 113.599718636934, 3.51351186398568 ], [ 113.57638814107041, 3.491716269165747 ], [ 113.576580003700641, 3.478247512507551 ], [ 113.566142676603775, 3.466582264575759 ], [ 113.561537973472795, 3.453382115600311 ], [ 113.57565906307444, 3.453689095809042 ], [ 113.582047453445625, 3.440077180920639 ], [ 113.580570746412363, 3.433274911929472 ], [ 113.55294252762657, 3.437879615060439 ], [ 113.53107018775448, 3.41715845097109 ], [ 113.519097959613958, 3.418079391597283 ], [ 113.500448911935266, 3.386460430096875 ], [ 113.491853466090774, 3.39444191552389 ], [ 113.47639938478676, 3.397246882815693 ], [ 113.464225247304967, 3.375102162373813 ], [ 113.459267265544895, 3.347278201693257 ], [ 113.4537879202081, 3.345632062335603 ], [ 113.438745889980254, 3.350236765466573 ], [ 113.421554998291299, 3.367427657155529 ], [ 113.405592027437265, 3.347780923796722 ], [ 113.400732524801356, 3.347278201693257 ], [ 113.387883435369986, 3.351561231503695 ], [ 113.367895962920898, 3.367265674142118 ], [ 113.356474550093026, 3.370121027349171 ], [ 113.352484451326745, 3.36282295402456 ], [ 113.352791431535479, 3.345632062335604 ], [ 113.359238015918834, 3.332738893568886 ], [ 113.351870490909278, 3.326599289394259 ], [ 113.351563510700558, 3.321687606054557 ], [ 113.344195985691002, 3.321073645637094 ], [ 113.343889005482268, 3.310636318540228 ], [ 113.357396134666445, 3.311250278957691 ], [ 113.370289303433168, 3.303882753948138 ], [ 113.360757579903407, 3.29730952057082 ], [ 113.318716628366289, 3.275947554953583 ], [ 113.323014351288535, 3.266738148691642 ], [ 113.310121182521812, 3.258142702847164 ], [ 113.313190984609122, 3.253844979924925 ], [ 113.30889326168689, 3.250161217420148 ], [ 113.314725885652777, 3.246477454915372 ], [ 113.305209499182112, 3.242486712201865 ], [ 113.307051380434501, 3.235733147609774 ], [ 113.302753657512255, 3.226523741347834 ], [ 113.294465191876512, 3.225909780930371 ], [ 113.286483706449502, 3.222532998634326 ], [ 113.272055636639124, 3.215779434042236 ], [ 113.260390388707336, 3.209025869450146 ], [ 113.251794942862858, 3.20994681007634 ], [ 113.253943804323967, 3.233891266357386 ], [ 113.248418160566814, 3.236654088235968 ], [ 113.242278556392179, 3.232970325731192 ], [ 113.233683110547702, 3.237882009070894 ], [ 113.232148209504047, 3.228365622600222 ], [ 113.225701625120692, 3.229900523643879 ], [ 113.227543506373081, 3.223146959051788 ], [ 113.238901774096135, 3.217007354877162 ], [ 113.237059892843746, 3.211174730911265 ], [ 113.230920288669125, 3.209025869450146 ], [ 113.224473704285757, 3.212402651746191 ], [ 113.216492218858747, 3.212709631954922 ], [ 113.202371129257102, 3.220077156964475 ], [ 113.194082663621359, 3.218235275712087 ], [ 113.188557019864191, 3.221612058008132 ], [ 113.185180237568147, 3.215165473624773 ], [ 113.190091920907847, 3.204728146527907 ], [ 113.190091920907847, 3.197974581935817 ], [ 113.200222267795979, 3.19643968089216 ], [ 113.210352614684112, 3.189993096508802 ], [ 113.217720139693668, 3.189379136091339 ], [ 113.219562020946057, 3.180169729829398 ], [ 113.222631823033367, 3.177099927742084 ], [ 113.234911031382623, 3.184774432960368 ], [ 113.239405068606061, 3.175957009273475 ], [ 113.246269299105691, 3.176792947533353 ], [ 113.241664595974711, 3.166355620436486 ], [ 113.23736687305248, 3.162364877722979 ], [ 113.245962318896957, 3.152541511043575 ], [ 113.236445932426278, 3.139034381859395 ], [ 113.229999348042924, 3.139034381859395 ], [ 113.219417596157086, 3.133126711168529 ], [ 113.213115436562703, 3.148550768330068 ], [ 113.207282812596802, 3.150085669373724 ], [ 113.204213010509491, 3.154076412087232 ], [ 113.183338356315758, 3.152541511043575 ], [ 113.175165008258318, 3.148358905699612 ], [ 113.168104463457496, 3.150814747369464 ], [ 113.158281096778083, 3.152042668204389 ], [ 113.148764710307418, 3.148358905699612 ], [ 113.139555304045473, 3.149279846325806 ], [ 113.128504016531139, 3.144061182777372 ], [ 113.121750451939036, 3.12901915254953 ], [ 113.112502673149621, 3.134429678729742 ] ] ] ] } },
{ "type": "Feature", "properties": { "Id": 576, "NEGERI": "SARAWAK", "KODPAR": "P. 218", "PARLIMEN": "SIBUTI", "KODDUN": "N. 71", "NAMADUN": "BEKENU", "KODUNIK": "P. 218_N. 71", "BILANGAN_P": 20723, "PERATUS_EQ": 83.39 }, "geometry": { "type": "MultiPolygon", "coordinates": [ [ [ [ 114.038903966565044, 3.745599974069137 ], [ 114.024627200530063, 3.745599974069137 ], [ 114.018202655814321, 3.7348923995429 ], [ 114.011778111098579, 3.724184825016664 ], [ 113.991790638649718, 3.728467854827329 ], [ 113.964718105115679, 3.745588901786654 ], [ 113.948141173844178, 3.754184347631135 ], [ 113.930400544699296, 3.757021386897293 ], [ 113.916123778664314, 3.765587446518168 ], [ 113.889507953976477, 3.786724249756669 ], [ 113.879004186973248, 3.789857948777694 ], [ 113.849907507050133, 3.79102197267891 ], [ 113.836173888868302, 3.795568655191573 ], [ 113.818902505968254, 3.79531969560115 ], [ 113.799424422491001, 3.772925585304175 ], [ 113.779066824728375, 3.76701512312161 ], [ 113.767022850692641, 3.768919397650246 ], [ 113.754796322468906, 3.77986421255315 ], [ 113.733562007938716, 3.791290580362122 ], [ 113.716064136041055, 3.779778822534705 ], [ 113.715178296721888, 3.800827264014629 ], [ 113.709467590307895, 3.80796564703212 ], [ 113.686624764651924, 3.797971910807632 ], [ 113.678058705031049, 3.806537970428508 ], [ 113.660926585789184, 3.827953119480981 ], [ 113.651291312000893, 3.83553410294497 ], [ 113.652212252627081, 3.842287667537062 ], [ 113.667868243272395, 3.84812029150296 ], [ 113.685673095378817, 3.872678708201476 ], [ 113.67247294640336, 3.887720738429317 ], [ 113.670324084942237, 3.907674451996861 ], [ 113.662342599515227, 3.907674451996861 ], [ 113.653133193253282, 3.899692966569843 ], [ 113.638014417971164, 3.908250039888672 ], [ 113.695366989611557, 3.958736520621983 ], [ 113.708677054088298, 3.976282313592151 ], [ 113.732445026625442, 4.000466497858383 ], [ 113.763818750805285, 4.035555952441257 ], [ 113.788893962523503, 4.074041832883779 ], [ 113.800183749164148, 4.099526775124218 ], [ 113.812275705302227, 4.12055126470176 ], [ 113.824872730674883, 4.135011673241536 ], [ 113.837014338283453, 4.129928123118433 ], [ 113.838395749222741, 4.122560598108878 ], [ 113.852670328928752, 4.124402479361267 ], [ 113.857735502372819, 4.12286757831761 ], [ 113.865103027382375, 4.113965152264398 ], [ 113.868326319574052, 4.105676686628649 ], [ 113.86433557686054, 4.097695201201631 ], [ 113.855433150807329, 4.103220844958797 ], [ 113.848219115899823, 4.102338276858911 ], [ 113.841610957266653, 4.10005638280262 ], [ 113.838755604059656, 4.092917999785129 ], [ 113.84476558855161, 4.092207929970784 ], [ 113.852823819030789, 4.088754402622559 ], [ 113.84223300182957, 4.074249587760014 ], [ 113.850981937778414, 4.06665182759392 ], [ 113.858743076508631, 4.064364467715166 ], [ 113.862493695605821, 4.059514537740921 ], [ 113.868940279989175, 4.059054067427825 ], [ 113.872163572180852, 4.053067953357568 ], [ 113.886898622199951, 4.0556005400796 ], [ 113.891733560487467, 4.051916777574827 ], [ 113.905087199567262, 4.060205243210566 ], [ 113.914296605829193, 4.06112618383676 ], [ 113.914757076142337, 4.065788445756864 ], [ 113.912684959733397, 4.06901173794854 ], [ 113.913145430046498, 4.070162913731282 ], [ 113.916368722238175, 4.072695500453314 ], [ 113.916598957394712, 4.075458322331894 ], [ 113.921587385788968, 4.075899606381695 ], [ 113.924503697771911, 4.070373962624529 ], [ 113.933866594138223, 4.063927378241169 ], [ 113.923429267041357, 4.062545967301877 ], [ 113.917289662866722, 4.052876090726836 ], [ 113.897949909716644, 4.037834060498995 ], [ 113.88996842428962, 4.037527080290265 ], [ 113.888587013350332, 4.031080495906904 ], [ 113.89227077585511, 4.021410619331864 ], [ 113.897796419612277, 4.010666312026263 ], [ 113.897489439403543, 4.002070866181783 ], [ 113.903475553473811, 4.002224356286148 ], [ 113.906545355561121, 3.995317301589691 ], [ 113.913912880570678, 3.996852202633348 ], [ 113.922661816519522, 3.993628910441668 ], [ 113.924657187876278, 3.987182326058307 ], [ 113.9366294160168, 3.978740370318193 ], [ 113.94476439154819, 3.99178702918928 ], [ 113.949062114470422, 3.989791657832525 ], [ 113.951671446244646, 3.986107895327748 ], [ 113.958680438753504, 3.988697607729819 ], [ 113.964871595220089, 3.989331187519428 ], [ 113.967020456681212, 3.984112523970993 ], [ 113.967020456681212, 3.962470419255426 ], [ 113.961187832715311, 3.958479676541917 ], [ 113.961535791960614, 3.947294986228485 ], [ 113.950903995722825, 3.929623536921161 ], [ 113.948831879311442, 3.91930132740299 ], [ 113.94814117384179, 3.915387329741669 ], [ 113.95021329025073, 3.910091921141058 ], [ 113.955048228538246, 3.905256982853543 ], [ 113.957252762150119, 3.907320041330365 ], [ 113.967250691835289, 3.913545448489283 ], [ 113.97724023459898, 3.904464688123539 ], [ 113.983136917637111, 3.903415101601156 ], [ 113.984518328576399, 3.89328475471303 ], [ 113.988969541605513, 3.890637050412266 ], [ 113.987741620770592, 3.882655564985248 ], [ 113.998946398389293, 3.874367099349499 ], [ 114.005392982772648, 3.877743881645545 ], [ 114.015216349452061, 3.876976431123716 ], [ 114.019360582269925, 3.865925143609384 ], [ 114.033788652080304, 3.859018088912927 ], [ 114.038163120052161, 3.868879828118907 ], [ 114.041485681756626, 3.859492875113233 ], [ 114.058193578674391, 3.863776282148264 ], [ 114.053243522806113, 3.855123277515143 ], [ 114.049329525144785, 3.842230108748436 ], [ 114.051479417980886, 3.820231768517033 ], [ 114.048869054831684, 3.809076246205477 ], [ 114.043573646231081, 3.801018015726286 ], [ 114.048408584518597, 3.791117903994707 ], [ 114.038968943100116, 3.762338509426167 ], [ 114.042422470448329, 3.748754635189815 ], [ 114.038903966565044, 3.745599974069137 ] ] ] ] } },
{ "type": "Feature", "properties": { "Id": 577, "NEGERI": "SARAWAK", "KODPAR": "P. 218", "PARLIMEN": "SIBUTI", "KODDUN": "N. 72", "NAMADUN": "LAMBIR", "KODUNIK": "P. 218_N. 72", "BILANGAN_P": 40013, "PERATUS_EQ": 161.02 }, "geometry": { "type": "MultiPolygon", "coordinates": [ [ [ [ 114.058193578674391, 3.863776282148264 ], [ 114.041485681756626, 3.859492875113233 ], [ 114.038163120052161, 3.868879828118907 ], [ 114.033788652080304, 3.859018088912927 ], [ 114.019360582269925, 3.865925143609384 ], [ 114.015216349452061, 3.876976431123716 ], [ 114.005392982772648, 3.877743881645545 ], [ 113.998946398389293, 3.874367099349499 ], [ 113.987741620770592, 3.882655564985248 ], [ 113.988969541605513, 3.890637050412266 ], [ 113.984518328576399, 3.89328475471303 ], [ 113.983136917637111, 3.903415101601156 ], [ 113.97724023459898, 3.904464688123539 ], [ 113.967250691835289, 3.913545448489283 ], [ 113.957252762150119, 3.907320041330365 ], [ 113.955048228538246, 3.905256982853543 ], [ 113.95021329025073, 3.910091921141058 ], [ 113.94814117384179, 3.915387329741669 ], [ 113.948831879311442, 3.91930132740299 ], [ 113.950903995722825, 3.929623536921161 ], [ 113.961535791960614, 3.947294986228485 ], [ 113.961187832715311, 3.958479676541917 ], [ 113.967020456681212, 3.962470419255426 ], [ 113.967020456681212, 3.984112523970993 ], [ 113.964871595220089, 3.989331187519428 ], [ 113.958680438753504, 3.988697607729819 ], [ 113.951671446244646, 3.986107895327748 ], [ 113.949062114470422, 3.989791657832525 ], [ 113.94476439154819, 3.99178702918928 ], [ 113.9366294160168, 3.978740370318193 ], [ 113.924657187876278, 3.987182326058307 ], [ 113.922661816519522, 3.993628910441668 ], [ 113.913912880570678, 3.996852202633348 ], [ 113.906545355561121, 3.995317301589691 ], [ 113.903475553473811, 4.002224356286148 ], [ 113.897489439403543, 4.002070866181783 ], [ 113.897796419612277, 4.010666312026263 ], [ 113.89227077585511, 4.021410619331864 ], [ 113.888587013350332, 4.031080495906904 ], [ 113.88996842428962, 4.037527080290265 ], [ 113.897949909716644, 4.037834060498995 ], [ 113.917289662866722, 4.052876090726836 ], [ 113.923429267041357, 4.062545967301877 ], [ 113.933866594138223, 4.063927378241169 ], [ 113.924503697771911, 4.070373962624529 ], [ 113.921587385788968, 4.075899606381695 ], [ 113.916598957394712, 4.075458322331894 ], [ 113.916368722238175, 4.072695500453314 ], [ 113.913145430046498, 4.070162913731282 ], [ 113.912684959733397, 4.06901173794854 ], [ 113.914757076142337, 4.065788445756864 ], [ 113.914296605829193, 4.06112618383676 ], [ 113.905087199567262, 4.060205243210566 ], [ 113.891733560487467, 4.051916777574827 ], [ 113.886898622199951, 4.0556005400796 ], [ 113.872163572180852, 4.053067953357568 ], [ 113.868940279989175, 4.059054067427825 ], [ 113.862493695605821, 4.059514537740921 ], [ 113.858743076508631, 4.064364467715166 ], [ 113.850981937778414, 4.06665182759392 ], [ 113.84223300182957, 4.074249587760014 ], [ 113.852823819030789, 4.088754402622559 ], [ 113.84476558855161, 4.092207929970784 ], [ 113.838755604059656, 4.092917999785129 ], [ 113.841610957266653, 4.10005638280262 ], [ 113.848219115899823, 4.102338276858911 ], [ 113.855433150807329, 4.103220844958797 ], [ 113.86433557686054, 4.097695201201631 ], [ 113.868326319574052, 4.105676686628649 ], [ 113.865103027382375, 4.113965152264398 ], [ 113.857735502372819, 4.12286757831761 ], [ 113.852670328928752, 4.124402479361267 ], [ 113.838395749222741, 4.122560598108878 ], [ 113.837014338283453, 4.129928123118433 ], [ 113.824872730674883, 4.135011673241536 ], [ 113.837469756047767, 4.149472081781425 ], [ 113.864565245602193, 4.17554735893475 ], [ 113.885718741124037, 4.201621247610433 ], [ 113.906872236645995, 4.227695136285945 ], [ 113.926837334259744, 4.256611877640808 ], [ 113.939566577332357, 4.276426184456796 ], [ 113.941924824615029, 4.273805909698274 ], [ 113.943306235554317, 4.268510501097662 ], [ 113.970069322575611, 4.315452106111199 ], [ 113.975539157471104, 4.312485415998393 ], [ 113.981908996804663, 4.313655778044204 ], [ 113.994418440308053, 4.338041518375258 ], [ 113.991425383272926, 4.341495045723483 ], [ 113.991425383272926, 4.348402100419933 ], [ 113.997258007241243, 4.356939987475339 ], [ 114.002476670789676, 4.351107363509441 ], [ 114.00278365099841, 4.34466077912608 ], [ 114.008309294755577, 4.339442115577646 ], [ 114.006467413503188, 4.321944243679953 ], [ 114.016739287295877, 4.318839890752088 ], [ 114.022737364563511, 4.332515874618098 ], [ 114.043458528652863, 4.323766938669261 ], [ 114.047142291157627, 4.314557532407329 ], [ 114.054049345854082, 4.311794710528749 ], [ 114.065330868524953, 4.315248237876974 ], [ 114.070277159927059, 4.295045280693785 ], [ 114.029644419259952, 4.302009716375448 ], [ 114.029989771994792, 4.28773513666945 ], [ 114.02941418410343, 4.276568731576856 ], [ 114.032205783833774, 4.271250670635482 ], [ 114.038163120052261, 4.255156862017861 ], [ 114.048063231783843, 4.245486985442831 ], [ 114.052898170071359, 4.242033458094606 ], [ 114.063028516959477, 4.240306694420495 ], [ 114.056927285310948, 4.231212405736836 ], [ 114.049751622934309, 4.214194190415215 ], [ 114.053358640384403, 4.201281835385554 ], [ 114.043343411074545, 4.196446897098039 ], [ 114.040005001304607, 4.19149684123225 ], [ 114.031486300512313, 4.187007255679558 ], [ 114.029183948946823, 4.182747905283414 ], [ 114.022046659093832, 4.179985083404834 ], [ 114.016290780180128, 4.162947681820257 ], [ 114.013067487988465, 4.154659216184518 ], [ 113.999713848908655, 4.139924166165424 ], [ 113.99303702936875, 4.137161344286844 ], [ 113.985899739515759, 4.126570527085621 ], [ 113.968056514883244, 4.107576126670384 ], [ 113.968286750039795, 4.101820247756677 ], [ 113.965293693004668, 4.096524839156065 ], [ 113.96840186761807, 4.096064368842969 ], [ 113.974157746531773, 4.094337605168856 ], [ 113.976344980518988, 4.091805018446824 ], [ 113.98164038911959, 4.089157314146519 ], [ 113.986590444985396, 4.089157314146518 ], [ 113.988892796550871, 4.083171200076261 ], [ 113.989123031707422, 4.072810618031586 ], [ 113.994134407740489, 4.071375946145736 ], [ 114.002937141100304, 4.049787102376753 ], [ 113.995799851247313, 4.04195910705411 ], [ 113.995109145780106, 4.008363960460779 ], [ 113.998792908282439, 3.991998078083122 ], [ 114.008577902435732, 3.989350373782817 ], [ 114.015287952167938, 3.984491898961684 ], [ 114.014909369243284, 3.973675196874123 ], [ 114.017058230704407, 3.958479676541917 ], [ 114.025193206235784, 3.947428389027584 ], [ 114.025193206235784, 3.923637422850897 ], [ 114.01951407237425, 3.908748882727421 ], [ 114.04054221667235, 3.904604649909547 ], [ 114.040695706776717, 3.8904835603079 ], [ 114.048862010874586, 3.882208796182226 ], [ 114.051900484395418, 3.878357842063008 ], [ 114.080142663598707, 3.892018461351558 ], [ 114.089659050069386, 3.872525218097111 ], [ 114.073082118797885, 3.870836826949088 ], [ 114.058193578674391, 3.863776282148264 ] ] ] ] } },
{ "type": "Feature", "properties": { "Id": 580, "NEGERI": "SARAWAK", "KODPAR": "P. 219", "PARLIMEN": "MIRI", "KODDUN": "N. 75", "NAMADUN": "SENADIN", "KODUNIK": "P. 219_N. 75", "BILANGAN_P": 74501, "PERATUS_EQ": 299.81 }, "geometry": { "type": "MultiPolygon", "coordinates": [ [ [ [ 114.063028516959477, 4.240306694420495 ], [ 114.052898170071359, 4.242033458094606 ], [ 114.048063231783843, 4.245486985442831 ], [ 114.038163120052261, 4.255156862017861 ], [ 114.032205783833774, 4.271250670635482 ], [ 114.02941418410343, 4.276568731576856 ], [ 114.029989771994792, 4.28773513666945 ], [ 114.029644419259952, 4.302009716375448 ], [ 114.070277159927059, 4.295045280693785 ], [ 114.065330868524953, 4.315248237876974 ], [ 114.054049345854082, 4.311794710528749 ], [ 114.047142291157627, 4.314557532407329 ], [ 114.043458528652863, 4.323766938669261 ], [ 114.022737364563511, 4.332515874618098 ], [ 114.016739287295877, 4.318839890752088 ], [ 114.006467413503188, 4.321944243679953 ], [ 114.008309294755577, 4.339442115577646 ], [ 114.00278365099841, 4.34466077912608 ], [ 114.002476670789676, 4.351107363509441 ], [ 113.997258007241243, 4.356939987475339 ], [ 113.991425383272926, 4.348402100419933 ], [ 113.991425383272926, 4.341495045723483 ], [ 113.987281150457491, 4.342051447351865 ], [ 113.984671818683282, 4.351567833822539 ], [ 113.988969541605513, 4.356479517162242 ], [ 113.980527585865403, 4.364921472902357 ], [ 113.980988056178504, 4.376126250521055 ], [ 113.977611273882459, 4.378428602086541 ], [ 113.981295036387237, 4.383954245843707 ], [ 113.985746249413836, 4.382419344800049 ], [ 113.990197462440449, 4.392856671896919 ], [ 113.993267264527759, 4.397307884923524 ], [ 114.003244121311525, 4.396386944297331 ], [ 114.013067487990938, 4.410968504212074 ], [ 114.016751250493243, 4.416897059493055 ], [ 114.019629189950095, 4.414249355192749 ], [ 114.024924598550712, 4.426106465754987 ], [ 114.025845539176899, 4.432783285294889 ], [ 114.021240836045948, 4.455346330636627 ], [ 114.01778730869772, 4.456152153684545 ], [ 114.017326838384619, 4.460756856815513 ], [ 114.011455841892641, 4.468584852138155 ], [ 114.012722135253654, 4.47963613965247 ], [ 114.013182605566755, 4.488039722866484 ], [ 113.995416125988896, 4.489555437647323 ], [ 113.994497857554734, 4.499002050827642 ], [ 113.985228348750297, 4.524353890822567 ], [ 113.974532760839338, 4.558707772597415 ], [ 113.966689329345172, 4.587848051195579 ], [ 113.969303806809194, 4.601114842319873 ], [ 114.004005047108421, 4.596614053427572 ], [ 114.065088736510461, 4.588796833193044 ], [ 114.084103114719483, 4.586664877638043 ], [ 114.092897264719909, 4.581926781405173 ], [ 114.133540498602656, 4.576715201779336 ], [ 114.164438863080136, 4.572451126365706 ], [ 114.174717178151923, 4.56377687502146 ], [ 114.181599622581857, 4.551469508495555 ], [ 114.163641280371081, 4.540418220981235 ], [ 114.160696678148611, 4.515740288984546 ], [ 114.15965053766017, 4.489862417856055 ], [ 114.164265869657356, 4.477668912891261 ], [ 114.183288013732493, 4.468373803244853 ], [ 114.188060479715659, 4.446735919815467 ], [ 114.208767371054563, 4.433358873186262 ], [ 114.206618509596083, 4.41680112817797 ], [ 114.206925489802174, 4.399284070017111 ], [ 114.217803742288538, 4.390818586178455 ], [ 114.225804772639137, 4.383167609058728 ], [ 114.222888460658851, 4.375665780207956 ], [ 114.208767371057192, 4.375665780207956 ], [ 114.212451133559327, 4.357611506681864 ], [ 114.199097494479531, 4.3458695136979 ], [ 114.180448446799119, 4.34448810275861 ], [ 114.17883680070328, 4.333897285557386 ], [ 114.160878458495091, 4.332688550985552 ], [ 114.14430152722359, 4.321944243679952 ], [ 114.117594249061412, 4.325839055078195 ], [ 114.102859199042328, 4.325378584765098 ], [ 114.097563790441711, 4.291073546439397 ], [ 114.090886970901806, 4.278180377672691 ], [ 114.078914742761299, 4.274266380011369 ], [ 114.063028516959477, 4.240306694420495 ] ] ] ] } },
{ "type": "Feature", "properties": { "Id": 581, "NEGERI": "SARAWAK", "KODPAR": "P. 220", "PARLIMEN": "BARAM", "KODDUN": "N. 76", "NAMADUN": "MARUDI", "KODUNIK": "P. 220_N. 76", "BILANGAN_P": 26232, "PERATUS_EQ": 105.56 }, "geometry": { "type": "MultiPolygon", "coordinates": [ [ [ [ 114.018022213354811, 3.43396890623012 ], [ 114.00339761141349, 3.453305370549148 ], [ 114.018132661432574, 3.466198539315854 ], [ 114.007541844231355, 3.503036164363586 ], [ 113.989583502020579, 3.509022278433843 ], [ 113.973927511375209, 3.536190026906574 ], [ 113.965198179025492, 3.553893740924082 ], [ 113.975308922314582, 3.550464606612543 ], [ 113.975999627784219, 3.567271773040571 ], [ 113.975308922314568, 3.583157998842406 ], [ 113.991425383272954, 3.591216229321597 ], [ 114.004779022352764, 3.584539409781696 ], [ 114.001555730161087, 3.596741873078757 ], [ 114.004318552039663, 3.605721044184142 ], [ 113.99833243796941, 3.622067740299073 ], [ 114.023428070033177, 3.622988680925266 ], [ 114.028624695019857, 3.637096552203332 ], [ 114.016981485649822, 3.650616899711066 ], [ 113.989123031707493, 3.654530897372387 ], [ 114.000634789534914, 3.661668187225386 ], [ 114.016981485649836, 3.660056541129546 ], [ 114.020058635398982, 3.664222407669911 ], [ 114.020120048671387, 3.664266274292977 ], [ 114.027111832537969, 3.672489239583157 ], [ 114.039084060678476, 3.668805477078383 ], [ 114.044149234122457, 3.685612643506437 ], [ 114.027572302850984, 3.698505812273143 ], [ 114.025960656755146, 3.701959339621368 ], [ 114.026190891911682, 3.706333807595786 ], [ 114.024809480972394, 3.709787334944011 ], [ 114.02503971612893, 3.732580615442295 ], [ 114.030104889572996, 3.739027199825648 ], [ 114.038903966565044, 3.745599974069137 ], [ 114.042422470448329, 3.748754635189815 ], [ 114.038968943100116, 3.762338509426167 ], [ 114.048408584518597, 3.791117903994707 ], [ 114.043573646231081, 3.801018015726286 ], [ 114.048869054831684, 3.809076246205477 ], [ 114.051479417980886, 3.820231768517033 ], [ 114.049329525144785, 3.842230108748436 ], [ 114.053243522806113, 3.855123277515143 ], [ 114.058193578674391, 3.863776282148264 ], [ 114.073082118797885, 3.870836826949088 ], [ 114.089659050069386, 3.872525218097111 ], [ 114.080142663598707, 3.892018461351558 ], [ 114.051900484395418, 3.878357842063008 ], [ 114.048862010874586, 3.882208796182226 ], [ 114.040695706776717, 3.8904835603079 ], [ 114.04054221667235, 3.904604649909547 ], [ 114.01951407237425, 3.908748882727421 ], [ 114.025193206235784, 3.923637422850897 ], [ 114.025193206235784, 3.947428389027584 ], [ 114.017058230704407, 3.958479676541917 ], [ 114.014909369243284, 3.973675196874123 ], [ 114.015287952167938, 3.984491898961684 ], [ 114.008577902435732, 3.989350373782817 ], [ 113.998792908282439, 3.991998078083122 ], [ 113.995109145780106, 4.008363960460779 ], [ 113.995799851247313, 4.04195910705411 ], [ 114.002937141100304, 4.049787102376753 ], [ 113.994134407740489, 4.071375946145736 ], [ 113.989123031707422, 4.072810618031586 ], [ 113.988892796550871, 4.083171200076261 ], [ 113.986590444985396, 4.089157314146518 ], [ 113.98164038911959, 4.089157314146519 ], [ 113.976344980518988, 4.091805018446824 ], [ 113.974157746531773, 4.094337605168856 ], [ 113.96840186761807, 4.096064368842969 ], [ 113.965293693004668, 4.096524839156065 ], [ 113.968286750039795, 4.101820247756677 ], [ 113.968056514883244, 4.107576126670384 ], [ 113.985899739515759, 4.126570527085621 ], [ 113.99303702936875, 4.137161344286844 ], [ 113.999713848908655, 4.139924166165424 ], [ 114.013067487988465, 4.154659216184518 ], [ 114.016290780180128, 4.162947681820257 ], [ 114.022046659093832, 4.179985083404834 ], [ 114.029183948946823, 4.182747905283414 ], [ 114.031486300512313, 4.187007255679558 ], [ 114.040005001304607, 4.19149684123225 ], [ 114.043343411074545, 4.196446897098039 ], [ 114.053358640384403, 4.201281835385554 ], [ 114.049751622934309, 4.214194190415215 ], [ 114.056927285310948, 4.231212405736836 ], [ 114.063028516959477, 4.240306694420495 ], [ 114.078914742761299, 4.274266380011369 ], [ 114.090886970901806, 4.278180377672691 ], [ 114.097563790441711, 4.291073546439397 ], [ 114.102859199042328, 4.325378584765098 ], [ 114.117594249061412, 4.325839055078195 ], [ 114.14430152722359, 4.321944243679952 ], [ 114.160878458495091, 4.332688550985552 ], [ 114.17883680070328, 4.333897285557386 ], [ 114.180448446799119, 4.34448810275861 ], [ 114.199097494479531, 4.3458695136979 ], [ 114.212451133559327, 4.357611506681864 ], [ 114.208767371057192, 4.375665780207956 ], [ 114.222888460658851, 4.375665780207956 ], [ 114.225804772639137, 4.383167609058728 ], [ 114.217803742288538, 4.390818586178455 ], [ 114.206925489802174, 4.399284070017111 ], [ 114.206618509596083, 4.41680112817797 ], [ 114.208767371054563, 4.433358873186262 ], [ 114.188060479715659, 4.446735919815467 ], [ 114.183288013732493, 4.468373803244853 ], [ 114.164265869657356, 4.477668912891261 ], [ 114.15965053766017, 4.489862417856055 ], [ 114.160696678148611, 4.515740288984546 ], [ 114.163641280371081, 4.540418220981235 ], [ 114.181599622581857, 4.551469508495555 ], [ 114.183892551150166, 4.547237224680259 ], [ 114.19930839017843, 4.543626580530713 ], [ 114.213585156213412, 4.526494461288848 ], [ 114.229289598852006, 4.530777491099343 ], [ 114.252132424507863, 4.522211431478411 ], [ 114.272119896956951, 4.503651635632764 ], [ 114.293535046009424, 4.466532043941925 ], [ 114.30495645883741, 4.43655083526852 ], [ 114.316377871665281, 4.419418716026485 ], [ 114.322088578079388, 4.392292860559962 ], [ 114.312094841854901, 4.360883975282945 ], [ 114.330654637700263, 4.35231791566207 ], [ 114.334937667510758, 4.346607209247964 ], [ 114.330654637700263, 4.320909030385053 ], [ 114.322088578079388, 4.29949388133258 ], [ 114.314950195061897, 4.262374289641684 ], [ 114.330654637700263, 4.253808230020582 ], [ 114.342073526696026, 4.254696391704751 ], [ 114.336739745572146, 4.239750292792102 ], [ 114.33700835325196, 4.235817108867789 ], [ 114.334706001686484, 4.225686761979662 ], [ 114.337699058721611, 4.210030771334377 ], [ 114.343493310164249, 4.198614944822088 ], [ 114.333976923693569, 4.185721776055368 ], [ 114.340730488285658, 4.173749547914841 ], [ 114.3429944673222, 4.16628609159019 ], [ 114.334936236843021, 4.156385979858612 ], [ 114.316977894632245, 4.155925509545516 ], [ 114.308459193839965, 4.164674445494352 ], [ 114.299940493047671, 4.166976797059836 ], [ 114.296256730542908, 4.16375350486816 ], [ 114.30495645883741, 4.158153897586374 ], [ 114.303163785239349, 4.152011511884194 ], [ 114.284054267245835, 4.141650929839519 ], [ 114.27921932895832, 4.146255632970486 ], [ 114.287047324280962, 4.149939395475259 ], [ 114.291652027411928, 4.149478925162163 ], [ 114.284968986388321, 4.158153897586374 ], [ 114.276456507079743, 4.164444210337805 ], [ 114.268168041444, 4.168127972842577 ], [ 114.262181927373746, 4.166976797059836 ], [ 114.266786630504697, 4.157997625954456 ], [ 114.267707571130899, 4.150399865788361 ], [ 114.271621568792227, 4.142111400152617 ], [ 114.281521680523795, 4.134974110299623 ], [ 114.284744972715487, 4.128527525916265 ], [ 114.280830975054158, 4.119778589967429 ], [ 114.287507794594063, 4.10849706729656 ], [ 114.28198215083691, 4.101129542287014 ], [ 114.289810146159553, 4.0962946039995 ], [ 114.299364905156352, 4.09151722450111 ], [ 114.303624255552435, 4.09261084149473 ], [ 114.307423135635545, 4.085070640117756 ], [ 114.308113841105182, 4.079544996360596 ], [ 114.321007009871892, 4.082077583082628 ], [ 114.330216416133823, 4.078624055734403 ], [ 114.320546539558791, 4.070565825255212 ], [ 114.320316304402255, 4.066882062750438 ], [ 114.322088578079388, 4.059644211944942 ], [ 114.32008606924569, 4.05421912914028 ], [ 114.324460537220105, 4.050995836948603 ], [ 114.317093012210563, 4.038102668181898 ], [ 114.33113735676001, 4.031195613485448 ], [ 114.333900178638586, 4.038793373651542 ], [ 114.348865463814235, 4.035570081459865 ], [ 114.356002753667227, 4.031425848641995 ], [ 114.350246874753523, 4.017381504092548 ], [ 114.354160872414852, 4.012316330648485 ], [ 114.352779461475549, 3.994818458750812 ], [ 114.373961095878002, 3.979392703262075 ], [ 114.379486739635155, 3.983076465766848 ], [ 114.400207903724507, 3.984227641549589 ], [ 114.406424252951325, 3.97064376731324 ], [ 114.41517318890017, 3.963046007147145 ], [ 114.424382595162101, 3.953145895415567 ], [ 114.422416465558712, 3.945904033432139 ], [ 114.405042842012037, 3.914005918802351 ], [ 114.391228732619126, 3.90871051020174 ], [ 114.383170502139933, 3.900882514879096 ], [ 114.371428509155962, 3.90456627738387 ], [ 114.370047098216673, 3.894205695339195 ], [ 114.37511227166074, 3.890061462521325 ], [ 114.371428509155962, 3.882233467198681 ], [ 114.377875093539316, 3.877858999224264 ], [ 114.384782148235772, 3.882003232042134 ], [ 114.398135787315567, 3.887759110955841 ], [ 114.400898609194158, 3.879470645320102 ], [ 114.403200960759634, 3.873945001562942 ], [ 114.400668374037608, 3.867728652336138 ], [ 114.407575428734091, 3.858519246074203 ], [ 114.407575428734091, 3.844244666368207 ], [ 114.410453368190943, 3.83768296440658 ], [ 114.407575428734063, 3.831811967914597 ], [ 114.408956839673351, 3.827782852675001 ], [ 114.409187074829902, 3.823753737435406 ], [ 114.410683603347493, 3.821336268291649 ], [ 114.409302192408191, 3.814544331173473 ], [ 114.40458237169895, 3.812702449921086 ], [ 114.401128844350723, 3.801651162406766 ], [ 114.398826492785247, 3.796355753806155 ], [ 114.396524141219757, 3.792441756144833 ], [ 114.379563484690209, 3.783270722408442 ], [ 114.373423880515574, 3.788642876061243 ], [ 114.363830748989898, 3.789909169422801 ], [ 114.358305105232745, 3.784843995978738 ], [ 114.345872406779122, 3.783002114726352 ], [ 114.34057699817852, 3.767115888924517 ], [ 114.345943782525538, 3.766799471607126 ], [ 114.356463223980342, 3.759978599071518 ], [ 114.356002753667241, 3.749848252183391 ], [ 114.36659357086846, 3.739948140451813 ], [ 114.3691261575905, 3.733271320911912 ], [ 114.376954152913143, 3.729127088094041 ], [ 114.378796034165518, 3.715773449014238 ], [ 114.376033212286941, 3.707484983378498 ], [ 114.381635697612992, 3.67114513917269 ], [ 114.382594914248585, 3.659135600503353 ], [ 114.376608800178332, 3.655912308311677 ], [ 114.367859864229501, 3.647393607519388 ], [ 114.357038811871732, 3.638414436414004 ], [ 114.368090099386052, 3.633579498126488 ], [ 114.368780804855717, 3.623449151238361 ], [ 114.36578774782059, 3.616081626228815 ], [ 114.366938923603328, 3.607562925436527 ], [ 114.369701745481919, 3.60295822230556 ], [ 114.363715631411651, 3.596972108235304 ], [ 114.350822462644956, 3.588683642599564 ], [ 114.337238588408596, 3.588223172286468 ], [ 114.337468823565146, 3.583157998842404 ], [ 114.332173414964544, 3.579474236337631 ], [ 114.335396707156207, 3.570725300388795 ], [ 114.334015296216904, 3.563357775379248 ], [ 114.319740716510921, 3.556911190995895 ], [ 114.316056954006143, 3.544248257385737 ], [ 114.310991780562077, 3.534578380810708 ], [ 114.308689428996601, 3.519152625321969 ], [ 114.292803203194751, 3.525829444861871 ], [ 114.281982150836981, 3.524908504235678 ], [ 114.275075096140441, 3.53682317358707 ], [ 114.275765801610177, 3.550464606612542 ], [ 114.270700628166111, 3.572567181641181 ], [ 114.262872632843468, 3.585920820720984 ], [ 114.260340046121442, 3.595130226982918 ], [ 114.248598053137371, 3.609577483056342 ], [ 114.248367817980821, 3.615563597126598 ], [ 114.239283335076379, 3.623489009576247 ], [ 114.22741641873499, 3.622758445768717 ], [ 114.211299957776603, 3.619304918420492 ], [ 114.207385960115289, 3.616081626228815 ], [ 114.200709140575384, 3.61539092075917 ], [ 114.203932432767061, 3.600425635583529 ], [ 114.202781256984338, 3.575099768363213 ], [ 114.204277785501887, 3.562264158385657 ], [ 114.196680025338011, 3.543941277176118 ], [ 114.163616475090976, 3.517840940917324 ], [ 114.149339709055994, 3.49499811526141 ], [ 114.147912032452609, 3.477865996019432 ], [ 114.12078617698603, 3.459306200173955 ], [ 114.086167150194697, 3.463512462488501 ], [ 114.07266002101052, 3.479475433342532 ], [ 114.049402346811121, 3.48214902582987 ], [ 114.031217692831788, 3.453382115600366 ], [ 114.018022213354811, 3.43396890623012 ] ] ] ] } },
{ "type": "Feature", "properties": { "Id": 582, "NEGERI": "SARAWAK", "KODPAR": "P. 220", "PARLIMEN": "BARAM", "KODDUN": "N. 77", "NAMADUN": "TELANG USAN", "KODUNIK": "P. 220_N. 77", "BILANGAN_P": 18908, "PERATUS_EQ": 76.09 }, "geometry": { "type": "MultiPolygon", "coordinates": [ [ [ [ 114.664474179418903, 2.818640290122516 ], [ 114.650197413383921, 2.834344732760883 ], [ 114.630209940934833, 2.842910792381815 ], [ 114.613363357013554, 2.868894506565653 ], [ 114.573388412115605, 2.871749859772535 ], [ 114.544834880045642, 2.871749859772535 ], [ 114.511998318165297, 2.891737332221567 ], [ 114.494866198923205, 2.921718540894972 ], [ 114.502004581940696, 2.950272072964935 ], [ 114.492010845716209, 2.958838132585981 ], [ 114.446325194404267, 2.958838132585981 ], [ 114.43136639491297, 2.975413930605185 ], [ 114.415096443850203, 3.015014377531541 ], [ 114.393501160074948, 3.07019690765884 ], [ 114.367207531288116, 3.073340617190516 ], [ 114.359236921590878, 3.068769231055398 ], [ 114.350937580225349, 3.06351725051111 ], [ 114.326072183318104, 3.080708142200071 ], [ 114.307840563865057, 3.125876295195326 ], [ 114.279287031795093, 3.134442354816258 ], [ 114.267865618966994, 3.160140533679169 ], [ 114.286425414812584, 3.164423563489834 ], [ 114.277859355191481, 3.188694065749132 ], [ 114.28677871660048, 3.189072155882274 ], [ 114.310695917071939, 3.16727891669666 ], [ 114.322117329900038, 3.157285180472343 ], [ 114.332111066124412, 3.170134269903713 ], [ 114.31783430008943, 3.185838712542306 ], [ 114.314978946882547, 3.204398508387726 ], [ 114.305699048959696, 3.222244465931453 ], [ 114.296419151036957, 3.240090423475181 ], [ 114.275717840286347, 3.262219410829346 ], [ 114.255016529535624, 3.284348398183567 ], [ 114.242167440104254, 3.295769811011667 ], [ 114.21861077614642, 3.322181828176326 ], [ 114.207903201620184, 3.337172432513 ], [ 114.177921992946608, 3.360015258168914 ], [ 114.156506843894135, 3.337172432513 ], [ 114.139374724652157, 3.31147425365009 ], [ 114.11367654578919, 3.307191223839652 ], [ 114.092261396736717, 3.31147425365009 ], [ 114.052286451838768, 3.30576354723604 ], [ 114.04229271561428, 3.320040313271022 ], [ 114.056569481649262, 3.344310815530491 ], [ 114.072273924287856, 3.358587581565473 ], [ 114.070846247684244, 3.380002730617946 ], [ 114.046575745424775, 3.385713437032052 ], [ 114.038009685803786, 3.372864347600455 ], [ 114.012311506940932, 3.362870611375968 ], [ 113.99517938769884, 3.37143667099707 ], [ 113.985185651474353, 3.387141113635437 ], [ 113.969481208835987, 3.398562526463422 ], [ 113.985185651474353, 3.423975170005804 ], [ 114.018022213354811, 3.43396890623012 ], [ 114.031217692831788, 3.453382115600366 ], [ 114.049402346811121, 3.48214902582987 ], [ 114.07266002101052, 3.479475433342532 ], [ 114.086167150194697, 3.463512462488501 ], [ 114.12078617698603, 3.459306200173955 ], [ 114.147912032452609, 3.477865996019432 ], [ 114.149339709055994, 3.49499811526141 ], [ 114.163616475090976, 3.517840940917324 ], [ 114.196680025338011, 3.543941277176118 ], [ 114.204277785501887, 3.562264158385657 ], [ 114.202781256984338, 3.575099768363213 ], [ 114.203932432767061, 3.600425635583529 ], [ 114.200709140575384, 3.61539092075917 ], [ 114.207385960115289, 3.616081626228815 ], [ 114.211299957776603, 3.619304918420492 ], [ 114.22741641873499, 3.622758445768717 ], [ 114.239283335076379, 3.623489009576247 ], [ 114.248367817980821, 3.615563597126598 ], [ 114.248598053137371, 3.609577483056342 ], [ 114.260340046121442, 3.595130226982918 ], [ 114.262872632843468, 3.585920820720984 ], [ 114.270700628166111, 3.572567181641181 ], [ 114.275765801610177, 3.550464606612542 ], [ 114.275075096140441, 3.53682317358707 ], [ 114.281982150836981, 3.524908504235678 ], [ 114.292803203194751, 3.525829444861871 ], [ 114.308689428996601, 3.519152625321969 ], [ 114.310991780562077, 3.534578380810708 ], [ 114.316056954006143, 3.544248257385737 ], [ 114.319740716510921, 3.556911190995895 ], [ 114.334015296216904, 3.563357775379248 ], [ 114.335396707156207, 3.570725300388795 ], [ 114.332173414964544, 3.579474236337631 ], [ 114.337468823565146, 3.583157998842404 ], [ 114.337238588408596, 3.588223172286468 ], [ 114.350822462644956, 3.588683642599564 ], [ 114.363715631411651, 3.596972108235304 ], [ 114.369701745481919, 3.60295822230556 ], [ 114.366938923603328, 3.607562925436527 ], [ 114.36578774782059, 3.616081626228815 ], [ 114.368780804855717, 3.623449151238361 ], [ 114.368090099386052, 3.633579498126488 ], [ 114.357038811871732, 3.638414436414004 ], [ 114.367859864229501, 3.647393607519388 ], [ 114.376608800178332, 3.655912308311677 ], [ 114.382594914248585, 3.659135600503353 ], [ 114.381635697612992, 3.67114513917269 ], [ 114.376033212286941, 3.707484983378498 ], [ 114.378796034165518, 3.715773449014238 ], [ 114.376954152913143, 3.729127088094041 ], [ 114.3691261575905, 3.733271320911912 ], [ 114.36659357086846, 3.739948140451813 ], [ 114.356002753667241, 3.749848252183391 ], [ 114.356463223980342, 3.759978599071518 ], [ 114.345943782525538, 3.766799471607126 ], [ 114.34057699817852, 3.767115888924517 ], [ 114.345872406779122, 3.783002114726352 ], [ 114.358305105232745, 3.784843995978738 ], [ 114.363830748989898, 3.789909169422801 ], [ 114.373423880515574, 3.788642876061243 ], [ 114.379563484690209, 3.783270722408442 ], [ 114.396524141219757, 3.792441756144833 ], [ 114.398826492785247, 3.796355753806155 ], [ 114.401128844350723, 3.801651162406766 ], [ 114.40458237169895, 3.812702449921086 ], [ 114.409302192408191, 3.814544331173473 ], [ 114.410683603347493, 3.821336268291649 ], [ 114.409187074829902, 3.823753737435406 ], [ 114.408956839673351, 3.827782852675001 ], [ 114.407575428734063, 3.831811967914597 ], [ 114.410453368190943, 3.83768296440658 ], [ 114.407575428734091, 3.844244666368207 ], [ 114.407575428734091, 3.858519246074203 ], [ 114.400668374037608, 3.867728652336138 ], [ 114.403200960759634, 3.873945001562942 ], [ 114.400898609194158, 3.879470645320102 ], [ 114.398135787315567, 3.887759110955841 ], [ 114.384782148235772, 3.882003232042134 ], [ 114.377875093539316, 3.877858999224264 ], [ 114.371428509155962, 3.882233467198681 ], [ 114.37511227166074, 3.890061462521325 ], [ 114.370047098216673, 3.894205695339195 ], [ 114.371428509155962, 3.90456627738387 ], [ 114.383170502139933, 3.900882514879096 ], [ 114.391228732619126, 3.90871051020174 ], [ 114.405042842012037, 3.914005918802351 ], [ 114.422416465558712, 3.945904033432139 ], [ 114.424382595162101, 3.953145895415567 ], [ 114.41517318890017, 3.963046007147145 ], [ 114.406424252951325, 3.97064376731324 ], [ 114.400207903724507, 3.984227641549589 ], [ 114.414252248273954, 3.997351045472844 ], [ 114.417705775622181, 4.005869746265132 ], [ 114.422770949066248, 3.993667282968071 ], [ 114.433131531110917, 3.996890575159747 ], [ 114.45224104910443, 3.988371874367459 ], [ 114.466745863966977, 3.990674225932942 ], [ 114.480550766646843, 3.967906075749283 ], [ 114.496255209285437, 3.957912339524739 ], [ 114.516242681734298, 3.960767692731793 ], [ 114.5248087413554, 3.937924867075878 ], [ 114.539883898699642, 3.936108493830439 ], [ 114.550935186213962, 3.943169038631261 ], [ 114.55646082997113, 3.940099236543947 ], [ 114.55922365184972, 3.930275869864543 ], [ 114.573651721660084, 3.929047949029618 ], [ 114.584703009174419, 3.910015176088273 ], [ 114.619698752969796, 3.922908344854991 ], [ 114.619035397186053, 3.900805275384812 ], [ 114.646161252652632, 3.904374466893557 ], [ 114.673287108119098, 3.907943658402303 ], [ 114.69613682494392, 3.894973145860434 ], [ 114.712548214715298, 3.890097700858576 ], [ 114.729904647904362, 3.887605620850881 ], [ 114.737272172913919, 3.883307897928642 ], [ 114.74752629150089, 3.890811539160495 ], [ 114.758760787525119, 3.891289383355657 ], [ 114.777507500174465, 3.885100832746389 ], [ 114.795598412572886, 3.890061462520732 ], [ 114.814627091865304, 3.903660628591865 ], [ 114.838897594125001, 3.905088305195477 ], [ 114.866510840789786, 3.890061462520735 ], [ 114.859757276197698, 3.880238095841331 ], [ 114.84809202826591, 3.87778225417148 ], [ 114.850319006952759, 3.853691947469429 ], [ 114.853617672023077, 3.847391213507076 ], [ 114.868878802798235, 3.853691947469429 ], [ 114.884008712687475, 3.85291685726424 ], [ 114.887438598643826, 3.840842858038059 ], [ 114.920232377317774, 3.841251609332448 ], [ 114.927413543541775, 3.833704475020568 ], [ 114.918847483920672, 3.800867913139939 ], [ 114.919925397109054, 3.796432498857668 ], [ 114.932818565875763, 3.805027944702147 ], [ 114.938958170050398, 3.801958142614833 ], [ 114.94325589297263, 3.805334924910878 ], [ 114.950009457564718, 3.805027944702147 ], [ 114.965960811836226, 3.809433972761042 ], [ 114.976563245620014, 3.798888340527519 ], [ 114.99394327326479, 3.800867913139939 ], [ 115.011075392506768, 3.805150942950604 ], [ 115.016470672755077, 3.806562845745803 ], [ 115.017084633172544, 3.815772252007744 ], [ 115.025680079017022, 3.817000172842669 ], [ 115.023924481938138, 3.803723266346992 ], [ 115.036117406113888, 3.790599874891772 ], [ 115.042257010288523, 3.766655418610725 ], [ 115.050852456133001, 3.762357695688486 ], [ 115.064973545734645, 3.747008685251918 ], [ 115.0870761207633, 3.723678189388334 ], [ 115.087690081180767, 3.705873337281915 ], [ 115.096735988716659, 3.676660048635767 ], [ 115.091987804103027, 3.66412402889445 ], [ 115.076748516267571, 3.659527929393732 ], [ 115.082459222681678, 3.645251163358751 ], [ 115.071037809853578, 3.632402073927381 ], [ 115.059616397025593, 3.61955298449584 ], [ 115.044098891540926, 3.609788531948999 ], [ 115.048194984197607, 3.589571775822264 ], [ 115.068964288448171, 3.584923135041759 ], [ 115.065280525943393, 3.567732243352802 ], [ 115.071113149909294, 3.564048480848026 ], [ 115.065327103439699, 3.55387986073481 ], [ 115.058188720422208, 3.532464711682337 ], [ 115.058188720422208, 3.509621886026423 ], [ 115.062471750232589, 3.472502294335357 ], [ 115.07246548645719, 3.459653204903987 ], [ 115.074106206941451, 3.45405363480793 ], [ 115.06961013325008, 3.442521085661951 ], [ 115.093062234834306, 3.44190873029907 ], [ 115.102578621304986, 3.438224967794293 ], [ 115.091834313995676, 3.422281183204261 ], [ 115.106569364018497, 3.423489917775183 ], [ 115.11669971090663, 3.41857823443548 ], [ 115.113706653867752, 3.412381071472683 ], [ 115.108641480423685, 3.400869313645266 ], [ 115.105418188232022, 3.382220265964852 ], [ 115.094366900717702, 3.371629448763628 ], [ 115.095287841343904, 3.346303581543312 ], [ 115.090452903059358, 3.34639951285749 ], [ 115.092985489778414, 3.327884769019446 ], [ 115.083315613203382, 3.315912540878933 ], [ 115.082394672577195, 3.305782193990807 ], [ 115.075320839664187, 3.290473527389338 ], [ 115.079862085855169, 3.283391825016484 ], [ 115.080783026481356, 3.280629003137904 ], [ 115.083315613203396, 3.276945240633131 ], [ 115.084236553829584, 3.272340537502164 ], [ 115.084006318673033, 3.268887010153939 ], [ 115.085617964768872, 3.258756663265812 ], [ 115.087690081177797, 3.252540314039008 ], [ 115.084927259299221, 3.246323964812203 ], [ 115.077559734289679, 3.23573314761098 ], [ 115.076523676085202, 3.226178388614226 ], [ 115.075602735459015, 3.222264390952903 ], [ 115.072839913580424, 3.214206160473712 ], [ 115.070767797171499, 3.211673573751681 ], [ 115.067774740136372, 3.20637816515107 ], [ 115.067544504979821, 3.201082756550457 ], [ 115.06662356435362, 3.2022339323332 ], [ 115.062479331535755, 3.20361534327249 ], [ 115.059716509657179, 3.204536283898682 ], [ 115.056262982308951, 3.206838635464166 ], [ 115.052118749491086, 3.213975925317165 ], [ 115.045902400264282, 3.219041098761227 ], [ 115.040606991663665, 3.220882980013613 ], [ 115.034160407280311, 3.220652744857066 ], [ 115.018849769369837, 3.215702688991276 ], [ 115.017698593587113, 3.213630572582341 ], [ 115.0186195342133, 3.209140987029648 ], [ 115.014935771708537, 3.209140987029648 ], [ 115.012863655299597, 3.210752633125487 ], [ 115.007107776385894, 3.213400337425793 ], [ 115.005726365446606, 3.217314335087114 ], [ 115.003884484194216, 3.220307392122242 ], [ 114.998934428328425, 3.218695746026404 ], [ 114.996747194341211, 3.220192274543968 ], [ 114.996286724028124, 3.222839978844274 ], [ 114.990876197849232, 3.224912095253209 ], [ 114.985350554092079, 3.229286563227627 ], [ 114.980400498226288, 3.232740090575852 ], [ 114.979019087287, 3.235502912454432 ], [ 114.980170263069724, 3.238093057965615 ], [ 114.978788852130435, 3.239474468904905 ], [ 114.970730621651256, 3.235272677297884 ], [ 114.961981685705283, 3.225909780930428 ], [ 114.953079259652071, 3.234198246566175 ], [ 114.947246635686184, 3.229900523643936 ], [ 114.928827823162294, 3.2354261674011 ], [ 114.912250891890807, 3.233584286148712 ], [ 114.900585643959019, 3.237268048653489 ], [ 114.902734505420128, 3.22867260280901 ], [ 114.902734505420128, 3.219463196547069 ], [ 114.894005911019917, 3.209095960989941 ], [ 114.898436782497896, 3.200737403814456 ], [ 114.895366980410586, 3.19244893817871 ], [ 114.898129802289162, 3.188765175673933 ], [ 114.895060000201852, 3.182625571499306 ], [ 114.899664703332817, 3.181397650664381 ], [ 114.896861264226914, 3.171976369299045 ], [ 114.911943911682073, 3.174337105863559 ], [ 114.922995199196407, 3.169118442315126 ], [ 114.929748763788496, 3.16543467981035 ], [ 114.929441783579762, 3.149471708956319 ], [ 114.933432526293231, 3.13842042144199 ], [ 114.933432526293231, 3.132587797476095 ], [ 114.923302179405098, 3.122457450587959 ], [ 114.924223120031286, 3.114168984952213 ], [ 114.921767278361443, 3.105880519316466 ], [ 114.926842472900262, 3.094881832710087 ], [ 114.936836209124863, 3.066328300640123 ], [ 114.926842472900262, 3.049196181398258 ], [ 114.923916139822595, 3.044177497361461 ], [ 114.91777653564796, 3.035582051516983 ], [ 114.924530100240048, 3.030670368177281 ], [ 114.927292922118639, 3.022074922332803 ], [ 114.939879110676614, 3.010409674401011 ], [ 114.930362724205949, 3.001814228556533 ], [ 114.937730249215505, 2.990762941042204 ], [ 114.947860596103638, 2.993832743129518 ], [ 114.961981685705283, 2.985544277493771 ], [ 114.964744507583859, 2.995674624381906 ], [ 114.969963171132292, 2.997209525425563 ], [ 114.96750732946245, 3.002428188973996 ], [ 114.973032973219603, 3.002735169182727 ], [ 114.983949537040189, 3.00351053008626 ], [ 114.988232566850684, 2.993516793861772 ], [ 114.980093518020425, 2.989535020207279 ], [ 114.969672771005207, 2.976241906959501 ], [ 114.9555351013219, 2.942874028480112 ], [ 114.946632675268688, 2.941032147227724 ], [ 114.938263885728247, 2.942691506777351 ], [ 114.928213862744812, 2.944101949315037 ], [ 114.896594901245479, 2.928138978461006 ], [ 114.88677153456608, 2.909106205519662 ], [ 114.878790049139056, 2.906650363849811 ], [ 114.87418534600809, 2.898361898214064 ], [ 114.864361979328677, 2.888845511743392 ], [ 114.862827078285022, 2.872882540889361 ], [ 114.852603289518356, 2.870593838300522 ], [ 114.853310691814357, 2.879022145063988 ], [ 114.840468038388735, 2.887725957542557 ], [ 114.839496582421432, 2.896213036752944 ], [ 114.828332787258887, 2.904858076784592 ], [ 114.818621928227699, 2.894678135709287 ], [ 114.80263460839592, 2.887725957542557 ], [ 114.793449551111721, 2.878408184646525 ], [ 114.766435292743367, 2.894064175291825 ], [ 114.7452536583409, 2.884547788821152 ], [ 114.732667469782911, 2.889459472160854 ], [ 114.721257041996523, 2.874876868111016 ], [ 114.717625439555079, 2.865821996088539 ], [ 114.701969448909779, 2.855691649200404 ], [ 114.678024992628735, 2.82990531166697 ], [ 114.675569150958879, 2.820695905405029 ], [ 114.664474179418903, 2.818640290122516 ] ] ] ] } },
{ "type": "Feature", "properties": { "Id": 583, "NEGERI": "SARAWAK", "KODPAR": "P. 220", "PARLIMEN": "BARAM", "KODDUN": "N. 78", "NAMADUN": "MULU", "KODUNIK": "P. 220_N. 78", "BILANGAN_P": 16885, "PERATUS_EQ": 67.95 }, "geometry": { "type": "MultiPolygon", "coordinates": [ [ [ [ 115.078500394433377, 2.827206349743392 ], [ 115.058512921984288, 2.802935847483923 ], [ 115.0599405985879, 2.775096153715822 ], [ 115.061368275191398, 2.747256459947607 ], [ 115.024248683500446, 2.717275251274032 ], [ 114.984273738602383, 2.704426161842662 ], [ 114.952864853325536, 2.680155659583136 ], [ 114.925738997859185, 2.684438689393573 ], [ 114.898613142392492, 2.688721719204068 ], [ 114.857210520891158, 2.70299848523905 ], [ 114.801531133354615, 2.704426161842662 ], [ 114.750134775628794, 2.708709191653099 ], [ 114.72158124355883, 2.720130604481028 ], [ 114.704427530569674, 2.735792690253703 ], [ 114.688744681678372, 2.750111813154433 ], [ 114.675895592246889, 2.76867160900008 ], [ 114.670184885832896, 2.793655949561298 ], [ 114.664474179418903, 2.818640290122516 ], [ 114.675569150958879, 2.820695905405029 ], [ 114.678024992628735, 2.82990531166697 ], [ 114.701969448909779, 2.855691649200404 ], [ 114.717625439555079, 2.865821996088539 ], [ 114.721257041996523, 2.874876868111016 ], [ 114.732667469782911, 2.889459472160854 ], [ 114.7452536583409, 2.884547788821152 ], [ 114.766435292743367, 2.894064175291825 ], [ 114.793449551111721, 2.878408184646525 ], [ 114.80263460839592, 2.887725957542557 ], [ 114.818621928227699, 2.894678135709287 ], [ 114.828332787258887, 2.904858076784592 ], [ 114.839496582421432, 2.896213036752944 ], [ 114.840468038388735, 2.887725957542557 ], [ 114.853310691814357, 2.879022145063988 ], [ 114.852603289518356, 2.870593838300522 ], [ 114.862827078285022, 2.872882540889361 ], [ 114.864361979328677, 2.888845511743392 ], [ 114.87418534600809, 2.898361898214064 ], [ 114.878790049139056, 2.906650363849811 ], [ 114.88677153456608, 2.909106205519662 ], [ 114.896594901245479, 2.928138978461006 ], [ 114.928213862744812, 2.944101949315037 ], [ 114.938263885728247, 2.942691506777351 ], [ 114.946632675268688, 2.941032147227724 ], [ 114.9555351013219, 2.942874028480112 ], [ 114.969672771005207, 2.976241906959501 ], [ 114.980093518020425, 2.989535020207279 ], [ 114.988232566850684, 2.993516793861772 ], [ 114.983949537040189, 3.00351053008626 ], [ 114.973032973219603, 3.002735169182727 ], [ 114.96750732946245, 3.002428188973996 ], [ 114.969963171132292, 2.997209525425563 ], [ 114.964744507583859, 2.995674624381906 ], [ 114.961981685705283, 2.985544277493771 ], [ 114.947860596103638, 2.993832743129518 ], [ 114.937730249215505, 2.990762941042204 ], [ 114.930362724205949, 3.001814228556533 ], [ 114.939879110676614, 3.010409674401011 ], [ 114.927292922118639, 3.022074922332803 ], [ 114.924530100240048, 3.030670368177281 ], [ 114.91777653564796, 3.035582051516983 ], [ 114.923916139822595, 3.044177497361461 ], [ 114.926842472900262, 3.049196181398258 ], [ 114.936836209124863, 3.066328300640123 ], [ 114.926842472900262, 3.094881832710087 ], [ 114.921767278361443, 3.105880519316466 ], [ 114.924223120031286, 3.114168984952213 ], [ 114.923302179405098, 3.122457450587959 ], [ 114.933432526293231, 3.132587797476095 ], [ 114.933432526293231, 3.13842042144199 ], [ 114.929441783579762, 3.149471708956319 ], [ 114.929748763788496, 3.16543467981035 ], [ 114.922995199196407, 3.169118442315126 ], [ 114.911943911682073, 3.174337105863559 ], [ 114.896861264226914, 3.171976369299045 ], [ 114.899664703332817, 3.181397650664381 ], [ 114.895060000201852, 3.182625571499306 ], [ 114.898129802289162, 3.188765175673933 ], [ 114.895366980410586, 3.19244893817871 ], [ 114.898436782497896, 3.200737403814456 ], [ 114.894005911019917, 3.209095960989941 ], [ 114.902734505420128, 3.219463196547069 ], [ 114.902734505420128, 3.22867260280901 ], [ 114.900585643959019, 3.237268048653489 ], [ 114.912250891890807, 3.233584286148712 ], [ 114.928827823162294, 3.2354261674011 ], [ 114.947246635686184, 3.229900523643936 ], [ 114.953079259652071, 3.234198246566175 ], [ 114.961981685705283, 3.225909780930428 ], [ 114.970730621651256, 3.235272677297884 ], [ 114.978788852130435, 3.239474468904905 ], [ 114.980170263069724, 3.238093057965615 ], [ 114.979019087287, 3.235502912454432 ], [ 114.980400498226288, 3.232740090575852 ], [ 114.985350554092079, 3.229286563227627 ], [ 114.990876197849232, 3.224912095253209 ], [ 114.996286724028124, 3.222839978844274 ], [ 114.996747194341211, 3.220192274543968 ], [ 114.998934428328425, 3.218695746026404 ], [ 115.003884484194216, 3.220307392122242 ], [ 115.005726365446606, 3.217314335087114 ], [ 115.007107776385894, 3.213400337425793 ], [ 115.012863655299597, 3.210752633125487 ], [ 115.014935771708537, 3.209140987029648 ], [ 115.0186195342133, 3.209140987029648 ], [ 115.017698593587113, 3.213630572582341 ], [ 115.018849769369837, 3.215702688991276 ], [ 115.034160407280311, 3.220652744857066 ], [ 115.040606991663665, 3.220882980013613 ], [ 115.045902400264282, 3.219041098761227 ], [ 115.052118749491086, 3.213975925317165 ], [ 115.056262982308951, 3.206838635464166 ], [ 115.059716509657179, 3.204536283898682 ], [ 115.062479331535755, 3.20361534327249 ], [ 115.06662356435362, 3.2022339323332 ], [ 115.067544504979821, 3.201082756550457 ], [ 115.067774740136372, 3.20637816515107 ], [ 115.070767797171499, 3.211673573751681 ], [ 115.072839913580424, 3.214206160473712 ], [ 115.075602735459015, 3.222264390952903 ], [ 115.076523676085202, 3.226178388614226 ], [ 115.077559734289679, 3.23573314761098 ], [ 115.084927259299221, 3.246323964812203 ], [ 115.087690081177797, 3.252540314039008 ], [ 115.085617964768872, 3.258756663265812 ], [ 115.084006318673033, 3.268887010153939 ], [ 115.084236553829584, 3.272340537502164 ], [ 115.083315613203396, 3.276945240633131 ], [ 115.080783026481356, 3.280629003137904 ], [ 115.079862085855169, 3.283391825016484 ], [ 115.075320839664187, 3.290473527389338 ], [ 115.082394672577195, 3.305782193990807 ], [ 115.083315613203382, 3.315912540878933 ], [ 115.092985489778414, 3.327884769019446 ], [ 115.090452903059358, 3.34639951285749 ], [ 115.095287841343904, 3.346303581543312 ], [ 115.094366900717702, 3.371629448763628 ], [ 115.105418188232022, 3.382220265964852 ], [ 115.108641480423685, 3.400869313645266 ], [ 115.113706653867752, 3.412381071472683 ], [ 115.11669971090663, 3.41857823443548 ], [ 115.106569364018497, 3.423489917775183 ], [ 115.091834313995676, 3.422281183204261 ], [ 115.102578621304986, 3.438224967794293 ], [ 115.093062234834306, 3.44190873029907 ], [ 115.06961013325008, 3.442521085661951 ], [ 115.074106206941451, 3.45405363480793 ], [ 115.07246548645719, 3.459653204903987 ], [ 115.062471750232589, 3.472502294335357 ], [ 115.058188720422208, 3.509621886026423 ], [ 115.058188720422208, 3.532464711682337 ], [ 115.065327103439699, 3.55387986073481 ], [ 115.071113149909294, 3.564048480848026 ], [ 115.065280525943393, 3.567732243352802 ], [ 115.068964288448171, 3.584923135041759 ], [ 115.048194984197607, 3.589571775822264 ], [ 115.044098891540926, 3.609788531948999 ], [ 115.059616397025593, 3.61955298449584 ], [ 115.071037809853578, 3.632402073927381 ], [ 115.082459222681678, 3.645251163358751 ], [ 115.076748516267571, 3.659527929393732 ], [ 115.091987804103027, 3.66412402889445 ], [ 115.096735988716659, 3.676660048635767 ], [ 115.087690081180767, 3.705873337281915 ], [ 115.0870761207633, 3.723678189388334 ], [ 115.064973545734645, 3.747008685251918 ], [ 115.050852456133001, 3.762357695688486 ], [ 115.042257010288523, 3.766655418610725 ], [ 115.036117406113888, 3.790599874891772 ], [ 115.023924481938138, 3.803723266346992 ], [ 115.025680079017022, 3.817000172842669 ], [ 115.017084633172544, 3.815772252007744 ], [ 115.016470672755077, 3.806562845745803 ], [ 115.011075392506768, 3.805150942950604 ], [ 114.99394327326479, 3.800867913139939 ], [ 114.976563245620014, 3.798888340527519 ], [ 114.965960811836226, 3.809433972761042 ], [ 114.950009457564718, 3.805027944702147 ], [ 114.94325589297263, 3.805334924910878 ], [ 114.938958170050398, 3.801958142614833 ], [ 114.932818565875763, 3.805027944702147 ], [ 114.919925397109054, 3.796432498857668 ], [ 114.918847483920672, 3.800867913139939 ], [ 114.927413543541775, 3.833704475020568 ], [ 114.920232377317774, 3.841251609332448 ], [ 114.887438598643826, 3.840842858038059 ], [ 114.884008712687475, 3.85291685726424 ], [ 114.868878802798235, 3.853691947469429 ], [ 114.853617672023077, 3.847391213507076 ], [ 114.850319006952759, 3.853691947469429 ], [ 114.84809202826591, 3.87778225417148 ], [ 114.859757276197698, 3.880238095841331 ], [ 114.866510840789786, 3.890061462520735 ], [ 114.838897594125001, 3.905088305195477 ], [ 114.814627091865304, 3.903660628591865 ], [ 114.795598412572886, 3.890061462520732 ], [ 114.777507500174465, 3.885100832746389 ], [ 114.758760787525119, 3.891289383355657 ], [ 114.74752629150089, 3.890811539160495 ], [ 114.737272172913919, 3.883307897928642 ], [ 114.729904647904362, 3.887605620850881 ], [ 114.712548214715298, 3.890097700858576 ], [ 114.69613682494392, 3.894973145860434 ], [ 114.673287108119098, 3.907943658402303 ], [ 114.646161252652632, 3.904374466893557 ], [ 114.619035397186053, 3.900805275384812 ], [ 114.619698752969796, 3.922908344854991 ], [ 114.584703009174419, 3.910015176088273 ], [ 114.573651721660084, 3.929047949029618 ], [ 114.55922365184972, 3.930275869864543 ], [ 114.55646082997113, 3.940099236543947 ], [ 114.550935186213962, 3.943169038631261 ], [ 114.539883898699642, 3.936108493830439 ], [ 114.5248087413554, 3.937924867075878 ], [ 114.516242681734298, 3.960767692731793 ], [ 114.496255209285437, 3.957912339524739 ], [ 114.480550766646843, 3.967906075749283 ], [ 114.466745863966977, 3.990674225932942 ], [ 114.45224104910443, 3.988371874367459 ], [ 114.433131531110917, 3.996890575159747 ], [ 114.422770949066248, 3.993667282968071 ], [ 114.417705775622181, 4.005869746265132 ], [ 114.414252248273954, 3.997351045472844 ], [ 114.400207903724507, 3.984227641549589 ], [ 114.379486739635155, 3.983076465766848 ], [ 114.373961095878002, 3.979392703262075 ], [ 114.352779461475549, 3.994818458750812 ], [ 114.354160872414852, 4.012316330648485 ], [ 114.350246874753523, 4.017381504092548 ], [ 114.356002753667227, 4.031425848641995 ], [ 114.348865463814235, 4.035570081459865 ], [ 114.333900178638586, 4.038793373651542 ], [ 114.33113735676001, 4.031195613485448 ], [ 114.317093012210563, 4.038102668181898 ], [ 114.324460537220105, 4.050995836948603 ], [ 114.32008606924569, 4.05421912914028 ], [ 114.322088578079388, 4.059644211944942 ], [ 114.320316304402255, 4.066882062750438 ], [ 114.320546539558791, 4.070565825255212 ], [ 114.330216416133823, 4.078624055734403 ], [ 114.321007009871892, 4.082077583082628 ], [ 114.308113841105182, 4.079544996360596 ], [ 114.307423135635545, 4.085070640117756 ], [ 114.303624255552435, 4.09261084149473 ], [ 114.299364905156352, 4.09151722450111 ], [ 114.289810146159553, 4.0962946039995 ], [ 114.28198215083691, 4.101129542287014 ], [ 114.287507794594063, 4.10849706729656 ], [ 114.280830975054158, 4.119778589967429 ], [ 114.284744972715487, 4.128527525916265 ], [ 114.281521680523795, 4.134974110299623 ], [ 114.271621568792227, 4.142111400152617 ], [ 114.267707571130899, 4.150399865788361 ], [ 114.266786630504697, 4.157997625954456 ], [ 114.262181927373746, 4.166976797059836 ], [ 114.268168041444, 4.168127972842577 ], [ 114.276456507079743, 4.164444210337805 ], [ 114.284968986388321, 4.158153897586374 ], [ 114.291652027411928, 4.149478925162163 ], [ 114.287047324280962, 4.149939395475259 ], [ 114.27921932895832, 4.146255632970486 ], [ 114.284054267245835, 4.141650929839519 ], [ 114.303163785239349, 4.152011511884194 ], [ 114.30495645883741, 4.158153897586374 ], [ 114.296256730542908, 4.16375350486816 ], [ 114.299940493047671, 4.166976797059836 ], [ 114.308459193839965, 4.164674445494352 ], [ 114.316977894632245, 4.155925509545516 ], [ 114.334936236843021, 4.156385979858612 ], [ 114.3429944673222, 4.16628609159019 ], [ 114.340730488285658, 4.173749547914841 ], [ 114.333976923693569, 4.185721776055368 ], [ 114.343493310164249, 4.198614944822088 ], [ 114.337699058721611, 4.210030771334377 ], [ 114.334706001686484, 4.225686761979662 ], [ 114.33700835325196, 4.235817108867789 ], [ 114.336739745572146, 4.239750292792102 ], [ 114.342073526696026, 4.254696391704751 ], [ 114.363324748581817, 4.257390132880971 ], [ 114.372831937237265, 4.264796952340248 ], [ 114.424230178095399, 4.25887219190281 ], [ 114.427498274252002, 4.266575190219839 ], [ 114.447701051716763, 4.280796069224721 ], [ 114.455425642387013, 4.273685871311272 ], [ 114.456513012614323, 4.253304386487855 ], [ 114.450571019929157, 4.241453370645957 ], [ 114.45591881388475, 4.233750218389446 ], [ 114.468991198510594, 4.203529319291874 ], [ 114.487411377091917, 4.162047727907122 ], [ 114.504048958586509, 4.138935668688873 ], [ 114.518309742468091, 4.144269493272304 ], [ 114.540295117019696, 4.128861305805003 ], [ 114.546237109704862, 4.111082023342021 ], [ 114.541483515377081, 4.100414164285098 ], [ 114.555744299258663, 4.093895045939689 ], [ 114.550990704930882, 4.08105381870314 ], [ 114.565251487913997, 4.081053985282779 ], [ 114.589019461349267, 4.045018848768905 ], [ 114.60898455806489, 4.049760676548601 ], [ 114.627048217767879, 4.028897659689619 ], [ 114.600428087915589, 4.006136845978688 ], [ 114.621343904035598, 4.00329198176604 ], [ 114.653668346721588, 4.00518909951586 ], [ 114.687894227318679, 4.020363257504812 ], [ 114.720218670903023, 4.048813660122619 ], [ 114.744937361946199, 4.081056084187651 ], [ 114.770606773292116, 4.112348967179685 ], [ 114.795325464335292, 4.133210286449241 ], [ 114.793031712377115, 4.156113075985786 ], [ 114.810026482383179, 4.159897065995601 ], [ 114.865589900163556, 4.142092213889182 ], [ 114.917562574977524, 4.145509045224571 ], [ 114.937550047426498, 4.132659955793031 ], [ 114.97211203259333, 4.112008153433507 ], [ 114.98316332010765, 4.112315133642238 ], [ 114.989609904491019, 4.124901322200224 ], [ 115.010361554204906, 4.135515309000027 ], [ 115.037487409671371, 4.124093896172099 ], [ 115.048243124358706, 4.130426965957389 ], [ 115.068896294948445, 4.126949249378924 ], [ 115.09602215041491, 4.109817130137117 ], [ 115.150160553657514, 4.045393448138803 ], [ 115.171035207851247, 4.026360675197458 ], [ 115.171689010400314, 4.002741384874753 ], [ 115.167466562921788, 3.988084080421785 ], [ 115.17778877244335, 3.970183296999619 ], [ 115.19651456517596, 3.945317900092378 ], [ 115.257349606610205, 3.898520992819215 ], [ 115.277250360072301, 3.888526561477076 ], [ 115.290450509047758, 3.855065718725357 ], [ 115.313028994146748, 3.84997998830039 ], [ 115.334962639313815, 3.83541898536655 ], [ 115.357679174759937, 3.821297895764907 ], [ 115.376404967492547, 3.80840472699819 ], [ 115.39727962168628, 3.820990915556176 ], [ 115.414777493583969, 3.825288638478415 ], [ 115.443019672787244, 3.827130519730803 ], [ 115.448658271479076, 3.807149690195445 ], [ 115.459903584267479, 3.808097746789458 ], [ 115.488633216376911, 3.844269281886341 ], [ 115.493671407227936, 3.855679679142821 ], [ 115.513510003213966, 3.878952616217879 ], [ 115.504337659015391, 3.891382609801724 ], [ 115.495206308271591, 3.906638393792227 ], [ 115.504108734324802, 3.913698938593048 ], [ 115.519764724970074, 3.925057206316108 ], [ 115.548006904173363, 3.932117751116929 ], [ 115.565727752965927, 3.912797758854197 ], [ 115.582859872207791, 3.888527256594898 ], [ 115.617124110691748, 3.879961196973795 ], [ 115.619979463898858, 3.839986252075903 ], [ 115.59999199144977, 3.814288073212936 ], [ 115.5871429020184, 3.767174745297552 ], [ 115.581432195604293, 3.707212327950572 ], [ 115.567155429569311, 3.662954353242014 ], [ 115.5757214891903, 3.612985672119578 ], [ 115.59999199144977, 3.577293757032123 ], [ 115.60713037446726, 3.550167901565771 ], [ 115.601419668053381, 3.521614369495808 ], [ 115.614268757484751, 3.498057705538031 ], [ 115.63140087672673, 3.470931850071509 ], [ 115.644249966158327, 3.445233671208541 ], [ 115.628545523519733, 3.410969432724698 ], [ 115.619979463898858, 3.405258726310649 ], [ 115.608558051070872, 3.439522964794662 ], [ 115.585715225414788, 3.450944377622648 ], [ 115.557161693344824, 3.419535492345631 ], [ 115.548595633723949, 3.390981960275667 ], [ 115.540029574102846, 3.365283781412757 ], [ 115.544312603913454, 3.341013279153231 ], [ 115.524325131464366, 3.312459747083267 ], [ 115.522897454860981, 3.251069653132902 ], [ 115.514331395239878, 3.223943797666323 ], [ 115.507193012222388, 3.205384001820903 ], [ 115.521469778257369, 3.186824205975483 ], [ 115.548595633723949, 3.175402793147498 ], [ 115.552878663534329, 3.156842997301908 ], [ 115.521469778257369, 3.138283201456431 ], [ 115.502909982411893, 3.116868052403959 ], [ 115.510048365429384, 3.061188664867643 ], [ 115.498626952601512, 3.029779779590683 ], [ 115.467218067324438, 3.025496749780189 ], [ 115.440092211857973, 3.028352102987071 ], [ 115.408683326581126, 2.995515541106613 ], [ 115.362997675269185, 2.984094128278684 ], [ 115.32730576018173, 2.982666451675243 ], [ 115.317312023957129, 3.012647660348648 ], [ 115.288758491887165, 3.048339575436103 ], [ 115.267343342834693, 3.015503013555701 ], [ 115.254494253403209, 2.995372773446377 ], [ 115.24878354698933, 2.97681297760073 ], [ 115.235934457557732, 2.966819241376413 ], [ 115.218802338315754, 2.966819241376413 ], [ 115.195959512659783, 2.948259445530766 ], [ 115.151701537951453, 2.931127326288959 ], [ 115.151701537951453, 2.895435411201504 ], [ 115.144563154933962, 2.869737232338366 ], [ 115.117437299467383, 2.848322083285893 ], [ 115.103160533432401, 2.838328347061577 ], [ 115.078500394433377, 2.827206349743392 ] ] ] ] } },
{ "type": "Feature", "properties": { "Id": 585, "NEGERI": "SARAWAK", "KODPAR": "P. 221", "PARLIMEN": "LIMBANG", "KODDUN": "N. 80", "NAMADUN": "BATU DANAU", "KODUNIK": "P. 221_N. 80", "BILANGAN_P": 15831, "PERATUS_EQ": 63.71 }, "geometry": { "type": "MultiPolygon", "coordinates": [ [ [ [ 115.042695702671722, 4.617673356238868 ], [ 115.043164910252386, 4.618753517713221 ], [ 115.043170355707161, 4.618752113137418 ], [ 115.04296900580789, 4.618294499730155 ], [ 115.042695702671722, 4.617673356238868 ] ] ], [ [ [ 115.519764724970074, 3.925057206316108 ], [ 115.504108734324802, 3.913698938593048 ], [ 115.495206308271591, 3.906638393792227 ], [ 115.504337659015391, 3.891382609801724 ], [ 115.513510003213966, 3.878952616217879 ], [ 115.493671407227936, 3.855679679142821 ], [ 115.488633216376911, 3.844269281886341 ], [ 115.459903584267479, 3.808097746789458 ], [ 115.448658271479076, 3.807149690195445 ], [ 115.443019672787244, 3.827130519730803 ], [ 115.414777493583969, 3.825288638478415 ], [ 115.39727962168628, 3.820990915556176 ], [ 115.376404967492547, 3.80840472699819 ], [ 115.357679174759937, 3.821297895764907 ], [ 115.334962639313815, 3.83541898536655 ], [ 115.313028994146748, 3.84997998830039 ], [ 115.290450509047758, 3.855065718725357 ], [ 115.277250360072301, 3.888526561477076 ], [ 115.257349606610205, 3.898520992819215 ], [ 115.19651456517596, 3.945317900092378 ], [ 115.17778877244335, 3.970183296999619 ], [ 115.167466562921788, 3.988084080421785 ], [ 115.171689010400314, 4.002741384874753 ], [ 115.171035207851247, 4.026360675197458 ], [ 115.150160553657514, 4.045393448138803 ], [ 115.09602215041491, 4.109817130137117 ], [ 115.068896294948445, 4.126949249378924 ], [ 115.048243124358706, 4.130426965957389 ], [ 115.037487409671371, 4.124093896172099 ], [ 115.010361554204906, 4.135515309000027 ], [ 114.989609904491019, 4.124901322200224 ], [ 114.98316332010765, 4.112315133642238 ], [ 114.97211203259333, 4.112008153433507 ], [ 114.937550047426498, 4.132659955793031 ], [ 114.917562574977524, 4.145509045224571 ], [ 114.865589900163556, 4.142092213889182 ], [ 114.810026482383179, 4.159897065995601 ], [ 114.793031712377115, 4.156113075985786 ], [ 114.794457790585511, 4.170335784754002 ], [ 114.805866417151833, 4.189536139267034 ], [ 114.818701122824677, 4.203758367826367 ], [ 114.830109749390999, 4.220824648248652 ], [ 114.840092297748697, 4.237179465941836 ], [ 114.846509650585176, 4.251400601888179 ], [ 114.859344355808958, 4.279131446718907 ], [ 114.847222689689374, 4.273443068650067 ], [ 114.83581406312328, 4.26135528811443 ], [ 114.813709848645999, 4.249978243541875 ], [ 114.812996809092397, 4.260643976810911 ], [ 114.832248867152998, 4.284108303254015 ], [ 114.839379259093562, 4.295484572478415 ], [ 114.846509651034239, 4.306860841702871 ], [ 114.871466021928541, 4.334589653985972 ], [ 114.876813816333197, 4.370137505818775 ], [ 114.879309453422707, 4.381512582802372 ], [ 114.878596413869218, 4.39857468667293 ], [ 114.885073186219529, 4.421015574845342 ], [ 114.874615278159467, 4.425754713261313 ], [ 114.859403775771739, 4.421015275134152 ], [ 114.837537241145583, 4.421962874176984 ], [ 114.825177895174761, 4.439023899725385 ], [ 114.820424300847208, 4.455136804710378 ], [ 114.820424300847208, 4.472196995218155 ], [ 114.819948941144844, 4.502525658246441 ], [ 114.81947358144248, 4.515794130767119 ], [ 114.821395888115603, 4.54047893853317 ], [ 114.819039887399981, 4.562557040304512 ], [ 114.820256887217397, 4.578888403594647 ], [ 114.813729887364957, 4.595764648060708 ], [ 114.810299886946495, 4.620885589476131 ], [ 114.80368396106735, 4.633230864317284 ], [ 114.801609887620316, 4.652539187521029 ], [ 114.801209886688753, 4.663748717478256 ], [ 114.804135887316875, 4.672603381687964 ], [ 114.802250887677587, 4.679038091082418 ], [ 114.793848887332956, 4.676978078278353 ], [ 114.78832888813406, 4.683597737151501 ], [ 114.780302388069913, 4.693998205775756 ], [ 114.7835778872427, 4.701510926610354 ], [ 114.7860118868781, 4.70515280001905 ], [ 114.781813887977023, 4.719762128640582 ], [ 114.793910021424779, 4.729959313609776 ], [ 114.798821704764478, 4.722898768808952 ], [ 114.812635814157389, 4.725354610478804 ], [ 114.827677844385235, 4.727503471939924 ], [ 114.83412442876859, 4.732108175070896 ], [ 114.841223346092789, 4.727369168098464 ], [ 114.845482696491658, 4.72259178860022 ], [ 114.847017597535313, 4.742852482376496 ], [ 114.85714794442346, 4.748685106342394 ], [ 114.867585271520326, 4.746536244881273 ], [ 114.873110915277493, 4.741317581332839 ], [ 114.87375273209193, 4.728207319405612 ], [ 114.867278291311578, 4.726889511522461 ], [ 114.868813192355233, 4.71829406567798 ], [ 114.881706361121957, 4.710005600042231 ], [ 114.882934281956878, 4.700796193780287 ], [ 114.882934281956878, 4.691586787518344 ], [ 114.906571758029202, 4.664879509358707 ], [ 114.925297550761812, 4.68022851979528 ], [ 114.927753392431669, 4.691586787518344 ], [ 114.938190719528535, 4.69711243127551 ], [ 114.933892996606289, 4.673167974994457 ], [ 114.948321066416668, 4.669791192698411 ], [ 114.958451413304815, 4.665493469776171 ], [ 114.949548987251603, 4.648916538504673 ], [ 114.95275083748561, 4.636836016781672 ], [ 114.962268681508931, 4.61208962232115 ], [ 114.964591017479478, 4.607474210325927 ], [ 114.976870225828733, 4.606553269699733 ], [ 114.99037735501291, 4.60164158636003 ], [ 114.998358840439934, 4.59765084364652 ], [ 115.007875226910599, 4.595808962394131 ], [ 115.014628791502574, 4.597957823855253 ], [ 115.018423961246413, 4.590198581067455 ], [ 115.018619534216086, 4.581687872792485 ], [ 115.025987059225642, 4.577697130078977 ], [ 115.032700727281394, 4.594957503079115 ], [ 115.042695702671722, 4.617673356238868 ], [ 115.051987304920317, 4.60441958131895 ], [ 115.062226471412259, 4.590347768597155 ], [ 115.069977512975925, 4.574456620442106 ], [ 115.071865636955749, 4.559114129081365 ], [ 115.074519888227428, 4.564658064561115 ], [ 115.0703081379163, 4.554839278821987 ], [ 115.075933137595484, 4.543830874249522 ], [ 115.083116887667302, 4.53599142248089 ], [ 115.085098554116144, 4.52660972829068 ], [ 115.081512513637904, 4.515982183714755 ], [ 115.083432512539275, 4.507330667511212 ], [ 115.088319388109085, 4.500499737648738 ], [ 115.09501751342998, 4.491000806969907 ], [ 115.091638346876834, 4.479896748182455 ], [ 115.097236887577537, 4.468302947761742 ], [ 115.096843832419836, 4.45696698401116 ], [ 115.094032409211195, 4.4443821472953 ], [ 115.091446888041901, 4.435255374908024 ], [ 115.099548554637636, 4.423692983727904 ], [ 115.104836888206364, 4.41656497639309 ], [ 115.102556887658352, 4.405197869302128 ], [ 115.096751331996757, 4.398061813863308 ], [ 115.094225846136283, 4.393853188704895 ], [ 115.101361738461492, 4.382628964872538 ], [ 115.110393568313157, 4.370780167361374 ], [ 115.126555790105385, 4.371254315799263 ], [ 115.141291932790637, 4.374098239880198 ], [ 115.145094808612157, 4.383577379649125 ], [ 115.154601997267719, 4.38405144138386 ], [ 115.158880232791489, 4.376942186466863 ], [ 115.173616375476968, 4.368411101616402 ], [ 115.184549643239166, 4.371728951498369 ], [ 115.198810427120634, 4.361301939862528 ], [ 115.209743694882832, 4.358458267021149 ], [ 115.223053759359914, 4.35940635713763 ], [ 115.237789902045392, 4.36888581216283 ], [ 115.248247810105454, 4.360354584824734 ], [ 115.246346372194466, 4.342817591528274 ], [ 115.253952123837621, 4.336655944245933 ], [ 115.265836110106079, 4.338552007854787 ], [ 115.27344186174912, 4.346135744843593 ], [ 115.283899769809068, 4.335708329745444 ], [ 115.292931598762152, 4.33950028399579 ], [ 115.2967344745839, 4.332864580765886 ], [ 115.30243878831584, 4.315327029120795 ], [ 115.314798134286661, 4.30442520363971 ], [ 115.324698819172454, 4.293768948159993 ], [ 115.31106890684373, 4.279537698418039 ], [ 115.306790672218312, 4.268161136594244 ], [ 115.291103810128334, 4.256784269388447 ], [ 115.288251652813074, 4.238296763363337 ], [ 115.30605320763118, 4.232993894872209 ], [ 115.314619267252283, 4.221572482044223 ], [ 115.327944248884819, 4.213958206825566 ], [ 115.340317446115364, 4.201585009595192 ], [ 115.347931721333907, 4.19777787198592 ], [ 115.359353134162006, 4.185404674755603 ], [ 115.367919193782768, 4.181597537146331 ], [ 115.378388822208649, 4.190163596767263 ], [ 115.388858450634075, 4.186356459157992 ], [ 115.405038785473835, 4.177790399536889 ], [ 115.418363767106371, 4.186356459157992 ], [ 115.429785179934356, 4.184452890353157 ], [ 115.444061945969338, 4.180645752743942 ], [ 115.459290496406879, 4.164465417904296 ], [ 115.468808340430201, 4.145429729857653 ], [ 115.477374400050962, 4.136863670236551 ], [ 115.481852669191753, 4.130887436270487 ], [ 115.481181537660405, 4.123538688604015 ], [ 115.487844028476843, 4.114972628983082 ], [ 115.495458303695386, 4.10640656936198 ], [ 115.502120794511825, 4.094985156534051 ], [ 115.510708808812481, 4.075170528385746 ], [ 115.503648264011659, 4.065654141915073 ], [ 115.496741209315203, 4.053988893983282 ], [ 115.494592347854081, 4.042937606468953 ], [ 115.499657521298147, 4.036491022085595 ], [ 115.490294624931849, 4.032653769476452 ], [ 115.485229451487783, 4.020221071022832 ], [ 115.485536431696517, 4.003644139751339 ], [ 115.497361872500164, 3.998854931898393 ], [ 115.50783150092559, 4.000758500703284 ], [ 115.51608096246531, 3.995662654324323 ], [ 115.504722694742256, 3.988295129314771 ], [ 115.503494773907335, 3.982462505348875 ], [ 115.5080994770383, 3.973713569400031 ], [ 115.50502967495099, 3.966499534494844 ], [ 115.50783150092559, 3.959831771402946 ], [ 115.516387942674044, 3.948080721970962 ], [ 115.511322769229977, 3.938871315709021 ], [ 115.508713437455768, 3.932424731325662 ], [ 115.519764724970074, 3.925057206316108 ] ] ] ] } },
{ "type": "Feature", "properties": { "Id": 584, "NEGERI": "SARAWAK", "KODPAR": "P. 221", "PARLIMEN": "LIMBANG", "KODDUN": "N. 79", "NAMADUN": "BUKIT KOTA", "KODUNIK": "P. 221_N. 79", "BILANGAN_P": 27953, "PERATUS_EQ": 112.49 }, "geometry": { "type": "MultiPolygon", "coordinates": [ [ [ [ 115.043164910252386, 4.618753517713221 ], [ 115.042695702671722, 4.617673356238868 ], [ 115.032700727281394, 4.594957503079115 ], [ 115.025987059225642, 4.577697130078977 ], [ 115.018619534216086, 4.581687872792485 ], [ 115.018423961246413, 4.590198581067455 ], [ 115.014628791502574, 4.597957823855253 ], [ 115.007875226910599, 4.595808962394131 ], [ 114.998358840439934, 4.59765084364652 ], [ 114.99037735501291, 4.60164158636003 ], [ 114.976870225828733, 4.606553269699733 ], [ 114.964591017479478, 4.607474210325927 ], [ 114.962268681508931, 4.61208962232115 ], [ 114.95275083748561, 4.636836016781672 ], [ 114.949548987251603, 4.648916538504673 ], [ 114.958451413304815, 4.665493469776171 ], [ 114.948321066416668, 4.669791192698411 ], [ 114.933892996606289, 4.673167974994457 ], [ 114.938190719528535, 4.69711243127551 ], [ 114.927753392431669, 4.691586787518344 ], [ 114.925297550761812, 4.68022851979528 ], [ 114.906571758029202, 4.664879509358707 ], [ 114.882934281956878, 4.691586787518344 ], [ 114.882934281956878, 4.700796193780287 ], [ 114.881706361121957, 4.710005600042231 ], [ 114.868813192355233, 4.71829406567798 ], [ 114.867278291311578, 4.726889511522461 ], [ 114.87375273209193, 4.728207319405612 ], [ 114.873110915277493, 4.741317581332839 ], [ 114.867585271520326, 4.746536244881273 ], [ 114.85714794442346, 4.748685106342394 ], [ 114.847017597535313, 4.742852482376496 ], [ 114.845482696491658, 4.72259178860022 ], [ 114.841223346092789, 4.727369168098464 ], [ 114.83412442876859, 4.732108175070896 ], [ 114.827677844385235, 4.727503471939924 ], [ 114.812635814157389, 4.725354610478804 ], [ 114.798821704764478, 4.722898768808952 ], [ 114.793910021424779, 4.729959313609776 ], [ 114.781813887977023, 4.719762128640582 ], [ 114.781233887120607, 4.728626742299014 ], [ 114.794933887804632, 4.736666557805847 ], [ 114.802486676574972, 4.738540963705304 ], [ 114.812672265746414, 4.743528618106268 ], [ 114.82586349029782, 4.746726313248189 ], [ 114.843689470149684, 4.782253742415492 ], [ 114.850819862090589, 4.794687912954203 ], [ 114.875063194329755, 4.806766803857158 ], [ 114.897167408807036, 4.818490207903267 ], [ 114.91784554507592, 4.812806524611631 ], [ 114.934245445821034, 4.818845884786413 ], [ 114.944227995076858, 4.813517325760415 ], [ 114.949932307910899, 4.817069847605296 ], [ 114.971382903695826, 4.811919032380445 ], [ 114.975126359554565, 4.819379226023898 ], [ 114.98035531358471, 4.834536164529766 ], [ 114.990408817171669, 4.855787600726728 ], [ 114.985952322657795, 4.870588381441905 ], [ 115.004966700867158, 4.890125197564259 ], [ 115.025019300000167, 4.896608200000117 ], [ 115.025347600000146, 4.88954 ], [ 115.025400500000273, 4.888574000000119 ], [ 115.022409700000253, 4.883391900000163 ], [ 115.0226394, 4.883127799999954 ], [ 115.020836800000097, 4.8793596000001 ], [ 115.019847200000072, 4.878514400000142 ], [ 115.019337300000075, 4.878238800000076 ], [ 115.018659300000081, 4.877417800000217 ], [ 115.017732300000148, 4.876254800000254 ], [ 115.016942700000186, 4.875023300000123 ], [ 115.016659400000322, 4.873107600000083 ], [ 115.016462000000161, 4.871405800000161 ], [ 115.016822500000103, 4.869909100000143 ], [ 115.017028500000151, 4.871097900000052 ], [ 115.017337500000167, 4.872500400000149 ], [ 115.017775200000301, 4.873355600000195 ], [ 115.01828160000025, 4.873860200000195 ], [ 115.0230881, 4.873295800000221 ], [ 115.024487200000181, 4.873518100000126 ], [ 115.025731700000279, 4.873543799999936 ], [ 115.027053500000079, 4.873757599999863 ], [ 115.028049200000055, 4.873629300000118 ], [ 115.028701500000352, 4.873483900000167 ], [ 115.029104900000334, 4.873158900000249 ], [ 115.024671900000158, 4.8537758 ], [ 115.02344, 4.852000800000212 ], [ 115.022135400000252, 4.849580500000172 ], [ 115.021920800000089, 4.847485200000165 ], [ 115.022650400000089, 4.845723400000225 ], [ 115.023036600000069, 4.843029400000091 ], [ 115.023676500000079, 4.841504100000179 ], [ 115.023852000000147, 4.840643300000181 ], [ 115.023774800000183, 4.840113000000201 ], [ 115.024856300000351, 4.839180800000179 ], [ 115.025439900000151, 4.838197300000161 ], [ 115.025611600000161, 4.837111099999959 ], [ 115.025199600000178, 4.835426300000165 ], [ 115.025800400000094, 4.8338526 ], [ 115.026186600000074, 4.833425000000148 ], [ 115.02611800000011, 4.831765800000198 ], [ 115.02560300000016, 4.829986800000256 ], [ 115.024787600000195, 4.829345400000136 ], [ 115.024104, 4.829031000000214 ], [ 115.023783400000184, 4.828883600000097 ], [ 115.022950800000217, 4.828875 ], [ 115.022195499999953, 4.827104600000155 ], [ 115.022023800000284, 4.825000700000146 ], [ 115.021339100000091, 4.823740499999985 ], [ 115.021452800000134, 4.822987100000205 ], [ 115.021780700000249, 4.822653600000137 ], [ 115.022251100000062, 4.822679599999958 ], [ 115.023686400000202, 4.82223990000017 ], [ 115.022335400000316, 4.821534700000086 ], [ 115.022466000000122, 4.821082700000204 ], [ 115.022547000000259, 4.820710800000143 ], [ 115.022732800000085, 4.819524400000205 ], [ 115.02232790000005, 4.818593600000099 ], [ 115.021450500000128, 4.817621900000177 ], [ 115.020762100000184, 4.817055200000198 ], [ 115.021198300000378, 4.816349600000251 ], [ 115.021176300000093, 4.81513770000015 ], [ 115.020783600000186, 4.814140000000236 ], [ 115.020766800000047, 4.812479600000131 ], [ 115.0213973, 4.812470900000108 ], [ 115.021577500000149, 4.811401800000112 ], [ 115.021567400000208, 4.810156400000096 ], [ 115.021940200000131, 4.809841100000142 ], [ 115.022169699999949, 4.809888000000115 ], [ 115.022927600000116, 4.810162400000252 ], [ 115.023412800000074, 4.809495500000139 ], [ 115.02316940000037, 4.809246300000154 ], [ 115.02295330000004, 4.807881000000123 ], [ 115.023283700000093, 4.807234099999903 ], [ 115.023613600000203, 4.806876700000203 ], [ 115.024464000000194, 4.8068588000001 ], [ 115.025465600000075, 4.807219500000144 ], [ 115.02649710000037, 4.806786100000124 ], [ 115.026916200000073, 4.807099700000151 ], [ 115.028401100000337, 4.807364900000096 ], [ 115.028751500000226, 4.807058500000153 ], [ 115.028438100000244, 4.806731300000251 ], [ 115.028065, 4.806493400000079 ], [ 115.027811300000053, 4.80572010000003 ], [ 115.027363600000172, 4.805155000000184 ], [ 115.025125000000344, 4.803861100000063 ], [ 115.024080300000264, 4.803162200000145 ], [ 115.023438600000077, 4.801987300000121 ], [ 115.022856500000103, 4.801199100000076 ], [ 115.021801600000344, 4.801009099999987 ], [ 115.021320300000184, 4.801206600000171 ], [ 115.020598299999961, 4.801728600000217 ], [ 115.020017800000232, 4.802165900000148 ], [ 115.019593100000066, 4.802292900000168 ], [ 115.018573800000127, 4.802264600000115 ], [ 115.018064200000254, 4.801813200000083 ], [ 115.018205800000374, 4.80106550000022 ], [ 115.018927800000029, 4.800966800000253 ], [ 115.01895610000031, 4.801361800000223 ], [ 115.0192839, 4.801486800000077 ], [ 115.019593100000066, 4.801404100000184 ], [ 115.019975400000021, 4.801093800000103 ], [ 115.020782300000064, 4.800585900000158 ], [ 115.021688300000392, 4.800402500000246 ], [ 115.022212100000388, 4.800388400000145 ], [ 115.023020700000188, 4.800767800000131 ], [ 115.023737, 4.801585800000112 ], [ 115.024722000000224, 4.802835 ], [ 115.025169800000185, 4.80280520000008 ], [ 115.02602040000022, 4.802180599999929 ], [ 115.027557600000364, 4.801556000000119 ], [ 115.028781400000184, 4.801184199999909 ], [ 115.03021410000008, 4.80133300000017 ], [ 115.030930400000216, 4.801927800000158 ], [ 115.031437800000276, 4.801675000000216 ], [ 115.031691500000306, 4.8007530000001 ], [ 115.032213900000329, 4.799057600000197 ], [ 115.032736200000386, 4.797659700000168 ], [ 115.032542200000194, 4.797228400000165 ], [ 115.031005000000164, 4.79639560000021 ], [ 115.0303782000002, 4.795235600000126 ], [ 115.031363199999987, 4.795860199999936 ], [ 115.03243770000006, 4.796202200000153 ], [ 115.034004800000389, 4.795696600000099 ], [ 115.036437400000068, 4.793793000000164 ], [ 115.038780400000292, 4.792677600000218 ], [ 115.040914600000065, 4.791710900000169 ], [ 115.04227270000024, 4.791264800000192 ], [ 115.044720200000256, 4.791235000000256 ], [ 115.046212600000104, 4.791651500000228 ], [ 115.047809500000199, 4.792038100000241 ], [ 115.049018300000057, 4.792870900000253 ], [ 115.050391300000115, 4.793971500000168 ], [ 115.050988300000313, 4.794060700000102 ], [ 115.051943400000141, 4.793584799999962 ], [ 115.053827400000387, 4.790608300000088 ], [ 115.032707885973196, 4.771353931315048 ], [ 115.034419180182795, 4.761311616941725 ], [ 115.023390841019136, 4.751647970346596 ], [ 115.033278317076793, 4.747100499232999 ], [ 115.026623284838251, 4.739710530690445 ], [ 115.036510761794716, 4.725499090883091 ], [ 115.047539100958375, 4.730425926479995 ], [ 115.036891049197038, 4.717351004482111 ], [ 115.028144435346576, 4.701622917949919 ], [ 115.043355937734418, 4.693474720473887 ], [ 115.034419180182795, 4.693474616169453 ], [ 115.039933349315334, 4.684947208434323 ], [ 115.044496800840079, 4.673766638402356 ], [ 115.041264356122269, 4.669028993713368 ], [ 115.04601795045005, 4.654437016277768 ], [ 115.052102551584994, 4.650646899835749 ], [ 115.041272279263239, 4.63509888787604 ], [ 115.046501233293156, 4.626570758802188 ], [ 115.043164910252386, 4.618753517713221 ] ] ] ] } },
{ "type": "Feature", "properties": { "Id": 586, "NEGERI": "SARAWAK", "KODPAR": "P. 222", "PARLIMEN": "LAWAS", "KODDUN": "N. 81", "NAMADUN": "BA'KELALAN", "KODUNIK": "P. 222_N. 81", "BILANGAN_P": 14584, "PERATUS_EQ": 58.69 }, "geometry": { "type": "MultiPolygon", "coordinates": [ [ [ [ 115.533644132838631, 4.926091802227938 ], [ 115.546778983335173, 4.929170282813067 ], [ 115.541483574734571, 4.940451805483935 ], [ 115.538030047386343, 4.946207684397644 ], [ 115.539871928638732, 4.949891446902416 ], [ 115.537799812229792, 4.956107796129221 ], [ 115.542864985673859, 4.957028736755414 ], [ 115.547469688804824, 4.952884503937544 ], [ 115.551613921622689, 4.955417090659576 ], [ 115.556448859910205, 4.954496150033383 ], [ 115.558290741162594, 4.955417090659576 ], [ 115.560823327884634, 4.960942734416736 ], [ 115.569111793520364, 4.963014850825671 ], [ 115.574867672434081, 4.965547437547702 ], [ 115.571874615398954, 4.967159083643541 ], [ 115.570262969303116, 4.969691670365572 ], [ 115.569572263833464, 4.972224257087604 ], [ 115.571183909929303, 4.973375432870346 ], [ 115.577630494312658, 4.973835903183442 ], [ 115.580623551347784, 4.974756843809636 ], [ 115.582235197443623, 4.977749900844763 ], [ 115.58315613806981, 4.978440606314408 ], [ 115.586296749530149, 4.99009344046898 ], [ 115.592684391936075, 4.993201081435487 ], [ 115.596249587906456, 4.991721331825913 ], [ 115.602043031582895, 4.986838063346494 ], [ 115.605608227553262, 4.982546657174349 ], [ 115.60976762315147, 4.979439088834981 ], [ 115.612590069587071, 4.976479473127664 ], [ 115.620611760071228, 4.972336034305458 ], [ 115.621057409792144, 4.969080388989416 ], [ 115.623731306320749, 4.961681153294099 ], [ 115.626405203747666, 4.952801955084443 ], [ 115.625365355297291, 4.94407058181305 ], [ 115.623879856227688, 4.938150930632014 ], [ 115.624771155669436, 4.934155158016841 ], [ 115.625469352359403, 4.928242736351504 ], [ 115.631835105516842, 4.930455106012432 ], [ 115.641817653874583, 4.918023672027686 ], [ 115.652513241785684, 4.897067223056134 ], [ 115.650374124023799, 4.885345433552862 ], [ 115.648591526038615, 4.866874333352709 ], [ 115.650730643800458, 4.857993848904196 ], [ 115.662139270366708, 4.834548865551771 ], [ 115.663208828798503, 4.826023178043676 ], [ 115.667487064322287, 4.802576992597251 ], [ 115.665347946560374, 4.791564059555715 ], [ 115.661426230813333, 4.774156148136309 ], [ 115.657147996187859, 4.770248147815638 ], [ 115.649661084470424, 4.766340087805205 ], [ 115.640748094544492, 4.763853079405628 ], [ 115.634330742157147, 4.756747517421931 ], [ 115.630409026410078, 4.738272853961562 ], [ 115.622922115590953, 4.727969396648215 ], [ 115.616504762305269, 4.721574049397971 ], [ 115.613652605888305, 4.714823385206123 ], [ 115.613296086111646, 4.695637015456999 ], [ 115.606878733724301, 4.67751599342755 ], [ 115.597609224021681, 4.660105115648337 ], [ 115.587983195440628, 4.651221788917348 ], [ 115.574078931335848, 4.639495609828261 ], [ 115.561600745439577, 4.621373049662772 ], [ 115.558392069245883, 4.619596279411051 ], [ 115.558196403600604, 4.613659141530619 ], [ 115.553977588937926, 4.600143817616323 ], [ 115.558255823563371, 4.586877087995641 ], [ 115.56918909132564, 4.573136359015163 ], [ 115.577270201772578, 4.567450502724516 ], [ 115.577745561474899, 4.555130793427698 ], [ 115.574893404159596, 4.542810831569826 ], [ 115.591055625951839, 4.516748931075376 ], [ 115.586302031624115, 4.500163413953168 ], [ 115.57489340415961, 4.492581228517449 ], [ 115.564910855801912, 4.484525093139889 ], [ 115.57061516953415, 4.475521267862727 ], [ 115.576319483266417, 4.464621736465239 ], [ 115.588678828338828, 4.448509130621192 ], [ 115.597235298488044, 4.426235135697833 ], [ 115.599612096101097, 4.412491233728602 ], [ 115.598661377594865, 4.397325208087969 ], [ 115.592481704160321, 4.381684855419544 ], [ 115.59200634535641, 4.371257812001453 ], [ 115.614823598488812, 4.355380260112412 ], [ 115.61529895819109, 4.344952858075623 ], [ 115.623855428340349, 4.349218733935048 ], [ 115.631461179983319, 4.35443251550419 ], [ 115.639542290430313, 4.351114809480884 ], [ 115.664260982371744, 4.333103925054179 ], [ 115.668539216997218, 4.317936334053929 ], [ 115.669014576699468, 4.303716397279724 ], [ 115.667588498491043, 4.280489896957755 ], [ 115.645721962966519, 4.243989439785524 ], [ 115.64524660416258, 4.232612389066733 ], [ 115.646197322668797, 4.199428387144438 ], [ 115.638116212221831, 4.180939435215351 ], [ 115.639066930728077, 4.16766512258453 ], [ 115.654278433115792, 4.151072077187174 ], [ 115.649524838788068, 4.133530228094622 ], [ 115.651049676004291, 4.129906491255044 ], [ 115.654001140255559, 4.123692481801443 ], [ 115.67111408055402, 4.124403851120646 ], [ 115.679129790448314, 4.110553979949026 ], [ 115.679670550703236, 4.108758054418818 ], [ 115.682522708018539, 4.08102141609322 ], [ 115.653290430817492, 4.038463538945848 ], [ 115.647579724403386, 3.995633240840903 ], [ 115.634730634972016, 3.961369002356889 ], [ 115.620453868937034, 3.941381529907858 ], [ 115.589044983660074, 3.949947589528904 ], [ 115.577623570832088, 3.939953853304416 ], [ 115.565727752965927, 3.912797758854197 ], [ 115.548006904173363, 3.932117751116929 ], [ 115.519764724970074, 3.925057206316108 ], [ 115.508713437455768, 3.932424731325662 ], [ 115.511322769229977, 3.938871315709021 ], [ 115.516387942674044, 3.948080721970962 ], [ 115.50783150092559, 3.959831771402946 ], [ 115.50502967495099, 3.966499534494844 ], [ 115.5080994770383, 3.973713569400031 ], [ 115.503494773907335, 3.982462505348875 ], [ 115.504722694742256, 3.988295129314771 ], [ 115.51608096246531, 3.995662654324323 ], [ 115.50783150092559, 4.000758500703284 ], [ 115.497361872500164, 3.998854931898393 ], [ 115.485536431696517, 4.003644139751339 ], [ 115.485229451487783, 4.020221071022832 ], [ 115.490294624931849, 4.032653769476452 ], [ 115.499657521298147, 4.036491022085595 ], [ 115.494592347854081, 4.042937606468953 ], [ 115.496741209315203, 4.053988893983282 ], [ 115.503648264011659, 4.065654141915073 ], [ 115.510708808812481, 4.075170528385746 ], [ 115.502120794511825, 4.094985156534051 ], [ 115.495458303695386, 4.10640656936198 ], [ 115.487844028476843, 4.114972628983082 ], [ 115.481181537660405, 4.123538688604015 ], [ 115.481852669191753, 4.130887436270487 ], [ 115.477374400050962, 4.136863670236551 ], [ 115.468808340430201, 4.145429729857653 ], [ 115.459290496406879, 4.164465417904296 ], [ 115.444061945969338, 4.180645752743942 ], [ 115.429785179934356, 4.184452890353157 ], [ 115.418363767106371, 4.186356459157992 ], [ 115.405038785473835, 4.177790399536889 ], [ 115.388858450634075, 4.186356459157992 ], [ 115.378388822208649, 4.190163596767263 ], [ 115.367919193782768, 4.181597537146331 ], [ 115.359353134162006, 4.185404674755603 ], [ 115.347931721333907, 4.19777787198592 ], [ 115.340317446115364, 4.201585009595192 ], [ 115.327944248884819, 4.213958206825566 ], [ 115.314619267252283, 4.221572482044223 ], [ 115.30605320763118, 4.232993894872209 ], [ 115.288251652813074, 4.238296763363337 ], [ 115.291103810128334, 4.256784269388447 ], [ 115.306790672218312, 4.268161136594244 ], [ 115.31106890684373, 4.279537698418039 ], [ 115.324698819172454, 4.293768948159993 ], [ 115.340541193112927, 4.311770562606512 ], [ 115.355277335798405, 4.330730393555712 ], [ 115.33911511490453, 4.355851011038055 ], [ 115.332460082665989, 4.367700074863819 ], [ 115.32556737057655, 4.384122591761297 ], [ 115.31487178266525, 4.38732163232919 ], [ 115.299184920575385, 4.395141570012356 ], [ 115.290628450426084, 4.40864875786059 ], [ 115.284211098038668, 4.419667601685489 ], [ 115.270663352812335, 4.43424059714016 ], [ 115.268167716172115, 4.44881342975475 ], [ 115.270663352812335, 4.464096878081023 ], [ 115.269237274603938, 4.492530272166448 ], [ 115.268167716172115, 4.507101946309149 ], [ 115.262106882663034, 4.533756635097745 ], [ 115.263532961769897, 4.546550581709369 ], [ 115.267098156841939, 4.55756743535369 ], [ 115.281002420946834, 4.578534605062544 ], [ 115.281715460500095, 4.588840201685912 ], [ 115.284567616917229, 4.607674196950427 ], [ 115.284211098038668, 4.620111437910225 ], [ 115.276367666544502, 4.632548370644031 ], [ 115.264959039978294, 4.640365681794947 ], [ 115.24855913833494, 4.644984847147612 ], [ 115.2514112956502, 4.654578834461688 ], [ 115.257472128260929, 4.662040776068523 ], [ 115.262106882663034, 4.675543061163353 ], [ 115.252115880260249, 4.687568398435587 ], [ 115.241420293247415, 4.693963862988937 ], [ 115.237855097277134, 4.701306832572243 ], [ 115.253066599664749, 4.717413985298322 ], [ 115.254017318171009, 4.725704203618477 ], [ 115.24118261339629, 4.736362744437145 ], [ 115.227397189217072, 4.754363549386198 ], [ 115.234814379091972, 4.769861186972207 ], [ 115.237836539199407, 4.790563573668692 ], [ 115.232125832785528, 4.807695692910727 ], [ 115.232405687082633, 4.807863605488876 ], [ 115.239264215802905, 4.811978722721108 ], [ 115.254380334521954, 4.817141692889507 ], [ 115.268040953810512, 4.813304440280364 ], [ 115.26543162203312, 4.810714294768953 ], [ 115.266122327502771, 4.808296825625196 ], [ 115.262899035311094, 4.804382827963875 ], [ 115.262323447419718, 4.800353712724279 ], [ 115.266582797815872, 4.799202536941537 ], [ 115.267388620863784, 4.795173421701941 ], [ 115.262899035311094, 4.790568718570975 ], [ 115.264395563828657, 4.787575661535846 ], [ 115.270266560320636, 4.788381484583765 ], [ 115.270266560320636, 4.782050017778687 ], [ 115.273720087672032, 4.782299439198487 ], [ 115.280857377521869, 4.794252481075748 ], [ 115.289721431048974, 4.800238595146005 ], [ 115.296052897854054, 4.819808583452613 ], [ 115.311824006077615, 4.82199581743982 ], [ 115.332063195030287, 4.837676901584018 ], [ 115.343711575259562, 4.841105335433332 ], [ 115.346934867451239, 4.845594920986025 ], [ 115.353381451834593, 4.846746096768766 ], [ 115.354993097930432, 4.847551919816685 ], [ 115.363051328409625, 4.844213510046735 ], [ 115.363281563566161, 4.849278683490798 ], [ 115.372038139928122, 4.850525991015672 ], [ 115.371339794045355, 4.838918101446122 ], [ 115.37346581653162, 4.830538518566527 ], [ 115.367886266697127, 4.825794697522867 ], [ 115.378477083898346, 4.813592234225806 ], [ 115.383459552756108, 4.816261752531545 ], [ 115.388607430786479, 4.817736467043676 ], [ 115.403342480805577, 4.813361999069258 ], [ 115.403447025205196, 4.817689429134987 ], [ 115.404493656588315, 4.821189994391901 ], [ 115.416465884728822, 4.819808583452611 ], [ 115.420579144447288, 4.816261752531659 ], [ 115.426596231616955, 4.808066590468646 ], [ 115.436266108191987, 4.811750352973418 ], [ 115.44179175194914, 4.816355056104385 ], [ 115.448698806645595, 4.820269053765706 ], [ 115.45284303946346, 4.824873756896674 ], [ 115.453303509776561, 4.828787754557995 ], [ 115.464585032447431, 4.829708695184188 ], [ 115.462973386351578, 4.842832099107444 ], [ 115.459519859003365, 4.84605539129912 ], [ 115.460671034786102, 4.852732210839021 ], [ 115.454224450402748, 4.859409030378923 ], [ 115.459059388690264, 4.8626323225706 ], [ 115.459289623846814, 4.872302199145629 ], [ 115.46159197541229, 4.877367372589693 ], [ 115.463664091821229, 4.894865244487366 ], [ 115.477247966057575, 4.91213288122849 ], [ 115.499120305929665, 4.914665467950523 ], [ 115.504645949686832, 4.916967819516006 ], [ 115.507178536408858, 4.912823586698136 ], [ 115.517078648140441, 4.916967819516006 ], [ 115.533195109098827, 4.917428289829103 ], [ 115.533644132838631, 4.926091802227938 ] ] ] ] } },
{ "type": "Feature", "properties": { "Id": 587, "NEGERI": "SARAWAK", "KODPAR": "P. 222", "PARLIMEN": "LAWAS", "KODDUN": "N. 82", "NAMADUN": "BUKIT SARI", "KODUNIK": "P. 222_N. 82", "BILANGAN_P": 20704, "PERATUS_EQ": 83.32 }, "geometry": { "type": "MultiPolygon", "coordinates": [ [ [ [ 115.58315613806981, 4.978440606314408 ], [ 115.582235197443623, 4.977749900844763 ], [ 115.580623551347784, 4.974756843809636 ], [ 115.577630494312658, 4.973835903183442 ], [ 115.571183909929303, 4.973375432870346 ], [ 115.569572263833464, 4.972224257087604 ], [ 115.570262969303116, 4.969691670365572 ], [ 115.571874615398954, 4.967159083643541 ], [ 115.574867672434081, 4.965547437547702 ], [ 115.569111793520364, 4.963014850825671 ], [ 115.560823327884634, 4.960942734416736 ], [ 115.558290741162594, 4.955417090659576 ], [ 115.556448859910205, 4.954496150033383 ], [ 115.551613921622689, 4.955417090659576 ], [ 115.547469688804824, 4.952884503937544 ], [ 115.542864985673859, 4.957028736755414 ], [ 115.537799812229792, 4.956107796129221 ], [ 115.539871928638732, 4.949891446902416 ], [ 115.538030047386343, 4.946207684397644 ], [ 115.541483574734571, 4.940451805483935 ], [ 115.546778983335173, 4.929170282813067 ], [ 115.533644132838631, 4.926091802227938 ], [ 115.533195109098827, 4.917428289829103 ], [ 115.517078648140441, 4.916967819516006 ], [ 115.507178536408858, 4.912823586698136 ], [ 115.504645949686832, 4.916967819516006 ], [ 115.499120305929665, 4.914665467950523 ], [ 115.477247966057575, 4.91213288122849 ], [ 115.463664091821229, 4.894865244487366 ], [ 115.46159197541229, 4.877367372589693 ], [ 115.459289623846814, 4.872302199145629 ], [ 115.459059388690264, 4.8626323225706 ], [ 115.454224450402748, 4.859409030378923 ], [ 115.460671034786102, 4.852732210839021 ], [ 115.459519859003365, 4.84605539129912 ], [ 115.462973386351578, 4.842832099107444 ], [ 115.464585032447431, 4.829708695184188 ], [ 115.453303509776561, 4.828787754557995 ], [ 115.45284303946346, 4.824873756896674 ], [ 115.448698806645595, 4.820269053765706 ], [ 115.44179175194914, 4.816355056104385 ], [ 115.436266108191987, 4.811750352973418 ], [ 115.426596231616955, 4.808066590468646 ], [ 115.420579144447288, 4.816261752531659 ], [ 115.416465884728822, 4.819808583452611 ], [ 115.404493656588315, 4.821189994391901 ], [ 115.403447025205196, 4.817689429134987 ], [ 115.403342480805577, 4.813361999069258 ], [ 115.388607430786479, 4.817736467043676 ], [ 115.383459552756108, 4.816261752531545 ], [ 115.378477083898346, 4.813592234225806 ], [ 115.367886266697127, 4.825794697522867 ], [ 115.37346581653162, 4.830538518566527 ], [ 115.371339794045355, 4.838918101446122 ], [ 115.372038139928122, 4.850525991015672 ], [ 115.363281563566161, 4.849278683490798 ], [ 115.363051328409625, 4.844213510046735 ], [ 115.354993097930432, 4.847551919816685 ], [ 115.353381451834593, 4.846746096768766 ], [ 115.346934867451239, 4.845594920986025 ], [ 115.343711575259562, 4.841105335433332 ], [ 115.332063195030287, 4.837676901584018 ], [ 115.311824006077615, 4.82199581743982 ], [ 115.296052897854054, 4.819808583452613 ], [ 115.289721431048974, 4.800238595146005 ], [ 115.280857377521869, 4.794252481075748 ], [ 115.273720087672032, 4.782299439198487 ], [ 115.270266560320636, 4.782050017778687 ], [ 115.270266560320636, 4.788381484583765 ], [ 115.264395563828657, 4.787575661535846 ], [ 115.262899035311094, 4.790568718570975 ], [ 115.267388620863784, 4.795173421701941 ], [ 115.266582797815872, 4.799202536941537 ], [ 115.262323447419718, 4.800353712724279 ], [ 115.262899035311094, 4.804382827963875 ], [ 115.266122327502771, 4.808296825625196 ], [ 115.26543162203312, 4.810714294768953 ], [ 115.268040953810512, 4.813304440280364 ], [ 115.254380334521954, 4.817141692889507 ], [ 115.239264215802905, 4.811978722721108 ], [ 115.232405687082633, 4.807863605488876 ], [ 115.207332660677707, 4.827441658242094 ], [ 115.196637072766521, 4.83425024736357 ], [ 115.183416137335485, 4.850235495497998 ], [ 115.184795003685963, 4.86632524881702 ], [ 115.170296539953142, 4.869877254036055 ], [ 115.152945919803756, 4.869166617492851 ], [ 115.151044481892995, 4.879112590887189 ], [ 115.156035756071674, 4.89687298412133 ], [ 115.153896639208142, 4.908712916714819 ], [ 115.162690789208682, 4.914869713954317 ], [ 115.182655885923964, 4.926946371180748 ], [ 115.198342748013943, 4.925052227464164 ], [ 115.194064512490058, 4.945179115029646 ], [ 115.18717180040062, 4.956307781586474 ], [ 115.195490591596808, 4.96601577917346 ], [ 115.220684642342349, 4.966016073104925 ], [ 115.236656720433416, 4.953609063696263 ], [ 115.245399302644842, 4.926172891853923 ], [ 115.250218306901616, 4.921071888596089 ], [ 115.274313327287473, 4.914920837209081 ], [ 115.295396469900538, 4.910270039261263 ], [ 115.310606451440322, 4.898867514831693 ], [ 115.323949885635102, 4.892325217416442 ], [ 115.365647657219597, 4.901617974807778 ], [ 115.382664764345236, 4.910920353007214 ], [ 115.391399209617134, 4.925173538827266 ], [ 115.387634362176414, 4.945727396429845 ], [ 115.404199688579297, 4.949328206738073 ], [ 115.407060972777842, 4.954279057775331 ], [ 115.40931988088289, 4.961330180789064 ], [ 115.408717504789308, 4.966280898788335 ], [ 115.409169286410332, 4.970781530676927 ], [ 115.412632945804134, 4.975132147203928 ], [ 115.418807294923965, 4.979782803194007 ], [ 115.424379267950229, 4.977832626542667 ], [ 115.431306586737847, 4.978732818997035 ], [ 115.437330341385163, 4.980683128259771 ], [ 115.440492812732202, 4.980683165154562 ], [ 115.445763598610014, 4.983833597880883 ], [ 115.451937947729846, 4.986533976472881 ], [ 115.45404626136235, 4.984583780334066 ], [ 115.451335571636307, 4.978883071595487 ], [ 115.45073319644105, 4.976107716810382 ], [ 115.452066696073004, 4.973245694514471 ], [ 115.457390721504453, 4.969078526662249 ], [ 115.464806329446219, 4.967184409672662 ], [ 115.47735581911823, 4.963585552032145 ], [ 115.48990530789186, 4.96320685537802 ], [ 115.504736522877067, 4.961312807152153 ], [ 115.513210233035835, 4.963159725313071 ], [ 115.52093482460441, 4.966119524806692 ], [ 115.530590563166797, 4.970263208080212 ], [ 115.536086907029343, 4.973222950567989 ], [ 115.544702797141355, 4.975738766212912 ], [ 115.551536089268168, 4.979290427229889 ], [ 115.561191828728909, 4.983138064859039 ], [ 115.569362069120018, 4.987133643144917 ], [ 115.572927265090385, 4.992312976445809 ], [ 115.57723520969725, 4.993792817459155 ], [ 115.579711006876252, 4.99109324437284 ], [ 115.580503305853696, 4.990093372881073 ], [ 115.586296749530149, 4.99009344046898 ], [ 115.58315613806981, 4.978440606314408 ] ] ] ] } },
{ "type": "Feature", "properties": { "Id": 522, "NEGERI": "SARAWAK", "KODPAR": "P. 197", "PARLIMEN": "KOTA SAMARAHAN", "KODDUN": "N. 17", "NAMADUN": "STAKAN", "KODUNIK": "P. 197_N. 17", "BILANGAN_P": 35704, "PERATUS_EQ": 143.68 }, "geometry": { "type": "MultiPolygon", "coordinates": [ [ [ [ 110.392309762773763, 1.505136445303813 ], [ 110.399152573833149, 1.510235766859544 ], [ 110.415888130778939, 1.528000756688433 ], [ 110.425376432824294, 1.527665109427687 ], [ 110.439446209546475, 1.521699701542332 ], [ 110.445156915960581, 1.515988995128282 ], [ 110.44039799394892, 1.505519366702742 ], [ 110.447060484765188, 1.495049738277032 ], [ 110.434687287534814, 1.488387247460707 ], [ 110.427073012316328, 1.484580109851322 ], [ 110.423265874706885, 1.475062265828001 ], [ 110.418506952695225, 1.460785499793019 ], [ 110.416603383890617, 1.451267655769698 ], [ 110.411844461878957, 1.440798027344101 ], [ 110.400423049050971, 1.437942674137105 ], [ 110.405181971062632, 1.413196279676413 ], [ 110.39324974347744, 1.3990354132211 ], [ 110.381828330649341, 1.397607736617715 ], [ 110.376117624235462, 1.406173796238591 ], [ 110.358985504993427, 1.390469353600224 ], [ 110.338998032544396, 1.391897030203609 ], [ 110.333287326130517, 1.38047561737568 ], [ 110.32757661971641, 1.383330970582733 ], [ 110.31472753028504, 1.387614000393171 ], [ 110.321424943657405, 1.396064160434548 ], [ 110.31476245284108, 1.40558200445787 ], [ 110.312858884036473, 1.417003417285798 ], [ 110.322376728059794, 1.421762339297459 ], [ 110.332846356485334, 1.40558200445787 ], [ 110.343315984911044, 1.406533788860088 ], [ 110.343315984911044, 1.421762339297459 ], [ 110.337605278496994, 1.428424830113784 ], [ 110.329039218876062, 1.448412302562815 ], [ 110.315714237243299, 1.449364086965033 ], [ 110.308099962024812, 1.459833715390744 ], [ 110.319521374852741, 1.464592637402404 ], [ 110.329062860300226, 1.458707511979403 ], [ 110.335701709692387, 1.455074793379083 ], [ 110.348270604235907, 1.44956880310906 ], [ 110.357592750946026, 1.464592637402404 ], [ 110.369014163774011, 1.469351559414065 ], [ 110.385712596569618, 1.477657492207952 ], [ 110.386173066882719, 1.486406428156789 ], [ 110.392159180952973, 1.491932071913949 ], [ 110.396994119240489, 1.498839126610398 ], [ 110.392309762773763, 1.505136445303813 ] ] ] ] } },
{ "type": "Feature", "properties": { "Id": 520, "NEGERI": "SARAWAK", "KODPAR": "P. 197", "PARLIMEN": "KOTA SAMARAHAN", "KODDUN": "N. 15", "NAMADUN": "ASAJAYA", "KODUNIK": "P. 197_N. 15", "BILANGAN_P": 19330, "PERATUS_EQ": 77.79 }, "geometry": { "type": "MultiPolygon", "coordinates": [ [ [ [ 110.471444160490833, 1.545608678673639 ], [ 110.475694348556218, 1.547278395413615 ], [ 110.479337366898008, 1.552287545633546 ], [ 110.485338850171274, 1.570495407532633 ], [ 110.495808478596985, 1.574302545142075 ], [ 110.499615616206256, 1.578109682751347 ], [ 110.500254586952849, 1.587518034407621 ], [ 110.499070382915917, 1.599039614352889 ], [ 110.503624155843127, 1.608147160207307 ], [ 110.516747735448291, 1.61713284324702 ], [ 110.520996659835021, 1.609036764162909 ], [ 110.530747976448765, 1.585590268003727 ], [ 110.542640103250278, 1.585817640124674 ], [ 110.565833188141482, 1.59533775427218 ], [ 110.584015686871567, 1.592467912948337 ], [ 110.597563431199717, 1.602019065324896 ], [ 110.605121646692851, 1.598597907042176 ], [ 110.617290848962398, 1.595452398919406 ], [ 110.633714232697145, 1.590779699122873 ], [ 110.636477054575735, 1.584333114739514 ], [ 110.643230619167824, 1.589858758496679 ], [ 110.645379480628947, 1.580649352234738 ], [ 110.652747005638489, 1.58233774338276 ], [ 110.670244877536177, 1.574049277747013 ], [ 110.654895867099597, 1.542276826143317 ], [ 110.652133045221007, 1.5293836573766 ], [ 110.651212104594819, 1.513420686522569 ], [ 110.649800266806508, 1.503410382881504 ], [ 110.636746117748515, 1.501285288848806 ], [ 110.635531778301257, 1.488838309514436 ], [ 110.638567626919397, 1.471533972391042 ], [ 110.628832468210987, 1.46129559674614 ], [ 110.593149971823493, 1.462182689552435 ], [ 110.557467475435772, 1.463069782358559 ], [ 110.545094278205454, 1.46782870437022 ], [ 110.524116134015571, 1.467587369187462 ], [ 110.516217557806854, 1.477005159264425 ], [ 110.506071117709723, 1.492575098830969 ], [ 110.496553273686402, 1.499237589647237 ], [ 110.496877804656819, 1.508931100972459 ], [ 110.516831518224336, 1.506475259302611 ], [ 110.52225145254954, 1.517321493291661 ], [ 110.512226815093371, 1.52028936869551 ], [ 110.49810572549174, 1.520596348904241 ], [ 110.508159327326069, 1.544272197500075 ], [ 110.502263980100508, 1.547778594166232 ], [ 110.494649704881795, 1.546826809763843 ], [ 110.491889376263302, 1.533527890194477 ], [ 110.486363732506149, 1.525546404767462 ], [ 110.47751758563976, 1.528742906119589 ], [ 110.473554744189173, 1.530646474924254 ], [ 110.471858917645207, 1.537940730697549 ], [ 110.471444160490833, 1.545608678673639 ] ] ] ] } },
{ "type": "Feature", "properties": { "Id": 521, "NEGERI": "SARAWAK", "KODPAR": "P. 197", "PARLIMEN": "KOTA SAMARAHAN", "KODDUN": "N. 16", "NAMADUN": "MUARA TUANG", "KODUNIK": "P. 197_N. 16", "BILANGAN_P": 34276, "PERATUS_EQ": 137.94 }, "geometry": { "type": "MultiPolygon", "coordinates": [ [ [ [ 110.425376432824294, 1.527665109427687 ], [ 110.429549449560568, 1.531643775030199 ], [ 110.423663024874429, 1.551294369777352 ], [ 110.424276985291883, 1.560810756248016 ], [ 110.429495648840316, 1.562499147396037 ], [ 110.434867802493116, 1.558354914578167 ], [ 110.439871334862246, 1.54560867867364 ], [ 110.449171042882597, 1.54670079747433 ], [ 110.456785318101311, 1.548604366279164 ], [ 110.464393614051289, 1.549079884776092 ], [ 110.471444160490833, 1.545608678673639 ], [ 110.471858917645207, 1.537940730697549 ], [ 110.473554744189173, 1.530646474924254 ], [ 110.47751758563976, 1.528742906119589 ], [ 110.486363732506149, 1.525546404767462 ], [ 110.491889376263302, 1.533527890194477 ], [ 110.494649704881795, 1.546826809763843 ], [ 110.502263980100508, 1.547778594166232 ], [ 110.508159327326069, 1.544272197500075 ], [ 110.49810572549174, 1.520596348904241 ], [ 110.512226815093371, 1.52028936869551 ], [ 110.52225145254954, 1.517321493291661 ], [ 110.516831518224336, 1.506475259302611 ], [ 110.496877804656819, 1.508931100972459 ], [ 110.496553273686402, 1.499237589647237 ], [ 110.506071117709723, 1.492575098830969 ], [ 110.516217557806854, 1.477005159264425 ], [ 110.524116134015571, 1.467587369187462 ], [ 110.545094278205454, 1.46782870437022 ], [ 110.557467475435772, 1.463069782358559 ], [ 110.593149971823493, 1.462182689552435 ], [ 110.628832468210987, 1.46129559674614 ], [ 110.623121761796881, 1.451301860521596 ], [ 110.620266408590055, 1.441308124297052 ], [ 110.621694085193496, 1.42703135826207 ], [ 110.622125729819075, 1.411925355013434 ], [ 110.610272672365511, 1.404188532606213 ], [ 110.603351782948991, 1.40474530279198 ], [ 110.585136691240166, 1.410513415166444 ], [ 110.568870050864007, 1.412754592227088 ], [ 110.565100090360446, 1.409299075719188 ], [ 110.56195760890779, 1.403636889377692 ], [ 110.553165608225584, 1.389911766571231 ], [ 110.551520281810923, 1.377543571635548 ], [ 110.550528016993368, 1.365886440479798 ], [ 110.542634810586208, 1.359207573519892 ], [ 110.562671411465928, 1.340688896949243 ], [ 110.567225184393138, 1.319437956622268 ], [ 110.572439242372923, 1.318527936396322 ], [ 110.590904803614634, 1.32186663551678 ], [ 110.595458576541844, 1.295758337400783 ], [ 110.581433604974848, 1.276459065813071 ], [ 110.578620878362528, 1.26969758705568 ], [ 110.585527933058984, 1.263251002672327 ], [ 110.565267239282718, 1.258876534697908 ], [ 110.561813711934505, 1.254732301880038 ], [ 110.535797139244536, 1.256574183132425 ], [ 110.527181894041973, 1.248857318145554 ], [ 110.518299267346862, 1.249667128435975 ], [ 110.510151230372088, 1.234130610452555 ], [ 110.496489911590459, 1.242934571445159 ], [ 110.468256519441766, 1.267524945252086 ], [ 110.466131425409074, 1.279364754862829 ], [ 110.463095576790934, 1.285740036960921 ], [ 110.443933311781763, 1.293642043336706 ], [ 110.457934634140116, 1.310026825906035 ], [ 110.461274067620067, 1.316402108004127 ], [ 110.464613501100018, 1.322777390102219 ], [ 110.471216177832744, 1.333933195732663 ], [ 110.463647197060013, 1.340130358693717 ], [ 110.46426115747748, 1.347804863912001 ], [ 110.465827840547277, 1.363761346447099 ], [ 110.451784484220809, 1.374764910961801 ], [ 110.444646101203318, 1.379047940772239 ], [ 110.434652364978774, 1.371909557754748 ], [ 110.426086305357899, 1.370481881151136 ], [ 110.429245864698686, 1.379547759261422 ], [ 110.414664892529913, 1.384758647186118 ], [ 110.409512848680791, 1.387592758099491 ], [ 110.39324974347744, 1.3990354132211 ], [ 110.405181971062632, 1.413196279676413 ], [ 110.400423049050971, 1.437942674137105 ], [ 110.411844461878957, 1.440798027344101 ], [ 110.416603383890617, 1.451267655769698 ], [ 110.418506952695225, 1.460785499793019 ], [ 110.423265874706885, 1.475062265828001 ], [ 110.427073012316328, 1.484580109851322 ], [ 110.434687287534814, 1.488387247460707 ], [ 110.447060484765188, 1.495049738277032 ], [ 110.44039799394892, 1.505519366702742 ], [ 110.445156915960581, 1.515988995128282 ], [ 110.439446209546475, 1.521699701542332 ], [ 110.425376432824294, 1.527665109427687 ] ] ] ] } },
{ "type": "Feature", "properties": { "Id": 518, "NEGERI": "SARAWAK", "KODPAR": "P. 196", "PARLIMEN": "STAMPIN", "KODDUN": "N. 13", "NAMADUN": "BATU KITANG", "KODUNIK": "P. 196_N. 13", "BILANGAN_P": 39386, "PERATUS_EQ": 158.5 }, "geometry": { "type": "MultiPolygon", "coordinates": [ [ [ [ 110.267614202369487, 1.403889513672993 ], [ 110.272858997333557, 1.42577783692977 ], [ 110.277770680673257, 1.429461599434546 ], [ 110.2659551571507, 1.449524069909532 ], [ 110.26443723284163, 1.452711710958578 ], [ 110.276580627314189, 1.455899352007624 ], [ 110.277794966761434, 1.4640961432766 ], [ 110.274534352327805, 1.471099828730416 ], [ 110.281703621857304, 1.482500975524069 ], [ 110.281617526415232, 1.479959843773438 ], [ 110.284495465872098, 1.479844726195164 ], [ 110.286452464702748, 1.482607548073744 ], [ 110.290481579942352, 1.482147077760648 ], [ 110.2893304041596, 1.474088847281456 ], [ 110.292783931507827, 1.474664435172827 ], [ 110.292860365528938, 1.4815522728309 ], [ 110.29635257643433, 1.483068018386841 ], [ 110.293570040374448, 1.487280163570063 ], [ 110.294395577603666, 1.493313482853242 ], [ 110.300727044408674, 1.494464658635984 ], [ 110.309360862779229, 1.494004188322888 ], [ 110.311548096766444, 1.494119305901162 ], [ 110.314195801066745, 1.494810011370807 ], [ 110.317188858101872, 1.495961187153549 ], [ 110.322123572444411, 1.498701576397991 ], [ 110.321928616047614, 1.5055354769142 ], [ 110.304927863786062, 1.507736467162351 ], [ 110.303941212985166, 1.509785664979595 ], [ 110.316728387788842, 1.51484046999051 ], [ 110.320872620606721, 1.508163650450609 ], [ 110.327549440146626, 1.512423000846753 ], [ 110.326628499520439, 1.517948644603912 ], [ 110.336348896983708, 1.524813115639386 ], [ 110.342111044893272, 1.521544402054076 ], [ 110.350162008196236, 1.522232644313967 ], [ 110.345001065545461, 1.51555377735406 ], [ 110.345608235269097, 1.510165146056863 ], [ 110.339688330463716, 1.505914957991468 ], [ 110.339688330463716, 1.517830663817664 ], [ 110.336424793199228, 1.521170097297617 ], [ 110.336273000768287, 1.503486279096956 ], [ 110.334147906735595, 1.499843260755189 ], [ 110.336348896983736, 1.49680741213705 ], [ 110.336652481845547, 1.488914205729888 ], [ 110.333616633227436, 1.483677366863598 ], [ 110.328683379222952, 1.483525574432691 ], [ 110.327089558698432, 1.474721613440088 ], [ 110.328815733507568, 1.468102733211201 ], [ 110.329062860300226, 1.458707511979403 ], [ 110.319521374852741, 1.464592637402404 ], [ 110.308099962024812, 1.459833715390744 ], [ 110.315714237243299, 1.449364086965033 ], [ 110.329039218876062, 1.448412302562815 ], [ 110.337605278496994, 1.428424830113784 ], [ 110.343315984911044, 1.421762339297459 ], [ 110.343315984911044, 1.406533788860088 ], [ 110.332846356485334, 1.40558200445787 ], [ 110.322376728059794, 1.421762339297459 ], [ 110.312858884036473, 1.417003417285798 ], [ 110.31476245284108, 1.40558200445787 ], [ 110.321424943657405, 1.396064160434548 ], [ 110.31472753028504, 1.387614000393171 ], [ 110.299023087646447, 1.384758647186118 ], [ 110.278691621299458, 1.392316994178051 ], [ 110.267614202369487, 1.403889513672993 ] ] ] ] } },
{ "type": "Feature", "properties": { "Id": 517, "NEGERI": "SARAWAK", "KODPAR": "P. 196", "PARLIMEN": "STAMPIN", "KODDUN": "N. 12", "NAMADUN": "KOTA SENTOSA", "KODUNIK": "P. 196_N. 12", "BILANGAN_P": 47914, "PERATUS_EQ": 192.82 }, "geometry": { "type": "MultiPolygon", "coordinates": [ [ [ [ 110.386950110536077, 1.513804411786043 ], [ 110.392309762773763, 1.505136445303813 ], [ 110.396994119240489, 1.498839126610398 ], [ 110.392159180952973, 1.491932071913949 ], [ 110.386173066882719, 1.486406428156789 ], [ 110.385712596569618, 1.477657492207952 ], [ 110.369014163774011, 1.469351559414065 ], [ 110.357592750946026, 1.464592637402404 ], [ 110.348270604235907, 1.44956880310906 ], [ 110.335701709692387, 1.455074793379083 ], [ 110.329062860300226, 1.458707511979403 ], [ 110.328815733507568, 1.468102733211201 ], [ 110.327089558698432, 1.474721613440088 ], [ 110.328683379222952, 1.483525574432691 ], [ 110.333616633227436, 1.483677366863598 ], [ 110.336652481845547, 1.488914205729888 ], [ 110.336348896983736, 1.49680741213705 ], [ 110.334147906735595, 1.499843260755189 ], [ 110.336273000768287, 1.503486279096956 ], [ 110.336424793199228, 1.521170097297617 ], [ 110.339688330463716, 1.517830663817664 ], [ 110.339688330463716, 1.505914957991468 ], [ 110.345608235269097, 1.510165146056863 ], [ 110.345001065545461, 1.51555377735406 ], [ 110.350162008196236, 1.522232644313967 ], [ 110.355183208794131, 1.52082957231022 ], [ 110.36306436482333, 1.51464302276862 ], [ 110.372779080401372, 1.510696419565039 ], [ 110.386950110536077, 1.513804411786043 ] ] ] ] } },
{ "type": "Feature", "properties": { "Id": 519, "NEGERI": "SARAWAK", "KODPAR": "P. 196", "PARLIMEN": "STAMPIN", "KODDUN": "N. 14", "NAMADUN": "BATU KAWAH", "KODUNIK": "P. 196_N. 14", "BILANGAN_P": 40536, "PERATUS_EQ": 163.13 }, "geometry": { "type": "MultiPolygon", "coordinates": [ [ [ [ 110.212934188455563, 1.490862779204235 ], [ 110.211506511851951, 1.500856515428779 ], [ 110.21096834905461, 1.509064650932756 ], [ 110.218293265233498, 1.510772982224845 ], [ 110.21704004629089, 1.527279742641601 ], [ 110.227643223239909, 1.541347010211211 ], [ 110.2347816062574, 1.547057716625318 ], [ 110.242633827576583, 1.549913069832314 ], [ 110.253773814570394, 1.553160352111253 ], [ 110.26500645445752, 1.546481485151343 ], [ 110.271381736555611, 1.544659975980458 ], [ 110.277611904362345, 1.543488525116572 ], [ 110.28689180228514, 1.538491657004386 ], [ 110.279635321859018, 1.526778224824795 ], [ 110.283799378619221, 1.519639841807304 ], [ 110.295101818396915, 1.530347416333541 ], [ 110.304619662420237, 1.526183359573338 ], [ 110.308188853928982, 1.530347416333541 ], [ 110.314732371695015, 1.535106338345201 ], [ 110.323060485215422, 1.533321742590829 ], [ 110.330277199747428, 1.534679623648338 ], [ 110.336348896983708, 1.524813115639386 ], [ 110.326628499520439, 1.517948644603912 ], [ 110.327549440146626, 1.512423000846753 ], [ 110.320872620606721, 1.508163650450609 ], [ 110.316728387788842, 1.51484046999051 ], [ 110.303941212985166, 1.509785664979595 ], [ 110.304927863786062, 1.507736467162351 ], [ 110.321928616047614, 1.5055354769142 ], [ 110.322123572444411, 1.498701576397991 ], [ 110.317188858101872, 1.495961187153549 ], [ 110.314195801066745, 1.494810011370807 ], [ 110.311548096766444, 1.494119305901162 ], [ 110.309360862779229, 1.494004188322888 ], [ 110.300727044408674, 1.494464658635984 ], [ 110.294395577603666, 1.493313482853242 ], [ 110.293570040374448, 1.487280163570063 ], [ 110.29635257643433, 1.483068018386841 ], [ 110.292860365528938, 1.4815522728309 ], [ 110.292783931507827, 1.474664435172827 ], [ 110.2893304041596, 1.474088847281456 ], [ 110.290481579942352, 1.482147077760648 ], [ 110.286452464702748, 1.482607548073744 ], [ 110.284495465872098, 1.479844726195164 ], [ 110.281617526415232, 1.479959843773438 ], [ 110.281703621857304, 1.482500975524069 ], [ 110.274534352327805, 1.471099828730416 ], [ 110.277794966761434, 1.4640961432766 ], [ 110.276580627314189, 1.455899352007624 ], [ 110.26443723284163, 1.452711710958578 ], [ 110.253337436334505, 1.472417990640906 ], [ 110.241916023506519, 1.480984050262009 ], [ 110.233349963885644, 1.4881224332795 ], [ 110.212934188455563, 1.490862779204235 ] ] ] ] } },
{ "type": "Feature", "properties": { "Id": 512, "NEGERI": "SARAWAK", "KODPAR": "P. 194", "PARLIMEN": "PETRA JAYA", "KODDUN": "N. 07", "NAMADUN": "SAMARIANG", "KODUNIK": "P. 194_N. 07", "BILANGAN_P": 40045, "PERATUS_EQ": 161.15 }, "geometry": { "type": "MultiPolygon", "coordinates": [ [ [ [ 110.317064147390852, 1.616719526760676 ], [ 110.323510731774206, 1.622552150726572 ], [ 110.33149221720123, 1.618561408013065 ], [ 110.341622564089363, 1.622859130935304 ], [ 110.35021800993384, 1.622859130935304 ], [ 110.359427416195786, 1.630226655944856 ], [ 110.363111178700564, 1.61978932884799 ], [ 110.366794941205342, 1.609965962168586 ], [ 110.369601866847916, 1.60190429280965 ], [ 110.377216142066459, 1.600000724005042 ], [ 110.386029169909875, 1.597725126347908 ], [ 110.382769835780095, 1.591036596420963 ], [ 110.38295448195413, 1.589458791691072 ], [ 110.386604757801251, 1.584256369689831 ], [ 110.387755933583989, 1.581148195076429 ], [ 110.365395062277457, 1.583970552983885 ], [ 110.362182789919643, 1.579330604022459 ], [ 110.359684355863408, 1.574690655061033 ], [ 110.350761377091544, 1.566481514591089 ], [ 110.346860522824144, 1.560484336902519 ], [ 110.343176651397343, 1.562326471028603 ], [ 110.341669415344313, 1.563907998625609 ], [ 110.335432806803965, 1.565617512470737 ], [ 110.334481022401746, 1.568948757878957 ], [ 110.328532369887171, 1.571566164985313 ], [ 110.324249340076506, 1.568234919577264 ], [ 110.321372043800636, 1.569476391693684 ], [ 110.327796588516378, 1.573902189164585 ], [ 110.329795335761276, 1.57475879512657 ], [ 110.329367032780283, 1.576186471730182 ], [ 110.326939982554222, 1.575758168748962 ], [ 110.323799094026469, 1.573902189164585 ], [ 110.3133038194498, 1.584177308316157 ], [ 110.3133038194498, 1.589174176428514 ], [ 110.317586849260238, 1.597740236049447 ], [ 110.317064147390852, 1.616719526760676 ] ] ] ] } },
{ "type": "Feature", "properties": { "Id": 513, "NEGERI": "SARAWAK", "KODPAR": "P. 194", "PARLIMEN": "PETRA JAYA", "KODDUN": "N. 08", "NAMADUN": "SATOK", "KODUNIK": "P. 194_N. 08", "BILANGAN_P": 20284, "PERATUS_EQ": 81.63 }, "geometry": { "type": "MultiPolygon", "coordinates": [ [ [ [ 110.28689180228514, 1.538491657004386 ], [ 110.290855712071689, 1.541202395415292 ], [ 110.298223237081231, 1.543504746980775 ], [ 110.293388298793715, 1.550411801677225 ], [ 110.296726708563668, 1.551562977459966 ], [ 110.30662682029525, 1.543965217293872 ], [ 110.31318852225688, 1.549490861051031 ], [ 110.321546566003633, 1.552814688703519 ], [ 110.327971110719204, 1.557097718513957 ], [ 110.328216926468514, 1.563361396591716 ], [ 110.328268925010789, 1.564686381383221 ], [ 110.329247424426129, 1.569809113616421 ], [ 110.333198273751265, 1.568430861391179 ], [ 110.334830972674766, 1.565265798476088 ], [ 110.337449551878194, 1.560311913408805 ], [ 110.338341713109827, 1.55864270852383 ], [ 110.344336832375916, 1.557915454969987 ], [ 110.344693751526677, 1.553275506008561 ], [ 110.338269206810935, 1.550063233650803 ], [ 110.335137607176023, 1.550008890150173 ], [ 110.326490874832189, 1.549706314499815 ], [ 110.317210976909394, 1.549706314499815 ], [ 110.314541153801628, 1.546958274329002 ], [ 110.311500270495344, 1.544352527236697 ], [ 110.310072593891903, 1.539355659124567 ], [ 110.314732371695015, 1.535106338345201 ], [ 110.308188853928982, 1.530347416333541 ], [ 110.304619662420237, 1.526183359573338 ], [ 110.295101818396915, 1.530347416333541 ], [ 110.283799378619221, 1.519639841807304 ], [ 110.279635321859018, 1.526778224824795 ], [ 110.28689180228514, 1.538491657004386 ] ] ] ] } },
{ "type": "Feature", "properties": { "Id": 515, "NEGERI": "SARAWAK", "KODPAR": "P. 195", "PARLIMEN": "BANDAR KUCHING", "KODDUN": "N. 10", "NAMADUN": "PENDING", "KODUNIK": "P. 195_N. 10", "BILANGAN_P": 38167, "PERATUS_EQ": 153.59 }, "geometry": { "type": "MultiPolygon", "coordinates": [ [ [ [ 110.368876650747055, 1.55605256301266 ], [ 110.375668587865221, 1.555246739964742 ], [ 110.380618643731012, 1.558470032156419 ], [ 110.380848878887548, 1.563304970443934 ], [ 110.378316292165522, 1.566873615370433 ], [ 110.371409237469067, 1.569521319670739 ], [ 110.371409237469067, 1.572399259127593 ], [ 110.374632529660744, 1.575046963427898 ], [ 110.389367579679842, 1.577464432571656 ], [ 110.393396694919417, 1.579709225348002 ], [ 110.399613044146221, 1.577406873782518 ], [ 110.403066571494449, 1.575564992530132 ], [ 110.405829393373025, 1.573953346434293 ], [ 110.406340744777879, 1.571447191935079 ], [ 110.405388960375433, 1.566688269923418 ], [ 110.401581822765991, 1.560025779107093 ], [ 110.393015763145115, 1.552411503888436 ], [ 110.390160409938062, 1.544797228669722 ], [ 110.376835428305469, 1.541941875462669 ], [ 110.37739535153932, 1.540166337210826 ], [ 110.36995062599766, 1.529451152687841 ], [ 110.360313808924104, 1.527309637782537 ], [ 110.354603102510055, 1.533377263347347 ], [ 110.35294245928246, 1.538190152113999 ], [ 110.346037042889122, 1.535518778252651 ], [ 110.350676991850321, 1.541586403817519 ], [ 110.366024515338154, 1.549081705985941 ], [ 110.362098404678477, 1.555506250701569 ], [ 110.365667596187222, 1.555863169852501 ], [ 110.368876650747055, 1.55605256301266 ] ] ] ] } },
{ "type": "Feature", "properties": { "Id": 516, "NEGERI": "SARAWAK", "KODPAR": "P. 195", "PARLIMEN": "BANDAR KUCHING", "KODDUN": "N. 11", "NAMADUN": "BATU LINTANG", "KODUNIK": "P. 195_N. 11", "BILANGAN_P": 47181, "PERATUS_EQ": 189.87 }, "geometry": { "type": "MultiPolygon", "coordinates": [ [ [ [ 110.37739535153932, 1.540166337210826 ], [ 110.38142446677891, 1.532683694623006 ], [ 110.391554813667014, 1.529690637587877 ], [ 110.387065228114324, 1.524625464143814 ], [ 110.394637190451988, 1.515705569784968 ], [ 110.386950110536077, 1.513804411786043 ], [ 110.372779080401372, 1.510696419565039 ], [ 110.36306436482333, 1.51464302276862 ], [ 110.355183208794131, 1.52082957231022 ], [ 110.350162008196236, 1.522232644313967 ], [ 110.342111044893272, 1.521544402054076 ], [ 110.336348896983708, 1.524813115639386 ], [ 110.330277199747428, 1.534679623648338 ], [ 110.323060485215422, 1.533321742590829 ], [ 110.314732371695015, 1.535106338345201 ], [ 110.310072593891903, 1.539355659124567 ], [ 110.311500270495344, 1.544352527236697 ], [ 110.314541153801628, 1.546958274329002 ], [ 110.317210976909394, 1.549706314499815 ], [ 110.326490874832189, 1.549706314499815 ], [ 110.335137607176023, 1.550008890150173 ], [ 110.335444587384757, 1.539418072948926 ], [ 110.336662118811546, 1.538452482351715 ], [ 110.340588229471223, 1.533812533390289 ], [ 110.346037042889122, 1.535518778252651 ], [ 110.35294245928246, 1.538190152113999 ], [ 110.354603102510055, 1.533377263347347 ], [ 110.360313808924104, 1.527309637782537 ], [ 110.36995062599766, 1.529451152687841 ], [ 110.37739535153932, 1.540166337210826 ] ] ] ] } },
{ "type": "Feature", "properties": { "Id": 514, "NEGERI": "SARAWAK", "KODPAR": "P. 195", "PARLIMEN": "BANDAR KUCHING", "KODDUN": "N. 09", "NAMADUN": "PADUNGAN", "KODUNIK": "P. 195_N. 09", "BILANGAN_P": 24287, "PERATUS_EQ": 97.74 }, "geometry": { "type": "MultiPolygon", "coordinates": [ [ [ [ 110.346860522824144, 1.560484336902519 ], [ 110.348846192127311, 1.55904562004779 ], [ 110.354256718306203, 1.55962120793916 ], [ 110.359091656593733, 1.559736325517435 ], [ 110.368876650747055, 1.55605256301266 ], [ 110.365667596187222, 1.555863169852501 ], [ 110.362098404678477, 1.555506250701569 ], [ 110.366024515338154, 1.549081705985941 ], [ 110.350676991850321, 1.541586403817519 ], [ 110.346037042889122, 1.535518778252651 ], [ 110.340588229471223, 1.533812533390289 ], [ 110.336662118811546, 1.538452482351715 ], [ 110.335444587384757, 1.539418072948926 ], [ 110.335137607176023, 1.550008890150173 ], [ 110.338269206810935, 1.550063233650803 ], [ 110.344693751526677, 1.553275506008561 ], [ 110.344336832375916, 1.557915454969987 ], [ 110.338341713109827, 1.55864270852383 ], [ 110.337449551878194, 1.560311913408805 ], [ 110.334830972674766, 1.565265798476088 ], [ 110.335432806803965, 1.565617512470737 ], [ 110.341669415344313, 1.563907998625609 ], [ 110.343176651397343, 1.562326471028603 ], [ 110.346860522824144, 1.560484336902519 ] ] ] ] } },
{ "type": "Feature", "properties": { "Id": 556, "NEGERI": "SARAWAK", "KODPAR": "P. 211", "PARLIMEN": "LANANG", "KODDUN": "N. 51", "NAMADUN": "BUKIT ASSEK", "KODUNIK": "P. 211_N. 51", "BILANGAN_P": 35487, "PERATUS_EQ": 142.81 }, "geometry": { "type": "MultiPolygon", "coordinates": [ [ [ [ 111.919194044569167, 2.223427922100086 ], [ 111.910627984948235, 2.226283275306969 ], [ 111.906820847338793, 2.237704688135068 ], [ 111.896351218913253, 2.228186844111747 ], [ 111.895399434510864, 2.22057256889309 ], [ 111.91729047576456, 2.201536880846447 ], [ 111.909830960394217, 2.192460908236445 ], [ 111.90737511872436, 2.185400363435622 ], [ 111.902770415593395, 2.184479422809428 ], [ 111.89663081141876, 2.177725858217336 ], [ 111.883430662443317, 2.190619026984056 ], [ 111.879132939521071, 2.191232987401519 ], [ 111.88404462286077, 2.197986551993611 ], [ 111.875411962062003, 2.204392234053444 ], [ 111.864942333636293, 2.204392234053444 ], [ 111.865894118038682, 2.218669000088425 ], [ 111.868695612424204, 2.221931008274664 ], [ 111.868081652006737, 2.229298533284219 ], [ 111.849048879065393, 2.229298533284219 ], [ 111.847053507708623, 2.237433508815602 ], [ 111.869156082737291, 2.239275390067991 ], [ 111.878518979103603, 2.24111727132038 ], [ 111.878267315268829, 2.252933238572268 ], [ 111.876984078059948, 2.260610514574827 ], [ 111.871604824452561, 2.263402866998035 ], [ 111.863038764831629, 2.264354651400254 ], [ 111.856416404074935, 2.266443138540724 ], [ 111.861942047832102, 2.271047841671696 ], [ 111.867160711380535, 2.269512940628039 ], [ 111.871765414511515, 2.273810663550279 ], [ 111.867160711380535, 2.279029327098713 ], [ 111.863169968667037, 2.277033955741959 ], [ 111.860100166579713, 2.279182817203079 ], [ 111.853807072300725, 2.272582742715353 ], [ 111.852569136405918, 2.275776064228353 ], [ 111.847810214394258, 2.283390339446896 ], [ 111.845365116560586, 2.28025724793364 ], [ 111.842448804577657, 2.283787520334051 ], [ 111.834160338941913, 2.278108386472519 ], [ 111.827822741945397, 2.284342123849285 ], [ 111.827819751875325, 2.284349898031451 ], [ 111.825443280939567, 2.290528722464558 ], [ 111.829334736287763, 2.301056724709269 ], [ 111.83194434587233, 2.306781009987105 ], [ 111.843936829341715, 2.30049923293177 ], [ 111.851044250422163, 2.297755119831332 ], [ 111.853520920808307, 2.302426027493539 ], [ 111.874460177659614, 2.29671532107966 ], [ 111.882074452878271, 2.284342123849285 ], [ 111.887728385365534, 2.271968782297891 ], [ 111.907772631741238, 2.263402866998035 ], [ 111.91842640623868, 2.247103385390643 ], [ 111.937766159388758, 2.238814919754894 ], [ 111.919194044569167, 2.223427922100086 ] ] ] ] } },
{ "type": "Feature", "properties": { "Id": 557, "NEGERI": "SARAWAK", "KODPAR": "P. 211", "PARLIMEN": "LANANG", "KODDUN": "N. 52", "NAMADUN": "DUDONG", "KODUNIK": "P. 211_N. 52", "BILANGAN_P": 55997, "PERATUS_EQ": 225.35 }, "geometry": { "type": "MultiPolygon", "coordinates": [ [ [ [ 111.919194044569167, 2.223427922100086 ], [ 111.937766159388758, 2.238814919754894 ], [ 111.942607940866537, 2.252933238572268 ], [ 111.947366862878198, 2.26721000460725 ], [ 111.94943140732056, 2.275038584385205 ], [ 111.961710615669816, 2.2759595250114 ], [ 111.978594527150037, 2.266750118749456 ], [ 111.979727532557547, 2.272920711021357 ], [ 111.969692101096825, 2.284861951064611 ], [ 111.979774482326619, 2.289754448143043 ], [ 111.989338834455637, 2.273503683341548 ], [ 112.006529726144606, 2.288545713569389 ], [ 112.016847124248443, 2.291004614665553 ], [ 112.019729875120049, 2.283327050020954 ], [ 112.018501954285128, 2.271047841671696 ], [ 112.029553241799462, 2.263987296870873 ], [ 112.044448871916188, 2.270065357814303 ], [ 112.046437153279683, 2.261224474992289 ], [ 112.040297549105063, 2.252015068730346 ], [ 112.052269777245584, 2.24434056351206 ], [ 112.067004827264697, 2.231140414536608 ], [ 112.091256263754488, 2.215484423891303 ], [ 112.115200720035531, 2.211493681177795 ], [ 112.11544435505516, 2.193001667764861 ], [ 112.109733648641281, 2.165875812298339 ], [ 112.0954568826063, 2.15445439947041 ], [ 112.080204976240154, 2.144878975883071 ], [ 112.073327895252078, 2.120903999288259 ], [ 112.066903350536336, 2.10163036514092 ], [ 112.058337290915233, 2.084498245898885 ], [ 112.025500729034775, 2.077359862881394 ], [ 111.999802550171864, 2.08878127570955 ], [ 111.974104371308954, 2.087353599105938 ], [ 111.965854848486089, 2.075501448709689 ], [ 111.965547868277369, 2.0687478841176 ], [ 111.959715244311468, 2.066292042447749 ], [ 111.942124415390481, 2.065462557852243 ], [ 111.923564619545061, 2.064034881248858 ], [ 111.922263658846248, 2.070589765369988 ], [ 111.910598410914446, 2.068440903908868 ], [ 111.898933162982658, 2.079185211214466 ], [ 111.880514350458782, 2.06659902265648 ], [ 111.86884910252698, 2.067826943491406 ], [ 111.858411775430113, 2.061380359108047 ], [ 111.845825586872536, 2.061226869003679 ], [ 111.840443027110965, 2.053153029361307 ], [ 111.832932418105827, 2.041887115853603 ], [ 111.8250549339038, 2.042619732196385 ], [ 111.790600338539264, 2.048203534023344 ], [ 111.790600338539264, 2.059624946851272 ], [ 111.784889632125385, 2.073901712886254 ], [ 111.780606602314776, 2.092461508731674 ], [ 111.779178925711335, 2.108165951370268 ], [ 111.783461955521773, 2.119587364198253 ], [ 111.787744985332267, 2.131008777026182 ], [ 111.794883368349758, 2.149568572871601 ], [ 111.789172661935879, 2.160989985699757 ], [ 111.794129574102783, 2.176409772624766 ], [ 111.817924184161086, 2.176409772624766 ], [ 111.822683106172747, 2.191638323062136 ], [ 111.822683106172747, 2.205915089097118 ], [ 111.827442028184407, 2.216384717522658 ], [ 111.834104519000732, 2.223998992741372 ], [ 111.8255384593798, 2.238275758776354 ], [ 111.822683106172747, 2.246841818397456 ], [ 111.813165262149425, 2.249697171604282 ], [ 111.803647418126104, 2.274443566064974 ], [ 111.811261693344818, 2.281106056881299 ], [ 111.827822741945397, 2.284342123849285 ], [ 111.834160338941913, 2.278108386472519 ], [ 111.842448804577657, 2.283787520334051 ], [ 111.845365116560586, 2.28025724793364 ], [ 111.847810214394258, 2.283390339446896 ], [ 111.852569136405918, 2.275776064228353 ], [ 111.853807072300725, 2.272582742715353 ], [ 111.860100166579713, 2.279182817203079 ], [ 111.863169968667037, 2.277033955741959 ], [ 111.867160711380535, 2.279029327098713 ], [ 111.871765414511515, 2.273810663550279 ], [ 111.867160711380535, 2.269512940628039 ], [ 111.861942047832102, 2.271047841671696 ], [ 111.856416404074935, 2.266443138540724 ], [ 111.863038764831629, 2.264354651400254 ], [ 111.871604824452561, 2.263402866998035 ], [ 111.876984078059948, 2.260610514574827 ], [ 111.878267315268829, 2.252933238572268 ], [ 111.878518979103603, 2.24111727132038 ], [ 111.869156082737291, 2.239275390067991 ], [ 111.847053507708623, 2.237433508815602 ], [ 111.849048879065393, 2.229298533284219 ], [ 111.868081652006737, 2.229298533284219 ], [ 111.868695612424204, 2.221931008274664 ], [ 111.865894118038682, 2.218669000088425 ], [ 111.864942333636293, 2.204392234053444 ], [ 111.875411962062003, 2.204392234053444 ], [ 111.88404462286077, 2.197986551993611 ], [ 111.879132939521071, 2.191232987401519 ], [ 111.883430662443317, 2.190619026984056 ], [ 111.89663081141876, 2.177725858217336 ], [ 111.902770415593395, 2.184479422809428 ], [ 111.90737511872436, 2.185400363435622 ], [ 111.909830960394217, 2.192460908236445 ], [ 111.91729047576456, 2.201536880846447 ], [ 111.895399434510864, 2.22057256889309 ], [ 111.896351218913253, 2.228186844111747 ], [ 111.906820847338793, 2.237704688135068 ], [ 111.910627984948235, 2.226283275306969 ], [ 111.919194044569167, 2.223427922100086 ] ] ] ] } },
{ "type": "Feature", "properties": { "Id": 559, "NEGERI": "SARAWAK", "KODPAR": "P. 212", "PARLIMEN": "SIBU", "KODDUN": "N. 54", "NAMADUN": "PELAWAN", "KODUNIK": "P. 212_N. 54", "BILANGAN_P": 52200, "PERATUS_EQ": 210.07 }, "geometry": { "type": "MultiPolygon", "coordinates": [ [ [ [ 111.853520920808307, 2.302426027493539 ], [ 111.851044250422163, 2.297755119831332 ], [ 111.843936829341715, 2.30049923293177 ], [ 111.83194434587233, 2.306781009987105 ], [ 111.829334736287763, 2.301056724709269 ], [ 111.829977733597275, 2.312490169852188 ], [ 111.827099794141105, 2.314178560998465 ], [ 111.83465179503213, 2.32241349994257 ], [ 111.83047657643715, 2.326457769347722 ], [ 111.832164967585172, 2.333518314148546 ], [ 111.83554174988123, 2.334592744879106 ], [ 111.836002220194317, 2.338429997488249 ], [ 111.844137195725708, 2.338736977696981 ], [ 111.844904646247528, 2.343188190723586 ], [ 111.852886131674552, 2.343188190723586 ], [ 111.861788557727763, 2.342727720410489 ], [ 111.85917922595354, 2.337355566757689 ], [ 111.859486206162273, 2.325536828721528 ], [ 111.853039621778919, 2.321239105799288 ], [ 111.851783914274165, 2.31670279352852 ], [ 111.851044250422163, 2.313411110476636 ], [ 111.855073365661042, 2.311338994069447 ], [ 111.852407710522584, 2.308042124320195 ], [ 111.853520920808307, 2.302426027493539 ] ] ] ] } },
{ "type": "Feature", "properties": { "Id": 560, "NEGERI": "SARAWAK", "KODPAR": "P. 212", "PARLIMEN": "SIBU", "KODDUN": "N. 55", "NAMADUN": "NANGKA", "KODUNIK": "P. 212_N. 55", "BILANGAN_P": 35901, "PERATUS_EQ": 144.48 }, "geometry": { "type": "MultiPolygon", "coordinates": [ [ [ [ 111.969845591201235, 2.339811408427541 ], [ 111.968617670366299, 2.333978784461644 ], [ 111.95603148180831, 2.333364824044181 ], [ 111.959868734415551, 2.326150789138846 ], [ 111.955877991702053, 2.311722719328472 ], [ 111.960482694833019, 2.299750491187949 ], [ 111.966008338590186, 2.319397224546756 ], [ 111.978256530764156, 2.314349717572725 ], [ 111.993960973402523, 2.311494364365672 ], [ 112.008237739437504, 2.320060423986774 ], [ 112.025369858679483, 2.33148183681476 ], [ 112.063781535071385, 2.334899725087691 ], [ 112.065623416323774, 2.313411110476495 ], [ 112.039646624714464, 2.311494364365672 ], [ 112.03821894811108, 2.295789921727305 ], [ 112.048892994949568, 2.285168931273343 ], [ 112.062707104342479, 2.292229476074167 ], [ 112.075293292900469, 2.291615515656704 ], [ 112.081432897075089, 2.284861951064612 ], [ 112.093405125215625, 2.292843436491629 ], [ 112.092944654902709, 2.298062100040067 ], [ 112.104302922625777, 2.29867606045753 ], [ 112.107833195026004, 2.305429625049619 ], [ 112.118117032018688, 2.301438882336113 ], [ 112.121954284627648, 2.309113387554396 ], [ 112.127940398698101, 2.304508684423427 ], [ 112.144363839865036, 2.292843436491629 ], [ 112.16001983051035, 2.295606258370213 ], [ 112.162426812615308, 2.285796185502761 ], [ 112.153880226335716, 2.269512940628039 ], [ 112.147740622161081, 2.271968782297891 ], [ 112.13392651276817, 2.268898980210576 ], [ 112.128707849219722, 2.245568484346986 ], [ 112.139583986959337, 2.244393564001427 ], [ 112.141011663562836, 2.232972151173271 ], [ 112.130856710680831, 2.211186700969064 ], [ 112.115200720035531, 2.211493681177795 ], [ 112.091256263754488, 2.215484423891303 ], [ 112.067004827264697, 2.231140414536608 ], [ 112.052269777245584, 2.24434056351206 ], [ 112.040297549105063, 2.252015068730346 ], [ 112.046437153279683, 2.261224474992289 ], [ 112.044448871916188, 2.270065357814303 ], [ 112.029553241799462, 2.263987296870873 ], [ 112.018501954285128, 2.271047841671696 ], [ 112.019729875120049, 2.283327050020954 ], [ 112.016847124248443, 2.291004614665553 ], [ 112.006529726144606, 2.288545713569389 ], [ 111.989338834455637, 2.273503683341548 ], [ 111.979774482326619, 2.289754448143043 ], [ 111.969692101096825, 2.284861951064611 ], [ 111.979727532557547, 2.272920711021357 ], [ 111.978594527150037, 2.266750118749456 ], [ 111.961710615669816, 2.2759595250114 ], [ 111.94943140732056, 2.275038584385205 ], [ 111.947366862878198, 2.26721000460725 ], [ 111.942607940866537, 2.252933238572268 ], [ 111.937766159388758, 2.238814919754894 ], [ 111.91842640623868, 2.247103385390643 ], [ 111.907772631741238, 2.263402866998035 ], [ 111.887728385365534, 2.271968782297891 ], [ 111.882074452878271, 2.284342123849285 ], [ 111.874460177659614, 2.29671532107966 ], [ 111.853520920808307, 2.302426027493539 ], [ 111.852407710522584, 2.308042124320195 ], [ 111.855073365661042, 2.311338994069447 ], [ 111.851044250422163, 2.313411110476636 ], [ 111.851783914274165, 2.31670279352852 ], [ 111.853039621778919, 2.321239105799288 ], [ 111.859486206162273, 2.325536828721528 ], [ 111.85917922595354, 2.337355566757689 ], [ 111.861788557727763, 2.342727720410489 ], [ 111.852886131674552, 2.343188190723586 ], [ 111.844904646247528, 2.343188190723586 ], [ 111.844137195725708, 2.338736977696981 ], [ 111.836002220194317, 2.338429997488249 ], [ 111.83554174988123, 2.334592744879106 ], [ 111.832164967585172, 2.333518314148546 ], [ 111.83047657643715, 2.326457769347722 ], [ 111.83465179503213, 2.32241349994257 ], [ 111.827099794141105, 2.314178560998465 ], [ 111.829977733597275, 2.312490169852188 ], [ 111.829334736287763, 2.301056724709269 ], [ 111.825443280939567, 2.290528722464558 ], [ 111.817142927797534, 2.293007327678765 ], [ 111.816667035596311, 2.307046147613221 ], [ 111.820236227105056, 2.320371129245814 ], [ 111.811670167484124, 2.319419344843595 ], [ 111.813335790188262, 2.332030488174439 ], [ 111.808338922075905, 2.34464163150534 ], [ 111.813285684748195, 2.347792893854558 ], [ 111.816904981697007, 2.348210823014085 ], [ 111.820960189966485, 2.345644032393438 ], [ 111.816355486835505, 2.33658811623586 ], [ 111.821113680070852, 2.330755492269963 ], [ 111.824336972262529, 2.341806779784295 ], [ 111.829709125915329, 2.346104502706535 ], [ 111.829402145706595, 2.348406854272021 ], [ 111.833392888420107, 2.346257992810901 ], [ 111.832778928002639, 2.352244106881165 ], [ 111.835695239985583, 2.353779007924822 ], [ 111.83815108165544, 2.359458141786353 ], [ 111.841988334264585, 2.359765121995085 ], [ 111.842295314473319, 2.367900097526468 ], [ 111.852579151465818, 2.371890840239978 ], [ 111.865472320232541, 2.383095617858675 ], [ 111.86992353325914, 2.38294212775431 ], [ 111.872532865033364, 2.378183934518972 ], [ 111.875602667120674, 2.37864440483207 ], [ 111.876830587955595, 2.386472400154721 ], [ 111.883291943759559, 2.385806306906147 ], [ 111.894788930166385, 2.384170048589235 ], [ 111.895402890583824, 2.388007301198379 ], [ 111.903844846323949, 2.386779380363453 ], [ 111.908449549454915, 2.376342053266583 ], [ 111.915817074464471, 2.374807152222926 ], [ 111.919654327073616, 2.365597745960983 ], [ 111.925026480726416, 2.366672176691543 ], [ 111.927942792709359, 2.362681433978034 ], [ 111.930552124483583, 2.363141904291131 ], [ 111.933161456257793, 2.360532572516914 ], [ 111.937766159388772, 2.360993042830011 ], [ 111.944059253667788, 2.356081359490308 ], [ 111.948970937007488, 2.353932498029188 ], [ 111.954803560973389, 2.355160418864114 ], [ 111.968003709948846, 2.353932498029188 ], [ 111.969845591201235, 2.339811408427541 ] ] ] ] } },
{ "type": "Feature", "properties": { "Id": 558, "NEGERI": "SARAWAK", "KODPAR": "P. 212", "PARLIMEN": "SIBU", "KODDUN": "N. 53", "NAMADUN": "BAWANG ASSAN", "KODUNIK": "P. 212_N. 53", "BILANGAN_P": 22756, "PERATUS_EQ": 91.58 }, "geometry": { "type": "MultiPolygon", "coordinates": [ [ [ [ 111.684507487183993, 2.279336307307315 ], [ 111.677907412697451, 2.282559599499123 ], [ 111.659809298585515, 2.282949259553561 ], [ 111.652428055372752, 2.297908609935696 ], [ 111.649665233494161, 2.320625145381823 ], [ 111.648387885757586, 2.330062587468944 ], [ 111.648387885757586, 2.342911676900542 ], [ 111.64267717934348, 2.355760766331912 ], [ 111.636966472929601, 2.358616119538908 ], [ 111.621262030291007, 2.361471472745961 ], [ 111.61840667708401, 2.375748238780943 ], [ 111.62411738349806, 2.388597328212484 ], [ 111.644818694248841, 2.390738843117788 ], [ 111.665520004999564, 2.392880358022978 ], [ 111.691218183862532, 2.387169651608872 ], [ 111.70835030310451, 2.381458945194993 ], [ 111.725482422346374, 2.394308034626363 ], [ 111.738331511777915, 2.422861566696326 ], [ 111.749752924605843, 2.458553481783781 ], [ 111.759746660830388, 2.478540954232869 ], [ 111.762602014037441, 2.495673073474848 ], [ 111.759746660830388, 2.509949839509829 ], [ 111.75546363101995, 2.519943575734203 ], [ 111.76831272045132, 2.52993731195869 ], [ 111.770454235356624, 2.540644886484927 ], [ 111.772595750261928, 2.551352461011163 ], [ 111.772595750261928, 2.561346197235707 ], [ 111.758318984226946, 2.567056903649757 ], [ 111.761174337433829, 2.585616699495233 ], [ 111.765457367244437, 2.605604171944094 ], [ 111.769740397054932, 2.645579116842157 ], [ 111.771196410442258, 2.66741931765165 ], [ 111.772595750261928, 2.688409414947103 ], [ 111.788300192900351, 2.684126385136494 ], [ 111.78116180988286, 2.705541534188967 ], [ 111.801149282331892, 2.712679917206458 ], [ 111.821136754780753, 2.712679917206458 ], [ 111.838268874022788, 2.709824563999575 ], [ 111.852216481285154, 2.689900048122922 ], [ 111.86363789411331, 2.669912575674061 ], [ 111.873631630337627, 2.669912575674061 ], [ 111.88219768995873, 2.682761665105431 ], [ 111.890763749579662, 2.682761665105431 ], [ 111.8950467793901, 2.65563580963908 ], [ 111.936449400891661, 2.657063486242521 ], [ 111.940732430702099, 2.582824302860558 ], [ 111.943587783909152, 2.547132387773104 ], [ 111.938994080221875, 2.495757354462923 ], [ 111.941142941682983, 2.473040819016802 ], [ 111.947896506275072, 2.455542947119114 ], [ 111.948970937007672, 2.435896213760487 ], [ 111.943445293250505, 2.416863440819137 ], [ 111.95756638285215, 2.402435371008759 ], [ 111.971994452662528, 2.401207450173833 ], [ 111.971687472453596, 2.38616541994599 ], [ 111.983967237178035, 2.391444254161684 ], [ 111.995388650006134, 2.392871930765125 ], [ 112.002527033023625, 2.382878194540581 ], [ 112.009665416041116, 2.371456781712652 ], [ 112.009665416041116, 2.352896985867233 ], [ 112.01113442927371, 2.34518356208019 ], [ 112.01036697875378, 2.329681061539403 ], [ 111.982539560574594, 2.33148183681476 ], [ 111.969845591201235, 2.339811408427541 ], [ 111.968003709948846, 2.353932498029188 ], [ 111.954803560973389, 2.355160418864114 ], [ 111.948970937007488, 2.353932498029188 ], [ 111.944059253667788, 2.356081359490308 ], [ 111.937766159388772, 2.360993042830011 ], [ 111.933161456257793, 2.360532572516914 ], [ 111.930552124483583, 2.363141904291131 ], [ 111.927942792709359, 2.362681433978034 ], [ 111.925026480726416, 2.366672176691543 ], [ 111.919654327073616, 2.365597745960983 ], [ 111.915817074464471, 2.374807152222926 ], [ 111.908449549454915, 2.376342053266583 ], [ 111.903844846323949, 2.386779380363453 ], [ 111.895402890583824, 2.388007301198379 ], [ 111.894788930166385, 2.384170048589235 ], [ 111.883291943759559, 2.385806306906147 ], [ 111.876830587955595, 2.386472400154721 ], [ 111.875602667120674, 2.37864440483207 ], [ 111.872532865033364, 2.378183934518972 ], [ 111.86992353325914, 2.38294212775431 ], [ 111.865472320232541, 2.383095617858675 ], [ 111.852579151465818, 2.371890840239978 ], [ 111.842295314473319, 2.367900097526468 ], [ 111.841988334264585, 2.359765121995085 ], [ 111.83815108165544, 2.359458141786353 ], [ 111.835695239985583, 2.353779007924822 ], [ 111.832778928002639, 2.352244106881165 ], [ 111.833392888420107, 2.346257992810901 ], [ 111.829402145706595, 2.348406854272021 ], [ 111.829709125915329, 2.346104502706535 ], [ 111.824336972262529, 2.341806779784295 ], [ 111.821113680070852, 2.330755492269963 ], [ 111.816355486835505, 2.33658811623586 ], [ 111.820960189966485, 2.345644032393438 ], [ 111.816904981697007, 2.348210823014085 ], [ 111.813285684748195, 2.347792893854558 ], [ 111.808338922075905, 2.34464163150534 ], [ 111.813335790188262, 2.332030488174439 ], [ 111.811670167484124, 2.319419344843595 ], [ 111.820236227105056, 2.320371129245814 ], [ 111.816667035596311, 2.307046147613221 ], [ 111.817142927797534, 2.293007327678765 ], [ 111.825443280939567, 2.290528722464558 ], [ 111.827819751875325, 2.284349898031451 ], [ 111.827822741945397, 2.284342123849285 ], [ 111.811261693344818, 2.281106056881299 ], [ 111.803647418126104, 2.274443566064974 ], [ 111.813165262149425, 2.249697171604282 ], [ 111.822683106172747, 2.246841818397456 ], [ 111.8255384593798, 2.238275758776354 ], [ 111.834104519000732, 2.223998992741372 ], [ 111.827442028184407, 2.216384717522658 ], [ 111.822683106172747, 2.205915089097118 ], [ 111.822683106172747, 2.191638323062136 ], [ 111.817924184161086, 2.176409772624766 ], [ 111.794129574102783, 2.176409772624766 ], [ 111.789172661935879, 2.160989985699757 ], [ 111.767757512883406, 2.162417662303199 ], [ 111.757763776658862, 2.175266751734739 ], [ 111.757722266967804, 2.187549224896742 ], [ 111.737776304209831, 2.192398870976547 ], [ 111.727782567985457, 2.198109577390653 ], [ 111.71778883176097, 2.20810331361514 ], [ 111.724875384633535, 2.221317047857202 ], [ 111.707795095536426, 2.232373815874666 ], [ 111.706367418932984, 2.243795228702595 ], [ 111.697801359311882, 2.266638054358509 ], [ 111.693563403342765, 2.27335019323718 ], [ 111.684507487183993, 2.279336307307315 ] ] ] ] } },
{ "type": "Feature", "properties": { "Id": 578, "NEGERI": "SARAWAK", "KODPAR": "P. 219", "PARLIMEN": "MIRI", "KODDUN": "N. 73", "NAMADUN": "PIASAU", "KODUNIK": "P. 219_N. 73", "BILANGAN_P": 31474, "PERATUS_EQ": 126.66 }, "geometry": { "type": "MultiPolygon", "coordinates": [ [ [ [ 113.987281150457491, 4.342051447351865 ], [ 113.991425383272926, 4.341495045723483 ], [ 113.994418440308053, 4.338041518375258 ], [ 113.981908996804663, 4.313655778044204 ], [ 113.975539157471104, 4.312485415998393 ], [ 113.970069322575611, 4.315452106111199 ], [ 113.943306235554317, 4.268510501097662 ], [ 113.941924824615029, 4.273805909698274 ], [ 113.939566577332357, 4.276426184456796 ], [ 113.946327072171243, 4.286949553222826 ], [ 113.952982104409784, 4.305435916831982 ], [ 113.957710682715415, 4.31580905459837 ], [ 113.965494203504591, 4.324017522827717 ], [ 113.96921983319487, 4.341002005269843 ], [ 113.968744473492507, 4.347163700327542 ], [ 113.963277839611465, 4.354273227897579 ], [ 113.965848339152444, 4.368948163131108 ], [ 113.971552652884725, 4.380417999136341 ], [ 113.979063332227952, 4.387242988866888 ], [ 113.983563591764209, 4.400220618887829 ], [ 113.99604177766048, 4.435646998005552 ], [ 113.999109798341919, 4.456377570026518 ], [ 113.996860642347656, 4.474150322720391 ], [ 113.995416125988896, 4.489555437647323 ], [ 114.013182605566755, 4.488039722866484 ], [ 114.012722135253654, 4.47963613965247 ], [ 114.011455841892641, 4.468584852138155 ], [ 114.011993057260398, 4.459202769508999 ], [ 114.012722135253654, 4.449245098988096 ], [ 114.007426726653037, 4.448324158361904 ], [ 114.003052258681052, 4.437752527423894 ], [ 113.998485928076192, 4.428926846422864 ], [ 113.996644046823803, 4.420331400578383 ], [ 113.992653304110291, 4.409894073481514 ], [ 113.994648675464589, 4.408838829013862 ], [ 114.003704591624626, 4.414191796403754 ], [ 114.008616274964325, 4.410815014107708 ], [ 114.010918626529815, 4.413884816195023 ], [ 114.013067487990938, 4.410968504212074 ], [ 114.003244121311525, 4.396386944297331 ], [ 113.993267264527759, 4.397307884923524 ], [ 113.990197462440449, 4.392856671896919 ], [ 113.985746249413836, 4.382419344800049 ], [ 113.981295036387237, 4.383954245843707 ], [ 113.977611273882459, 4.378428602086541 ], [ 113.980988056178504, 4.376126250521055 ], [ 113.980527585865403, 4.364921472902357 ], [ 113.988969541605513, 4.356479517162242 ], [ 113.984671818683282, 4.351567833822539 ], [ 113.987281150457491, 4.342051447351865 ] ] ] ] } },
{ "type": "Feature", "properties": { "Id": 579, "NEGERI": "SARAWAK", "KODPAR": "P. 219", "PARLIMEN": "MIRI", "KODDUN": "N. 74", "NAMADUN": "PUJUT", "KODUNIK": "P. 219_N. 74", "BILANGAN_P": 44949, "PERATUS_EQ": 180.89 }, "geometry": { "type": "MultiPolygon", "coordinates": [ [ [ [ 114.021240836045948, 4.455346330636627 ], [ 114.025845539176899, 4.432783285294889 ], [ 114.024924598550712, 4.426106465754987 ], [ 114.019629189950095, 4.414249355192749 ], [ 114.016751250493243, 4.416897059493055 ], [ 114.013067487990938, 4.410968504212074 ], [ 114.010918626529815, 4.413884816195023 ], [ 114.008616274964325, 4.410815014107708 ], [ 114.003704591624626, 4.414191796403754 ], [ 113.994648675464589, 4.408838829013862 ], [ 113.992653304110291, 4.409894073481514 ], [ 113.996644046823803, 4.420331400578383 ], [ 113.998485928076192, 4.428926846422864 ], [ 114.003052258681052, 4.437752527423894 ], [ 114.007426726653037, 4.448324158361904 ], [ 114.012722135253654, 4.449245098988096 ], [ 114.011993057260398, 4.459202769508999 ], [ 114.011455841892641, 4.468584852138155 ], [ 114.017326838384619, 4.460756856815513 ], [ 114.01778730869772, 4.456152153684545 ], [ 114.021240836045948, 4.455346330636627 ] ] ] ] } }
]
}
